,DONOTIMPORT,JOURNAL,DATE,REVERSEDATE,DESCRIPTION,REFERENCE_NO,SOURCEENTITY,LINE_NO,ACCT_NO,LOCATION_ID,DEPT_ID,GLENTRY_CLASSID,GLENTRY_PROJECTID,DOCUMENT,MEMO,DEBIT,CREDIT,CURRENCY,EXCH_RATE_DATE,EXCH_RATE_TYPE_ID,EXCHANGE_RATE,GLENTRY_CUSTOMERID,GLENTRY_VENDORID,GLENTRY_EMPLOYEEID,GLENTRY_ITEMID,ALLOCATION_ID
0,,GJ,4/2/2025,,"Wedbush_Trading gain (loss), net_20250402",,,,12100,303P,D24300,ARB00020_USD,,,,2491.8999999999996,,,,,,C00020,,,,
1,,GJ,4/2/2025,,"Wedbush_Trading gain (loss), net_20250402",,,,12100,303P,D24300,ARB00022_USD,,,,,645.0,,,,,C00022,,,,
2,,GJ,4/2/2025,,"Wedbush_Trading gain (loss), net_20250402",,,,12100,303P,D24300,ARB00023_USD,,,,,937.5,,,,,C00023,,,,
3,,GJ,4/2/2025,,"Wedbush_Trading gain (loss), net_20250402",,,,12100,303P,D21300,ARB00033_USD,,,,,216.92999999999938,,,,,C00033,,,,
4,,GJ,4/2/2025,,"Wedbush_Trading gain (loss), net_20250402",,,,12100,303P,D21300,ARB00054_USD,,,,8207.5,,,,,,C00054,,,,
5,,GJ,4/2/2025,,"Wedbush_Trading gain (loss), net_20250402",,,,12100,303P,D21300,ARB00055_USD,,,,,7967.5,,,,,C00054,,,,
6,,GJ,4/2/2025,,"Wedbush_Trading gain (loss), net_20250402",,,,12100,303P,D21300,ARB00068_USD,,,,,8042.5,,,,,C03068,,,,
7,,GJ,4/2/2025,,"Wedbush_Trading gain (loss), net_20250402",,,,12100,303P,D21300,ARB00090_USD,,,,,5702.5,,,,,C00090,,,,
8,,GJ,4/2/2025,,"Wedbush_Trading gain (loss), net_20250402",,,,12100,303P,D23300,ARB00110_USD,,,,,3255.0,,,,,C00110,,,,
9,,GJ,4/2/2025,,"Wedbush_Trading gain (loss), net_20250402",,,,12100,303P,D23300,ARB00112_USD,,,,,7475.0,,,,,C00112,,,,
10,,GJ,4/2/2025,,"Wedbush_Trading gain (loss), net_20250402",,,,12100,303P,D23300,ARB00113_USD,,,,,2207.5,,,,,C00112,,,,
11,,GJ,4/2/2025,,"Wedbush_Trading gain (loss), net_20250402",,,,12100,303P,D23300,ARB00122_USD,,,,5.5,,,,,,C00122,,,,
12,,GJ,4/2/2025,,"Wedbush_Trading gain (loss), net_20250402",,,,12100,303P,D23080,ARB00123_USD,,,,,3085.5,,,,,C01231,,,,
13,,GJ,4/2/2025,,"Wedbush_Trading gain (loss), net_20250402",,,,12100,303P,D23020,ARB00124_USD,,,,,3618.0,,,,,C00124,,,,
14,,GJ,4/2/2025,,"Wedbush_Trading gain (loss), net_20250402",,,,12100,303P,D23020,ARB00126_USD,,,,,4852.0,,,,,C00426,,,,
15,,GJ,4/2/2025,,"Wedbush_Trading gain (loss), net_20250402",,,,12100,303P,D23300,ARB00132_USD,,,,,1493.28,,,,,C00132,,,,
16,,GJ,4/2/2025,,"Wedbush_Trading gain (loss), net_20250402",,,,12100,303P,D23300,ARB00135_USD,,,,1480.0,,,,,,C00135,,,,
17,,GJ,4/2/2025,,"Wedbush_Trading gain (loss), net_20250402",,,,12100,303P,D23080,ARB00141_USD,,,,2820.5,,,,,,C02116,,,,
18,,GJ,4/2/2025,,"Wedbush_Trading gain (loss), net_20250402",,,,12100,303P,D23020,ARB00143_USD,,,,,3621.0,,,,,C00125,,,,
19,,GJ,4/2/2025,,"Wedbush_Trading gain (loss), net_20250402",,,,12100,303P,D23020,ARB00146_USD,,,,,2291.5,,,,,C00146,,,,
20,,GJ,4/2/2025,,"Wedbush_Trading gain (loss), net_20250402",,,,12100,303P,D23300,ARB00149_USD,,,,3783.5,,,,,,C00149,,,,
21,,GJ,4/2/2025,,"Wedbush_Trading gain (loss), net_20250402",,,,12100,303P,D23300,ARB00156_USD,,,,9282.800000000047,,,,,,C00156,,,,
22,,GJ,4/2/2025,,"Wedbush_Trading gain (loss), net_20250402",,,,12100,303P,D23300,ARB00159_USD,,,,,662.5,,,,,C00159,,,,
23,,GJ,4/2/2025,,"Wedbush_Trading gain (loss), net_20250402",,,,12100,303P,D23010,ARB00160_USD,,,,,3406.5,,,,,C00160,,,,
24,,GJ,4/2/2025,,"Wedbush_Trading gain (loss), net_20250402",,,,12100,303P,D23010,ARB00169_USD,,,,2059.1499999999996,,,,,,C00469,,,,
25,,GJ,4/2/2025,,"Wedbush_Trading gain (loss), net_20250402",,,,12100,303P,D23060,ARB00186_USD,,,,1650.0,,,,,,C00186,,,,
26,,GJ,4/2/2025,,"Wedbush_Trading gain (loss), net_20250402",,,,12100,303P,D23060,ARB00188_USD,,,,930.0,,,,,,C00186,,,,
27,,GJ,4/2/2025,,"Wedbush_Trading gain (loss), net_20250402",,,,12100,303P,D23300,ARB00193_USD,,,,,4737.0,,,,,C00193,,,,
28,,GJ,4/2/2025,,"Wedbush_Trading gain (loss), net_20250402",,,,12100,303P,D23300,ARB00194_USD,,,,,11663.0,,,,,C00194,,,,
29,,GJ,4/2/2025,,"Wedbush_Trading gain (loss), net_20250402",,,,12100,303P,D22000,ARB00201_USD,,,,709.3800000000001,,,,,,C00201,,,,
30,,GJ,4/2/2025,,"Wedbush_Trading gain (loss), net_20250402",,,,12100,303P,D22000,ARB00214_USD,,,,160.0,,,,,,C00214,,,,
31,,GJ,4/2/2025,,"Wedbush_Trading gain (loss), net_20250402",,,,12100,303P,D22000,ARB00220_USD,,,,444.9,,,,,,C00220,,,,
32,,GJ,4/2/2025,,"Wedbush_Trading gain (loss), net_20250402",,,,12100,303P,D22000,ARB00257_USD,,,,392.5,,,,,,C00257,,,,
33,,GJ,4/2/2025,,"Wedbush_Trading gain (loss), net_20250402",,,,12100,303P,D22000,ARB00267_USD,,,,1576.55,,,,,,C00267,,,,
34,,GJ,4/2/2025,,"Wedbush_Trading gain (loss), net_20250402",,,,12100,ATGN,D24300,ARB00320_EUR,,,,3737.5,,,,,,C00020,,,,
35,,GJ,4/2/2025,,"Wedbush_Trading gain (loss), net_20250402",,,,12100,ATGN,D24300,ARB00320_GBP,,,,550.0,,,,,,C00020,,,,
36,,GJ,4/2/2025,,"Wedbush_Trading gain (loss), net_20250402",,,,12100,ATGN,D21300,ARB00333_EUR,,,,,225.0,,,,,C00033,,,,
37,,GJ,4/2/2025,,"Wedbush_Trading gain (loss), net_20250402",,,,12100,ATGN,D21300,ARB00333_GBP,,,,,0.0,,,,,C00033,,,,
38,,GJ,4/2/2025,,"Wedbush_Trading gain (loss), net_20250402",,,,12100,ATGN,D21300,ARB00354_USD,,,,5157.8,,,,,,C00054,,,,
39,,GJ,4/2/2025,,"Wedbush_Trading gain (loss), net_20250402",,,,12100,ATGN,D21300,ARB00355_EUR,,,,,175.0,,,,,C00054,,,,
40,,GJ,4/2/2025,,"Wedbush_Trading gain (loss), net_20250402",,,,12100,ATGN,D21300,ARB00355_GBP,,,,,62.5,,,,,C00054,,,,
41,,GJ,4/2/2025,,"Wedbush_Trading gain (loss), net_20250402",,,,12100,ATGN,D21300,ARB00390_CAD,,,,1160.0,,,,,,C00090,,,,
42,,GJ,4/2/2025,,"Wedbush_Trading gain (loss), net_20250402",,,,12100,ATGN,D21300,ARB00390_USD,,,,,0.0,,,,,C00090,,,,
43,,GJ,4/2/2025,,"Wedbush_Trading gain (loss), net_20250402",,,,12100,ATGN,D23300,ARB00412_CHF,,,,1975.0,,,,,,C00112,,,,
44,,GJ,4/2/2025,,"Wedbush_Trading gain (loss), net_20250402",,,,12100,ATGN,D23300,ARB00412_EUR,,,,500.0,,,,,,C00112,,,,
45,,GJ,4/2/2025,,"Wedbush_Trading gain (loss), net_20250402",,,,12100,ATGN,D23300,ARB00412_GBP,,,,375.0,,,,,,C00112,,,,
46,,GJ,4/2/2025,,"Wedbush_Trading gain (loss), net_20250402",,,,12100,ATGN,D23300,ARB00412_USD,,,,300.0,,,,,,C00112,,,,
47,,GJ,4/2/2025,,"Wedbush_Trading gain (loss), net_20250402",,,,12100,ATGN,D23300,ARB00422_EUR,,,,,0.0,,,,,C00122,,,,
48,,GJ,4/2/2025,,"Wedbush_Trading gain (loss), net_20250402",,,,12100,ATGN,D23300,ARB00422_GBP,,,,190.0,,,,,,C00122,,,,
49,,GJ,4/2/2025,,"Wedbush_Trading gain (loss), net_20250402",,,,12100,ATGN,D23300,ARB00422_USD,,,,,1245.6,,,,,C00122,,,,
50,,GJ,4/2/2025,,"Wedbush_Trading gain (loss), net_20250402",,,,12100,ATGN,D23080,ARB00423_EUR,,,,,0.0,,,,,C01231,,,,
51,,GJ,4/2/2025,,"Wedbush_Trading gain (loss), net_20250402",,,,12100,ATGN,D23080,ARB00423_GBP,,,,8960.0,,,,,,C01231,,,,
52,,GJ,4/2/2025,,"Wedbush_Trading gain (loss), net_20250402",,,,12100,ATGN,D23080,ARB00423_USD,,,,,41982.0,,,,,C01231,,,,
53,,GJ,4/2/2025,,"Wedbush_Trading gain (loss), net_20250402",,,,12100,ATGN,D23020,ARB00424_EUR,,,,,0.0,,,,,C00124,,,,
54,,GJ,4/2/2025,,"Wedbush_Trading gain (loss), net_20250402",,,,12100,ATGN,D23020,ARB00424_GBP,,,,58410.0,,,,,,C00124,,,,
55,,GJ,4/2/2025,,"Wedbush_Trading gain (loss), net_20250402",,,,12100,ATGN,D23020,ARB00424_USD,,,,,49962.75000000001,,,,,C00124,,,,
56,,GJ,4/2/2025,,"Wedbush_Trading gain (loss), net_20250402",,,,12100,ATGN,D23020,ARB00425_EUR,,,,,0.0,,,,,C00125,,,,
57,,GJ,4/2/2025,,"Wedbush_Trading gain (loss), net_20250402",,,,12100,ATGN,D23020,ARB00425_GBP,,,,23840.0,,,,,,C00125,,,,
58,,GJ,4/2/2025,,"Wedbush_Trading gain (loss), net_20250402",,,,12100,ATGN,D23020,ARB00425_USD,,,,,25309.0,,,,,C00125,,,,
59,,GJ,4/2/2025,,"Wedbush_Trading gain (loss), net_20250402",,,,12100,ATGN,D23020,ARB00426_CAD,,,,2668.0,,,,,,C00426,,,,
60,,GJ,4/2/2025,,"Wedbush_Trading gain (loss), net_20250402",,,,12100,ATGN,D23020,ARB00426_EUR,,,,,0.0,,,,,C00426,,,,
61,,GJ,4/2/2025,,"Wedbush_Trading gain (loss), net_20250402",,,,12100,ATGN,D23020,ARB00426_GBP,,,,18220.0,,,,,,C00426,,,,
62,,GJ,4/2/2025,,"Wedbush_Trading gain (loss), net_20250402",,,,12100,ATGN,D23020,ARB00426_USD,,,,,21036.4,,,,,C00426,,,,
63,,GJ,4/2/2025,,"Wedbush_Trading gain (loss), net_20250402",,,,12100,ATGN,D23300,ARB00432_EUR,,,,500.0,,,,,,C00132,,,,
64,,GJ,4/2/2025,,"Wedbush_Trading gain (loss), net_20250402",,,,12100,ATGN,D23300,ARB00432_GBP,,,,300.0,,,,,,C00132,,,,
65,,GJ,4/2/2025,,"Wedbush_Trading gain (loss), net_20250402",,,,12100,ATGN,D23300,ARB00435_EUR,,,,,0.0,,,,,C00135,,,,
66,,GJ,4/2/2025,,"Wedbush_Trading gain (loss), net_20250402",,,,12100,ATGN,D23300,ARB00435_GBP,,,,,0.0,,,,,C00135,,,,
67,,GJ,4/2/2025,,"Wedbush_Trading gain (loss), net_20250402",,,,12100,ATGN,D23300,ARB00435_USD,,,,306.3999999999942,,,,,,C00135,,,,
68,,GJ,4/2/2025,,"Wedbush_Trading gain (loss), net_20250402",,,,12100,ATGN,D23080,ARB00441_EUR,,,,,0.0,,,,,C01231,,,,
69,,GJ,4/2/2025,,"Wedbush_Trading gain (loss), net_20250402",,,,12100,ATGN,D23080,ARB00441_GBP,,,,2910.0,,,,,,C01231,,,,
70,,GJ,4/2/2025,,"Wedbush_Trading gain (loss), net_20250402",,,,12100,ATGN,D23080,ARB00441_USD,,,,,3710.9999999999995,,,,,C01231,,,,
71,,GJ,4/2/2025,,"Wedbush_Trading gain (loss), net_20250402",,,,12100,ATGN,D23020,ARB00442_USD,,,,3237.5500000000015,,,,,,C00124,,,,
72,,GJ,4/2/2025,,"Wedbush_Trading gain (loss), net_20250402",,,,12100,ATGN,D23020,ARB00446_EUR,,,,,0.0,,,,,C00146,,,,
73,,GJ,4/2/2025,,"Wedbush_Trading gain (loss), net_20250402",,,,12100,ATGN,D23020,ARB00446_GBP,,,,310.0,,,,,,C00146,,,,
74,,GJ,4/2/2025,,"Wedbush_Trading gain (loss), net_20250402",,,,12100,ATGN,D23020,ARB00446_USD,,,,,3205.9999999999964,,,,,C00146,,,,
75,,GJ,4/2/2025,,"Wedbush_Trading gain (loss), net_20250402",,,,12100,ATGN,D23300,ARB00449_EUR,,,,,0.0,,,,,C00149,,,,
76,,GJ,4/2/2025,,"Wedbush_Trading gain (loss), net_20250402",,,,12100,ATGN,D23300,ARB00449_GBP,,,,,0.0,,,,,C00149,,,,
77,,GJ,4/2/2025,,"Wedbush_Trading gain (loss), net_20250402",,,,12100,ATGN,D23300,ARB00449_USD,,,,1868.0000000000018,,,,,,C00149,,,,
78,,GJ,4/2/2025,,"Wedbush_Trading gain (loss), net_20250402",,,,12100,ATGN,D23300,ARB00456_CHF,,,,250.0,,,,,,C00156,,,,
79,,GJ,4/2/2025,,"Wedbush_Trading gain (loss), net_20250402",,,,12100,ATGN,D23300,ARB00456_EUR,,,,,137.5,,,,,C00156,,,,
80,,GJ,4/2/2025,,"Wedbush_Trading gain (loss), net_20250402",,,,12100,ATGN,D23300,ARB00456_USD,,,,5903.4000000000015,,,,,,C00156,,,,
81,,GJ,4/2/2025,,"Wedbush_Trading gain (loss), net_20250402",,,,12100,ATGN,D23010,ARB00460_CAD,,,,1240.0,,,,,,C00160,,,,
82,,GJ,4/2/2025,,"Wedbush_Trading gain (loss), net_20250402",,,,12100,ATGN,D23010,ARB00460_USD,,,,,0.0,,,,,C00160,,,,
83,,GJ,4/2/2025,,"Wedbush_Trading gain (loss), net_20250402",,,,12100,ATGN,D23010,ARB00469_EUR,,,,,0.0,,,,,C00469,,,,
84,,GJ,4/2/2025,,"Wedbush_Trading gain (loss), net_20250402",,,,12100,ATGN,D23010,ARB00469_GBP,,,,2840.0,,,,,,C00469,,,,
85,,GJ,4/2/2025,,"Wedbush_Trading gain (loss), net_20250402",,,,12100,ATGN,D23010,ARB00469_USD,,,,4578.0,,,,,,C00469,,,,
86,,GJ,4/2/2025,,"Wedbush_Trading gain (loss), net_20250402",,,,12100,ATGN,D23060,ARB00486_EUR,,,,,0.0,,,,,C00186,,,,
87,,GJ,4/2/2025,,"Wedbush_Trading gain (loss), net_20250402",,,,12100,ATGN,D23060,ARB00486_GBP,,,,,0.0,,,,,C00186,,,,
88,,GJ,4/2/2025,,"Wedbush_Trading gain (loss), net_20250402",,,,12100,ATGN,D23060,ARB00486_USD,,,,,3696.25,,,,,C00186,,,,
89,,GJ,4/2/2025,,"Wedbush_Trading gain (loss), net_20250402",,,,12100,ATGN,D23060,ARB00488_USD,,,,112.5,,,,,,C00186,,,,
90,,GJ,4/2/2025,,"Wedbush_Trading gain (loss), net_20250402",,,,12100,ATGN,D23300,ARB00493_CAD,,,,710.0,,,,,,C00193,,,,
91,,GJ,4/2/2025,,"Wedbush_Trading gain (loss), net_20250402",,,,12100,ATGN,D23300,ARB00493_EUR,,,,,0.0,,,,,C00193,,,,
92,,GJ,4/2/2025,,"Wedbush_Trading gain (loss), net_20250402",,,,12100,ATGN,D23300,ARB00493_GBP,,,,,2830.0,,,,,C00193,,,,
93,,GJ,4/2/2025,,"Wedbush_Trading gain (loss), net_20250402",,,,12100,ATGN,D23300,ARB00493_USD,,,,2760.8,,,,,,C00193,,,,
94,,GJ,4/2/2025,,"Wedbush_Trading gain (loss), net_20250402",,,,12100,ATGN,D23300,ARB00494_CAD,,,,1992.0,,,,,,C00194,,,,
95,,GJ,4/2/2025,,"Wedbush_Trading gain (loss), net_20250402",,,,12100,ATGN,D23300,ARB00494_EUR,,,,,0.0,,,,,C00194,,,,
96,,GJ,4/2/2025,,"Wedbush_Trading gain (loss), net_20250402",,,,12100,ATGN,D23300,ARB00494_GBP,,,,8900.0,,,,,,C00194,,,,
97,,GJ,4/2/2025,,"Wedbush_Trading gain (loss), net_20250402",,,,12100,ATGN,D23300,ARB00494_USD,,,,,14286.0,,,,,C00194,,,,
98,,GJ,4/2/2025,,"Wedbush_Trading gain (loss), net_20250402",,,,12100,ATGN,D22000,ARB00501_EUR,,,,,900.0,,,,,C00201,,,,
99,,GJ,4/2/2025,,"Wedbush_Trading gain (loss), net_20250402",,,,12100,ATGN,D22000,ARB00501_GBP,,,,50.0,,,,,,C00201,,,,
100,,GJ,4/2/2025,,"Wedbush_Trading gain (loss), net_20250402",,,,12100,ATGN,D22000,ARB00503_EUR,,,,,0.0,,,,,C00203,,,,
101,,GJ,4/2/2025,,"Wedbush_Trading gain (loss), net_20250402",,,,12100,ATGN,D22000,ARB00503_GBP,,,,,0.0,,,,,C00203,,,,
102,,GJ,4/2/2025,,"Wedbush_Trading gain (loss), net_20250402",,,,12100,ATGN,D22000,ARB00503_USD,,,,1562.5,,,,,,C00203,,,,
103,,GJ,4/2/2025,,"Wedbush_Trading gain (loss), net_20250402",,,,12100,ATGN,D22000,ARB00520_CAD,,,,,166.0,,,,,C00220,,,,
104,,GJ,4/2/2025,,"Wedbush_Trading gain (loss), net_20250402",,,,12100,ATGN,D22000,ARB00520_USD,,,,,0.0,,,,,C00220,,,,
105,,GJ,4/2/2025,,"Wedbush_Trading gain (loss), net_20250402",,,,12100,ATGN,D22000,ARB00567_EUR,,,,,0.0,,,,,C00267,,,,
106,,GJ,4/2/2025,,"Wedbush_Trading gain (loss), net_20250402",,,,12100,ATGN,D22000,ARB00567_GBP,,,,360.0,,,,,,C00267,,,,
107,,GJ,4/2/2025,,"Wedbush_Trading gain (loss), net_20250402",,,,12100,ATGN,D22000,ARB00567_USD,,,,1688.75,,,,,,C00267,,,,
108,,GJ,4/2/2025,,"Wedbush_Trading gain (loss), net_20250402",,,,12100,303S,D21300,ARB00754_USD,,,,,11219.15000000059,,,,,C00754,,,,
109,,GJ,4/2/2025,,"Wedbush_Trading gain (loss), net_20250402",,,,12100,303S,D21030,ARB00765_USD,,,,,0.0,,,,,C00765,,,,
110,,GJ,4/2/2025,,"Wedbush_Trading gain (loss), net_20250402",,,,12100,303P,D21030,ARB01002_USD,,,,15437.5,,,,,,C01064,,,,
111,,GJ,4/2/2025,,"Wedbush_Trading gain (loss), net_20250402",,,,12100,303P,D21300,ARB01057_MXN,,,,,37244.0,,,,,C01057,,,,
112,,GJ,4/2/2025,,"Wedbush_Trading gain (loss), net_20250402",,,,12100,303P,D21300,ARB01057_USD,,,,276759.50999999954,,,,,,C01057,,,,
113,,GJ,4/2/2025,,"Wedbush_Trading gain (loss), net_20250402",,,,12100,303P,D21030,ARB01063_USD,,,,,2036.6900000000014,,,,,C01063,,,,
114,,GJ,4/2/2025,,"Wedbush_Trading gain (loss), net_20250402",,,,12100,303P,D21030,ARB01064_USD,,,,50135.419999964244,,,,,,C01064,,,,
115,,GJ,4/2/2025,,"Wedbush_Trading gain (loss), net_20250402",,,,12100,303P,D21030,ARB01065_USD,,,,187.2,,,,,,C01065,,,,
116,,GJ,4/2/2025,,"Wedbush_Trading gain (loss), net_20250402",,,,12100,303P,D21030,ARB01066_USD,,,,215.0,,,,,,C01066,,,,
117,,GJ,4/2/2025,,"Wedbush_Trading gain (loss), net_20250402",,,,12100,303P,D21030,ARB01071_USD,,,,2442.5,,,,,,C01071,,,,
118,,GJ,4/2/2025,,"Wedbush_Trading gain (loss), net_20250402",,,,12100,303P,D21030,ARB01076_USD,,,,1114.0600000071527,,,,,,C01076,,,,
119,,GJ,4/2/2025,,"Wedbush_Trading gain (loss), net_20250402",,,,12100,303P,D21030,ARB01078_USD,,,,3460.8399999999965,,,,,,C01078,,,,
120,,GJ,4/2/2025,,"Wedbush_Trading gain (loss), net_20250402",,,,12100,303P,D21030,ARB01092_USD,,,,,9640.0,,,,,C01092,,,,
121,,GJ,4/2/2025,,"Wedbush_Trading gain (loss), net_20250402",,,,12100,303P,D21030,ARB01093_USD,,,,,2425.869999999999,,,,,C01093,,,,
122,,GJ,4/2/2025,,"Wedbush_Trading gain (loss), net_20250402",,,,12100,303P,D21030,ARB01095_USD,,,,,6163.620000000003,,,,,C01095,,,,
123,,GJ,4/2/2025,,"Wedbush_Trading gain (loss), net_20250402",,,,12100,303P,D21030,ARB01098_USD,,,,214.13000000000926,,,,,,C01098,,,,
124,,GJ,4/2/2025,,"Wedbush_Trading gain (loss), net_20250402",,,,12100,303P,D23300,ARB01145_USD,,,,,19301.979999999996,,,,,C01145,,,,
125,,GJ,4/2/2025,,"Wedbush_Trading gain (loss), net_20250402",,,,12100,303P,D23010,ARB01157_USD,,,,,599.0,,,,,C01157,,,,
126,,GJ,4/2/2025,,"Wedbush_Trading gain (loss), net_20250402",,,,12100,303P,D23010,ARB01158_USD,,,,,6681.6,,,,,C01158,,,,
127,,GJ,4/2/2025,,"Wedbush_Trading gain (loss), net_20250402",,,,12100,303P,D23010,ARB01166_USD,,,,426.0,,,,,,C01166,,,,
128,,GJ,4/2/2025,,"Wedbush_Trading gain (loss), net_20250402",,,,12100,303P,D23010,ARB01172_USD,,,,,533.75,,,,,C01172,,,,
129,,GJ,4/2/2025,,"Wedbush_Trading gain (loss), net_20250402",,,,12100,303P,D23010,ARB01176_USD,,,,,5047.5,,,,,C01176,,,,
130,,GJ,4/2/2025,,"Wedbush_Trading gain (loss), net_20250402",,,,12100,303P,D23010,ARB01177_USD,,,,,400.0,,,,,C00469,,,,
131,,GJ,4/2/2025,,"Wedbush_Trading gain (loss), net_20250402",,,,12100,303P,D23010,ARB01179_USD,,,,,53.5,,,,,C01479,,,,
132,,GJ,4/2/2025,,"Wedbush_Trading gain (loss), net_20250402",,,,12100,303P,D23300,ARB01195_USD,,,,,3110.0,,,,,C00193,,,,
133,,GJ,4/2/2025,,"Wedbush_Trading gain (loss), net_20250402",,,,12100,ATGN,D21300,ARB01357_CHF,,,,2175.0,,,,,,C01057,,,,
134,,GJ,4/2/2025,,"Wedbush_Trading gain (loss), net_20250402",,,,12100,ATGN,D21300,ARB01357_EUR,,,,,0.0,,,,,C01057,,,,
135,,GJ,4/2/2025,,"Wedbush_Trading gain (loss), net_20250402",,,,12100,ATGN,D21300,ARB01357_GBP,,,,,4656.25,,,,,C01057,,,,
136,,GJ,4/2/2025,,"Wedbush_Trading gain (loss), net_20250402",,,,12100,ATGN,D23020,ARB01400_USD,,,,,1006.0,,,,,C00146,,,,
137,,GJ,4/2/2025,,"Wedbush_Trading gain (loss), net_20250402",,,,12100,ATGN,D23020,ARB01417_EUR,,,,,0.0,,,,,C01117,,,,
138,,GJ,4/2/2025,,"Wedbush_Trading gain (loss), net_20250402",,,,12100,ATGN,D23020,ARB01417_GBP,,,,,940.0,,,,,C01117,,,,
139,,GJ,4/2/2025,,"Wedbush_Trading gain (loss), net_20250402",,,,12100,ATGN,D23020,ARB01417_USD,,,,2506.2999999999993,,,,,,C01117,,,,
140,,GJ,4/2/2025,,"Wedbush_Trading gain (loss), net_20250402",,,,12100,ATGN,D23300,ARB01445_CHF,,,,375.0,,,,,,C01145,,,,
141,,GJ,4/2/2025,,"Wedbush_Trading gain (loss), net_20250402",,,,12100,ATGN,D23300,ARB01445_EUR,,,,2550.0,,,,,,C01145,,,,
142,,GJ,4/2/2025,,"Wedbush_Trading gain (loss), net_20250402",,,,12100,ATGN,D23300,ARB01445_GBP,,,,250.0,,,,,,C01145,,,,
143,,GJ,4/2/2025,,"Wedbush_Trading gain (loss), net_20250402",,,,12100,ATGN,D23300,ARB01445_USD,,,,3688.0,,,,,,C01145,,,,
144,,GJ,4/2/2025,,"Wedbush_Trading gain (loss), net_20250402",,,,12100,ATGN,D23010,ARB01457_CAD,,,,,1222.0,,,,,C01157,,,,
145,,GJ,4/2/2025,,"Wedbush_Trading gain (loss), net_20250402",,,,12100,ATGN,D23010,ARB01457_USD,,,,,935.0,,,,,C01157,,,,
146,,GJ,4/2/2025,,"Wedbush_Trading gain (loss), net_20250402",,,,12100,ATGN,D23010,ARB01458_CAD,,,,560.0,,,,,,C01158,,,,
147,,GJ,4/2/2025,,"Wedbush_Trading gain (loss), net_20250402",,,,12100,ATGN,D23010,ARB01458_USD,,,,20495.0,,,,,,C01158,,,,
148,,GJ,4/2/2025,,"Wedbush_Trading gain (loss), net_20250402",,,,12100,ATGN,D23010,ARB01466_USD,,,,,56.0,,,,,C01166,,,,
149,,GJ,4/2/2025,,"Wedbush_Trading gain (loss), net_20250402",,,,12100,ATGN,D23010,ARB01476_EUR,,,,,62.5,,,,,C01176,,,,
150,,GJ,4/2/2025,,"Wedbush_Trading gain (loss), net_20250402",,,,12100,ATGN,D23010,ARB01476_GBP,,,,250.0,,,,,,C01176,,,,
151,,GJ,4/2/2025,,"Wedbush_Trading gain (loss), net_20250402",,,,12100,ATGN,D23010,ARB01476_USD,,,,11311.39,,,,,,C01176,,,,
152,,GJ,4/2/2025,,"Wedbush_Trading gain (loss), net_20250402",,,,12100,303P,D21300,ARB02012_USD,,,,50337.0,,,,,,C02012,,,,
153,,GJ,4/2/2025,,"Wedbush_Trading gain (loss), net_20250402",,,,12100,303P,D21300,ARB02040_USD,,,,3037.5099999999998,,,,,,C02040,,,,
154,,GJ,4/2/2025,,"Wedbush_Trading gain (loss), net_20250402",,,,12100,303P,D21300,ARB02043_USD,,,,11446.650000000001,,,,,,C02520,,,,
155,,GJ,4/2/2025,,"Wedbush_Trading gain (loss), net_20250402",,,,12100,303P,D21300,ARB02044_USD,,,,36727.05,,,,,,C02044,,,,
156,,GJ,4/2/2025,,"Wedbush_Trading gain (loss), net_20250402",,,,12100,303P,D21300,ARB02045_USD,,,,,3562.5600000000004,,,,,C02045,,,,
157,,GJ,4/2/2025,,"Wedbush_Trading gain (loss), net_20250402",,,,12100,303P,D21030,ARB02047_USD,,,,,5848.5,,,,,C01092,,,,
158,,GJ,4/2/2025,,"Wedbush_Trading gain (loss), net_20250402",,,,12100,303P,D21030,ARB02052_USD,,,,1037.5,,,,,,C01078,,,,
159,,GJ,4/2/2025,,"Wedbush_Trading gain (loss), net_20250402",,,,12100,303P,D21300,ARB02055_USD,,,,30.829999999999927,,,,,,C00054,,,,
160,,GJ,4/2/2025,,"Wedbush_Trading gain (loss), net_20250402",,,,12100,303P,D21300,ARB02076_USD,,,,,32141.559999999998,,,,,C02076,,,,
161,,GJ,4/2/2025,,"Wedbush_Trading gain (loss), net_20250402",,,,12100,303P,D21300,ARB02081_USD,,,,7206.25,,,,,,C00675,,,,
162,,GJ,4/2/2025,,"Wedbush_Trading gain (loss), net_20250402",,,,12100,303P,D21300,ARB02082_USD,,,,895.0,,,,,,C00675,,,,
163,,GJ,4/2/2025,,"Wedbush_Trading gain (loss), net_20250402",,,,12100,303P,D21300,ARB02083_USD,,,,31938.0,,,,,,C00675,,,,
164,,GJ,4/2/2025,,"Wedbush_Trading gain (loss), net_20250402",,,,12100,303P,D21300,ARB02084_USD,,,,,162.5,,,,,C00675,,,,
165,,GJ,4/2/2025,,"Wedbush_Trading gain (loss), net_20250402",,,,12100,303P,D21300,ARB02085_USD,,,,,2075.0,,,,,C00675,,,,
166,,GJ,4/2/2025,,"Wedbush_Trading gain (loss), net_20250402",,,,12100,303P,D21300,ARB02086_USD,,,,,1131.25,,,,,C00675,,,,
167,,GJ,4/2/2025,,"Wedbush_Trading gain (loss), net_20250402",,,,12100,303P,D21300,ARB02087_USD,,,,1600.0,,,,,,C00675,,,,
168,,GJ,4/2/2025,,"Wedbush_Trading gain (loss), net_20250402",,,,12100,303P,D23010,ARB02102_USD,,,,,16905.5,,,,,C02102,,,,
169,,GJ,4/2/2025,,"Wedbush_Trading gain (loss), net_20250402",,,,12100,303P,D23010,ARB02103_USD,,,,,6940.0,,,,,C00163,,,,
170,,GJ,4/2/2025,,"Wedbush_Trading gain (loss), net_20250402",,,,12100,303P,D23010,ARB02106_USD,,,,24340.0,,,,,,C00163,,,,
171,,GJ,4/2/2025,,"Wedbush_Trading gain (loss), net_20250402",,,,12100,303P,D23300,ARB02121_USD,,,,,3067.5,,,,,C02121,,,,
172,,GJ,4/2/2025,,"Wedbush_Trading gain (loss), net_20250402",,,,12100,303P,D23020,ARB02129_USD,,,,1545.0,,,,,,C02129,,,,
173,,GJ,4/2/2025,,"Wedbush_Trading gain (loss), net_20250402",,,,12100,303P,D23010,ARB02132_USD,,,,2453.75,,,,,,C02132,,,,
174,,GJ,4/2/2025,,"Wedbush_Trading gain (loss), net_20250402",,,,12100,303P,D23010,ARB02135_USD,,,,871.5,,,,,,C02135,,,,
175,,GJ,4/2/2025,,"Wedbush_Trading gain (loss), net_20250402",,,,12100,303P,D23010,ARB02145_USD,,,,,270.0,,,,,C02145,,,,
176,,GJ,4/2/2025,,"Wedbush_Trading gain (loss), net_20250402",,,,12100,303P,D23010,ARB02147_USD,,,,628.0,,,,,,C02147,,,,
177,,GJ,4/2/2025,,"Wedbush_Trading gain (loss), net_20250402",,,,12100,303P,D23010,ARB02149_USD,,,,,167.5,,,,,C02149,,,,
178,,GJ,4/2/2025,,"Wedbush_Trading gain (loss), net_20250402",,,,12100,303P,D23060,ARB02152_USD,,,,1647.5,,,,,,C00186,,,,
179,,GJ,4/2/2025,,"Wedbush_Trading gain (loss), net_20250402",,,,12100,303P,D23300,ARB02154_USD,,,,,7205.0,,,,,C00149,,,,
180,,GJ,4/2/2025,,"Wedbush_Trading gain (loss), net_20250402",,,,12100,303P,D23300,ARB02158_USD,,,,,45.0,,,,,C01145,,,,
181,,GJ,4/2/2025,,"Wedbush_Trading gain (loss), net_20250402",,,,12100,303P,D23300,ARB02167_USD,,,,139718.9,,,,,,C00118,,,,
182,,GJ,4/2/2025,,"Wedbush_Trading gain (loss), net_20250402",,,,12100,303P,D23300,ARB02168_USD,,,,,330.0,,,,,C00194,,,,
183,,GJ,4/2/2025,,"Wedbush_Trading gain (loss), net_20250402",,,,12100,303P,D23060,ARB02169_USD,,,,1135.0,,,,,,C00186,,,,
184,,GJ,4/2/2025,,"Wedbush_Trading gain (loss), net_20250402",,,,12100,303P,D23010,ARB02173_USD,,,,1857.4200000000128,,,,,,C00463,,,,
185,,GJ,4/2/2025,,"Wedbush_Trading gain (loss), net_20250402",,,,12100,303P,D23010,ARB02176_USD,,,,10817.5,,,,,,C00463,,,,
186,,GJ,4/2/2025,,"Wedbush_Trading gain (loss), net_20250402",,,,12100,303P,D23010,ARB02177_USD,,,,,2223.5,,,,,C02177,,,,
187,,GJ,4/2/2025,,"Wedbush_Trading gain (loss), net_20250402",,,,12100,303P,D23010,ARB02179_USD,,,,,1749.5,,,,,C02179,,,,
188,,GJ,4/2/2025,,"Wedbush_Trading gain (loss), net_20250402",,,,12100,303P,D23010,ARB02180_USD,,,,11274.5,,,,,,C02180,,,,
189,,GJ,4/2/2025,,"Wedbush_Trading gain (loss), net_20250402",,,,12100,303P,D23010,ARB02181_USD,,,,9706.5,,,,,,C02181,,,,
190,,GJ,4/2/2025,,"Wedbush_Trading gain (loss), net_20250402",,,,12100,303P,D23010,ARB02182_USD,,,,,3630.0,,,,,C02182,,,,
191,,GJ,4/2/2025,,"Wedbush_Trading gain (loss), net_20250402",,,,12100,303P,D23010,ARB02183_USD,,,,549.5,,,,,,C02183,,,,
192,,GJ,4/2/2025,,"Wedbush_Trading gain (loss), net_20250402",,,,12100,303P,D23010,ARB02184_USD,,,,,17169.0,,,,,C02184,,,,
193,,GJ,4/2/2025,,"Wedbush_Trading gain (loss), net_20250402",,,,12100,303P,D23010,ARB02185_USD,,,,60.0,,,,,,C02185,,,,
194,,GJ,4/2/2025,,"Wedbush_Trading gain (loss), net_20250402",,,,12100,303P,D23010,ARB02187_USD,,,,,2269.5,,,,,C02187,,,,
195,,GJ,4/2/2025,,"Wedbush_Trading gain (loss), net_20250402",,,,12100,303P,D23010,ARB02188_USD,,,,8287.600000000006,,,,,,C02188,,,,
196,,GJ,4/2/2025,,"Wedbush_Trading gain (loss), net_20250402",,,,12100,303P,D23010,ARB02190_USD,,,,,2457.5,,,,,C02147,,,,
197,,GJ,4/2/2025,,"Wedbush_Trading gain (loss), net_20250402",,,,12100,303P,D23010,ARB02191_USD,,,,,935.0,,,,,C00469,,,,
198,,GJ,4/2/2025,,"Wedbush_Trading gain (loss), net_20250402",,,,12100,ATGN,D21300,ARB02343_EUR,,,,5110.0,,,,,,C02520,,,,
199,,GJ,4/2/2025,,"Wedbush_Trading gain (loss), net_20250402",,,,12100,ATGN,D21300,ARB02343_GBP,,,,,12175.0,,,,,C02520,,,,
200,,GJ,4/2/2025,,"Wedbush_Trading gain (loss), net_20250402",,,,12100,ATGN,D21300,ARB02343_USD,,,,,16551.5,,,,,C02520,,,,
201,,GJ,4/2/2025,,"Wedbush_Trading gain (loss), net_20250402",,,,12100,ATGN,D21300,ARB02355_USD,,,,398.70000000000005,,,,,,C00054,,,,
202,,GJ,4/2/2025,,"Wedbush_Trading gain (loss), net_20250402",,,,12100,ATGN,D23010,ARB02402_CAD,,,,4484.0,,,,,,C02102,,,,
203,,GJ,4/2/2025,,"Wedbush_Trading gain (loss), net_20250402",,,,12100,ATGN,D23010,ARB02402_USD,,,,,375.0,,,,,C02102,,,,
204,,GJ,4/2/2025,,"Wedbush_Trading gain (loss), net_20250402",,,,12100,ATGN,D23010,ARB02407_EUR,,,,,0.0,,,,,C02107,,,,
205,,GJ,4/2/2025,,"Wedbush_Trading gain (loss), net_20250402",,,,12100,ATGN,D23010,ARB02407_GBP,,,,,0.0,,,,,C02107,,,,
206,,GJ,4/2/2025,,"Wedbush_Trading gain (loss), net_20250402",,,,12100,ATGN,D23010,ARB02407_USD,,,,171.60000000000002,,,,,,C02107,,,,
207,,GJ,4/2/2025,,"Wedbush_Trading gain (loss), net_20250402",,,,12100,ATGN,D23080,ARB02418_EUR,,,,,0.0,,,,,C01234,,,,
208,,GJ,4/2/2025,,"Wedbush_Trading gain (loss), net_20250402",,,,12100,ATGN,D23080,ARB02418_GBP,,,,3580.0,,,,,,C01234,,,,
209,,GJ,4/2/2025,,"Wedbush_Trading gain (loss), net_20250402",,,,12100,ATGN,D23080,ARB02418_USD,,,,,6998.600000000001,,,,,C01234,,,,
210,,GJ,4/2/2025,,"Wedbush_Trading gain (loss), net_20250402",,,,12100,ATGN,D23300,ARB02421_CHF,,,,112.5,,,,,,C02121,,,,
211,,GJ,4/2/2025,,"Wedbush_Trading gain (loss), net_20250402",,,,12100,ATGN,D23300,ARB02421_EUR,,,,750.0,,,,,,C02121,,,,
212,,GJ,4/2/2025,,"Wedbush_Trading gain (loss), net_20250402",,,,12100,ATGN,D23300,ARB02421_GBP,,,,,487.5,,,,,C02121,,,,
213,,GJ,4/2/2025,,"Wedbush_Trading gain (loss), net_20250402",,,,12100,ATGN,D23300,ARB02421_USD,,,,190.0,,,,,,C02121,,,,
214,,GJ,4/2/2025,,"Wedbush_Trading gain (loss), net_20250402",,,,12100,ATGN,D23020,ARB02429_USD,,,,339.15000000000146,,,,,,C02129,,,,
215,,GJ,4/2/2025,,"Wedbush_Trading gain (loss), net_20250402",,,,12100,ATGN,D23010,ARB02432_USD,,,,112.0,,,,,,C02132,,,,
216,,GJ,4/2/2025,,"Wedbush_Trading gain (loss), net_20250402",,,,12100,ATGN,D23010,ARB02436_EUR,,,,,0.0,,,,,C02136,,,,
217,,GJ,4/2/2025,,"Wedbush_Trading gain (loss), net_20250402",,,,12100,ATGN,D23010,ARB02436_GBP,,,,830.0,,,,,,C02136,,,,
218,,GJ,4/2/2025,,"Wedbush_Trading gain (loss), net_20250402",,,,12100,ATGN,D23010,ARB02436_USD,,,,2059.35,,,,,,C02136,,,,
219,,GJ,4/2/2025,,"Wedbush_Trading gain (loss), net_20250402",,,,12100,ATGN,D23010,ARB02445_USD,,,,7655.0,,,,,,C02145,,,,
220,,GJ,4/2/2025,,"Wedbush_Trading gain (loss), net_20250402",,,,12100,ATGN,D23010,ARB02447_CAD,,,,100.0,,,,,,C02147,,,,
221,,GJ,4/2/2025,,"Wedbush_Trading gain (loss), net_20250402",,,,12100,ATGN,D23010,ARB02447_USD,,,,,0.0,,,,,C02147,,,,
222,,GJ,4/2/2025,,"Wedbush_Trading gain (loss), net_20250402",,,,12100,ATGN,D23010,ARB02449_EUR,,,,,0.0,,,,,C02149,,,,
223,,GJ,4/2/2025,,"Wedbush_Trading gain (loss), net_20250402",,,,12100,ATGN,D23010,ARB02449_GBP,,,,,0.0,,,,,C02149,,,,
224,,GJ,4/2/2025,,"Wedbush_Trading gain (loss), net_20250402",,,,12100,ATGN,D23010,ARB02449_USD,,,,3434.4500000000007,,,,,,C02149,,,,
225,,GJ,4/2/2025,,"Wedbush_Trading gain (loss), net_20250402",,,,12100,ATGN,D23300,ARB02450_USD,,,,,0.0,,,,,C02150,,,,
226,,GJ,4/2/2025,,"Wedbush_Trading gain (loss), net_20250402",,,,12100,ATGN,D23060,ARB02452_EUR,,,,,0.0,,,,,C00186,,,,
227,,GJ,4/2/2025,,"Wedbush_Trading gain (loss), net_20250402",,,,12100,ATGN,D23060,ARB02452_GBP,,,,,0.0,,,,,C00186,,,,
228,,GJ,4/2/2025,,"Wedbush_Trading gain (loss), net_20250402",,,,12100,ATGN,D23060,ARB02452_USD,,,,512.5,,,,,,C00186,,,,
229,,GJ,4/2/2025,,"Wedbush_Trading gain (loss), net_20250402",,,,12100,ATGN,D23020,ARB02456_EUR,,,,,0.0,,,,,C02156,,,,
230,,GJ,4/2/2025,,"Wedbush_Trading gain (loss), net_20250402",,,,12100,ATGN,D23020,ARB02456_GBP,,,,660.0,,,,,,C02156,,,,
231,,GJ,4/2/2025,,"Wedbush_Trading gain (loss), net_20250402",,,,12100,ATGN,D23020,ARB02456_USD,,,,,2663.4999999999986,,,,,C02156,,,,
232,,GJ,4/2/2025,,"Wedbush_Trading gain (loss), net_20250402",,,,12100,ATGN,D23080,ARB02463_USD,,,,,2173.6000000000004,,,,,C01231,,,,
233,,GJ,4/2/2025,,"Wedbush_Trading gain (loss), net_20250402",,,,12100,ATGN,D23010,ARB02473_EUR,,,,250.0,,,,,,C00463,,,,
234,,GJ,4/2/2025,,"Wedbush_Trading gain (loss), net_20250402",,,,12100,ATGN,D23010,ARB02473_GBP,,,,75.0,,,,,,C00463,,,,
235,,GJ,4/2/2025,,"Wedbush_Trading gain (loss), net_20250402",,,,12100,ATGN,D23010,ARB02476_EUR,,,,,0.0,,,,,C00463,,,,
236,,GJ,4/2/2025,,"Wedbush_Trading gain (loss), net_20250402",,,,12100,ATGN,D23010,ARB02476_GBP,,,,3500.0,,,,,,C00463,,,,
237,,GJ,4/2/2025,,"Wedbush_Trading gain (loss), net_20250402",,,,12100,ATGN,D23010,ARB02476_USD,,,,,1.8189894035458565e-12,,,,,C00463,,,,
238,,GJ,4/2/2025,,"Wedbush_Trading gain (loss), net_20250402",,,,12100,ATGN,D23010,ARB02477_CAD,,,,138.0,,,,,,C02177,,,,
239,,GJ,4/2/2025,,"Wedbush_Trading gain (loss), net_20250402",,,,12100,ATGN,D23010,ARB02477_USD,,,,,0.0,,,,,C02177,,,,
240,,GJ,4/2/2025,,"Wedbush_Trading gain (loss), net_20250402",,,,12100,ATGN,D23010,ARB02479_USD,,,,,2419.2,,,,,C02179,,,,
241,,GJ,4/2/2025,,"Wedbush_Trading gain (loss), net_20250402",,,,12100,ATGN,D23010,ARB02481_CAD,,,,556.0,,,,,,C02181,,,,
242,,GJ,4/2/2025,,"Wedbush_Trading gain (loss), net_20250402",,,,12100,ATGN,D23010,ARB02481_USD,,,,,375.0,,,,,C02181,,,,
243,,GJ,4/2/2025,,"Wedbush_Trading gain (loss), net_20250402",,,,12100,ATGN,D23010,ARB02482_CAD,,,,100.0,,,,,,C02182,,,,
244,,GJ,4/2/2025,,"Wedbush_Trading gain (loss), net_20250402",,,,12100,ATGN,D23010,ARB02482_USD,,,,,0.0,,,,,C02182,,,,
245,,GJ,4/2/2025,,"Wedbush_Trading gain (loss), net_20250402",,,,12100,ATGN,D23010,ARB02484_CAD,,,,,706.0,,,,,C02184,,,,
246,,GJ,4/2/2025,,"Wedbush_Trading gain (loss), net_20250402",,,,12100,ATGN,D23010,ARB02484_EUR,,,,,0.0,,,,,C02184,,,,
247,,GJ,4/2/2025,,"Wedbush_Trading gain (loss), net_20250402",,,,12100,ATGN,D23010,ARB02484_GBP,,,,,740.0,,,,,C02184,,,,
248,,GJ,4/2/2025,,"Wedbush_Trading gain (loss), net_20250402",,,,12100,ATGN,D23010,ARB02484_USD,,,,,15750.0,,,,,C02184,,,,
249,,GJ,4/2/2025,,"Wedbush_Trading gain (loss), net_20250402",,,,12100,ATGN,D23010,ARB02485_EUR,,,,,0.0,,,,,C02185,,,,
250,,GJ,4/2/2025,,"Wedbush_Trading gain (loss), net_20250402",,,,12100,ATGN,D23010,ARB02485_GBP,,,,1600.0,,,,,,C02185,,,,
251,,GJ,4/2/2025,,"Wedbush_Trading gain (loss), net_20250402",,,,12100,ATGN,D23010,ARB02485_USD,,,,3569.8999999999996,,,,,,C02185,,,,
252,,GJ,4/2/2025,,"Wedbush_Trading gain (loss), net_20250402",,,,12100,ATGN,D23010,ARB02486_EUR,,,,,0.0,,,,,C02186,,,,
253,,GJ,4/2/2025,,"Wedbush_Trading gain (loss), net_20250402",,,,12100,ATGN,D23010,ARB02486_GBP,,,,,0.0,,,,,C02186,,,,
254,,GJ,4/2/2025,,"Wedbush_Trading gain (loss), net_20250402",,,,12100,ATGN,D23010,ARB02486_USD,,,,,73.60000000000218,,,,,C02186,,,,
255,,GJ,4/2/2025,,"Wedbush_Trading gain (loss), net_20250402",,,,12100,ATGN,D23010,ARB02487_CAD,,,,1344.0,,,,,,C02187,,,,
256,,GJ,4/2/2025,,"Wedbush_Trading gain (loss), net_20250402",,,,12100,ATGN,D23010,ARB02487_USD,,,,,0.0,,,,,C02187,,,,
257,,GJ,4/2/2025,,"Wedbush_Trading gain (loss), net_20250402",,,,12100,ATGN,D23010,ARB02488_USD,,,,7995.0,,,,,,C02188,,,,
258,,GJ,4/2/2025,,"Wedbush_Trading gain (loss), net_20250402",,,,12100,ATGN,D23010,ARB02491_EUR,,,,,0.0,,,,,C00469,,,,
259,,GJ,4/2/2025,,"Wedbush_Trading gain (loss), net_20250402",,,,12100,ATGN,D23010,ARB02491_GBP,,,,,0.0,,,,,C00469,,,,
260,,GJ,4/2/2025,,"Wedbush_Trading gain (loss), net_20250402",,,,12100,ATGN,D23010,ARB02491_USD,,,,1003.1999999999999,,,,,,C00469,,,,
261,,GJ,4/2/2025,,"Wedbush_Trading gain (loss), net_20250402",,,,12100,303P,D21300,ARB03003_USD,,,,5854.33,,,,,,C03003,,,,
262,,GJ,4/2/2025,,"Wedbush_Trading gain (loss), net_20250402",,,,12100,303P,D21300,ARB03005_USD,,,,,147.25,,,,,C03005,,,,
263,,GJ,4/2/2025,,"Wedbush_Trading gain (loss), net_20250402",,,,12100,303P,D21300,ARB03022_USD,,,,,3912.5,,,,,C00034,,,,
264,,GJ,4/2/2025,,"Wedbush_Trading gain (loss), net_20250402",,,,12100,303P,D21300,ARB03029_USD,,,,,5431.9400000000005,,,,,C03029,,,,
265,,GJ,4/2/2025,,"Wedbush_Trading gain (loss), net_20250402",,,,12100,303P,D21300,ARB03032_USD,,,,2950.0,,,,,,C00049,,,,
266,,GJ,4/2/2025,,"Wedbush_Trading gain (loss), net_20250402",,,,12100,303P,D21300,ARB03033_USD,,,,5285.0,,,,,,C00049,,,,
267,,GJ,4/2/2025,,"Wedbush_Trading gain (loss), net_20250402",,,,12100,303P,D21300,ARB03035_USD,,,,13081.5,,,,,,C00049,,,,
268,,GJ,4/2/2025,,"Wedbush_Trading gain (loss), net_20250402",,,,12100,303P,D21300,ARB03037_USD,,,,,86625.01999999999,,,,,C03037,,,,
269,,GJ,4/2/2025,,"Wedbush_Trading gain (loss), net_20250402",,,,12100,303P,D21300,ARB03038_USD,,,,19307.5,,,,,,C03038,,,,
270,,GJ,4/2/2025,,"Wedbush_Trading gain (loss), net_20250402",,,,12100,303P,D21300,ARB03042_USD,,,,6.0,,,,,,C03040,,,,
271,,GJ,4/2/2025,,"Wedbush_Trading gain (loss), net_20250402",,,,12100,303P,D21300,ARB03046_USD,,,,,1363.79,,,,,C03040,,,,
272,,GJ,4/2/2025,,"Wedbush_Trading gain (loss), net_20250402",,,,12100,303P,D21030,ARB03050_USD,,,,,9643.5,,,,,C03050,,,,
273,,GJ,4/2/2025,,"Wedbush_Trading gain (loss), net_20250402",,,,12100,303P,D21300,ARB03060_USD,,,,,6518.75,,,,,C03060,,,,
274,,GJ,4/2/2025,,"Wedbush_Trading gain (loss), net_20250402",,,,12100,303P,D21300,ARB03062_USD,,,,,1000.0,,,,,C03062,,,,
275,,GJ,4/2/2025,,"Wedbush_Trading gain (loss), net_20250402",,,,12100,303P,D21300,ARB03065_USD,,,,66575.0,,,,,,C03065,,,,
276,,GJ,4/2/2025,,"Wedbush_Trading gain (loss), net_20250402",,,,12100,303P,D21300,ARB03072_USD,,,,7070.0,,,,,,C03072,,,,
277,,GJ,4/2/2025,,"Wedbush_Trading gain (loss), net_20250402",,,,12100,303P,D21300,ARB03073_USD,,,,22252.5,,,,,,C03073,,,,
278,,GJ,4/2/2025,,"Wedbush_Trading gain (loss), net_20250402",,,,12100,303P,D21300,ARB03074_USD,,,,,1987.5,,,,,C03073,,,,
279,,GJ,4/2/2025,,"Wedbush_Trading gain (loss), net_20250402",,,,12100,303P,D21300,ARB03075_USD,,,,,4000.0,,,,,C03073,,,,
280,,GJ,4/2/2025,,"Wedbush_Trading gain (loss), net_20250402",,,,12100,303P,D21300,ARB03077_USD,,,,46177.5,,,,,,C03077,,,,
281,,GJ,4/2/2025,,"Wedbush_Trading gain (loss), net_20250402",,,,12100,303P,D21300,ARB03078_USD,,,,,650.0,,,,,C03078,,,,
282,,GJ,4/2/2025,,"Wedbush_Trading gain (loss), net_20250402",,,,12100,303P,D21300,ARB03079_USD,,,,3924.0,,,,,,C03078,,,,
283,,GJ,4/2/2025,,"Wedbush_Trading gain (loss), net_20250402",,,,12100,303P,D21300,ARB03080_USD,,,,,3580.0,,,,,C03078,,,,
284,,GJ,4/2/2025,,"Wedbush_Trading gain (loss), net_20250402",,,,12100,303P,D21300,ARB03081_USD,,,,,787.5,,,,,C03078,,,,
285,,GJ,4/2/2025,,"Wedbush_Trading gain (loss), net_20250402",,,,12100,303P,D21030,ARB03084_USD,,,,30.84,,,,,,C03084,,,,
286,,GJ,4/2/2025,,"Wedbush_Trading gain (loss), net_20250402",,,,12100,303P,D21300,ARB03088_USD,,,,61.75,,,,,,C03088,,,,
287,,GJ,4/2/2025,,"Wedbush_Trading gain (loss), net_20250402",,,,12100,303P,D21300,ARB03089_USD,,,,162.5,,,,,,C03089,,,,
288,,GJ,4/2/2025,,"Wedbush_Trading gain (loss), net_20250402",,,,12100,303P,D21300,ARB03092_USD,,,,983.25,,,,,,C03092,,,,
289,,GJ,4/2/2025,,"Wedbush_Trading gain (loss), net_20250402",,,,12100,303P,D21300,ARB03093_USD,,,,,99.0,,,,,C03093,,,,
290,,GJ,4/2/2025,,"Wedbush_Trading gain (loss), net_20250402",,,,12100,303P,D21300,ARB03094_USD,,,,102.25,,,,,,C03094,,,,
291,,GJ,4/2/2025,,"Wedbush_Trading gain (loss), net_20250402",,,,12100,303P,D21300,ARB03095_USD,,,,,24.75,,,,,C03095,,,,
292,,GJ,4/2/2025,,"Wedbush_Trading gain (loss), net_20250402",,,,12100,303P,D21300,ARB03096_USD,,,,,60.0,,,,,C03096,,,,
293,,GJ,4/2/2025,,"Wedbush_Trading gain (loss), net_20250402",,,,12100,303P,D23080,ARB03102_USD,,,,2570.0,,,,,,C03102,,,,
294,,GJ,4/2/2025,,"Wedbush_Trading gain (loss), net_20250402",,,,12100,303P,D23300,ARB03103_USD,,,,,2440.0,,,,,CX3103,,,,
295,,GJ,4/2/2025,,"Wedbush_Trading gain (loss), net_20250402",,,,12100,303P,D23300,ARB03104_USD,,,,1066.5,,,,,,C03104,,,,
296,,GJ,4/2/2025,,"Wedbush_Trading gain (loss), net_20250402",,,,12100,303P,D23300,ARB03105_USD,,,,20286.800000000017,,,,,,C00310,,,,
297,,GJ,4/2/2025,,"Wedbush_Trading gain (loss), net_20250402",,,,12100,303P,D23300,ARB03106_USD,,,,13892.549999999988,,,,,,C00310,,,,
298,,GJ,4/2/2025,,"Wedbush_Trading gain (loss), net_20250402",,,,12100,303P,D23300,ARB03107_USD,,,,,1354.5,,,,,C03107,,,,
299,,GJ,4/2/2025,,"Wedbush_Trading gain (loss), net_20250402",,,,12100,303P,D23300,ARB03108_USD,,,,,32518.100000000035,,,,,C00311,,,,
300,,GJ,4/2/2025,,"Wedbush_Trading gain (loss), net_20250402",,,,12100,303P,D23300,ARB03109_USD,,,,,8037.5,,,,,C00311,,,,
301,,GJ,4/2/2025,,"Wedbush_Trading gain (loss), net_20250402",,,,12100,303P,D23300,ARB03110_USD,,,,1577.5,,,,,,C00311,,,,
302,,GJ,4/2/2025,,"Wedbush_Trading gain (loss), net_20250402",,,,12100,303P,D23300,ARB03111_USD,,,,,5500.0,,,,,C00311,,,,
303,,GJ,4/2/2025,,"Wedbush_Trading gain (loss), net_20250402",,,,12100,303P,D23300,ARB03112_USD,,,,8913.000000000007,,,,,,C00310,,,,
304,,GJ,4/2/2025,,"Wedbush_Trading gain (loss), net_20250402",,,,12100,303P,D23300,ARB03113_USD,,,,,12105.86,,,,,C03113,,,,
305,,GJ,4/2/2025,,"Wedbush_Trading gain (loss), net_20250402",,,,12100,303P,D23300,ARB03115_USD,,,,352.5,,,,,,CX3115,,,,
306,,GJ,4/2/2025,,"Wedbush_Trading gain (loss), net_20250402",,,,12100,303P,D23020,ARB03116_USD,,,,507.5,,,,,,C02129,,,,
307,,GJ,4/2/2025,,"Wedbush_Trading gain (loss), net_20250402",,,,12100,303P,D23300,ARB03125_USD,,,,,2080.0,,,,,CX3125,,,,
308,,GJ,4/2/2025,,"Wedbush_Trading gain (loss), net_20250402",,,,12100,303P,D23300,ARB03128_USD,,,,4087.5,,,,,,C03126,,,,
309,,GJ,4/2/2025,,"Wedbush_Trading gain (loss), net_20250402",,,,12100,303P,D23300,ARB03130_USD,,,,,2364.3499999999985,,,,,C03130,,,,
310,,GJ,4/2/2025,,"Wedbush_Trading gain (loss), net_20250402",,,,12100,303P,D23300,ARB03131_USD,,,,2803.0,,,,,,C03131,,,,
311,,GJ,4/2/2025,,"Wedbush_Trading gain (loss), net_20250402",,,,12100,303P,D23300,ARB03133_USD,,,,9253.900000000001,,,,,,C03133,,,,
312,,GJ,4/2/2025,,"Wedbush_Trading gain (loss), net_20250402",,,,12100,303P,D23300,ARB03134_USD,,,,,700.0,,,,,C03134,,,,
313,,GJ,4/2/2025,,"Wedbush_Trading gain (loss), net_20250402",,,,12100,303P,D23090,ARB03150_USD,,,,,662.5,,,,,C03150,,,,
314,,GJ,4/2/2025,,"Wedbush_Trading gain (loss), net_20250402",,,,12100,,,ARB03152_USD,,,,,1175.0,,,,,,,,,
315,,GJ,4/2/2025,,"Wedbush_Trading gain (loss), net_20250402",,,,12100,303P,D23090,ARB03154_USD,,,,,1125.0,,,,,C03154,,,,
316,,GJ,4/2/2025,,"Wedbush_Trading gain (loss), net_20250402",,,,12100,303P,D23100,ARB03156_USD,,,,4426.739999999929,,,,,,C03156,,,,
317,,GJ,4/2/2025,,"Wedbush_Trading gain (loss), net_20250402",,,,12100,303P,D23100,ARB03157_USD,,,,,3541.439999999784,,,,,C03157,,,,
318,,GJ,4/2/2025,,"Wedbush_Trading gain (loss), net_20250402",,,,12100,303P,D23100,ARB03159_USD,,,,,2437.2699999999895,,,,,C03159,,,,
319,,GJ,4/2/2025,,"Wedbush_Trading gain (loss), net_20250402",,,,12100,,,ARB03170_USD,,,,,12.0,,,,,,,,,
320,,GJ,4/2/2025,,"Wedbush_Trading gain (loss), net_20250402",,,,12100,303P,D23100,ARB03174_USD,,,,112.65999999997803,,,,,,C03174,,,,
321,,GJ,4/2/2025,,"Wedbush_Trading gain (loss), net_20250402",,,,12100,303P,D23100,ARB03175_USD,,,,582.9900000000016,,,,,,C03175,,,,
322,,GJ,4/2/2025,,"Wedbush_Trading gain (loss), net_20250402",,,,12100,303P,D23100,ARB03176_USD,,,,,529.2400000000016,,,,,C03176,,,,
323,,GJ,4/2/2025,,"Wedbush_Trading gain (loss), net_20250402",,,,12100,303P,D23100,ARB03177_USD,,,,,1366.539999999999,,,,,C03177,,,,
324,,GJ,4/2/2025,,"Wedbush_Trading gain (loss), net_20250402",,,,12100,303P,D23100,ARB03184_USD,,,,,812.5,,,,,C03184,,,,
325,,GJ,4/2/2025,,"Wedbush_Trading gain (loss), net_20250402",,,,12100,303P,D23100,ARB03185_USD,,,,,875.0,,,,,C03185,,,,
326,,GJ,4/2/2025,,"Wedbush_Trading gain (loss), net_20250402",,,,12100,303P,D23100,ARB03187_USD,,,,,862.5,,,,,C03187,,,,
327,,GJ,4/2/2025,,"Wedbush_Trading gain (loss), net_20250402",,,,12100,ATGN,D21300,ARB03329_USD,,,,595.0,,,,,,C03029,,,,
328,,GJ,4/2/2025,,"Wedbush_Trading gain (loss), net_20250402",,,,12100,ATGN,D21300,ARB03360_EUR,,,,9900.0,,,,,,C03060,,,,
329,,GJ,4/2/2025,,"Wedbush_Trading gain (loss), net_20250402",,,,12100,ATGN,D21300,ARB03360_GBP,,,,6700.0,,,,,,C03060,,,,
330,,GJ,4/2/2025,,"Wedbush_Trading gain (loss), net_20250402",,,,12100,ATGN,D21300,ARB03362_EUR,,,,,500.0,,,,,C03062,,,,
331,,GJ,4/2/2025,,"Wedbush_Trading gain (loss), net_20250402",,,,12100,ATGN,D21300,ARB03362_GBP,,,,,287.5,,,,,C03062,,,,
332,,GJ,4/2/2025,,"Wedbush_Trading gain (loss), net_20250402",,,,12100,ATGN,D21300,ARB03362_USD,,,,1100.0,,,,,,C03062,,,,
333,,GJ,4/2/2025,,"Wedbush_Trading gain (loss), net_20250402",,,,12100,ATGN,D21300,ARB03364_EUR,,,,,125.0,,,,,C03064,,,,
334,,GJ,4/2/2025,,"Wedbush_Trading gain (loss), net_20250402",,,,12100,ATGN,D21300,ARB03364_GBP,,,,,0.0,,,,,C03064,,,,
335,,GJ,4/2/2025,,"Wedbush_Trading gain (loss), net_20250402",,,,12100,ATGN,D21300,ARB03372_USD,,,,4364.0,,,,,,C03072,,,,
336,,GJ,4/2/2025,,"Wedbush_Trading gain (loss), net_20250402",,,,12100,ATGN,D21300,ARB03378_USD,,,,3310.0,,,,,,C03078,,,,
337,,GJ,4/2/2025,,"Wedbush_Trading gain (loss), net_20250402",,,,12100,ATGN,D23300,ARB03400_EUR,,,,,0.0,,,,,C03100,,,,
338,,GJ,4/2/2025,,"Wedbush_Trading gain (loss), net_20250402",,,,12100,ATGN,D23300,ARB03400_GBP,,,,960.0,,,,,,C03100,,,,
339,,GJ,4/2/2025,,"Wedbush_Trading gain (loss), net_20250402",,,,12100,ATGN,D23300,ARB03400_USD,,,,,361.0500000000002,,,,,C03100,,,,
340,,GJ,4/2/2025,,"Wedbush_Trading gain (loss), net_20250402",,,,12100,ATGN,D23080,ARB03402_EUR,,,,,0.0,,,,,C03102,,,,
341,,GJ,4/2/2025,,"Wedbush_Trading gain (loss), net_20250402",,,,12100,ATGN,D23080,ARB03402_GBP,,,,1380.0,,,,,,C03102,,,,
342,,GJ,4/2/2025,,"Wedbush_Trading gain (loss), net_20250402",,,,12100,ATGN,D23080,ARB03402_USD,,,,,5696.199999999997,,,,,C03102,,,,
343,,GJ,4/2/2025,,"Wedbush_Trading gain (loss), net_20250402",,,,12100,ATGN,D23300,ARB03403_CAD,,,,3210.0,,,,,,CX3103,,,,
344,,GJ,4/2/2025,,"Wedbush_Trading gain (loss), net_20250402",,,,12100,ATGN,D23300,ARB03403_EUR,,,,,0.0,,,,,CX3103,,,,
345,,GJ,4/2/2025,,"Wedbush_Trading gain (loss), net_20250402",,,,12100,ATGN,D23300,ARB03403_GBP,,,,4520.0,,,,,,CX3103,,,,
346,,GJ,4/2/2025,,"Wedbush_Trading gain (loss), net_20250402",,,,12100,ATGN,D23300,ARB03403_USD,,,,,11284.549999999996,,,,,CX3103,,,,
347,,GJ,4/2/2025,,"Wedbush_Trading gain (loss), net_20250402",,,,12100,ATGN,D23300,ARB03404_CAD,,,,180.0,,,,,,C03104,,,,
348,,GJ,4/2/2025,,"Wedbush_Trading gain (loss), net_20250402",,,,12100,ATGN,D23300,ARB03404_EUR,,,,,0.0,,,,,C03104,,,,
349,,GJ,4/2/2025,,"Wedbush_Trading gain (loss), net_20250402",,,,12100,ATGN,D23300,ARB03404_GBP,,,,1490.0,,,,,,C03104,,,,
350,,GJ,4/2/2025,,"Wedbush_Trading gain (loss), net_20250402",,,,12100,ATGN,D23300,ARB03404_USD,,,,,648.75,,,,,C03104,,,,
351,,GJ,4/2/2025,,"Wedbush_Trading gain (loss), net_20250402",,,,12100,ATGN,D23300,ARB03405_CAD,,,,290.0,,,,,,C00310,,,,
352,,GJ,4/2/2025,,"Wedbush_Trading gain (loss), net_20250402",,,,12100,ATGN,D23300,ARB03405_EUR,,,,,0.0,,,,,C00310,,,,
353,,GJ,4/2/2025,,"Wedbush_Trading gain (loss), net_20250402",,,,12100,ATGN,D23300,ARB03405_GBP,,,,57780.0,,,,,,C00310,,,,
354,,GJ,4/2/2025,,"Wedbush_Trading gain (loss), net_20250402",,,,12100,ATGN,D23300,ARB03405_USD,,,,,13978.849999999977,,,,,C00310,,,,
355,,GJ,4/2/2025,,"Wedbush_Trading gain (loss), net_20250402",,,,12100,ATGN,D23300,ARB03406_EUR,,,,,0.0,,,,,C00310,,,,
356,,GJ,4/2/2025,,"Wedbush_Trading gain (loss), net_20250402",,,,12100,ATGN,D23300,ARB03406_GBP,,,,17320.0,,,,,,C00310,,,,
357,,GJ,4/2/2025,,"Wedbush_Trading gain (loss), net_20250402",,,,12100,ATGN,D23300,ARB03406_USD,,,,18643.500000000004,,,,,,C00310,,,,
358,,GJ,4/2/2025,,"Wedbush_Trading gain (loss), net_20250402",,,,12100,ATGN,D23300,ARB03407_CAD,,,,,1108.0,,,,,C03107,,,,
359,,GJ,4/2/2025,,"Wedbush_Trading gain (loss), net_20250402",,,,12100,ATGN,D23300,ARB03407_USD,,,,,3680.0,,,,,C03107,,,,
360,,GJ,4/2/2025,,"Wedbush_Trading gain (loss), net_20250402",,,,12100,ATGN,D23300,ARB03408_EUR,,,,,0.0,,,,,C00311,,,,
361,,GJ,4/2/2025,,"Wedbush_Trading gain (loss), net_20250402",,,,12100,ATGN,D23300,ARB03408_GBP,,,,78220.0,,,,,,C00311,,,,
362,,GJ,4/2/2025,,"Wedbush_Trading gain (loss), net_20250402",,,,12100,ATGN,D23300,ARB03408_USD,,,,,21452.5,,,,,C00311,,,,
363,,GJ,4/2/2025,,"Wedbush_Trading gain (loss), net_20250402",,,,12100,ATGN,D23300,ARB03409_EUR,,,,,0.0,,,,,C00311,,,,
364,,GJ,4/2/2025,,"Wedbush_Trading gain (loss), net_20250402",,,,12100,ATGN,D23300,ARB03409_GBP,,,,9680.0,,,,,,C00311,,,,
365,,GJ,4/2/2025,,"Wedbush_Trading gain (loss), net_20250402",,,,12100,ATGN,D23300,ARB03409_USD,,,,,22423.000000000015,,,,,C00311,,,,
366,,GJ,4/2/2025,,"Wedbush_Trading gain (loss), net_20250402",,,,12100,ATGN,D23300,ARB03411_EUR,,,,,0.0,,,,,C00311,,,,
367,,GJ,4/2/2025,,"Wedbush_Trading gain (loss), net_20250402",,,,12100,ATGN,D23300,ARB03411_GBP,,,,,3150.0,,,,,C00311,,,,
368,,GJ,4/2/2025,,"Wedbush_Trading gain (loss), net_20250402",,,,12100,ATGN,D23300,ARB03411_USD,,,,,6992.400000000001,,,,,C00311,,,,
369,,GJ,4/2/2025,,"Wedbush_Trading gain (loss), net_20250402",,,,12100,ATGN,D23300,ARB03412_USD,,,,,1448.0,,,,,C00310,,,,
370,,GJ,4/2/2025,,"Wedbush_Trading gain (loss), net_20250402",,,,12100,ATGN,D23300,ARB03413_EUR,,,,375.0,,,,,,C03113,,,,
371,,GJ,4/2/2025,,"Wedbush_Trading gain (loss), net_20250402",,,,12100,ATGN,D23300,ARB03413_GBP,,,,,1250.0,,,,,C03113,,,,
372,,GJ,4/2/2025,,"Wedbush_Trading gain (loss), net_20250402",,,,12100,ATGN,D23300,ARB03413_USD,,,,3015.2,,,,,,C03113,,,,
373,,GJ,4/2/2025,,"Wedbush_Trading gain (loss), net_20250402",,,,12100,ATGN,D23300,ARB03433_USD,,,,2129.1000000000013,,,,,,C03133,,,,
374,,GJ,4/2/2025,,"Wedbush_Trading gain (loss), net_20250402",,,,12100,ATGN,D23300,ARB03434_USD,,,,50.0,,,,,,C03134,,,,
375,,GJ,4/2/2025,,"Wedbush_Trading gain (loss), net_20250402",,,,12100,ATGN,D23300,ARB03438_USD,,,,134.39999999999998,,,,,,C03138,,,,
376,,GJ,4/2/2025,,"Wedbush_Trading gain (loss), net_20250402",,,,12100,ATGN,D23300,ARB03439_EUR,,,,,0.0,,,,,C00311,,,,
377,,GJ,4/2/2025,,"Wedbush_Trading gain (loss), net_20250402",,,,12100,ATGN,D23300,ARB03439_GBP,,,,4460.0,,,,,,C00311,,,,
378,,GJ,4/2/2025,,"Wedbush_Trading gain (loss), net_20250402",,,,12100,ATGN,D23300,ARB03439_USD,,,,7368.75,,,,,,C00311,,,,
379,,GJ,4/2/2025,,"Wedbush_Trading gain (loss), net_20250402",,,,12100,ATGN,D23090,ARB03450_EUR,,,,775.0,,,,,,C03150,,,,
380,,GJ,4/2/2025,,"Wedbush_Trading gain (loss), net_20250402",,,,12100,ATGN,D23090,ARB03450_GBP,,,,,25.0,,,,,C03150,,,,
381,,GJ,4/2/2025,,"Wedbush_Trading gain (loss), net_20250402",,,,12100,,,ARB03452_EUR,,,,,187.5,,,,,,,,,
382,,GJ,4/2/2025,,"Wedbush_Trading gain (loss), net_20250402",,,,12100,,,ARB03452_GBP,,,,12.5,,,,,,,,,,
383,,GJ,4/2/2025,,"Wedbush_Trading gain (loss), net_20250402",,,,12100,,,ARB03452_USD,,,,1.0,,,,,,,,,,
384,,GJ,4/2/2025,,"Wedbush_Trading gain (loss), net_20250402",,,,12100,ATGN,D23090,ARB03454_CHF,,,,37.5,,,,,,C03154,,,,
385,,GJ,4/2/2025,,"Wedbush_Trading gain (loss), net_20250402",,,,12100,ATGN,D23090,ARB03454_EUR,,,,,187.5,,,,,C03154,,,,
386,,GJ,4/2/2025,,"Wedbush_Trading gain (loss), net_20250402",,,,12100,ATGN,D23090,ARB03454_GBP,,,,,100.0,,,,,C03154,,,,
387,,GJ,4/2/2025,,"Wedbush_Trading gain (loss), net_20250402",,,,12100,ATGN,D23090,ARB03454_USD,,,,121.0,,,,,,C03154,,,,
388,,GJ,4/2/2025,,"Wedbush_Trading gain (loss), net_20250402",,,,12100,ATGN,D23100,ARB03456_EUR,,,,,262.5,,,,,C03156,,,,
389,,GJ,4/2/2025,,"Wedbush_Trading gain (loss), net_20250402",,,,12100,ATGN,D23100,ARB03456_GBP,,,,250.0,,,,,,C03156,,,,
390,,GJ,4/2/2025,,"Wedbush_Trading gain (loss), net_20250402",,,,12100,ATGN,D23100,ARB03456_USD,,,,94.0,,,,,,C03156,,,,
391,,GJ,4/2/2025,,"Wedbush_Trading gain (loss), net_20250402",,,,12100,ATGN,D23100,ARB03457_CHF,,,,62.5,,,,,,C03157,,,,
392,,GJ,4/2/2025,,"Wedbush_Trading gain (loss), net_20250402",,,,12100,ATGN,D23100,ARB03457_EUR,,,,,137.5,,,,,C03157,,,,
393,,GJ,4/2/2025,,"Wedbush_Trading gain (loss), net_20250402",,,,12100,ATGN,D23100,ARB03457_GBP,,,,12.5,,,,,,C03157,,,,
394,,GJ,4/2/2025,,"Wedbush_Trading gain (loss), net_20250402",,,,12100,ATGN,D23100,ARB03457_USD,,,,383.0,,,,,,C03157,,,,
395,,GJ,4/2/2025,,"Wedbush_Trading gain (loss), net_20250402",,,,12100,ATGN,D23100,ARB03459_CHF,,,,187.5,,,,,,C03159,,,,
396,,GJ,4/2/2025,,"Wedbush_Trading gain (loss), net_20250402",,,,12100,ATGN,D23100,ARB03459_EUR,,,,50.0,,,,,,C03159,,,,
397,,GJ,4/2/2025,,"Wedbush_Trading gain (loss), net_20250402",,,,12100,ATGN,D23100,ARB03459_GBP,,,,137.5,,,,,,C03159,,,,
398,,GJ,4/2/2025,,"Wedbush_Trading gain (loss), net_20250402",,,,12100,ATGN,D23100,ARB03459_USD,,,,80.0,,,,,,C03159,,,,
399,,GJ,4/2/2025,,"Wedbush_Trading gain (loss), net_20250402",,,,12100,ATGN,D23300,ARB03460_EUR,,,,,0.0,,,,,C03160,,,,
400,,GJ,4/2/2025,,"Wedbush_Trading gain (loss), net_20250402",,,,12100,ATGN,D23300,ARB03460_GBP,,,,920.0,,,,,,C03160,,,,
401,,GJ,4/2/2025,,"Wedbush_Trading gain (loss), net_20250402",,,,12100,ATGN,D23300,ARB03460_USD,,,,1440.5999999999995,,,,,,C03160,,,,
402,,GJ,4/2/2025,,"Wedbush_Trading gain (loss), net_20250402",,,,12100,,,ARB03461_EUR,,,,,0.0,,,,,,,,,
403,,GJ,4/2/2025,,"Wedbush_Trading gain (loss), net_20250402",,,,12100,,,ARB03461_GBP,,,,270.0,,,,,,,,,,
404,,GJ,4/2/2025,,"Wedbush_Trading gain (loss), net_20250402",,,,12100,,,ARB03462_EUR,,,,,0.0,,,,,,,,,
405,,GJ,4/2/2025,,"Wedbush_Trading gain (loss), net_20250402",,,,12100,,,ARB03462_GBP,,,,470.0,,,,,,,,,,
406,,GJ,4/2/2025,,"Wedbush_Trading gain (loss), net_20250402",,,,12100,,,ARB03462_USD,,,,,396.59999999999945,,,,,,,,,
407,,GJ,4/2/2025,,"Wedbush_Trading gain (loss), net_20250402",,,,12100,ATGN,D23300,ARB03463_EUR,,,,,0.0,,,,,C03163,,,,
408,,GJ,4/2/2025,,"Wedbush_Trading gain (loss), net_20250402",,,,12100,ATGN,D23300,ARB03463_GBP,,,,1000.0,,,,,,C03163,,,,
409,,GJ,4/2/2025,,"Wedbush_Trading gain (loss), net_20250402",,,,12100,ATGN,D23300,ARB03463_USD,,,,74.60000000000036,,,,,,C03163,,,,
410,,GJ,4/2/2025,,"Wedbush_Trading gain (loss), net_20250402",,,,12100,ATGN,D23080,ARB03472_USD,,,,,750.3999999999996,,,,,C03172,,,,
411,,GJ,4/2/2025,,"Wedbush_Trading gain (loss), net_20250402",,,,12100,ATGN,D23100,ARB03474_EUR,,,,,225.0,,,,,C03174,,,,
412,,GJ,4/2/2025,,"Wedbush_Trading gain (loss), net_20250402",,,,12100,ATGN,D23100,ARB03474_GBP,,,,,0.0,,,,,C03174,,,,
413,,GJ,4/2/2025,,"Wedbush_Trading gain (loss), net_20250402",,,,12100,ATGN,D23100,ARB03476_EUR,,,,,175.0,,,,,C03176,,,,
414,,GJ,4/2/2025,,"Wedbush_Trading gain (loss), net_20250402",,,,12100,ATGN,D23100,ARB03476_GBP,,,,,0.0,,,,,C03176,,,,
415,,GJ,4/2/2025,,"Wedbush_Trading gain (loss), net_20250402",,,,12100,ATGN,D23090,ARB03479_USD,,,,,224.0,,,,,C03179,,,,
416,,GJ,4/2/2025,,"Wedbush_Trading gain (loss), net_20250402",,,,12100,ATGN,D23090,ARB03481_USD,,,,,100.80000000000001,,,,,C03181,,,,
417,,GJ,4/2/2025,,"Wedbush_Trading gain (loss), net_20250402",,,,12100,ATGN,D23100,ARB03484_EUR,,,,87.5,,,,,,C03184,,,,
418,,GJ,4/2/2025,,"Wedbush_Trading gain (loss), net_20250402",,,,12100,ATGN,D23100,ARB03484_GBP,,,,75.0,,,,,,C03184,,,,
419,,GJ,4/2/2025,,"Wedbush_Trading gain (loss), net_20250402",,,,12100,ATGN,D23100,ARB03484_USD,,,,131.0,,,,,,C03184,,,,
420,,GJ,4/2/2025,,"Wedbush_Trading gain (loss), net_20250402",,,,12100,ATGN,D23100,ARB03485_EUR,,,,237.5,,,,,,C03185,,,,
421,,GJ,4/2/2025,,"Wedbush_Trading gain (loss), net_20250402",,,,12100,ATGN,D23100,ARB03485_GBP,,,,,75.0,,,,,C03185,,,,
422,,GJ,4/2/2025,,"Wedbush_Trading gain (loss), net_20250402",,,,12100,ATGN,D23100,ARB03485_USD,,,,,47.19999999999999,,,,,C03185,,,,
423,,GJ,4/2/2025,,"Wedbush_Trading gain (loss), net_20250402",,,,12100,ATGN,D23100,ARB03487_EUR,,,,362.5,,,,,,C03187,,,,
424,,GJ,4/2/2025,,"Wedbush_Trading gain (loss), net_20250402",,,,12100,ATGN,D23100,ARB03487_GBP,,,,,162.5,,,,,C03187,,,,
425,,GJ,4/2/2025,,"Wedbush_Trading gain (loss), net_20250402",,,,12100,ATGN,D23100,ARB03487_USD,,,,,86.29999999999995,,,,,C03187,,,,
426,,GJ,4/2/2025,,"Wedbush_Trading gain (loss), net_20250402",,,,12100,ATGN,D23300,ARB03489_EUR,,,,,0.0,,,,,C03160,,,,
427,,GJ,4/2/2025,,"Wedbush_Trading gain (loss), net_20250402",,,,12100,ATGN,D23300,ARB03489_GBP,,,,,70.0,,,,,C03160,,,,
428,,GJ,4/2/2025,,"Wedbush_Trading gain (loss), net_20250402",,,,12100,ATGN,D23300,ARB03489_USD,,,,,2722.8000000000006,,,,,C03160,,,,
429,,GJ,4/2/2025,,"Wedbush_Trading gain (loss), net_20250402",,,,12100,,,ARB03490_EUR,,,,,0.0,,,,,,,,,
430,,GJ,4/2/2025,,"Wedbush_Trading gain (loss), net_20250402",,,,12100,,,ARB03490_GBP,,,,200.0,,,,,,,,,,
431,,GJ,4/2/2025,,"Wedbush_Trading gain (loss), net_20250402",,,,12100,,,ARB03490_USD,,,,65.0,,,,,,,,,,
432,,GJ,4/2/2025,,"Wedbush_Trading gain (loss), net_20250402",,,,12100,,,ARB03491_USD,,,,,1825.6,,,,,,,,,
433,,GJ,4/2/2025,,"Wedbush_Trading gain (loss), net_20250402",,,,12100,ATGN,D23300,ARB03492_USD,,,,,3505.5999999999985,,,,,C03163,,,,
434,,GJ,4/2/2025,,"Wedbush_Trading gain (loss), net_20250402",,,,12100,303P,D21300,ARB04009_USD,,,,1981.25,,,,,,C04009,,,,
435,,GJ,4/2/2025,,"Wedbush_Trading gain (loss), net_20250402",,,,12100,303P,D21300,ARB04010_USD,,,,150.0,,,,,,C04009,,,,
436,,GJ,4/2/2025,,"Wedbush_Trading gain (loss), net_20250402",,,,12100,303P,D21300,ARB04011_USD,,,,8463.0,,,,,,C04009,,,,
437,,GJ,4/2/2025,,"Wedbush_Trading gain (loss), net_20250402",,,,12100,303P,D21300,ARB04012_USD,,,,,443.75,,,,,C04009,,,,
438,,GJ,4/2/2025,,"Wedbush_Trading gain (loss), net_20250402",,,,12100,303P,D21300,ARB04013_USD,,,,,1075.0,,,,,C04009,,,,
439,,GJ,4/2/2025,,"Wedbush_Trading gain (loss), net_20250402",,,,12100,303P,D21300,ARB04014_USD,,,,,56.25,,,,,C04009,,,,
440,,GJ,4/2/2025,,"Wedbush_Trading gain (loss), net_20250402",,,,12100,303P,D21300,ARB04015_USD,,,,240.0,,,,,,C04009,,,,
441,,GJ,4/2/2025,,"Wedbush_Trading gain (loss), net_20250402",,,,12100,303P,D21300,ARB04020_USD,,,,,1800.0,,,,,C04020,,,,
442,,GJ,4/2/2025,,"Wedbush_Trading gain (loss), net_20250402",,,,12100,303P,D21030,ARB04021_USD,,,,,31.25,,,,,C03084,,,,
443,,GJ,4/2/2025,,"Wedbush_Trading gain (loss), net_20250402",,,,12100,303P,D21030,ARB04022_USD,,,,,679.1199999999999,,,,,C04022,,,,
444,,GJ,4/2/2025,,"Wedbush_Trading gain (loss), net_20250402",,,,12100,303P,D21300,ARB04024_USD,,,,501.25,,,,,,C04024,,,,
445,,GJ,4/2/2025,,"Wedbush_Trading gain (loss), net_20250402",,,,12100,303P,D21300,ARB04057_USD,,,,,25.0,,,,,C01057,,,,
446,,GJ,4/2/2025,,"Wedbush_Trading gain (loss), net_20250402",,,,12100,303P,D21300,ARB05057_EUR,,,,6862.5,,,,,,C01057,,,,
447,,GJ,4/2/2025,,"Wedbush_Trading gain (loss), net_20250402",,,,12100,303P,D21300,ARB05057_USD,,,,,0.0,,,,,C01057,,,,
448,,GJ,4/2/2025,,"Wedbush_Trading gain (loss), net_20250402",,,,12100,ATGN,D21300,ARB05357_EUR,,,,,133287.5,,,,,C01057,,,,
449,,GJ,4/2/2025,,"Wedbush_Trading gain (loss), net_20250402",,,,12100,ATGN,D21300,ARB05357_GBP,,,,,0.0,,,,,C01057,,,,
450,,GJ,4/2/2025,,"Wedbush_Trading gain (loss), net_20250402",,,,12100,303P,D21300,ARB06057_USD,,,,,8562.449999999997,,,,,C01057,,,,
451,,GJ,4/2/2025,,"Wedbush_Trading gain (loss), net_20250402",,,,12100,ATGN,D21300,ARB06357_USD,,,,46000.0,,,,,,C01057,,,,
452,,GJ,4/2/2025,,"Wedbush_Trading gain (loss), net_20250402",,,,40050,303P,D24300,ARB00020_USD,,,,,2491.8999999999996,,,,,C00020,,,,
453,,GJ,4/2/2025,,"Wedbush_Trading gain (loss), net_20250402",,,,40050,303P,D24300,ARB00022_USD,,,,645.0,,,,,,C00022,,,,
454,,GJ,4/2/2025,,"Wedbush_Trading gain (loss), net_20250402",,,,40050,303P,D24300,ARB00023_USD,,,,937.5,,,,,,C00023,,,,
455,,GJ,4/2/2025,,"Wedbush_Trading gain (loss), net_20250402",,,,40050,303P,D21300,ARB00033_USD,,,,216.92999999999938,,,,,,C00033,,,,
456,,GJ,4/2/2025,,"Wedbush_Trading gain (loss), net_20250402",,,,40050,303P,D21300,ARB00054_USD,,,,,8207.5,,,,,C00054,,,,
457,,GJ,4/2/2025,,"Wedbush_Trading gain (loss), net_20250402",,,,40050,303P,D21300,ARB00055_USD,,,,7967.5,,,,,,C00054,,,,
458,,GJ,4/2/2025,,"Wedbush_Trading gain (loss), net_20250402",,,,40050,303P,D21300,ARB00068_USD,,,,8042.5,,,,,,C03068,,,,
459,,GJ,4/2/2025,,"Wedbush_Trading gain (loss), net_20250402",,,,40050,303P,D21300,ARB00090_USD,,,,5702.5,,,,,,C00090,,,,
460,,GJ,4/2/2025,,"Wedbush_Trading gain (loss), net_20250402",,,,40050,303P,D23300,ARB00110_USD,,,,3255.0,,,,,,C00110,,,,
461,,GJ,4/2/2025,,"Wedbush_Trading gain (loss), net_20250402",,,,40050,303P,D23300,ARB00112_USD,,,,7475.0,,,,,,C00112,,,,
462,,GJ,4/2/2025,,"Wedbush_Trading gain (loss), net_20250402",,,,40050,303P,D23300,ARB00113_USD,,,,2207.5,,,,,,C00112,,,,
463,,GJ,4/2/2025,,"Wedbush_Trading gain (loss), net_20250402",,,,40050,303P,D23300,ARB00122_USD,,,,,5.5,,,,,C00122,,,,
464,,GJ,4/2/2025,,"Wedbush_Trading gain (loss), net_20250402",,,,40050,303P,D23080,ARB00123_USD,,,,3085.5,,,,,,C01231,,,,
465,,GJ,4/2/2025,,"Wedbush_Trading gain (loss), net_20250402",,,,40050,303P,D23020,ARB00124_USD,,,,3618.0,,,,,,C00124,,,,
466,,GJ,4/2/2025,,"Wedbush_Trading gain (loss), net_20250402",,,,40050,303P,D23020,ARB00126_USD,,,,4852.0,,,,,,C00426,,,,
467,,GJ,4/2/2025,,"Wedbush_Trading gain (loss), net_20250402",,,,40050,303P,D23300,ARB00132_USD,,,,1493.28,,,,,,C00132,,,,
468,,GJ,4/2/2025,,"Wedbush_Trading gain (loss), net_20250402",,,,40050,303P,D23300,ARB00135_USD,,,,,1480.0,,,,,C00135,,,,
469,,GJ,4/2/2025,,"Wedbush_Trading gain (loss), net_20250402",,,,40050,303P,D23080,ARB00141_USD,,,,,2820.5,,,,,C02116,,,,
470,,GJ,4/2/2025,,"Wedbush_Trading gain (loss), net_20250402",,,,40050,303P,D23020,ARB00143_USD,,,,3621.0,,,,,,C00125,,,,
471,,GJ,4/2/2025,,"Wedbush_Trading gain (loss), net_20250402",,,,40050,303P,D23020,ARB00146_USD,,,,2291.5,,,,,,C00146,,,,
472,,GJ,4/2/2025,,"Wedbush_Trading gain (loss), net_20250402",,,,40050,303P,D23300,ARB00149_USD,,,,,3783.5,,,,,C00149,,,,
473,,GJ,4/2/2025,,"Wedbush_Trading gain (loss), net_20250402",,,,40050,303P,D23300,ARB00156_USD,,,,,9282.800000000047,,,,,C00156,,,,
474,,GJ,4/2/2025,,"Wedbush_Trading gain (loss), net_20250402",,,,40050,303P,D23300,ARB00159_USD,,,,662.5,,,,,,C00159,,,,
475,,GJ,4/2/2025,,"Wedbush_Trading gain (loss), net_20250402",,,,40050,303P,D23010,ARB00160_USD,,,,3406.5,,,,,,C00160,,,,
476,,GJ,4/2/2025,,"Wedbush_Trading gain (loss), net_20250402",,,,40050,303P,D23010,ARB00169_USD,,,,,2059.1499999999996,,,,,C00469,,,,
477,,GJ,4/2/2025,,"Wedbush_Trading gain (loss), net_20250402",,,,40050,303P,D23060,ARB00186_USD,,,,,1650.0,,,,,C00186,,,,
478,,GJ,4/2/2025,,"Wedbush_Trading gain (loss), net_20250402",,,,40050,303P,D23060,ARB00188_USD,,,,,930.0,,,,,C00186,,,,
479,,GJ,4/2/2025,,"Wedbush_Trading gain (loss), net_20250402",,,,40050,303P,D23300,ARB00193_USD,,,,4737.0,,,,,,C00193,,,,
480,,GJ,4/2/2025,,"Wedbush_Trading gain (loss), net_20250402",,,,40050,303P,D23300,ARB00194_USD,,,,11663.0,,,,,,C00194,,,,
481,,GJ,4/2/2025,,"Wedbush_Trading gain (loss), net_20250402",,,,40050,303P,D22000,ARB00201_USD,,,,,709.3800000000001,,,,,C00201,,,,
482,,GJ,4/2/2025,,"Wedbush_Trading gain (loss), net_20250402",,,,40050,303P,D22000,ARB00214_USD,,,,,160.0,,,,,C00214,,,,
483,,GJ,4/2/2025,,"Wedbush_Trading gain (loss), net_20250402",,,,40050,303P,D22000,ARB00220_USD,,,,,444.9,,,,,C00220,,,,
484,,GJ,4/2/2025,,"Wedbush_Trading gain (loss), net_20250402",,,,40050,303P,D22000,ARB00257_USD,,,,,392.5,,,,,C00257,,,,
485,,GJ,4/2/2025,,"Wedbush_Trading gain (loss), net_20250402",,,,40050,303P,D22000,ARB00267_USD,,,,,1576.55,,,,,C00267,,,,
486,,GJ,4/2/2025,,"Wedbush_Trading gain (loss), net_20250402",,,,40050,ATGN,D24300,ARB00320_EUR,,,,,3737.5,,,,,C00020,,,,
487,,GJ,4/2/2025,,"Wedbush_Trading gain (loss), net_20250402",,,,40050,ATGN,D24300,ARB00320_GBP,,,,,550.0,,,,,C00020,,,,
488,,GJ,4/2/2025,,"Wedbush_Trading gain (loss), net_20250402",,,,40050,ATGN,D21300,ARB00333_EUR,,,,225.0,,,,,,C00033,,,,
489,,GJ,4/2/2025,,"Wedbush_Trading gain (loss), net_20250402",,,,40050,ATGN,D21300,ARB00333_GBP,,,,0.0,,,,,,C00033,,,,
490,,GJ,4/2/2025,,"Wedbush_Trading gain (loss), net_20250402",,,,40050,ATGN,D21300,ARB00354_USD,,,,,5157.8,,,,,C00054,,,,
491,,GJ,4/2/2025,,"Wedbush_Trading gain (loss), net_20250402",,,,40050,ATGN,D21300,ARB00355_EUR,,,,175.0,,,,,,C00054,,,,
492,,GJ,4/2/2025,,"Wedbush_Trading gain (loss), net_20250402",,,,40050,ATGN,D21300,ARB00355_GBP,,,,62.5,,,,,,C00054,,,,
493,,GJ,4/2/2025,,"Wedbush_Trading gain (loss), net_20250402",,,,40050,ATGN,D21300,ARB00390_CAD,,,,,1160.0,,,,,C00090,,,,
494,,GJ,4/2/2025,,"Wedbush_Trading gain (loss), net_20250402",,,,40050,ATGN,D21300,ARB00390_USD,,,,0.0,,,,,,C00090,,,,
495,,GJ,4/2/2025,,"Wedbush_Trading gain (loss), net_20250402",,,,40050,ATGN,D23300,ARB00412_CHF,,,,,1975.0,,,,,C00112,,,,
496,,GJ,4/2/2025,,"Wedbush_Trading gain (loss), net_20250402",,,,40050,ATGN,D23300,ARB00412_EUR,,,,,500.0,,,,,C00112,,,,
497,,GJ,4/2/2025,,"Wedbush_Trading gain (loss), net_20250402",,,,40050,ATGN,D23300,ARB00412_GBP,,,,,375.0,,,,,C00112,,,,
498,,GJ,4/2/2025,,"Wedbush_Trading gain (loss), net_20250402",,,,40050,ATGN,D23300,ARB00412_USD,,,,,300.0,,,,,C00112,,,,
499,,GJ,4/2/2025,,"Wedbush_Trading gain (loss), net_20250402",,,,40050,ATGN,D23300,ARB00422_EUR,,,,0.0,,,,,,C00122,,,,
500,,GJ,4/2/2025,,"Wedbush_Trading gain (loss), net_20250402",,,,40050,ATGN,D23300,ARB00422_GBP,,,,,190.0,,,,,C00122,,,,
501,,GJ,4/2/2025,,"Wedbush_Trading gain (loss), net_20250402",,,,40050,ATGN,D23300,ARB00422_USD,,,,1245.6,,,,,,C00122,,,,
502,,GJ,4/2/2025,,"Wedbush_Trading gain (loss), net_20250402",,,,40050,ATGN,D23080,ARB00423_EUR,,,,0.0,,,,,,C01231,,,,
503,,GJ,4/2/2025,,"Wedbush_Trading gain (loss), net_20250402",,,,40050,ATGN,D23080,ARB00423_GBP,,,,,8960.0,,,,,C01231,,,,
504,,GJ,4/2/2025,,"Wedbush_Trading gain (loss), net_20250402",,,,40050,ATGN,D23080,ARB00423_USD,,,,41982.0,,,,,,C01231,,,,
505,,GJ,4/2/2025,,"Wedbush_Trading gain (loss), net_20250402",,,,40050,ATGN,D23020,ARB00424_EUR,,,,0.0,,,,,,C00124,,,,
506,,GJ,4/2/2025,,"Wedbush_Trading gain (loss), net_20250402",,,,40050,ATGN,D23020,ARB00424_GBP,,,,,58410.0,,,,,C00124,,,,
507,,GJ,4/2/2025,,"Wedbush_Trading gain (loss), net_20250402",,,,40050,ATGN,D23020,ARB00424_USD,,,,49962.75000000001,,,,,,C00124,,,,
508,,GJ,4/2/2025,,"Wedbush_Trading gain (loss), net_20250402",,,,40050,ATGN,D23020,ARB00425_EUR,,,,0.0,,,,,,C00125,,,,
509,,GJ,4/2/2025,,"Wedbush_Trading gain (loss), net_20250402",,,,40050,ATGN,D23020,ARB00425_GBP,,,,,23840.0,,,,,C00125,,,,
510,,GJ,4/2/2025,,"Wedbush_Trading gain (loss), net_20250402",,,,40050,ATGN,D23020,ARB00425_USD,,,,25309.0,,,,,,C00125,,,,
511,,GJ,4/2/2025,,"Wedbush_Trading gain (loss), net_20250402",,,,40050,ATGN,D23020,ARB00426_CAD,,,,,2668.0,,,,,C00426,,,,
512,,GJ,4/2/2025,,"Wedbush_Trading gain (loss), net_20250402",,,,40050,ATGN,D23020,ARB00426_EUR,,,,0.0,,,,,,C00426,,,,
513,,GJ,4/2/2025,,"Wedbush_Trading gain (loss), net_20250402",,,,40050,ATGN,D23020,ARB00426_GBP,,,,,18220.0,,,,,C00426,,,,
514,,GJ,4/2/2025,,"Wedbush_Trading gain (loss), net_20250402",,,,40050,ATGN,D23020,ARB00426_USD,,,,21036.4,,,,,,C00426,,,,
515,,GJ,4/2/2025,,"Wedbush_Trading gain (loss), net_20250402",,,,40050,ATGN,D23300,ARB00432_EUR,,,,,500.0,,,,,C00132,,,,
516,,GJ,4/2/2025,,"Wedbush_Trading gain (loss), net_20250402",,,,40050,ATGN,D23300,ARB00432_GBP,,,,,300.0,,,,,C00132,,,,
517,,GJ,4/2/2025,,"Wedbush_Trading gain (loss), net_20250402",,,,40050,ATGN,D23300,ARB00435_EUR,,,,0.0,,,,,,C00135,,,,
518,,GJ,4/2/2025,,"Wedbush_Trading gain (loss), net_20250402",,,,40050,ATGN,D23300,ARB00435_GBP,,,,0.0,,,,,,C00135,,,,
519,,GJ,4/2/2025,,"Wedbush_Trading gain (loss), net_20250402",,,,40050,ATGN,D23300,ARB00435_USD,,,,,306.3999999999942,,,,,C00135,,,,
520,,GJ,4/2/2025,,"Wedbush_Trading gain (loss), net_20250402",,,,40050,ATGN,D23080,ARB00441_EUR,,,,0.0,,,,,,C01231,,,,
521,,GJ,4/2/2025,,"Wedbush_Trading gain (loss), net_20250402",,,,40050,ATGN,D23080,ARB00441_GBP,,,,,2910.0,,,,,C01231,,,,
522,,GJ,4/2/2025,,"Wedbush_Trading gain (loss), net_20250402",,,,40050,ATGN,D23080,ARB00441_USD,,,,3710.9999999999995,,,,,,C01231,,,,
523,,GJ,4/2/2025,,"Wedbush_Trading gain (loss), net_20250402",,,,40050,ATGN,D23020,ARB00442_USD,,,,,3237.5500000000015,,,,,C00124,,,,
524,,GJ,4/2/2025,,"Wedbush_Trading gain (loss), net_20250402",,,,40050,ATGN,D23020,ARB00446_EUR,,,,0.0,,,,,,C00146,,,,
525,,GJ,4/2/2025,,"Wedbush_Trading gain (loss), net_20250402",,,,40050,ATGN,D23020,ARB00446_GBP,,,,,310.0,,,,,C00146,,,,
526,,GJ,4/2/2025,,"Wedbush_Trading gain (loss), net_20250402",,,,40050,ATGN,D23020,ARB00446_USD,,,,3205.9999999999964,,,,,,C00146,,,,
527,,GJ,4/2/2025,,"Wedbush_Trading gain (loss), net_20250402",,,,40050,ATGN,D23300,ARB00449_EUR,,,,0.0,,,,,,C00149,,,,
528,,GJ,4/2/2025,,"Wedbush_Trading gain (loss), net_20250402",,,,40050,ATGN,D23300,ARB00449_GBP,,,,0.0,,,,,,C00149,,,,
529,,GJ,4/2/2025,,"Wedbush_Trading gain (loss), net_20250402",,,,40050,ATGN,D23300,ARB00449_USD,,,,,1868.0000000000018,,,,,C00149,,,,
530,,GJ,4/2/2025,,"Wedbush_Trading gain (loss), net_20250402",,,,40050,ATGN,D23300,ARB00456_CHF,,,,,250.0,,,,,C00156,,,,
531,,GJ,4/2/2025,,"Wedbush_Trading gain (loss), net_20250402",,,,40050,ATGN,D23300,ARB00456_EUR,,,,137.5,,,,,,C00156,,,,
532,,GJ,4/2/2025,,"Wedbush_Trading gain (loss), net_20250402",,,,40050,ATGN,D23300,ARB00456_USD,,,,,5903.4000000000015,,,,,C00156,,,,
533,,GJ,4/2/2025,,"Wedbush_Trading gain (loss), net_20250402",,,,40050,ATGN,D23010,ARB00460_CAD,,,,,1240.0,,,,,C00160,,,,
534,,GJ,4/2/2025,,"Wedbush_Trading gain (loss), net_20250402",,,,40050,ATGN,D23010,ARB00460_USD,,,,0.0,,,,,,C00160,,,,
535,,GJ,4/2/2025,,"Wedbush_Trading gain (loss), net_20250402",,,,40050,ATGN,D23010,ARB00469_EUR,,,,0.0,,,,,,C00469,,,,
536,,GJ,4/2/2025,,"Wedbush_Trading gain (loss), net_20250402",,,,40050,ATGN,D23010,ARB00469_GBP,,,,,2840.0,,,,,C00469,,,,
537,,GJ,4/2/2025,,"Wedbush_Trading gain (loss), net_20250402",,,,40050,ATGN,D23010,ARB00469_USD,,,,,4578.0,,,,,C00469,,,,
538,,GJ,4/2/2025,,"Wedbush_Trading gain (loss), net_20250402",,,,40050,ATGN,D23060,ARB00486_EUR,,,,0.0,,,,,,C00186,,,,
539,,GJ,4/2/2025,,"Wedbush_Trading gain (loss), net_20250402",,,,40050,ATGN,D23060,ARB00486_GBP,,,,0.0,,,,,,C00186,,,,
540,,GJ,4/2/2025,,"Wedbush_Trading gain (loss), net_20250402",,,,40050,ATGN,D23060,ARB00486_USD,,,,3696.25,,,,,,C00186,,,,
541,,GJ,4/2/2025,,"Wedbush_Trading gain (loss), net_20250402",,,,40050,ATGN,D23060,ARB00488_USD,,,,,112.5,,,,,C00186,,,,
542,,GJ,4/2/2025,,"Wedbush_Trading gain (loss), net_20250402",,,,40050,ATGN,D23300,ARB00493_CAD,,,,,710.0,,,,,C00193,,,,
543,,GJ,4/2/2025,,"Wedbush_Trading gain (loss), net_20250402",,,,40050,ATGN,D23300,ARB00493_EUR,,,,0.0,,,,,,C00193,,,,
544,,GJ,4/2/2025,,"Wedbush_Trading gain (loss), net_20250402",,,,40050,ATGN,D23300,ARB00493_GBP,,,,2830.0,,,,,,C00193,,,,
545,,GJ,4/2/2025,,"Wedbush_Trading gain (loss), net_20250402",,,,40050,ATGN,D23300,ARB00493_USD,,,,,2760.8,,,,,C00193,,,,
546,,GJ,4/2/2025,,"Wedbush_Trading gain (loss), net_20250402",,,,40050,ATGN,D23300,ARB00494_CAD,,,,,1992.0,,,,,C00194,,,,
547,,GJ,4/2/2025,,"Wedbush_Trading gain (loss), net_20250402",,,,40050,ATGN,D23300,ARB00494_EUR,,,,0.0,,,,,,C00194,,,,
548,,GJ,4/2/2025,,"Wedbush_Trading gain (loss), net_20250402",,,,40050,ATGN,D23300,ARB00494_GBP,,,,,8900.0,,,,,C00194,,,,
549,,GJ,4/2/2025,,"Wedbush_Trading gain (loss), net_20250402",,,,40050,ATGN,D23300,ARB00494_USD,,,,14286.0,,,,,,C00194,,,,
550,,GJ,4/2/2025,,"Wedbush_Trading gain (loss), net_20250402",,,,40050,ATGN,D22000,ARB00501_EUR,,,,900.0,,,,,,C00201,,,,
551,,GJ,4/2/2025,,"Wedbush_Trading gain (loss), net_20250402",,,,40050,ATGN,D22000,ARB00501_GBP,,,,,50.0,,,,,C00201,,,,
552,,GJ,4/2/2025,,"Wedbush_Trading gain (loss), net_20250402",,,,40050,ATGN,D22000,ARB00503_EUR,,,,0.0,,,,,,C00203,,,,
553,,GJ,4/2/2025,,"Wedbush_Trading gain (loss), net_20250402",,,,40050,ATGN,D22000,ARB00503_GBP,,,,0.0,,,,,,C00203,,,,
554,,GJ,4/2/2025,,"Wedbush_Trading gain (loss), net_20250402",,,,40050,ATGN,D22000,ARB00503_USD,,,,,1562.5,,,,,C00203,,,,
555,,GJ,4/2/2025,,"Wedbush_Trading gain (loss), net_20250402",,,,40050,ATGN,D22000,ARB00520_CAD,,,,166.0,,,,,,C00220,,,,
556,,GJ,4/2/2025,,"Wedbush_Trading gain (loss), net_20250402",,,,40050,ATGN,D22000,ARB00520_USD,,,,0.0,,,,,,C00220,,,,
557,,GJ,4/2/2025,,"Wedbush_Trading gain (loss), net_20250402",,,,40050,ATGN,D22000,ARB00567_EUR,,,,0.0,,,,,,C00267,,,,
558,,GJ,4/2/2025,,"Wedbush_Trading gain (loss), net_20250402",,,,40050,ATGN,D22000,ARB00567_GBP,,,,,360.0,,,,,C00267,,,,
559,,GJ,4/2/2025,,"Wedbush_Trading gain (loss), net_20250402",,,,40050,ATGN,D22000,ARB00567_USD,,,,,1688.75,,,,,C00267,,,,
560,,GJ,4/2/2025,,"Wedbush_Trading gain (loss), net_20250402",,,,40050,303S,D21300,ARB00754_USD,,,,11219.15000000059,,,,,,C00754,,,,
561,,GJ,4/2/2025,,"Wedbush_Trading gain (loss), net_20250402",,,,40050,303S,D21030,ARB00765_USD,,,,0.0,,,,,,C00765,,,,
562,,GJ,4/2/2025,,"Wedbush_Trading gain (loss), net_20250402",,,,40050,303P,D21030,ARB01002_USD,,,,,15437.5,,,,,C01064,,,,
563,,GJ,4/2/2025,,"Wedbush_Trading gain (loss), net_20250402",,,,40050,303P,D21300,ARB01057_MXN,,,,37244.0,,,,,,C01057,,,,
564,,GJ,4/2/2025,,"Wedbush_Trading gain (loss), net_20250402",,,,40050,303P,D21300,ARB01057_USD,,,,,276759.50999999954,,,,,C01057,,,,
565,,GJ,4/2/2025,,"Wedbush_Trading gain (loss), net_20250402",,,,40050,303P,D21030,ARB01063_USD,,,,2036.6900000000014,,,,,,C01063,,,,
566,,GJ,4/2/2025,,"Wedbush_Trading gain (loss), net_20250402",,,,40050,303P,D21030,ARB01064_USD,,,,,50135.419999964244,,,,,C01064,,,,
567,,GJ,4/2/2025,,"Wedbush_Trading gain (loss), net_20250402",,,,40050,303P,D21030,ARB01065_USD,,,,,187.2,,,,,C01065,,,,
568,,GJ,4/2/2025,,"Wedbush_Trading gain (loss), net_20250402",,,,40050,303P,D21030,ARB01066_USD,,,,,215.0,,,,,C01066,,,,
569,,GJ,4/2/2025,,"Wedbush_Trading gain (loss), net_20250402",,,,40050,303P,D21030,ARB01071_USD,,,,,2442.5,,,,,C01071,,,,
570,,GJ,4/2/2025,,"Wedbush_Trading gain (loss), net_20250402",,,,40050,303P,D21030,ARB01076_USD,,,,,1114.0600000071527,,,,,C01076,,,,
571,,GJ,4/2/2025,,"Wedbush_Trading gain (loss), net_20250402",,,,40050,303P,D21030,ARB01078_USD,,,,,3460.8399999999965,,,,,C01078,,,,
572,,GJ,4/2/2025,,"Wedbush_Trading gain (loss), net_20250402",,,,40050,303P,D21030,ARB01092_USD,,,,9640.0,,,,,,C01092,,,,
573,,GJ,4/2/2025,,"Wedbush_Trading gain (loss), net_20250402",,,,40050,303P,D21030,ARB01093_USD,,,,2425.869999999999,,,,,,C01093,,,,
574,,GJ,4/2/2025,,"Wedbush_Trading gain (loss), net_20250402",,,,40050,303P,D21030,ARB01095_USD,,,,6163.620000000003,,,,,,C01095,,,,
575,,GJ,4/2/2025,,"Wedbush_Trading gain (loss), net_20250402",,,,40050,303P,D21030,ARB01098_USD,,,,,214.13000000000926,,,,,C01098,,,,
576,,GJ,4/2/2025,,"Wedbush_Trading gain (loss), net_20250402",,,,40050,303P,D23300,ARB01145_USD,,,,19301.979999999996,,,,,,C01145,,,,
577,,GJ,4/2/2025,,"Wedbush_Trading gain (loss), net_20250402",,,,40050,303P,D23010,ARB01157_USD,,,,599.0,,,,,,C01157,,,,
578,,GJ,4/2/2025,,"Wedbush_Trading gain (loss), net_20250402",,,,40050,303P,D23010,ARB01158_USD,,,,6681.6,,,,,,C01158,,,,
579,,GJ,4/2/2025,,"Wedbush_Trading gain (loss), net_20250402",,,,40050,303P,D23010,ARB01166_USD,,,,,426.0,,,,,C01166,,,,
580,,GJ,4/2/2025,,"Wedbush_Trading gain (loss), net_20250402",,,,40050,303P,D23010,ARB01172_USD,,,,533.75,,,,,,C01172,,,,
581,,GJ,4/2/2025,,"Wedbush_Trading gain (loss), net_20250402",,,,40050,303P,D23010,ARB01176_USD,,,,5047.5,,,,,,C01176,,,,
582,,GJ,4/2/2025,,"Wedbush_Trading gain (loss), net_20250402",,,,40050,303P,D23010,ARB01177_USD,,,,400.0,,,,,,C00469,,,,
583,,GJ,4/2/2025,,"Wedbush_Trading gain (loss), net_20250402",,,,40050,303P,D23010,ARB01179_USD,,,,53.5,,,,,,C01479,,,,
584,,GJ,4/2/2025,,"Wedbush_Trading gain (loss), net_20250402",,,,40050,303P,D23300,ARB01195_USD,,,,3110.0,,,,,,C00193,,,,
585,,GJ,4/2/2025,,"Wedbush_Trading gain (loss), net_20250402",,,,40050,ATGN,D21300,ARB01357_CHF,,,,,2175.0,,,,,C01057,,,,
586,,GJ,4/2/2025,,"Wedbush_Trading gain (loss), net_20250402",,,,40050,ATGN,D21300,ARB01357_EUR,,,,0.0,,,,,,C01057,,,,
587,,GJ,4/2/2025,,"Wedbush_Trading gain (loss), net_20250402",,,,40050,ATGN,D21300,ARB01357_GBP,,,,4656.25,,,,,,C01057,,,,
588,,GJ,4/2/2025,,"Wedbush_Trading gain (loss), net_20250402",,,,40050,ATGN,D23020,ARB01400_USD,,,,1006.0,,,,,,C00146,,,,
589,,GJ,4/2/2025,,"Wedbush_Trading gain (loss), net_20250402",,,,40050,ATGN,D23020,ARB01417_EUR,,,,0.0,,,,,,C01117,,,,
590,,GJ,4/2/2025,,"Wedbush_Trading gain (loss), net_20250402",,,,40050,ATGN,D23020,ARB01417_GBP,,,,940.0,,,,,,C01117,,,,
591,,GJ,4/2/2025,,"Wedbush_Trading gain (loss), net_20250402",,,,40050,ATGN,D23020,ARB01417_USD,,,,,2506.2999999999993,,,,,C01117,,,,
592,,GJ,4/2/2025,,"Wedbush_Trading gain (loss), net_20250402",,,,40050,ATGN,D23300,ARB01445_CHF,,,,,375.0,,,,,C01145,,,,
593,,GJ,4/2/2025,,"Wedbush_Trading gain (loss), net_20250402",,,,40050,ATGN,D23300,ARB01445_EUR,,,,,2550.0,,,,,C01145,,,,
594,,GJ,4/2/2025,,"Wedbush_Trading gain (loss), net_20250402",,,,40050,ATGN,D23300,ARB01445_GBP,,,,,250.0,,,,,C01145,,,,
595,,GJ,4/2/2025,,"Wedbush_Trading gain (loss), net_20250402",,,,40050,ATGN,D23300,ARB01445_USD,,,,,3688.0,,,,,C01145,,,,
596,,GJ,4/2/2025,,"Wedbush_Trading gain (loss), net_20250402",,,,40050,ATGN,D23010,ARB01457_CAD,,,,1222.0,,,,,,C01157,,,,
597,,GJ,4/2/2025,,"Wedbush_Trading gain (loss), net_20250402",,,,40050,ATGN,D23010,ARB01457_USD,,,,935.0,,,,,,C01157,,,,
598,,GJ,4/2/2025,,"Wedbush_Trading gain (loss), net_20250402",,,,40050,ATGN,D23010,ARB01458_CAD,,,,,560.0,,,,,C01158,,,,
599,,GJ,4/2/2025,,"Wedbush_Trading gain (loss), net_20250402",,,,40050,ATGN,D23010,ARB01458_USD,,,,,20495.0,,,,,C01158,,,,
600,,GJ,4/2/2025,,"Wedbush_Trading gain (loss), net_20250402",,,,40050,ATGN,D23010,ARB01466_USD,,,,56.0,,,,,,C01166,,,,
601,,GJ,4/2/2025,,"Wedbush_Trading gain (loss), net_20250402",,,,40050,ATGN,D23010,ARB01476_EUR,,,,62.5,,,,,,C01176,,,,
602,,GJ,4/2/2025,,"Wedbush_Trading gain (loss), net_20250402",,,,40050,ATGN,D23010,ARB01476_GBP,,,,,250.0,,,,,C01176,,,,
603,,GJ,4/2/2025,,"Wedbush_Trading gain (loss), net_20250402",,,,40050,ATGN,D23010,ARB01476_USD,,,,,11311.39,,,,,C01176,,,,
604,,GJ,4/2/2025,,"Wedbush_Trading gain (loss), net_20250402",,,,40050,303P,D21300,ARB02012_USD,,,,,50337.0,,,,,C02012,,,,
605,,GJ,4/2/2025,,"Wedbush_Trading gain (loss), net_20250402",,,,40050,303P,D21300,ARB02040_USD,,,,,3037.5099999999998,,,,,C02040,,,,
606,,GJ,4/2/2025,,"Wedbush_Trading gain (loss), net_20250402",,,,40050,303P,D21300,ARB02043_USD,,,,,11446.650000000001,,,,,C02520,,,,
607,,GJ,4/2/2025,,"Wedbush_Trading gain (loss), net_20250402",,,,40050,303P,D21300,ARB02044_USD,,,,,36727.05,,,,,C02044,,,,
608,,GJ,4/2/2025,,"Wedbush_Trading gain (loss), net_20250402",,,,40050,303P,D21300,ARB02045_USD,,,,3562.5600000000004,,,,,,C02045,,,,
609,,GJ,4/2/2025,,"Wedbush_Trading gain (loss), net_20250402",,,,40050,303P,D21030,ARB02047_USD,,,,5848.5,,,,,,C01092,,,,
610,,GJ,4/2/2025,,"Wedbush_Trading gain (loss), net_20250402",,,,40050,303P,D21030,ARB02052_USD,,,,,1037.5,,,,,C01078,,,,
611,,GJ,4/2/2025,,"Wedbush_Trading gain (loss), net_20250402",,,,40050,303P,D21300,ARB02055_USD,,,,,30.829999999999927,,,,,C00054,,,,
612,,GJ,4/2/2025,,"Wedbush_Trading gain (loss), net_20250402",,,,40050,303P,D21300,ARB02076_USD,,,,32141.559999999998,,,,,,C02076,,,,
613,,GJ,4/2/2025,,"Wedbush_Trading gain (loss), net_20250402",,,,40050,303P,D21300,ARB02081_USD,,,,,7206.25,,,,,C00675,,,,
614,,GJ,4/2/2025,,"Wedbush_Trading gain (loss), net_20250402",,,,40050,303P,D21300,ARB02082_USD,,,,,895.0,,,,,C00675,,,,
615,,GJ,4/2/2025,,"Wedbush_Trading gain (loss), net_20250402",,,,40050,303P,D21300,ARB02083_USD,,,,,31938.0,,,,,C00675,,,,
616,,GJ,4/2/2025,,"Wedbush_Trading gain (loss), net_20250402",,,,40050,303P,D21300,ARB02084_USD,,,,162.5,,,,,,C00675,,,,
617,,GJ,4/2/2025,,"Wedbush_Trading gain (loss), net_20250402",,,,40050,303P,D21300,ARB02085_USD,,,,2075.0,,,,,,C00675,,,,
618,,GJ,4/2/2025,,"Wedbush_Trading gain (loss), net_20250402",,,,40050,303P,D21300,ARB02086_USD,,,,1131.25,,,,,,C00675,,,,
619,,GJ,4/2/2025,,"Wedbush_Trading gain (loss), net_20250402",,,,40050,303P,D21300,ARB02087_USD,,,,,1600.0,,,,,C00675,,,,
620,,GJ,4/2/2025,,"Wedbush_Trading gain (loss), net_20250402",,,,40050,303P,D23010,ARB02102_USD,,,,16905.5,,,,,,C02102,,,,
621,,GJ,4/2/2025,,"Wedbush_Trading gain (loss), net_20250402",,,,40050,303P,D23010,ARB02103_USD,,,,6940.0,,,,,,C00163,,,,
622,,GJ,4/2/2025,,"Wedbush_Trading gain (loss), net_20250402",,,,40050,303P,D23010,ARB02106_USD,,,,,24340.0,,,,,C00163,,,,
623,,GJ,4/2/2025,,"Wedbush_Trading gain (loss), net_20250402",,,,40050,303P,D23300,ARB02121_USD,,,,3067.5,,,,,,C02121,,,,
624,,GJ,4/2/2025,,"Wedbush_Trading gain (loss), net_20250402",,,,40050,303P,D23020,ARB02129_USD,,,,,1545.0,,,,,C02129,,,,
625,,GJ,4/2/2025,,"Wedbush_Trading gain (loss), net_20250402",,,,40050,303P,D23010,ARB02132_USD,,,,,2453.75,,,,,C02132,,,,
626,,GJ,4/2/2025,,"Wedbush_Trading gain (loss), net_20250402",,,,40050,303P,D23010,ARB02135_USD,,,,,871.5,,,,,C02135,,,,
627,,GJ,4/2/2025,,"Wedbush_Trading gain (loss), net_20250402",,,,40050,303P,D23010,ARB02145_USD,,,,270.0,,,,,,C02145,,,,
628,,GJ,4/2/2025,,"Wedbush_Trading gain (loss), net_20250402",,,,40050,303P,D23010,ARB02147_USD,,,,,628.0,,,,,C02147,,,,
629,,GJ,4/2/2025,,"Wedbush_Trading gain (loss), net_20250402",,,,40050,303P,D23010,ARB02149_USD,,,,167.5,,,,,,C02149,,,,
630,,GJ,4/2/2025,,"Wedbush_Trading gain (loss), net_20250402",,,,40050,303P,D23060,ARB02152_USD,,,,,1647.5,,,,,C00186,,,,
631,,GJ,4/2/2025,,"Wedbush_Trading gain (loss), net_20250402",,,,40050,303P,D23300,ARB02154_USD,,,,7205.0,,,,,,C00149,,,,
632,,GJ,4/2/2025,,"Wedbush_Trading gain (loss), net_20250402",,,,40050,303P,D23300,ARB02158_USD,,,,45.0,,,,,,C01145,,,,
633,,GJ,4/2/2025,,"Wedbush_Trading gain (loss), net_20250402",,,,40050,303P,D23300,ARB02167_USD,,,,,139718.9,,,,,C00118,,,,
634,,GJ,4/2/2025,,"Wedbush_Trading gain (loss), net_20250402",,,,40050,303P,D23300,ARB02168_USD,,,,330.0,,,,,,C00194,,,,
635,,GJ,4/2/2025,,"Wedbush_Trading gain (loss), net_20250402",,,,40050,303P,D23060,ARB02169_USD,,,,,1135.0,,,,,C00186,,,,
636,,GJ,4/2/2025,,"Wedbush_Trading gain (loss), net_20250402",,,,40050,303P,D23010,ARB02173_USD,,,,,1857.4200000000128,,,,,C00463,,,,
637,,GJ,4/2/2025,,"Wedbush_Trading gain (loss), net_20250402",,,,40050,303P,D23010,ARB02176_USD,,,,,10817.5,,,,,C00463,,,,
638,,GJ,4/2/2025,,"Wedbush_Trading gain (loss), net_20250402",,,,40050,303P,D23010,ARB02177_USD,,,,2223.5,,,,,,C02177,,,,
639,,GJ,4/2/2025,,"Wedbush_Trading gain (loss), net_20250402",,,,40050,303P,D23010,ARB02179_USD,,,,1749.5,,,,,,C02179,,,,
640,,GJ,4/2/2025,,"Wedbush_Trading gain (loss), net_20250402",,,,40050,303P,D23010,ARB02180_USD,,,,,11274.5,,,,,C02180,,,,
641,,GJ,4/2/2025,,"Wedbush_Trading gain (loss), net_20250402",,,,40050,303P,D23010,ARB02181_USD,,,,,9706.5,,,,,C02181,,,,
642,,GJ,4/2/2025,,"Wedbush_Trading gain (loss), net_20250402",,,,40050,303P,D23010,ARB02182_USD,,,,3630.0,,,,,,C02182,,,,
643,,GJ,4/2/2025,,"Wedbush_Trading gain (loss), net_20250402",,,,40050,303P,D23010,ARB02183_USD,,,,,549.5,,,,,C02183,,,,
644,,GJ,4/2/2025,,"Wedbush_Trading gain (loss), net_20250402",,,,40050,303P,D23010,ARB02184_USD,,,,17169.0,,,,,,C02184,,,,
645,,GJ,4/2/2025,,"Wedbush_Trading gain (loss), net_20250402",,,,40050,303P,D23010,ARB02185_USD,,,,,60.0,,,,,C02185,,,,
646,,GJ,4/2/2025,,"Wedbush_Trading gain (loss), net_20250402",,,,40050,303P,D23010,ARB02187_USD,,,,2269.5,,,,,,C02187,,,,
647,,GJ,4/2/2025,,"Wedbush_Trading gain (loss), net_20250402",,,,40050,303P,D23010,ARB02188_USD,,,,,8287.600000000006,,,,,C02188,,,,
648,,GJ,4/2/2025,,"Wedbush_Trading gain (loss), net_20250402",,,,40050,303P,D23010,ARB02190_USD,,,,2457.5,,,,,,C02147,,,,
649,,GJ,4/2/2025,,"Wedbush_Trading gain (loss), net_20250402",,,,40050,303P,D23010,ARB02191_USD,,,,935.0,,,,,,C00469,,,,
650,,GJ,4/2/2025,,"Wedbush_Trading gain (loss), net_20250402",,,,40050,ATGN,D21300,ARB02343_EUR,,,,,5110.0,,,,,C02520,,,,
651,,GJ,4/2/2025,,"Wedbush_Trading gain (loss), net_20250402",,,,40050,ATGN,D21300,ARB02343_GBP,,,,12175.0,,,,,,C02520,,,,
652,,GJ,4/2/2025,,"Wedbush_Trading gain (loss), net_20250402",,,,40050,ATGN,D21300,ARB02343_USD,,,,16551.5,,,,,,C02520,,,,
653,,GJ,4/2/2025,,"Wedbush_Trading gain (loss), net_20250402",,,,40050,ATGN,D21300,ARB02355_USD,,,,,398.70000000000005,,,,,C00054,,,,
654,,GJ,4/2/2025,,"Wedbush_Trading gain (loss), net_20250402",,,,40050,ATGN,D23010,ARB02402_CAD,,,,,4484.0,,,,,C02102,,,,
655,,GJ,4/2/2025,,"Wedbush_Trading gain (loss), net_20250402",,,,40050,ATGN,D23010,ARB02402_USD,,,,375.0,,,,,,C02102,,,,
656,,GJ,4/2/2025,,"Wedbush_Trading gain (loss), net_20250402",,,,40050,ATGN,D23010,ARB02407_EUR,,,,0.0,,,,,,C02107,,,,
657,,GJ,4/2/2025,,"Wedbush_Trading gain (loss), net_20250402",,,,40050,ATGN,D23010,ARB02407_GBP,,,,0.0,,,,,,C02107,,,,
658,,GJ,4/2/2025,,"Wedbush_Trading gain (loss), net_20250402",,,,40050,ATGN,D23010,ARB02407_USD,,,,,171.60000000000002,,,,,C02107,,,,
659,,GJ,4/2/2025,,"Wedbush_Trading gain (loss), net_20250402",,,,40050,ATGN,D23080,ARB02418_EUR,,,,0.0,,,,,,C01234,,,,
660,,GJ,4/2/2025,,"Wedbush_Trading gain (loss), net_20250402",,,,40050,ATGN,D23080,ARB02418_GBP,,,,,3580.0,,,,,C01234,,,,
661,,GJ,4/2/2025,,"Wedbush_Trading gain (loss), net_20250402",,,,40050,ATGN,D23080,ARB02418_USD,,,,6998.600000000001,,,,,,C01234,,,,
662,,GJ,4/2/2025,,"Wedbush_Trading gain (loss), net_20250402",,,,40050,ATGN,D23300,ARB02421_CHF,,,,,112.5,,,,,C02121,,,,
663,,GJ,4/2/2025,,"Wedbush_Trading gain (loss), net_20250402",,,,40050,ATGN,D23300,ARB02421_EUR,,,,,750.0,,,,,C02121,,,,
664,,GJ,4/2/2025,,"Wedbush_Trading gain (loss), net_20250402",,,,40050,ATGN,D23300,ARB02421_GBP,,,,487.5,,,,,,C02121,,,,
665,,GJ,4/2/2025,,"Wedbush_Trading gain (loss), net_20250402",,,,40050,ATGN,D23300,ARB02421_USD,,,,,190.0,,,,,C02121,,,,
666,,GJ,4/2/2025,,"Wedbush_Trading gain (loss), net_20250402",,,,40050,ATGN,D23020,ARB02429_USD,,,,,339.15000000000146,,,,,C02129,,,,
667,,GJ,4/2/2025,,"Wedbush_Trading gain (loss), net_20250402",,,,40050,ATGN,D23010,ARB02432_USD,,,,,112.0,,,,,C02132,,,,
668,,GJ,4/2/2025,,"Wedbush_Trading gain (loss), net_20250402",,,,40050,ATGN,D23010,ARB02436_EUR,,,,0.0,,,,,,C02136,,,,
669,,GJ,4/2/2025,,"Wedbush_Trading gain (loss), net_20250402",,,,40050,ATGN,D23010,ARB02436_GBP,,,,,830.0,,,,,C02136,,,,
670,,GJ,4/2/2025,,"Wedbush_Trading gain (loss), net_20250402",,,,40050,ATGN,D23010,ARB02436_USD,,,,,2059.35,,,,,C02136,,,,
671,,GJ,4/2/2025,,"Wedbush_Trading gain (loss), net_20250402",,,,40050,ATGN,D23010,ARB02445_USD,,,,,7655.0,,,,,C02145,,,,
672,,GJ,4/2/2025,,"Wedbush_Trading gain (loss), net_20250402",,,,40050,ATGN,D23010,ARB02447_CAD,,,,,100.0,,,,,C02147,,,,
673,,GJ,4/2/2025,,"Wedbush_Trading gain (loss), net_20250402",,,,40050,ATGN,D23010,ARB02447_USD,,,,0.0,,,,,,C02147,,,,
674,,GJ,4/2/2025,,"Wedbush_Trading gain (loss), net_20250402",,,,40050,ATGN,D23010,ARB02449_EUR,,,,0.0,,,,,,C02149,,,,
675,,GJ,4/2/2025,,"Wedbush_Trading gain (loss), net_20250402",,,,40050,ATGN,D23010,ARB02449_GBP,,,,0.0,,,,,,C02149,,,,
676,,GJ,4/2/2025,,"Wedbush_Trading gain (loss), net_20250402",,,,40050,ATGN,D23010,ARB02449_USD,,,,,3434.4500000000007,,,,,C02149,,,,
677,,GJ,4/2/2025,,"Wedbush_Trading gain (loss), net_20250402",,,,40050,ATGN,D23300,ARB02450_USD,,,,0.0,,,,,,C02150,,,,
678,,GJ,4/2/2025,,"Wedbush_Trading gain (loss), net_20250402",,,,40050,ATGN,D23060,ARB02452_EUR,,,,0.0,,,,,,C00186,,,,
679,,GJ,4/2/2025,,"Wedbush_Trading gain (loss), net_20250402",,,,40050,ATGN,D23060,ARB02452_GBP,,,,0.0,,,,,,C00186,,,,
680,,GJ,4/2/2025,,"Wedbush_Trading gain (loss), net_20250402",,,,40050,ATGN,D23060,ARB02452_USD,,,,,512.5,,,,,C00186,,,,
681,,GJ,4/2/2025,,"Wedbush_Trading gain (loss), net_20250402",,,,40050,ATGN,D23020,ARB02456_EUR,,,,0.0,,,,,,C02156,,,,
682,,GJ,4/2/2025,,"Wedbush_Trading gain (loss), net_20250402",,,,40050,ATGN,D23020,ARB02456_GBP,,,,,660.0,,,,,C02156,,,,
683,,GJ,4/2/2025,,"Wedbush_Trading gain (loss), net_20250402",,,,40050,ATGN,D23020,ARB02456_USD,,,,2663.4999999999986,,,,,,C02156,,,,
684,,GJ,4/2/2025,,"Wedbush_Trading gain (loss), net_20250402",,,,40050,ATGN,D23080,ARB02463_USD,,,,2173.6000000000004,,,,,,C01231,,,,
685,,GJ,4/2/2025,,"Wedbush_Trading gain (loss), net_20250402",,,,40050,ATGN,D23010,ARB02473_EUR,,,,,250.0,,,,,C00463,,,,
686,,GJ,4/2/2025,,"Wedbush_Trading gain (loss), net_20250402",,,,40050,ATGN,D23010,ARB02473_GBP,,,,,75.0,,,,,C00463,,,,
687,,GJ,4/2/2025,,"Wedbush_Trading gain (loss), net_20250402",,,,40050,ATGN,D23010,ARB02476_EUR,,,,0.0,,,,,,C00463,,,,
688,,GJ,4/2/2025,,"Wedbush_Trading gain (loss), net_20250402",,,,40050,ATGN,D23010,ARB02476_GBP,,,,,3500.0,,,,,C00463,,,,
689,,GJ,4/2/2025,,"Wedbush_Trading gain (loss), net_20250402",,,,40050,ATGN,D23010,ARB02476_USD,,,,1.8189894035458565e-12,,,,,,C00463,,,,
690,,GJ,4/2/2025,,"Wedbush_Trading gain (loss), net_20250402",,,,40050,ATGN,D23010,ARB02477_CAD,,,,,138.0,,,,,C02177,,,,
691,,GJ,4/2/2025,,"Wedbush_Trading gain (loss), net_20250402",,,,40050,ATGN,D23010,ARB02477_USD,,,,0.0,,,,,,C02177,,,,
692,,GJ,4/2/2025,,"Wedbush_Trading gain (loss), net_20250402",,,,40050,ATGN,D23010,ARB02479_USD,,,,2419.2,,,,,,C02179,,,,
693,,GJ,4/2/2025,,"Wedbush_Trading gain (loss), net_20250402",,,,40050,ATGN,D23010,ARB02481_CAD,,,,,556.0,,,,,C02181,,,,
694,,GJ,4/2/2025,,"Wedbush_Trading gain (loss), net_20250402",,,,40050,ATGN,D23010,ARB02481_USD,,,,375.0,,,,,,C02181,,,,
695,,GJ,4/2/2025,,"Wedbush_Trading gain (loss), net_20250402",,,,40050,ATGN,D23010,ARB02482_CAD,,,,,100.0,,,,,C02182,,,,
696,,GJ,4/2/2025,,"Wedbush_Trading gain (loss), net_20250402",,,,40050,ATGN,D23010,ARB02482_USD,,,,0.0,,,,,,C02182,,,,
697,,GJ,4/2/2025,,"Wedbush_Trading gain (loss), net_20250402",,,,40050,ATGN,D23010,ARB02484_CAD,,,,706.0,,,,,,C02184,,,,
698,,GJ,4/2/2025,,"Wedbush_Trading gain (loss), net_20250402",,,,40050,ATGN,D23010,ARB02484_EUR,,,,0.0,,,,,,C02184,,,,
699,,GJ,4/2/2025,,"Wedbush_Trading gain (loss), net_20250402",,,,40050,ATGN,D23010,ARB02484_GBP,,,,740.0,,,,,,C02184,,,,
700,,GJ,4/2/2025,,"Wedbush_Trading gain (loss), net_20250402",,,,40050,ATGN,D23010,ARB02484_USD,,,,15750.0,,,,,,C02184,,,,
701,,GJ,4/2/2025,,"Wedbush_Trading gain (loss), net_20250402",,,,40050,ATGN,D23010,ARB02485_EUR,,,,0.0,,,,,,C02185,,,,
702,,GJ,4/2/2025,,"Wedbush_Trading gain (loss), net_20250402",,,,40050,ATGN,D23010,ARB02485_GBP,,,,,1600.0,,,,,C02185,,,,
703,,GJ,4/2/2025,,"Wedbush_Trading gain (loss), net_20250402",,,,40050,ATGN,D23010,ARB02485_USD,,,,,3569.8999999999996,,,,,C02185,,,,
704,,GJ,4/2/2025,,"Wedbush_Trading gain (loss), net_20250402",,,,40050,ATGN,D23010,ARB02486_EUR,,,,0.0,,,,,,C02186,,,,
705,,GJ,4/2/2025,,"Wedbush_Trading gain (loss), net_20250402",,,,40050,ATGN,D23010,ARB02486_GBP,,,,0.0,,,,,,C02186,,,,
706,,GJ,4/2/2025,,"Wedbush_Trading gain (loss), net_20250402",,,,40050,ATGN,D23010,ARB02486_USD,,,,73.60000000000218,,,,,,C02186,,,,
707,,GJ,4/2/2025,,"Wedbush_Trading gain (loss), net_20250402",,,,40050,ATGN,D23010,ARB02487_CAD,,,,,1344.0,,,,,C02187,,,,
708,,GJ,4/2/2025,,"Wedbush_Trading gain (loss), net_20250402",,,,40050,ATGN,D23010,ARB02487_USD,,,,0.0,,,,,,C02187,,,,
709,,GJ,4/2/2025,,"Wedbush_Trading gain (loss), net_20250402",,,,40050,ATGN,D23010,ARB02488_USD,,,,,7995.0,,,,,C02188,,,,
710,,GJ,4/2/2025,,"Wedbush_Trading gain (loss), net_20250402",,,,40050,ATGN,D23010,ARB02491_EUR,,,,0.0,,,,,,C00469,,,,
711,,GJ,4/2/2025,,"Wedbush_Trading gain (loss), net_20250402",,,,40050,ATGN,D23010,ARB02491_GBP,,,,0.0,,,,,,C00469,,,,
712,,GJ,4/2/2025,,"Wedbush_Trading gain (loss), net_20250402",,,,40050,ATGN,D23010,ARB02491_USD,,,,,1003.1999999999999,,,,,C00469,,,,
713,,GJ,4/2/2025,,"Wedbush_Trading gain (loss), net_20250402",,,,40050,303P,D21300,ARB03003_USD,,,,,5854.33,,,,,C03003,,,,
714,,GJ,4/2/2025,,"Wedbush_Trading gain (loss), net_20250402",,,,40050,303P,D21300,ARB03005_USD,,,,147.25,,,,,,C03005,,,,
715,,GJ,4/2/2025,,"Wedbush_Trading gain (loss), net_20250402",,,,40050,303P,D21300,ARB03022_USD,,,,3912.5,,,,,,C00034,,,,
716,,GJ,4/2/2025,,"Wedbush_Trading gain (loss), net_20250402",,,,40050,303P,D21300,ARB03029_USD,,,,5431.9400000000005,,,,,,C03029,,,,
717,,GJ,4/2/2025,,"Wedbush_Trading gain (loss), net_20250402",,,,40050,303P,D21300,ARB03032_USD,,,,,2950.0,,,,,C00049,,,,
718,,GJ,4/2/2025,,"Wedbush_Trading gain (loss), net_20250402",,,,40050,303P,D21300,ARB03033_USD,,,,,5285.0,,,,,C00049,,,,
719,,GJ,4/2/2025,,"Wedbush_Trading gain (loss), net_20250402",,,,40050,303P,D21300,ARB03035_USD,,,,,13081.5,,,,,C00049,,,,
720,,GJ,4/2/2025,,"Wedbush_Trading gain (loss), net_20250402",,,,40050,303P,D21300,ARB03037_USD,,,,86625.01999999999,,,,,,C03037,,,,
721,,GJ,4/2/2025,,"Wedbush_Trading gain (loss), net_20250402",,,,40050,303P,D21300,ARB03038_USD,,,,,19307.5,,,,,C03038,,,,
722,,GJ,4/2/2025,,"Wedbush_Trading gain (loss), net_20250402",,,,40050,303P,D21300,ARB03042_USD,,,,,6.0,,,,,C03040,,,,
723,,GJ,4/2/2025,,"Wedbush_Trading gain (loss), net_20250402",,,,40050,303P,D21300,ARB03046_USD,,,,1363.79,,,,,,C03040,,,,
724,,GJ,4/2/2025,,"Wedbush_Trading gain (loss), net_20250402",,,,40050,303P,D21030,ARB03050_USD,,,,9643.5,,,,,,C03050,,,,
725,,GJ,4/2/2025,,"Wedbush_Trading gain (loss), net_20250402",,,,40050,303P,D21300,ARB03060_USD,,,,6518.75,,,,,,C03060,,,,
726,,GJ,4/2/2025,,"Wedbush_Trading gain (loss), net_20250402",,,,40050,303P,D21300,ARB03062_USD,,,,1000.0,,,,,,C03062,,,,
727,,GJ,4/2/2025,,"Wedbush_Trading gain (loss), net_20250402",,,,40050,303P,D21300,ARB03065_USD,,,,,66575.0,,,,,C03065,,,,
728,,GJ,4/2/2025,,"Wedbush_Trading gain (loss), net_20250402",,,,40050,303P,D21300,ARB03072_USD,,,,,7070.0,,,,,C03072,,,,
729,,GJ,4/2/2025,,"Wedbush_Trading gain (loss), net_20250402",,,,40050,303P,D21300,ARB03073_USD,,,,,22252.5,,,,,C03073,,,,
730,,GJ,4/2/2025,,"Wedbush_Trading gain (loss), net_20250402",,,,40050,303P,D21300,ARB03074_USD,,,,1987.5,,,,,,C03073,,,,
731,,GJ,4/2/2025,,"Wedbush_Trading gain (loss), net_20250402",,,,40050,303P,D21300,ARB03075_USD,,,,4000.0,,,,,,C03073,,,,
732,,GJ,4/2/2025,,"Wedbush_Trading gain (loss), net_20250402",,,,40050,303P,D21300,ARB03077_USD,,,,,46177.5,,,,,C03077,,,,
733,,GJ,4/2/2025,,"Wedbush_Trading gain (loss), net_20250402",,,,40050,303P,D21300,ARB03078_USD,,,,650.0,,,,,,C03078,,,,
734,,GJ,4/2/2025,,"Wedbush_Trading gain (loss), net_20250402",,,,40050,303P,D21300,ARB03079_USD,,,,,3924.0,,,,,C03078,,,,
735,,GJ,4/2/2025,,"Wedbush_Trading gain (loss), net_20250402",,,,40050,303P,D21300,ARB03080_USD,,,,3580.0,,,,,,C03078,,,,
736,,GJ,4/2/2025,,"Wedbush_Trading gain (loss), net_20250402",,,,40050,303P,D21300,ARB03081_USD,,,,787.5,,,,,,C03078,,,,
737,,GJ,4/2/2025,,"Wedbush_Trading gain (loss), net_20250402",,,,40050,303P,D21030,ARB03084_USD,,,,,30.84,,,,,C03084,,,,
738,,GJ,4/2/2025,,"Wedbush_Trading gain (loss), net_20250402",,,,40050,303P,D21300,ARB03088_USD,,,,,61.75,,,,,C03088,,,,
739,,GJ,4/2/2025,,"Wedbush_Trading gain (loss), net_20250402",,,,40050,303P,D21300,ARB03089_USD,,,,,162.5,,,,,C03089,,,,
740,,GJ,4/2/2025,,"Wedbush_Trading gain (loss), net_20250402",,,,40050,303P,D21300,ARB03092_USD,,,,,983.25,,,,,C03092,,,,
741,,GJ,4/2/2025,,"Wedbush_Trading gain (loss), net_20250402",,,,40050,303P,D21300,ARB03093_USD,,,,99.0,,,,,,C03093,,,,
742,,GJ,4/2/2025,,"Wedbush_Trading gain (loss), net_20250402",,,,40050,303P,D21300,ARB03094_USD,,,,,102.25,,,,,C03094,,,,
743,,GJ,4/2/2025,,"Wedbush_Trading gain (loss), net_20250402",,,,40050,303P,D21300,ARB03095_USD,,,,24.75,,,,,,C03095,,,,
744,,GJ,4/2/2025,,"Wedbush_Trading gain (loss), net_20250402",,,,40050,303P,D21300,ARB03096_USD,,,,60.0,,,,,,C03096,,,,
745,,GJ,4/2/2025,,"Wedbush_Trading gain (loss), net_20250402",,,,40050,303P,D23080,ARB03102_USD,,,,,2570.0,,,,,C03102,,,,
746,,GJ,4/2/2025,,"Wedbush_Trading gain (loss), net_20250402",,,,40050,303P,D23300,ARB03103_USD,,,,2440.0,,,,,,CX3103,,,,
747,,GJ,4/2/2025,,"Wedbush_Trading gain (loss), net_20250402",,,,40050,303P,D23300,ARB03104_USD,,,,,1066.5,,,,,C03104,,,,
748,,GJ,4/2/2025,,"Wedbush_Trading gain (loss), net_20250402",,,,40050,303P,D23300,ARB03105_USD,,,,,20286.800000000017,,,,,C00310,,,,
749,,GJ,4/2/2025,,"Wedbush_Trading gain (loss), net_20250402",,,,40050,303P,D23300,ARB03106_USD,,,,,13892.549999999988,,,,,C00310,,,,
750,,GJ,4/2/2025,,"Wedbush_Trading gain (loss), net_20250402",,,,40050,303P,D23300,ARB03107_USD,,,,1354.5,,,,,,C03107,,,,
751,,GJ,4/2/2025,,"Wedbush_Trading gain (loss), net_20250402",,,,40050,303P,D23300,ARB03108_USD,,,,32518.100000000035,,,,,,C00311,,,,
752,,GJ,4/2/2025,,"Wedbush_Trading gain (loss), net_20250402",,,,40050,303P,D23300,ARB03109_USD,,,,8037.5,,,,,,C00311,,,,
753,,GJ,4/2/2025,,"Wedbush_Trading gain (loss), net_20250402",,,,40050,303P,D23300,ARB03110_USD,,,,,1577.5,,,,,C00311,,,,
754,,GJ,4/2/2025,,"Wedbush_Trading gain (loss), net_20250402",,,,40050,303P,D23300,ARB03111_USD,,,,5500.0,,,,,,C00311,,,,
755,,GJ,4/2/2025,,"Wedbush_Trading gain (loss), net_20250402",,,,40050,303P,D23300,ARB03112_USD,,,,,8913.000000000007,,,,,C00310,,,,
756,,GJ,4/2/2025,,"Wedbush_Trading gain (loss), net_20250402",,,,40050,303P,D23300,ARB03113_USD,,,,12105.86,,,,,,C03113,,,,
757,,GJ,4/2/2025,,"Wedbush_Trading gain (loss), net_20250402",,,,40050,303P,D23300,ARB03115_USD,,,,,352.5,,,,,CX3115,,,,
758,,GJ,4/2/2025,,"Wedbush_Trading gain (loss), net_20250402",,,,40050,303P,D23020,ARB03116_USD,,,,,507.5,,,,,C02129,,,,
759,,GJ,4/2/2025,,"Wedbush_Trading gain (loss), net_20250402",,,,40050,303P,D23300,ARB03125_USD,,,,2080.0,,,,,,CX3125,,,,
760,,GJ,4/2/2025,,"Wedbush_Trading gain (loss), net_20250402",,,,40050,303P,D23300,ARB03128_USD,,,,,4087.5,,,,,C03126,,,,
761,,GJ,4/2/2025,,"Wedbush_Trading gain (loss), net_20250402",,,,40050,303P,D23300,ARB03130_USD,,,,2364.3499999999985,,,,,,C03130,,,,
762,,GJ,4/2/2025,,"Wedbush_Trading gain (loss), net_20250402",,,,40050,303P,D23300,ARB03131_USD,,,,,2803.0,,,,,C03131,,,,
763,,GJ,4/2/2025,,"Wedbush_Trading gain (loss), net_20250402",,,,40050,303P,D23300,ARB03133_USD,,,,,9253.900000000001,,,,,C03133,,,,
764,,GJ,4/2/2025,,"Wedbush_Trading gain (loss), net_20250402",,,,40050,303P,D23300,ARB03134_USD,,,,700.0,,,,,,C03134,,,,
765,,GJ,4/2/2025,,"Wedbush_Trading gain (loss), net_20250402",,,,40050,303P,D23090,ARB03150_USD,,,,662.5,,,,,,C03150,,,,
766,,GJ,4/2/2025,,"Wedbush_Trading gain (loss), net_20250402",,,,40050,,,ARB03152_USD,,,,1175.0,,,,,,,,,,
767,,GJ,4/2/2025,,"Wedbush_Trading gain (loss), net_20250402",,,,40050,303P,D23090,ARB03154_USD,,,,1125.0,,,,,,C03154,,,,
768,,GJ,4/2/2025,,"Wedbush_Trading gain (loss), net_20250402",,,,40050,303P,D23100,ARB03156_USD,,,,,4426.739999999929,,,,,C03156,,,,
769,,GJ,4/2/2025,,"Wedbush_Trading gain (loss), net_20250402",,,,40050,303P,D23100,ARB03157_USD,,,,3541.439999999784,,,,,,C03157,,,,
770,,GJ,4/2/2025,,"Wedbush_Trading gain (loss), net_20250402",,,,40050,303P,D23100,ARB03159_USD,,,,2437.2699999999895,,,,,,C03159,,,,
771,,GJ,4/2/2025,,"Wedbush_Trading gain (loss), net_20250402",,,,40050,,,ARB03170_USD,,,,12.0,,,,,,,,,,
772,,GJ,4/2/2025,,"Wedbush_Trading gain (loss), net_20250402",,,,40050,303P,D23100,ARB03174_USD,,,,,112.65999999997803,,,,,C03174,,,,
773,,GJ,4/2/2025,,"Wedbush_Trading gain (loss), net_20250402",,,,40050,303P,D23100,ARB03175_USD,,,,,582.9900000000016,,,,,C03175,,,,
774,,GJ,4/2/2025,,"Wedbush_Trading gain (loss), net_20250402",,,,40050,303P,D23100,ARB03176_USD,,,,529.2400000000016,,,,,,C03176,,,,
775,,GJ,4/2/2025,,"Wedbush_Trading gain (loss), net_20250402",,,,40050,303P,D23100,ARB03177_USD,,,,1366.539999999999,,,,,,C03177,,,,
776,,GJ,4/2/2025,,"Wedbush_Trading gain (loss), net_20250402",,,,40050,303P,D23100,ARB03184_USD,,,,812.5,,,,,,C03184,,,,
777,,GJ,4/2/2025,,"Wedbush_Trading gain (loss), net_20250402",,,,40050,303P,D23100,ARB03185_USD,,,,875.0,,,,,,C03185,,,,
778,,GJ,4/2/2025,,"Wedbush_Trading gain (loss), net_20250402",,,,40050,303P,D23100,ARB03187_USD,,,,862.5,,,,,,C03187,,,,
779,,GJ,4/2/2025,,"Wedbush_Trading gain (loss), net_20250402",,,,40050,ATGN,D21300,ARB03329_USD,,,,,595.0,,,,,C03029,,,,
780,,GJ,4/2/2025,,"Wedbush_Trading gain (loss), net_20250402",,,,40050,ATGN,D21300,ARB03360_EUR,,,,,9900.0,,,,,C03060,,,,
781,,GJ,4/2/2025,,"Wedbush_Trading gain (loss), net_20250402",,,,40050,ATGN,D21300,ARB03360_GBP,,,,,6700.0,,,,,C03060,,,,
782,,GJ,4/2/2025,,"Wedbush_Trading gain (loss), net_20250402",,,,40050,ATGN,D21300,ARB03362_EUR,,,,500.0,,,,,,C03062,,,,
783,,GJ,4/2/2025,,"Wedbush_Trading gain (loss), net_20250402",,,,40050,ATGN,D21300,ARB03362_GBP,,,,287.5,,,,,,C03062,,,,
784,,GJ,4/2/2025,,"Wedbush_Trading gain (loss), net_20250402",,,,40050,ATGN,D21300,ARB03362_USD,,,,,1100.0,,,,,C03062,,,,
785,,GJ,4/2/2025,,"Wedbush_Trading gain (loss), net_20250402",,,,40050,ATGN,D21300,ARB03364_EUR,,,,125.0,,,,,,C03064,,,,
786,,GJ,4/2/2025,,"Wedbush_Trading gain (loss), net_20250402",,,,40050,ATGN,D21300,ARB03364_GBP,,,,0.0,,,,,,C03064,,,,
787,,GJ,4/2/2025,,"Wedbush_Trading gain (loss), net_20250402",,,,40050,ATGN,D21300,ARB03372_USD,,,,,4364.0,,,,,C03072,,,,
788,,GJ,4/2/2025,,"Wedbush_Trading gain (loss), net_20250402",,,,40050,ATGN,D21300,ARB03378_USD,,,,,3310.0,,,,,C03078,,,,
789,,GJ,4/2/2025,,"Wedbush_Trading gain (loss), net_20250402",,,,40050,ATGN,D23300,ARB03400_EUR,,,,0.0,,,,,,C03100,,,,
790,,GJ,4/2/2025,,"Wedbush_Trading gain (loss), net_20250402",,,,40050,ATGN,D23300,ARB03400_GBP,,,,,960.0,,,,,C03100,,,,
791,,GJ,4/2/2025,,"Wedbush_Trading gain (loss), net_20250402",,,,40050,ATGN,D23300,ARB03400_USD,,,,361.0500000000002,,,,,,C03100,,,,
792,,GJ,4/2/2025,,"Wedbush_Trading gain (loss), net_20250402",,,,40050,ATGN,D23080,ARB03402_EUR,,,,0.0,,,,,,C03102,,,,
793,,GJ,4/2/2025,,"Wedbush_Trading gain (loss), net_20250402",,,,40050,ATGN,D23080,ARB03402_GBP,,,,,1380.0,,,,,C03102,,,,
794,,GJ,4/2/2025,,"Wedbush_Trading gain (loss), net_20250402",,,,40050,ATGN,D23080,ARB03402_USD,,,,5696.199999999997,,,,,,C03102,,,,
795,,GJ,4/2/2025,,"Wedbush_Trading gain (loss), net_20250402",,,,40050,ATGN,D23300,ARB03403_CAD,,,,,3210.0,,,,,CX3103,,,,
796,,GJ,4/2/2025,,"Wedbush_Trading gain (loss), net_20250402",,,,40050,ATGN,D23300,ARB03403_EUR,,,,0.0,,,,,,CX3103,,,,
797,,GJ,4/2/2025,,"Wedbush_Trading gain (loss), net_20250402",,,,40050,ATGN,D23300,ARB03403_GBP,,,,,4520.0,,,,,CX3103,,,,
798,,GJ,4/2/2025,,"Wedbush_Trading gain (loss), net_20250402",,,,40050,ATGN,D23300,ARB03403_USD,,,,11284.549999999996,,,,,,CX3103,,,,
799,,GJ,4/2/2025,,"Wedbush_Trading gain (loss), net_20250402",,,,40050,ATGN,D23300,ARB03404_CAD,,,,,180.0,,,,,C03104,,,,
800,,GJ,4/2/2025,,"Wedbush_Trading gain (loss), net_20250402",,,,40050,ATGN,D23300,ARB03404_EUR,,,,0.0,,,,,,C03104,,,,
801,,GJ,4/2/2025,,"Wedbush_Trading gain (loss), net_20250402",,,,40050,ATGN,D23300,ARB03404_GBP,,,,,1490.0,,,,,C03104,,,,
802,,GJ,4/2/2025,,"Wedbush_Trading gain (loss), net_20250402",,,,40050,ATGN,D23300,ARB03404_USD,,,,648.75,,,,,,C03104,,,,
803,,GJ,4/2/2025,,"Wedbush_Trading gain (loss), net_20250402",,,,40050,ATGN,D23300,ARB03405_CAD,,,,,290.0,,,,,C00310,,,,
804,,GJ,4/2/2025,,"Wedbush_Trading gain (loss), net_20250402",,,,40050,ATGN,D23300,ARB03405_EUR,,,,0.0,,,,,,C00310,,,,
805,,GJ,4/2/2025,,"Wedbush_Trading gain (loss), net_20250402",,,,40050,ATGN,D23300,ARB03405_GBP,,,,,57780.0,,,,,C00310,,,,
806,,GJ,4/2/2025,,"Wedbush_Trading gain (loss), net_20250402",,,,40050,ATGN,D23300,ARB03405_USD,,,,13978.849999999977,,,,,,C00310,,,,
807,,GJ,4/2/2025,,"Wedbush_Trading gain (loss), net_20250402",,,,40050,ATGN,D23300,ARB03406_EUR,,,,0.0,,,,,,C00310,,,,
808,,GJ,4/2/2025,,"Wedbush_Trading gain (loss), net_20250402",,,,40050,ATGN,D23300,ARB03406_GBP,,,,,17320.0,,,,,C00310,,,,
809,,GJ,4/2/2025,,"Wedbush_Trading gain (loss), net_20250402",,,,40050,ATGN,D23300,ARB03406_USD,,,,,18643.500000000004,,,,,C00310,,,,
810,,GJ,4/2/2025,,"Wedbush_Trading gain (loss), net_20250402",,,,40050,ATGN,D23300,ARB03407_CAD,,,,1108.0,,,,,,C03107,,,,
811,,GJ,4/2/2025,,"Wedbush_Trading gain (loss), net_20250402",,,,40050,ATGN,D23300,ARB03407_USD,,,,3680.0,,,,,,C03107,,,,
812,,GJ,4/2/2025,,"Wedbush_Trading gain (loss), net_20250402",,,,40050,ATGN,D23300,ARB03408_EUR,,,,0.0,,,,,,C00311,,,,
813,,GJ,4/2/2025,,"Wedbush_Trading gain (loss), net_20250402",,,,40050,ATGN,D23300,ARB03408_GBP,,,,,78220.0,,,,,C00311,,,,
814,,GJ,4/2/2025,,"Wedbush_Trading gain (loss), net_20250402",,,,40050,ATGN,D23300,ARB03408_USD,,,,21452.5,,,,,,C00311,,,,
815,,GJ,4/2/2025,,"Wedbush_Trading gain (loss), net_20250402",,,,40050,ATGN,D23300,ARB03409_EUR,,,,0.0,,,,,,C00311,,,,
816,,GJ,4/2/2025,,"Wedbush_Trading gain (loss), net_20250402",,,,40050,ATGN,D23300,ARB03409_GBP,,,,,9680.0,,,,,C00311,,,,
817,,GJ,4/2/2025,,"Wedbush_Trading gain (loss), net_20250402",,,,40050,ATGN,D23300,ARB03409_USD,,,,22423.000000000015,,,,,,C00311,,,,
818,,GJ,4/2/2025,,"Wedbush_Trading gain (loss), net_20250402",,,,40050,ATGN,D23300,ARB03411_EUR,,,,0.0,,,,,,C00311,,,,
819,,GJ,4/2/2025,,"Wedbush_Trading gain (loss), net_20250402",,,,40050,ATGN,D23300,ARB03411_GBP,,,,3150.0,,,,,,C00311,,,,
820,,GJ,4/2/2025,,"Wedbush_Trading gain (loss), net_20250402",,,,40050,ATGN,D23300,ARB03411_USD,,,,6992.400000000001,,,,,,C00311,,,,
821,,GJ,4/2/2025,,"Wedbush_Trading gain (loss), net_20250402",,,,40050,ATGN,D23300,ARB03412_USD,,,,1448.0,,,,,,C00310,,,,
822,,GJ,4/2/2025,,"Wedbush_Trading gain (loss), net_20250402",,,,40050,ATGN,D23300,ARB03413_EUR,,,,,375.0,,,,,C03113,,,,
823,,GJ,4/2/2025,,"Wedbush_Trading gain (loss), net_20250402",,,,40050,ATGN,D23300,ARB03413_GBP,,,,1250.0,,,,,,C03113,,,,
824,,GJ,4/2/2025,,"Wedbush_Trading gain (loss), net_20250402",,,,40050,ATGN,D23300,ARB03413_USD,,,,,3015.2,,,,,C03113,,,,
825,,GJ,4/2/2025,,"Wedbush_Trading gain (loss), net_20250402",,,,40050,ATGN,D23300,ARB03433_USD,,,,,2129.1000000000013,,,,,C03133,,,,
826,,GJ,4/2/2025,,"Wedbush_Trading gain (loss), net_20250402",,,,40050,ATGN,D23300,ARB03434_USD,,,,,50.0,,,,,C03134,,,,
827,,GJ,4/2/2025,,"Wedbush_Trading gain (loss), net_20250402",,,,40050,ATGN,D23300,ARB03438_USD,,,,,134.39999999999998,,,,,C03138,,,,
828,,GJ,4/2/2025,,"Wedbush_Trading gain (loss), net_20250402",,,,40050,ATGN,D23300,ARB03439_EUR,,,,0.0,,,,,,C00311,,,,
829,,GJ,4/2/2025,,"Wedbush_Trading gain (loss), net_20250402",,,,40050,ATGN,D23300,ARB03439_GBP,,,,,4460.0,,,,,C00311,,,,
830,,GJ,4/2/2025,,"Wedbush_Trading gain (loss), net_20250402",,,,40050,ATGN,D23300,ARB03439_USD,,,,,7368.75,,,,,C00311,,,,
831,,GJ,4/2/2025,,"Wedbush_Trading gain (loss), net_20250402",,,,40050,ATGN,D23090,ARB03450_EUR,,,,,775.0,,,,,C03150,,,,
832,,GJ,4/2/2025,,"Wedbush_Trading gain (loss), net_20250402",,,,40050,ATGN,D23090,ARB03450_GBP,,,,25.0,,,,,,C03150,,,,
833,,GJ,4/2/2025,,"Wedbush_Trading gain (loss), net_20250402",,,,40050,,,ARB03452_EUR,,,,187.5,,,,,,,,,,
834,,GJ,4/2/2025,,"Wedbush_Trading gain (loss), net_20250402",,,,40050,,,ARB03452_GBP,,,,,12.5,,,,,,,,,
835,,GJ,4/2/2025,,"Wedbush_Trading gain (loss), net_20250402",,,,40050,,,ARB03452_USD,,,,,1.0,,,,,,,,,
836,,GJ,4/2/2025,,"Wedbush_Trading gain (loss), net_20250402",,,,40050,ATGN,D23090,ARB03454_CHF,,,,,37.5,,,,,C03154,,,,
837,,GJ,4/2/2025,,"Wedbush_Trading gain (loss), net_20250402",,,,40050,ATGN,D23090,ARB03454_EUR,,,,187.5,,,,,,C03154,,,,
838,,GJ,4/2/2025,,"Wedbush_Trading gain (loss), net_20250402",,,,40050,ATGN,D23090,ARB03454_GBP,,,,100.0,,,,,,C03154,,,,
839,,GJ,4/2/2025,,"Wedbush_Trading gain (loss), net_20250402",,,,40050,ATGN,D23090,ARB03454_USD,,,,,121.0,,,,,C03154,,,,
840,,GJ,4/2/2025,,"Wedbush_Trading gain (loss), net_20250402",,,,40050,ATGN,D23100,ARB03456_EUR,,,,262.5,,,,,,C03156,,,,
841,,GJ,4/2/2025,,"Wedbush_Trading gain (loss), net_20250402",,,,40050,ATGN,D23100,ARB03456_GBP,,,,,250.0,,,,,C03156,,,,
842,,GJ,4/2/2025,,"Wedbush_Trading gain (loss), net_20250402",,,,40050,ATGN,D23100,ARB03456_USD,,,,,94.0,,,,,C03156,,,,
843,,GJ,4/2/2025,,"Wedbush_Trading gain (loss), net_20250402",,,,40050,ATGN,D23100,ARB03457_CHF,,,,,62.5,,,,,C03157,,,,
844,,GJ,4/2/2025,,"Wedbush_Trading gain (loss), net_20250402",,,,40050,ATGN,D23100,ARB03457_EUR,,,,137.5,,,,,,C03157,,,,
845,,GJ,4/2/2025,,"Wedbush_Trading gain (loss), net_20250402",,,,40050,ATGN,D23100,ARB03457_GBP,,,,,12.5,,,,,C03157,,,,
846,,GJ,4/2/2025,,"Wedbush_Trading gain (loss), net_20250402",,,,40050,ATGN,D23100,ARB03457_USD,,,,,383.0,,,,,C03157,,,,
847,,GJ,4/2/2025,,"Wedbush_Trading gain (loss), net_20250402",,,,40050,ATGN,D23100,ARB03459_CHF,,,,,187.5,,,,,C03159,,,,
848,,GJ,4/2/2025,,"Wedbush_Trading gain (loss), net_20250402",,,,40050,ATGN,D23100,ARB03459_EUR,,,,,50.0,,,,,C03159,,,,
849,,GJ,4/2/2025,,"Wedbush_Trading gain (loss), net_20250402",,,,40050,ATGN,D23100,ARB03459_GBP,,,,,137.5,,,,,C03159,,,,
850,,GJ,4/2/2025,,"Wedbush_Trading gain (loss), net_20250402",,,,40050,ATGN,D23100,ARB03459_USD,,,,,80.0,,,,,C03159,,,,
851,,GJ,4/2/2025,,"Wedbush_Trading gain (loss), net_20250402",,,,40050,ATGN,D23300,ARB03460_EUR,,,,0.0,,,,,,C03160,,,,
852,,GJ,4/2/2025,,"Wedbush_Trading gain (loss), net_20250402",,,,40050,ATGN,D23300,ARB03460_GBP,,,,,920.0,,,,,C03160,,,,
853,,GJ,4/2/2025,,"Wedbush_Trading gain (loss), net_20250402",,,,40050,ATGN,D23300,ARB03460_USD,,,,,1440.5999999999995,,,,,C03160,,,,
854,,GJ,4/2/2025,,"Wedbush_Trading gain (loss), net_20250402",,,,40050,,,ARB03461_EUR,,,,0.0,,,,,,,,,,
855,,GJ,4/2/2025,,"Wedbush_Trading gain (loss), net_20250402",,,,40050,,,ARB03461_GBP,,,,,270.0,,,,,,,,,
856,,GJ,4/2/2025,,"Wedbush_Trading gain (loss), net_20250402",,,,40050,,,ARB03462_EUR,,,,0.0,,,,,,,,,,
857,,GJ,4/2/2025,,"Wedbush_Trading gain (loss), net_20250402",,,,40050,,,ARB03462_GBP,,,,,470.0,,,,,,,,,
858,,GJ,4/2/2025,,"Wedbush_Trading gain (loss), net_20250402",,,,40050,,,ARB03462_USD,,,,396.59999999999945,,,,,,,,,,
859,,GJ,4/2/2025,,"Wedbush_Trading gain (loss), net_20250402",,,,40050,ATGN,D23300,ARB03463_EUR,,,,0.0,,,,,,C03163,,,,
860,,GJ,4/2/2025,,"Wedbush_Trading gain (loss), net_20250402",,,,40050,ATGN,D23300,ARB03463_GBP,,,,,1000.0,,,,,C03163,,,,
861,,GJ,4/2/2025,,"Wedbush_Trading gain (loss), net_20250402",,,,40050,ATGN,D23300,ARB03463_USD,,,,,74.60000000000036,,,,,C03163,,,,
862,,GJ,4/2/2025,,"Wedbush_Trading gain (loss), net_20250402",,,,40050,ATGN,D23080,ARB03472_USD,,,,750.3999999999996,,,,,,C03172,,,,
863,,GJ,4/2/2025,,"Wedbush_Trading gain (loss), net_20250402",,,,40050,ATGN,D23100,ARB03474_EUR,,,,225.0,,,,,,C03174,,,,
864,,GJ,4/2/2025,,"Wedbush_Trading gain (loss), net_20250402",,,,40050,ATGN,D23100,ARB03474_GBP,,,,0.0,,,,,,C03174,,,,
865,,GJ,4/2/2025,,"Wedbush_Trading gain (loss), net_20250402",,,,40050,ATGN,D23100,ARB03476_EUR,,,,175.0,,,,,,C03176,,,,
866,,GJ,4/2/2025,,"Wedbush_Trading gain (loss), net_20250402",,,,40050,ATGN,D23100,ARB03476_GBP,,,,0.0,,,,,,C03176,,,,
867,,GJ,4/2/2025,,"Wedbush_Trading gain (loss), net_20250402",,,,40050,ATGN,D23090,ARB03479_USD,,,,224.0,,,,,,C03179,,,,
868,,GJ,4/2/2025,,"Wedbush_Trading gain (loss), net_20250402",,,,40050,ATGN,D23090,ARB03481_USD,,,,100.80000000000001,,,,,,C03181,,,,
869,,GJ,4/2/2025,,"Wedbush_Trading gain (loss), net_20250402",,,,40050,ATGN,D23100,ARB03484_EUR,,,,,87.5,,,,,C03184,,,,
870,,GJ,4/2/2025,,"Wedbush_Trading gain (loss), net_20250402",,,,40050,ATGN,D23100,ARB03484_GBP,,,,,75.0,,,,,C03184,,,,
871,,GJ,4/2/2025,,"Wedbush_Trading gain (loss), net_20250402",,,,40050,ATGN,D23100,ARB03484_USD,,,,,131.0,,,,,C03184,,,,
872,,GJ,4/2/2025,,"Wedbush_Trading gain (loss), net_20250402",,,,40050,ATGN,D23100,ARB03485_EUR,,,,,237.5,,,,,C03185,,,,
873,,GJ,4/2/2025,,"Wedbush_Trading gain (loss), net_20250402",,,,40050,ATGN,D23100,ARB03485_GBP,,,,75.0,,,,,,C03185,,,,
874,,GJ,4/2/2025,,"Wedbush_Trading gain (loss), net_20250402",,,,40050,ATGN,D23100,ARB03485_USD,,,,47.19999999999999,,,,,,C03185,,,,
875,,GJ,4/2/2025,,"Wedbush_Trading gain (loss), net_20250402",,,,40050,ATGN,D23100,ARB03487_EUR,,,,,362.5,,,,,C03187,,,,
876,,GJ,4/2/2025,,"Wedbush_Trading gain (loss), net_20250402",,,,40050,ATGN,D23100,ARB03487_GBP,,,,162.5,,,,,,C03187,,,,
877,,GJ,4/2/2025,,"Wedbush_Trading gain (loss), net_20250402",,,,40050,ATGN,D23100,ARB03487_USD,,,,86.29999999999995,,,,,,C03187,,,,
878,,GJ,4/2/2025,,"Wedbush_Trading gain (loss), net_20250402",,,,40050,ATGN,D23300,ARB03489_EUR,,,,0.0,,,,,,C03160,,,,
879,,GJ,4/2/2025,,"Wedbush_Trading gain (loss), net_20250402",,,,40050,ATGN,D23300,ARB03489_GBP,,,,70.0,,,,,,C03160,,,,
880,,GJ,4/2/2025,,"Wedbush_Trading gain (loss), net_20250402",,,,40050,ATGN,D23300,ARB03489_USD,,,,2722.8000000000006,,,,,,C03160,,,,
881,,GJ,4/2/2025,,"Wedbush_Trading gain (loss), net_20250402",,,,40050,,,ARB03490_EUR,,,,0.0,,,,,,,,,,
882,,GJ,4/2/2025,,"Wedbush_Trading gain (loss), net_20250402",,,,40050,,,ARB03490_GBP,,,,,200.0,,,,,,,,,
883,,GJ,4/2/2025,,"Wedbush_Trading gain (loss), net_20250402",,,,40050,,,ARB03490_USD,,,,,65.0,,,,,,,,,
884,,GJ,4/2/2025,,"Wedbush_Trading gain (loss), net_20250402",,,,40050,,,ARB03491_USD,,,,1825.6,,,,,,,,,,
885,,GJ,4/2/2025,,"Wedbush_Trading gain (loss), net_20250402",,,,40050,ATGN,D23300,ARB03492_USD,,,,3505.5999999999985,,,,,,C03163,,,,
886,,GJ,4/2/2025,,"Wedbush_Trading gain (loss), net_20250402",,,,40050,303P,D21300,ARB04009_USD,,,,,1981.25,,,,,C04009,,,,
887,,GJ,4/2/2025,,"Wedbush_Trading gain (loss), net_20250402",,,,40050,303P,D21300,ARB04010_USD,,,,,150.0,,,,,C04009,,,,
888,,GJ,4/2/2025,,"Wedbush_Trading gain (loss), net_20250402",,,,40050,303P,D21300,ARB04011_USD,,,,,8463.0,,,,,C04009,,,,
889,,GJ,4/2/2025,,"Wedbush_Trading gain (loss), net_20250402",,,,40050,303P,D21300,ARB04012_USD,,,,443.75,,,,,,C04009,,,,
890,,GJ,4/2/2025,,"Wedbush_Trading gain (loss), net_20250402",,,,40050,303P,D21300,ARB04013_USD,,,,1075.0,,,,,,C04009,,,,
891,,GJ,4/2/2025,,"Wedbush_Trading gain (loss), net_20250402",,,,40050,303P,D21300,ARB04014_USD,,,,56.25,,,,,,C04009,,,,
892,,GJ,4/2/2025,,"Wedbush_Trading gain (loss), net_20250402",,,,40050,303P,D21300,ARB04015_USD,,,,,240.0,,,,,C04009,,,,
893,,GJ,4/2/2025,,"Wedbush_Trading gain (loss), net_20250402",,,,40050,303P,D21300,ARB04020_USD,,,,1800.0,,,,,,C04020,,,,
894,,GJ,4/2/2025,,"Wedbush_Trading gain (loss), net_20250402",,,,40050,303P,D21030,ARB04021_USD,,,,31.25,,,,,,C03084,,,,
895,,GJ,4/2/2025,,"Wedbush_Trading gain (loss), net_20250402",,,,40050,303P,D21030,ARB04022_USD,,,,679.1199999999999,,,,,,C04022,,,,
896,,GJ,4/2/2025,,"Wedbush_Trading gain (loss), net_20250402",,,,40050,303P,D21300,ARB04024_USD,,,,,501.25,,,,,C04024,,,,
897,,GJ,4/2/2025,,"Wedbush_Trading gain (loss), net_20250402",,,,40050,303P,D21300,ARB04057_USD,,,,25.0,,,,,,C01057,,,,
898,,GJ,4/2/2025,,"Wedbush_Trading gain (loss), net_20250402",,,,40050,303P,D21300,ARB05057_EUR,,,,,6862.5,,,,,C01057,,,,
899,,GJ,4/2/2025,,"Wedbush_Trading gain (loss), net_20250402",,,,40050,303P,D21300,ARB05057_USD,,,,0.0,,,,,,C01057,,,,
900,,GJ,4/2/2025,,"Wedbush_Trading gain (loss), net_20250402",,,,40050,ATGN,D21300,ARB05357_EUR,,,,133287.5,,,,,,C01057,,,,
901,,GJ,4/2/2025,,"Wedbush_Trading gain (loss), net_20250402",,,,40050,ATGN,D21300,ARB05357_GBP,,,,0.0,,,,,,C01057,,,,
902,,GJ,4/2/2025,,"Wedbush_Trading gain (loss), net_20250402",,,,40050,303P,D21300,ARB06057_USD,,,,8562.449999999997,,,,,,C01057,,,,
903,,GJ,4/2/2025,,"Wedbush_Trading gain (loss), net_20250402",,,,40050,ATGN,D21300,ARB06357_USD,,,,,46000.0,,,,,C01057,,,,
904,,GJ,4/2/2025,,Wedbush_Brokerage Commissions_20250402,,,,12100,303P,D24300,ARB00020_USD,,,,,65.1,,,,,C00020,,,,
905,,GJ,4/2/2025,,Wedbush_Brokerage Commissions_20250402,,,,12100,303P,D24300,ARB00022_USD,,,,,21.900000000000002,,,,,C00022,,,,
906,,GJ,4/2/2025,,Wedbush_Brokerage Commissions_20250402,,,,12100,303P,D24300,ARB00023_USD,,,,,1.5,,,,,C00023,,,,
907,,GJ,4/2/2025,,Wedbush_Brokerage Commissions_20250402,,,,12100,303P,D21300,ARB00033_USD,,,,,491.54999999999995,,,,,C00033,,,,
908,,GJ,4/2/2025,,Wedbush_Brokerage Commissions_20250402,,,,12100,303P,D21300,ARB00054_USD,,,,,237.75,,,,,C00054,,,,
909,,GJ,4/2/2025,,Wedbush_Brokerage Commissions_20250402,,,,12100,303P,D21300,ARB00055_USD,,,,,3.75,,,,,C00054,,,,
910,,GJ,4/2/2025,,Wedbush_Brokerage Commissions_20250402,,,,12100,303P,D21300,ARB00068_USD,,,,,392.70000000000005,,,,,C03068,,,,
911,,GJ,4/2/2025,,Wedbush_Brokerage Commissions_20250402,,,,12100,303P,D21300,ARB00090_USD,,,,,52.05,,,,,C00090,,,,
912,,GJ,4/2/2025,,Wedbush_Brokerage Commissions_20250402,,,,12100,303P,D23300,ARB00110_USD,,,,,11.100000000000001,,,,,C00110,,,,
913,,GJ,4/2/2025,,Wedbush_Brokerage Commissions_20250402,,,,12100,303P,D23300,ARB00112_USD,,,,,66.6,,,,,C00112,,,,
914,,GJ,4/2/2025,,Wedbush_Brokerage Commissions_20250402,,,,12100,303P,D23300,ARB00113_USD,,,,,89.7,,,,,C00112,,,,
915,,GJ,4/2/2025,,Wedbush_Brokerage Commissions_20250402,,,,12100,303P,D23300,ARB00122_USD,,,,,0.15,,,,,C00122,,,,
916,,GJ,4/2/2025,,Wedbush_Brokerage Commissions_20250402,,,,12100,303P,D23080,ARB00123_USD,,,,,100.2,,,,,C01231,,,,
917,,GJ,4/2/2025,,Wedbush_Brokerage Commissions_20250402,,,,12100,303P,D23020,ARB00124_USD,,,,,10.5,,,,,C00124,,,,
918,,GJ,4/2/2025,,Wedbush_Brokerage Commissions_20250402,,,,12100,303P,D23020,ARB00126_USD,,,,,2.55,,,,,C00426,,,,
919,,GJ,4/2/2025,,Wedbush_Brokerage Commissions_20250402,,,,12100,303P,D23300,ARB00132_USD,,,,,24.0,,,,,C00132,,,,
920,,GJ,4/2/2025,,Wedbush_Brokerage Commissions_20250402,,,,12100,303P,D23300,ARB00135_USD,,,,,25.200000000000003,,,,,C00135,,,,
921,,GJ,4/2/2025,,Wedbush_Brokerage Commissions_20250402,,,,12100,303P,D23080,ARB00141_USD,,,,,44.4,,,,,C02116,,,,
922,,GJ,4/2/2025,,Wedbush_Brokerage Commissions_20250402,,,,12100,303P,D23020,ARB00143_USD,,,,,3.0,,,,,C00125,,,,
923,,GJ,4/2/2025,,Wedbush_Brokerage Commissions_20250402,,,,12100,303P,D23020,ARB00146_USD,,,,,6.6,,,,,C00146,,,,
924,,GJ,4/2/2025,,Wedbush_Brokerage Commissions_20250402,,,,12100,303P,D23300,ARB00149_USD,,,,,18.0,,,,,C00149,,,,
925,,GJ,4/2/2025,,Wedbush_Brokerage Commissions_20250402,,,,12100,303P,D23300,ARB00156_USD,,,,,242.55,,,,,C00156,,,,
926,,GJ,4/2/2025,,Wedbush_Brokerage Commissions_20250402,,,,12100,303P,D23300,ARB00159_USD,,,,,18.0,,,,,C00159,,,,
927,,GJ,4/2/2025,,Wedbush_Brokerage Commissions_20250402,,,,12100,303P,D23010,ARB00160_USD,,,,,10.05,,,,,C00160,,,,
928,,GJ,4/2/2025,,Wedbush_Brokerage Commissions_20250402,,,,12100,303P,D23010,ARB00169_USD,,,,,56.85,,,,,C00469,,,,
929,,GJ,4/2/2025,,Wedbush_Brokerage Commissions_20250402,,,,12100,303P,D23060,ARB00186_USD,,,,,27.0,,,,,C00186,,,,
930,,GJ,4/2/2025,,Wedbush_Brokerage Commissions_20250402,,,,12100,303P,D23060,ARB00188_USD,,,,,8.7,,,,,C00186,,,,
931,,GJ,4/2/2025,,Wedbush_Brokerage Commissions_20250402,,,,12100,303P,D23300,ARB00193_USD,,,,,100.05,,,,,C00193,,,,
932,,GJ,4/2/2025,,Wedbush_Brokerage Commissions_20250402,,,,12100,303P,D23300,ARB00194_USD,,,,,179.1,,,,,C00194,,,,
933,,GJ,4/2/2025,,Wedbush_Brokerage Commissions_20250402,,,,12100,303P,D22000,ARB00201_USD,,,,,38.85,,,,,C00201,,,,
934,,GJ,4/2/2025,,Wedbush_Brokerage Commissions_20250402,,,,12100,303P,D22000,ARB00214_USD,,,,,8.4,,,,,C00214,,,,
935,,GJ,4/2/2025,,Wedbush_Brokerage Commissions_20250402,,,,12100,303P,D22000,ARB00220_USD,,,,,61.5,,,,,C00220,,,,
936,,GJ,4/2/2025,,Wedbush_Brokerage Commissions_20250402,,,,12100,303P,D22000,ARB00257_USD,,,,,117.6,,,,,C00257,,,,
937,,GJ,4/2/2025,,Wedbush_Brokerage Commissions_20250402,,,,12100,303P,D22000,ARB00267_USD,,,,,30.0,,,,,C00267,,,,
938,,GJ,4/2/2025,,Wedbush_Brokerage Commissions_20250402,,,,12100,ATGN,D24300,ARB00320_EUR,,,,,199.5,,,,,C00020,,,,
939,,GJ,4/2/2025,,Wedbush_Brokerage Commissions_20250402,,,,12100,ATGN,D24300,ARB00320_GBP,,,,,0.0,,,,,C00020,,,,
940,,GJ,4/2/2025,,Wedbush_Brokerage Commissions_20250402,,,,12100,ATGN,D21300,ARB00333_EUR,,,,,78.6,,,,,C00033,,,,
941,,GJ,4/2/2025,,Wedbush_Brokerage Commissions_20250402,,,,12100,ATGN,D21300,ARB00333_GBP,,,,,0.0,,,,,C00033,,,,
942,,GJ,4/2/2025,,Wedbush_Brokerage Commissions_20250402,,,,12100,ATGN,D21300,ARB00354_USD,,,,,66.0,,,,,C00054,,,,
943,,GJ,4/2/2025,,Wedbush_Brokerage Commissions_20250402,,,,12100,ATGN,D21300,ARB00355_EUR,,,,,1.8,,,,,C00054,,,,
944,,GJ,4/2/2025,,Wedbush_Brokerage Commissions_20250402,,,,12100,ATGN,D21300,ARB00355_GBP,,,,,0.0,,,,,C00054,,,,
945,,GJ,4/2/2025,,Wedbush_Brokerage Commissions_20250402,,,,12100,ATGN,D21300,ARB00390_CAD,,,,,0.0,,,,,C00090,,,,
946,,GJ,4/2/2025,,Wedbush_Brokerage Commissions_20250402,,,,12100,ATGN,D21300,ARB00390_USD,,,,,9.0,,,,,C00090,,,,
947,,GJ,4/2/2025,,Wedbush_Brokerage Commissions_20250402,,,,12100,ATGN,D23300,ARB00412_CHF,,,,,0.0,,,,,C00112,,,,
948,,GJ,4/2/2025,,Wedbush_Brokerage Commissions_20250402,,,,12100,ATGN,D23300,ARB00412_EUR,,,,,136.05,,,,,C00112,,,,
949,,GJ,4/2/2025,,Wedbush_Brokerage Commissions_20250402,,,,12100,ATGN,D23300,ARB00412_GBP,,,,,0.0,,,,,C00112,,,,
950,,GJ,4/2/2025,,Wedbush_Brokerage Commissions_20250402,,,,12100,ATGN,D23300,ARB00412_USD,,,,,1.5,,,,,C00112,,,,
951,,GJ,4/2/2025,,Wedbush_Brokerage Commissions_20250402,,,,12100,ATGN,D23300,ARB00422_EUR,,,,,4.5,,,,,C00122,,,,
952,,GJ,4/2/2025,,Wedbush_Brokerage Commissions_20250402,,,,12100,ATGN,D23300,ARB00422_GBP,,,,,0.0,,,,,C00122,,,,
953,,GJ,4/2/2025,,Wedbush_Brokerage Commissions_20250402,,,,12100,ATGN,D23300,ARB00422_USD,,,,,73.5,,,,,C00122,,,,
954,,GJ,4/2/2025,,Wedbush_Brokerage Commissions_20250402,,,,12100,ATGN,D23080,ARB00423_EUR,,,,,3.45,,,,,C01231,,,,
955,,GJ,4/2/2025,,Wedbush_Brokerage Commissions_20250402,,,,12100,ATGN,D23080,ARB00423_GBP,,,,,0.0,,,,,C01231,,,,
956,,GJ,4/2/2025,,Wedbush_Brokerage Commissions_20250402,,,,12100,ATGN,D23080,ARB00423_USD,,,,,414.45000000000005,,,,,C01231,,,,
957,,GJ,4/2/2025,,Wedbush_Brokerage Commissions_20250402,,,,12100,ATGN,D23020,ARB00424_EUR,,,,,40.349999999999994,,,,,C00124,,,,
958,,GJ,4/2/2025,,Wedbush_Brokerage Commissions_20250402,,,,12100,ATGN,D23020,ARB00424_GBP,,,,,0.0,,,,,C00124,,,,
959,,GJ,4/2/2025,,Wedbush_Brokerage Commissions_20250402,,,,12100,ATGN,D23020,ARB00424_USD,,,,,82.35,,,,,C00124,,,,
960,,GJ,4/2/2025,,Wedbush_Brokerage Commissions_20250402,,,,12100,ATGN,D23020,ARB00425_EUR,,,,,19.35,,,,,C00125,,,,
961,,GJ,4/2/2025,,Wedbush_Brokerage Commissions_20250402,,,,12100,ATGN,D23020,ARB00425_GBP,,,,,0.0,,,,,C00125,,,,
962,,GJ,4/2/2025,,Wedbush_Brokerage Commissions_20250402,,,,12100,ATGN,D23020,ARB00425_USD,,,,,674.8499999999999,,,,,C00125,,,,
963,,GJ,4/2/2025,,Wedbush_Brokerage Commissions_20250402,,,,12100,ATGN,D23020,ARB00426_CAD,,,,,0.0,,,,,C00426,,,,
964,,GJ,4/2/2025,,Wedbush_Brokerage Commissions_20250402,,,,12100,ATGN,D23020,ARB00426_EUR,,,,,8.55,,,,,C00426,,,,
965,,GJ,4/2/2025,,Wedbush_Brokerage Commissions_20250402,,,,12100,ATGN,D23020,ARB00426_GBP,,,,,0.0,,,,,C00426,,,,
966,,GJ,4/2/2025,,Wedbush_Brokerage Commissions_20250402,,,,12100,ATGN,D23020,ARB00426_USD,,,,,202.05,,,,,C00426,,,,
967,,GJ,4/2/2025,,Wedbush_Brokerage Commissions_20250402,,,,12100,ATGN,D23300,ARB00432_EUR,,,,,25.2,,,,,C00132,,,,
968,,GJ,4/2/2025,,Wedbush_Brokerage Commissions_20250402,,,,12100,ATGN,D23300,ARB00432_GBP,,,,,0.0,,,,,C00132,,,,
969,,GJ,4/2/2025,,Wedbush_Brokerage Commissions_20250402,,,,12100,ATGN,D23300,ARB00435_EUR,,,,,0.6,,,,,C00135,,,,
970,,GJ,4/2/2025,,Wedbush_Brokerage Commissions_20250402,,,,12100,ATGN,D23300,ARB00435_GBP,,,,,0.0,,,,,C00135,,,,
971,,GJ,4/2/2025,,Wedbush_Brokerage Commissions_20250402,,,,12100,ATGN,D23300,ARB00435_USD,,,,,302.4,,,,,C00135,,,,
972,,GJ,4/2/2025,,Wedbush_Brokerage Commissions_20250402,,,,12100,ATGN,D23080,ARB00441_EUR,,,,,1.8,,,,,C01231,,,,
973,,GJ,4/2/2025,,Wedbush_Brokerage Commissions_20250402,,,,12100,ATGN,D23080,ARB00441_GBP,,,,,0.0,,,,,C01231,,,,
974,,GJ,4/2/2025,,Wedbush_Brokerage Commissions_20250402,,,,12100,ATGN,D23080,ARB00441_USD,,,,,25.5,,,,,C01231,,,,
975,,GJ,4/2/2025,,Wedbush_Brokerage Commissions_20250402,,,,12100,ATGN,D23020,ARB00442_USD,,,,,1.65,,,,,C00124,,,,
976,,GJ,4/2/2025,,Wedbush_Brokerage Commissions_20250402,,,,12100,ATGN,D23020,ARB00446_EUR,,,,,5.3999999999999995,,,,,C00146,,,,
977,,GJ,4/2/2025,,Wedbush_Brokerage Commissions_20250402,,,,12100,ATGN,D23020,ARB00446_GBP,,,,,0.0,,,,,C00146,,,,
978,,GJ,4/2/2025,,Wedbush_Brokerage Commissions_20250402,,,,12100,ATGN,D23020,ARB00446_USD,,,,,160.35,,,,,C00146,,,,
979,,GJ,4/2/2025,,Wedbush_Brokerage Commissions_20250402,,,,12100,ATGN,D23300,ARB00449_EUR,,,,,3.0,,,,,C00149,,,,
980,,GJ,4/2/2025,,Wedbush_Brokerage Commissions_20250402,,,,12100,ATGN,D23300,ARB00449_GBP,,,,,0.0,,,,,C00149,,,,
981,,GJ,4/2/2025,,Wedbush_Brokerage Commissions_20250402,,,,12100,ATGN,D23300,ARB00449_USD,,,,,19.8,,,,,C00149,,,,
982,,GJ,4/2/2025,,Wedbush_Brokerage Commissions_20250402,,,,12100,ATGN,D23300,ARB00456_CHF,,,,,0.0,,,,,C00156,,,,
983,,GJ,4/2/2025,,Wedbush_Brokerage Commissions_20250402,,,,12100,ATGN,D23300,ARB00456_EUR,,,,,8.4,,,,,C00156,,,,
984,,GJ,4/2/2025,,Wedbush_Brokerage Commissions_20250402,,,,12100,ATGN,D23300,ARB00456_USD,,,,,32.1,,,,,C00156,,,,
985,,GJ,4/2/2025,,Wedbush_Brokerage Commissions_20250402,,,,12100,ATGN,D23010,ARB00460_CAD,,,,,0.0,,,,,C00160,,,,
986,,GJ,4/2/2025,,Wedbush_Brokerage Commissions_20250402,,,,12100,ATGN,D23010,ARB00460_USD,,,,,6.3,,,,,C00160,,,,
987,,GJ,4/2/2025,,Wedbush_Brokerage Commissions_20250402,,,,12100,ATGN,D23010,ARB00469_EUR,,,,,27.150000000000002,,,,,C00469,,,,
988,,GJ,4/2/2025,,Wedbush_Brokerage Commissions_20250402,,,,12100,ATGN,D23010,ARB00469_GBP,,,,,0.0,,,,,C00469,,,,
989,,GJ,4/2/2025,,Wedbush_Brokerage Commissions_20250402,,,,12100,ATGN,D23010,ARB00469_USD,,,,,394.35,,,,,C00469,,,,
990,,GJ,4/2/2025,,Wedbush_Brokerage Commissions_20250402,,,,12100,ATGN,D23060,ARB00486_EUR,,,,,2.4,,,,,C00186,,,,
991,,GJ,4/2/2025,,Wedbush_Brokerage Commissions_20250402,,,,12100,ATGN,D23060,ARB00486_GBP,,,,,0.0,,,,,C00186,,,,
992,,GJ,4/2/2025,,Wedbush_Brokerage Commissions_20250402,,,,12100,ATGN,D23060,ARB00486_USD,,,,,8.7,,,,,C00186,,,,
993,,GJ,4/2/2025,,Wedbush_Brokerage Commissions_20250402,,,,12100,ATGN,D23060,ARB00488_USD,,,,,0.6,,,,,C00186,,,,
994,,GJ,4/2/2025,,Wedbush_Brokerage Commissions_20250402,,,,12100,ATGN,D23300,ARB00493_CAD,,,,,0.0,,,,,C00193,,,,
995,,GJ,4/2/2025,,Wedbush_Brokerage Commissions_20250402,,,,12100,ATGN,D23300,ARB00493_EUR,,,,,0.6,,,,,C00193,,,,
996,,GJ,4/2/2025,,Wedbush_Brokerage Commissions_20250402,,,,12100,ATGN,D23300,ARB00493_GBP,,,,,0.0,,,,,C00193,,,,
997,,GJ,4/2/2025,,Wedbush_Brokerage Commissions_20250402,,,,12100,ATGN,D23300,ARB00493_USD,,,,,38.4,,,,,C00193,,,,
998,,GJ,4/2/2025,,Wedbush_Brokerage Commissions_20250402,,,,12100,ATGN,D23300,ARB00494_CAD,,,,,0.0,,,,,C00194,,,,
999,,GJ,4/2/2025,,Wedbush_Brokerage Commissions_20250402,,,,12100,ATGN,D23300,ARB00494_EUR,,,,,6.45,,,,,C00194,,,,
1000,,GJ,4/2/2025,,Wedbush_Brokerage Commissions_20250402,,,,12100,ATGN,D23300,ARB00494_GBP,,,,,0.0,,,,,C00194,,,,
1001,,GJ,4/2/2025,,Wedbush_Brokerage Commissions_20250402,,,,12100,ATGN,D23300,ARB00494_USD,,,,,54.3,,,,,C00194,,,,
1002,,GJ,4/2/2025,,Wedbush_Brokerage Commissions_20250402,,,,12100,ATGN,D22000,ARB00501_EUR,,,,,7.2,,,,,C00201,,,,
1003,,GJ,4/2/2025,,Wedbush_Brokerage Commissions_20250402,,,,12100,ATGN,D22000,ARB00501_GBP,,,,,0.0,,,,,C00201,,,,
1004,,GJ,4/2/2025,,Wedbush_Brokerage Commissions_20250402,,,,12100,ATGN,D22000,ARB00503_EUR,,,,,2.7,,,,,C00203,,,,
1005,,GJ,4/2/2025,,Wedbush_Brokerage Commissions_20250402,,,,12100,ATGN,D22000,ARB00503_GBP,,,,,0.0,,,,,C00203,,,,
1006,,GJ,4/2/2025,,Wedbush_Brokerage Commissions_20250402,,,,12100,ATGN,D22000,ARB00503_USD,,,,,6.0,,,,,C00203,,,,
1007,,GJ,4/2/2025,,Wedbush_Brokerage Commissions_20250402,,,,12100,ATGN,D22000,ARB00520_CAD,,,,,0.0,,,,,C00220,,,,
1008,,GJ,4/2/2025,,Wedbush_Brokerage Commissions_20250402,,,,12100,ATGN,D22000,ARB00520_USD,,,,,16.8,,,,,C00220,,,,
1009,,GJ,4/2/2025,,Wedbush_Brokerage Commissions_20250402,,,,12100,ATGN,D22000,ARB00567_EUR,,,,,7.5,,,,,C00267,,,,
1010,,GJ,4/2/2025,,Wedbush_Brokerage Commissions_20250402,,,,12100,ATGN,D22000,ARB00567_GBP,,,,,0.0,,,,,C00267,,,,
1011,,GJ,4/2/2025,,Wedbush_Brokerage Commissions_20250402,,,,12100,ATGN,D22000,ARB00567_USD,,,,,10.8,,,,,C00267,,,,
1012,,GJ,4/2/2025,,Wedbush_Brokerage Commissions_20250402,,,,12100,303S,D21300,ARB00754_USD,,,,,185.25,,,,,C00754,,,,
1013,,GJ,4/2/2025,,Wedbush_Brokerage Commissions_20250402,,,,12100,303S,D21030,ARB00765_USD,,,,,15.9,,,,,C00765,,,,
1014,,GJ,4/2/2025,,Wedbush_Brokerage Commissions_20250402,,,,12100,303P,D21030,ARB01002_USD,,,,,24.9,,,,,C01064,,,,
1015,,GJ,4/2/2025,,Wedbush_Brokerage Commissions_20250402,,,,12100,303P,D21300,ARB01057_MXN,,,,,0.0,,,,,C01057,,,,
1016,,GJ,4/2/2025,,Wedbush_Brokerage Commissions_20250402,,,,12100,303P,D21300,ARB01057_USD,,,,,762.9,,,,,C01057,,,,
1017,,GJ,4/2/2025,,Wedbush_Brokerage Commissions_20250402,,,,12100,303P,D21030,ARB01063_USD,,,,,265.34999999999997,,,,,C01063,,,,
1018,,GJ,4/2/2025,,Wedbush_Brokerage Commissions_20250402,,,,12100,303P,D21030,ARB01064_USD,,,,,144.45,,,,,C01064,,,,
1019,,GJ,4/2/2025,,Wedbush_Brokerage Commissions_20250402,,,,12100,303P,D21030,ARB01065_USD,,,,,21.0,,,,,C01065,,,,
1020,,GJ,4/2/2025,,Wedbush_Brokerage Commissions_20250402,,,,12100,303P,D21030,ARB01066_USD,,,,,6.300000000000001,,,,,C01066,,,,
1021,,GJ,4/2/2025,,Wedbush_Brokerage Commissions_20250402,,,,12100,303P,D21030,ARB01071_USD,,,,,19.200000000000003,,,,,C01071,,,,
1022,,GJ,4/2/2025,,Wedbush_Brokerage Commissions_20250402,,,,12100,303P,D21030,ARB01076_USD,,,,,148.65,,,,,C01076,,,,
1023,,GJ,4/2/2025,,Wedbush_Brokerage Commissions_20250402,,,,12100,303P,D21030,ARB01078_USD,,,,,170.1,,,,,C01078,,,,
1024,,GJ,4/2/2025,,Wedbush_Brokerage Commissions_20250402,,,,12100,303P,D21030,ARB01092_USD,,,,,161.7,,,,,C01092,,,,
1025,,GJ,4/2/2025,,Wedbush_Brokerage Commissions_20250402,,,,12100,303P,D21030,ARB01093_USD,,,,,324.9,,,,,C01093,,,,
1026,,GJ,4/2/2025,,Wedbush_Brokerage Commissions_20250402,,,,12100,303P,D21030,ARB01095_USD,,,,,176.7,,,,,C01095,,,,
1027,,GJ,4/2/2025,,Wedbush_Brokerage Commissions_20250402,,,,12100,303P,D21030,ARB01098_USD,,,,,435.90000000000003,,,,,C01098,,,,
1028,,GJ,4/2/2025,,Wedbush_Brokerage Commissions_20250402,,,,12100,303P,D23300,ARB01145_USD,,,,,385.95,,,,,C01145,,,,
1029,,GJ,4/2/2025,,Wedbush_Brokerage Commissions_20250402,,,,12100,303P,D23010,ARB01157_USD,,,,,66.3,,,,,C01157,,,,
1030,,GJ,4/2/2025,,Wedbush_Brokerage Commissions_20250402,,,,12100,303P,D23010,ARB01158_USD,,,,,516.15,,,,,C01158,,,,
1031,,GJ,4/2/2025,,Wedbush_Brokerage Commissions_20250402,,,,12100,303P,D23010,ARB01166_USD,,,,,15.3,,,,,C01166,,,,
1032,,GJ,4/2/2025,,Wedbush_Brokerage Commissions_20250402,,,,12100,303P,D23010,ARB01172_USD,,,,,12.6,,,,,C01172,,,,
1033,,GJ,4/2/2025,,Wedbush_Brokerage Commissions_20250402,,,,12100,303P,D23010,ARB01176_USD,,,,,59.4,,,,,C01176,,,,
1034,,GJ,4/2/2025,,Wedbush_Brokerage Commissions_20250402,,,,12100,303P,D23010,ARB01177_USD,,,,,129.75,,,,,C00469,,,,
1035,,GJ,4/2/2025,,Wedbush_Brokerage Commissions_20250402,,,,12100,303P,D23010,ARB01179_USD,,,,,37.8,,,,,C01479,,,,
1036,,GJ,4/2/2025,,Wedbush_Brokerage Commissions_20250402,,,,12100,303P,D23300,ARB01195_USD,,,,,3.3,,,,,C00193,,,,
1037,,GJ,4/2/2025,,Wedbush_Brokerage Commissions_20250402,,,,12100,ATGN,D21300,ARB01357_CHF,,,,,0.0,,,,,C01057,,,,
1038,,GJ,4/2/2025,,Wedbush_Brokerage Commissions_20250402,,,,12100,ATGN,D21300,ARB01357_EUR,,,,,1333.65,,,,,C01057,,,,
1039,,GJ,4/2/2025,,Wedbush_Brokerage Commissions_20250402,,,,12100,ATGN,D21300,ARB01357_GBP,,,,,0.0,,,,,C01057,,,,
1040,,GJ,4/2/2025,,Wedbush_Brokerage Commissions_20250402,,,,12100,ATGN,D23020,ARB01400_USD,,,,,7.2,,,,,C00146,,,,
1041,,GJ,4/2/2025,,Wedbush_Brokerage Commissions_20250402,,,,12100,ATGN,D23020,ARB01417_EUR,,,,,20.4,,,,,C01117,,,,
1042,,GJ,4/2/2025,,Wedbush_Brokerage Commissions_20250402,,,,12100,ATGN,D23020,ARB01417_GBP,,,,,0.0,,,,,C01117,,,,
1043,,GJ,4/2/2025,,Wedbush_Brokerage Commissions_20250402,,,,12100,ATGN,D23020,ARB01417_USD,,,,,148.64999999999998,,,,,C01117,,,,
1044,,GJ,4/2/2025,,Wedbush_Brokerage Commissions_20250402,,,,12100,ATGN,D23300,ARB01445_CHF,,,,,0.0,,,,,C01145,,,,
1045,,GJ,4/2/2025,,Wedbush_Brokerage Commissions_20250402,,,,12100,ATGN,D23300,ARB01445_EUR,,,,,111.0,,,,,C01145,,,,
1046,,GJ,4/2/2025,,Wedbush_Brokerage Commissions_20250402,,,,12100,ATGN,D23300,ARB01445_GBP,,,,,0.0,,,,,C01145,,,,
1047,,GJ,4/2/2025,,Wedbush_Brokerage Commissions_20250402,,,,12100,ATGN,D23300,ARB01445_USD,,,,,8.7,,,,,C01145,,,,
1048,,GJ,4/2/2025,,Wedbush_Brokerage Commissions_20250402,,,,12100,ATGN,D23010,ARB01457_CAD,,,,,0.0,,,,,C01157,,,,
1049,,GJ,4/2/2025,,Wedbush_Brokerage Commissions_20250402,,,,12100,ATGN,D23010,ARB01457_USD,,,,,17.1,,,,,C01157,,,,
1050,,GJ,4/2/2025,,Wedbush_Brokerage Commissions_20250402,,,,12100,ATGN,D23010,ARB01458_CAD,,,,,0.0,,,,,C01158,,,,
1051,,GJ,4/2/2025,,Wedbush_Brokerage Commissions_20250402,,,,12100,ATGN,D23010,ARB01458_USD,,,,,78.45,,,,,C01158,,,,
1052,,GJ,4/2/2025,,Wedbush_Brokerage Commissions_20250402,,,,12100,ATGN,D23010,ARB01466_USD,,,,,0.6,,,,,C01166,,,,
1053,,GJ,4/2/2025,,Wedbush_Brokerage Commissions_20250402,,,,12100,ATGN,D23010,ARB01476_EUR,,,,,3.0,,,,,C01176,,,,
1054,,GJ,4/2/2025,,Wedbush_Brokerage Commissions_20250402,,,,12100,ATGN,D23010,ARB01476_GBP,,,,,0.0,,,,,C01176,,,,
1055,,GJ,4/2/2025,,Wedbush_Brokerage Commissions_20250402,,,,12100,ATGN,D23010,ARB01476_USD,,,,,43.05,,,,,C01176,,,,
1056,,GJ,4/2/2025,,Wedbush_Brokerage Commissions_20250402,,,,12100,303P,D21300,ARB02012_USD,,,,,289.5,,,,,C02012,,,,
1057,,GJ,4/2/2025,,Wedbush_Brokerage Commissions_20250402,,,,12100,303P,D21300,ARB02040_USD,,,,,70.35,,,,,C02040,,,,
1058,,GJ,4/2/2025,,Wedbush_Brokerage Commissions_20250402,,,,12100,303P,D21300,ARB02043_USD,,,,,133.5,,,,,C02520,,,,
1059,,GJ,4/2/2025,,Wedbush_Brokerage Commissions_20250402,,,,12100,303P,D21300,ARB02044_USD,,,,,117.0,,,,,C02044,,,,
1060,,GJ,4/2/2025,,Wedbush_Brokerage Commissions_20250402,,,,12100,303P,D21300,ARB02045_USD,,,,,1.8,,,,,C02045,,,,
1061,,GJ,4/2/2025,,Wedbush_Brokerage Commissions_20250402,,,,12100,303P,D21030,ARB02047_USD,,,,,56.1,,,,,C01092,,,,
1062,,GJ,4/2/2025,,Wedbush_Brokerage Commissions_20250402,,,,12100,303P,D21030,ARB02052_USD,,,,,2.1,,,,,C01078,,,,
1063,,GJ,4/2/2025,,Wedbush_Brokerage Commissions_20250402,,,,12100,303P,D21300,ARB02055_USD,,,,,17.1,,,,,C00054,,,,
1064,,GJ,4/2/2025,,Wedbush_Brokerage Commissions_20250402,,,,12100,303P,D21300,ARB02076_USD,,,,,907.35,,,,,C02076,,,,
1065,,GJ,4/2/2025,,Wedbush_Brokerage Commissions_20250402,,,,12100,303P,D21300,ARB02081_USD,,,,,7.6499999999999995,,,,,C00675,,,,
1066,,GJ,4/2/2025,,Wedbush_Brokerage Commissions_20250402,,,,12100,303P,D21300,ARB02082_USD,,,,,172.05,,,,,C00675,,,,
1067,,GJ,4/2/2025,,Wedbush_Brokerage Commissions_20250402,,,,12100,303P,D21300,ARB02083_USD,,,,,16.35,,,,,C00675,,,,
1068,,GJ,4/2/2025,,Wedbush_Brokerage Commissions_20250402,,,,12100,303P,D21300,ARB02084_USD,,,,,15.75,,,,,C00675,,,,
1069,,GJ,4/2/2025,,Wedbush_Brokerage Commissions_20250402,,,,12100,303P,D21300,ARB02085_USD,,,,,0.3,,,,,C00675,,,,
1070,,GJ,4/2/2025,,Wedbush_Brokerage Commissions_20250402,,,,12100,303P,D21300,ARB02086_USD,,,,,0.75,,,,,C00675,,,,
1071,,GJ,4/2/2025,,Wedbush_Brokerage Commissions_20250402,,,,12100,303P,D21300,ARB02087_USD,,,,,0.75,,,,,C00675,,,,
1072,,GJ,4/2/2025,,Wedbush_Brokerage Commissions_20250402,,,,12100,303P,D23010,ARB02102_USD,,,,,66.15,,,,,C02102,,,,
1073,,GJ,4/2/2025,,Wedbush_Brokerage Commissions_20250402,,,,12100,303P,D23010,ARB02103_USD,,,,,255.3,,,,,C00163,,,,
1074,,GJ,4/2/2025,,Wedbush_Brokerage Commissions_20250402,,,,12100,303P,D23010,ARB02106_USD,,,,,36.45,,,,,C00163,,,,
1075,,GJ,4/2/2025,,Wedbush_Brokerage Commissions_20250402,,,,12100,303P,D23300,ARB02121_USD,,,,,320.7,,,,,C02121,,,,
1076,,GJ,4/2/2025,,Wedbush_Brokerage Commissions_20250402,,,,12100,303P,D23020,ARB02129_USD,,,,,51.599999999999994,,,,,C02129,,,,
1077,,GJ,4/2/2025,,Wedbush_Brokerage Commissions_20250402,,,,12100,303P,D23010,ARB02132_USD,,,,,20.4,,,,,C02132,,,,
1078,,GJ,4/2/2025,,Wedbush_Brokerage Commissions_20250402,,,,12100,303P,D23010,ARB02135_USD,,,,,18.0,,,,,C02135,,,,
1079,,GJ,4/2/2025,,Wedbush_Brokerage Commissions_20250402,,,,12100,303P,D23010,ARB02145_USD,,,,,66.0,,,,,C02145,,,,
1080,,GJ,4/2/2025,,Wedbush_Brokerage Commissions_20250402,,,,12100,303P,D23010,ARB02147_USD,,,,,267.6,,,,,C02147,,,,
1081,,GJ,4/2/2025,,Wedbush_Brokerage Commissions_20250402,,,,12100,303P,D23010,ARB02149_USD,,,,,15.0,,,,,C02149,,,,
1082,,GJ,4/2/2025,,Wedbush_Brokerage Commissions_20250402,,,,12100,303P,D23060,ARB02152_USD,,,,,22.2,,,,,C00186,,,,
1083,,GJ,4/2/2025,,Wedbush_Brokerage Commissions_20250402,,,,12100,303P,D23300,ARB02154_USD,,,,,37.8,,,,,C00149,,,,
1084,,GJ,4/2/2025,,Wedbush_Brokerage Commissions_20250402,,,,12100,303P,D23300,ARB02158_USD,,,,,22.5,,,,,C01145,,,,
1085,,GJ,4/2/2025,,Wedbush_Brokerage Commissions_20250402,,,,12100,303P,D23300,ARB02167_USD,,,,,101.7,,,,,C00118,,,,
1086,,GJ,4/2/2025,,Wedbush_Brokerage Commissions_20250402,,,,12100,303P,D23300,ARB02168_USD,,,,,6.9,,,,,C00194,,,,
1087,,GJ,4/2/2025,,Wedbush_Brokerage Commissions_20250402,,,,12100,303P,D23060,ARB02169_USD,,,,,10.8,,,,,C00186,,,,
1088,,GJ,4/2/2025,,Wedbush_Brokerage Commissions_20250402,,,,12100,303P,D23010,ARB02173_USD,,,,,38.4,,,,,C00463,,,,
1089,,GJ,4/2/2025,,Wedbush_Brokerage Commissions_20250402,,,,12100,303P,D23010,ARB02176_USD,,,,,245.39999999999998,,,,,C00463,,,,
1090,,GJ,4/2/2025,,Wedbush_Brokerage Commissions_20250402,,,,12100,303P,D23010,ARB02177_USD,,,,,117.00000000000001,,,,,C02177,,,,
1091,,GJ,4/2/2025,,Wedbush_Brokerage Commissions_20250402,,,,12100,303P,D23010,ARB02179_USD,,,,,459.45,,,,,C02179,,,,
1092,,GJ,4/2/2025,,Wedbush_Brokerage Commissions_20250402,,,,12100,303P,D23010,ARB02180_USD,,,,,52.8,,,,,C02180,,,,
1093,,GJ,4/2/2025,,Wedbush_Brokerage Commissions_20250402,,,,12100,303P,D23010,ARB02181_USD,,,,,565.5,,,,,C02181,,,,
1094,,GJ,4/2/2025,,Wedbush_Brokerage Commissions_20250402,,,,12100,303P,D23010,ARB02182_USD,,,,,448.05,,,,,C02182,,,,
1095,,GJ,4/2/2025,,Wedbush_Brokerage Commissions_20250402,,,,12100,303P,D23010,ARB02183_USD,,,,,45.3,,,,,C02183,,,,
1096,,GJ,4/2/2025,,Wedbush_Brokerage Commissions_20250402,,,,12100,303P,D23010,ARB02184_USD,,,,,262.95,,,,,C02184,,,,
1097,,GJ,4/2/2025,,Wedbush_Brokerage Commissions_20250402,,,,12100,303P,D23010,ARB02185_USD,,,,,6.0,,,,,C02185,,,,
1098,,GJ,4/2/2025,,Wedbush_Brokerage Commissions_20250402,,,,12100,303P,D23010,ARB02187_USD,,,,,1.7999999999999998,,,,,C02187,,,,
1099,,GJ,4/2/2025,,Wedbush_Brokerage Commissions_20250402,,,,12100,303P,D23010,ARB02188_USD,,,,,108.9,,,,,C02188,,,,
1100,,GJ,4/2/2025,,Wedbush_Brokerage Commissions_20250402,,,,12100,303P,D23010,ARB02190_USD,,,,,1.5,,,,,C02147,,,,
1101,,GJ,4/2/2025,,Wedbush_Brokerage Commissions_20250402,,,,12100,303P,D23010,ARB02191_USD,,,,,0.75,,,,,C00469,,,,
1102,,GJ,4/2/2025,,Wedbush_Brokerage Commissions_20250402,,,,12100,ATGN,D21300,ARB02343_EUR,,,,,49.589999999999996,,,,,C02520,,,,
1103,,GJ,4/2/2025,,Wedbush_Brokerage Commissions_20250402,,,,12100,ATGN,D21300,ARB02343_GBP,,,,,0.0,,,,,C02520,,,,
1104,,GJ,4/2/2025,,Wedbush_Brokerage Commissions_20250402,,,,12100,ATGN,D21300,ARB02343_USD,,,,,3.15,,,,,C02520,,,,
1105,,GJ,4/2/2025,,Wedbush_Brokerage Commissions_20250402,,,,12100,ATGN,D21300,ARB02355_USD,,,,,16.8,,,,,C00054,,,,
1106,,GJ,4/2/2025,,Wedbush_Brokerage Commissions_20250402,,,,12100,ATGN,D23010,ARB02402_CAD,,,,,0.0,,,,,C02102,,,,
1107,,GJ,4/2/2025,,Wedbush_Brokerage Commissions_20250402,,,,12100,ATGN,D23010,ARB02402_USD,,,,,13.2,,,,,C02102,,,,
1108,,GJ,4/2/2025,,Wedbush_Brokerage Commissions_20250402,,,,12100,ATGN,D23010,ARB02407_EUR,,,,,3.3,,,,,C02107,,,,
1109,,GJ,4/2/2025,,Wedbush_Brokerage Commissions_20250402,,,,12100,ATGN,D23010,ARB02407_GBP,,,,,0.0,,,,,C02107,,,,
1110,,GJ,4/2/2025,,Wedbush_Brokerage Commissions_20250402,,,,12100,ATGN,D23010,ARB02407_USD,,,,,6.6,,,,,C02107,,,,
1111,,GJ,4/2/2025,,Wedbush_Brokerage Commissions_20250402,,,,12100,ATGN,D23080,ARB02418_EUR,,,,,2.55,,,,,C01234,,,,
1112,,GJ,4/2/2025,,Wedbush_Brokerage Commissions_20250402,,,,12100,ATGN,D23080,ARB02418_GBP,,,,,0.0,,,,,C01234,,,,
1113,,GJ,4/2/2025,,Wedbush_Brokerage Commissions_20250402,,,,12100,ATGN,D23080,ARB02418_USD,,,,,141.15,,,,,C01234,,,,
1114,,GJ,4/2/2025,,Wedbush_Brokerage Commissions_20250402,,,,12100,ATGN,D23300,ARB02421_CHF,,,,,0.0,,,,,C02121,,,,
1115,,GJ,4/2/2025,,Wedbush_Brokerage Commissions_20250402,,,,12100,ATGN,D23300,ARB02421_EUR,,,,,58.8,,,,,C02121,,,,
1116,,GJ,4/2/2025,,Wedbush_Brokerage Commissions_20250402,,,,12100,ATGN,D23300,ARB02421_GBP,,,,,0.0,,,,,C02121,,,,
1117,,GJ,4/2/2025,,Wedbush_Brokerage Commissions_20250402,,,,12100,ATGN,D23300,ARB02421_USD,,,,,9.6,,,,,C02121,,,,
1118,,GJ,4/2/2025,,Wedbush_Brokerage Commissions_20250402,,,,12100,ATGN,D23020,ARB02429_USD,,,,,11.1,,,,,C02129,,,,
1119,,GJ,4/2/2025,,Wedbush_Brokerage Commissions_20250402,,,,12100,ATGN,D23010,ARB02432_USD,,,,,0.6,,,,,C02132,,,,
1120,,GJ,4/2/2025,,Wedbush_Brokerage Commissions_20250402,,,,12100,ATGN,D23010,ARB02436_EUR,,,,,41.4,,,,,C02136,,,,
1121,,GJ,4/2/2025,,Wedbush_Brokerage Commissions_20250402,,,,12100,ATGN,D23010,ARB02436_GBP,,,,,0.0,,,,,C02136,,,,
1122,,GJ,4/2/2025,,Wedbush_Brokerage Commissions_20250402,,,,12100,ATGN,D23010,ARB02436_USD,,,,,50.4,,,,,C02136,,,,
1123,,GJ,4/2/2025,,Wedbush_Brokerage Commissions_20250402,,,,12100,ATGN,D23010,ARB02445_USD,,,,,79.5,,,,,C02145,,,,
1124,,GJ,4/2/2025,,Wedbush_Brokerage Commissions_20250402,,,,12100,ATGN,D23010,ARB02447_CAD,,,,,0.0,,,,,C02147,,,,
1125,,GJ,4/2/2025,,Wedbush_Brokerage Commissions_20250402,,,,12100,ATGN,D23010,ARB02447_USD,,,,,12.0,,,,,C02147,,,,
1126,,GJ,4/2/2025,,Wedbush_Brokerage Commissions_20250402,,,,12100,ATGN,D23010,ARB02449_EUR,,,,,0.6,,,,,C02149,,,,
1127,,GJ,4/2/2025,,Wedbush_Brokerage Commissions_20250402,,,,12100,ATGN,D23010,ARB02449_GBP,,,,,0.0,,,,,C02149,,,,
1128,,GJ,4/2/2025,,Wedbush_Brokerage Commissions_20250402,,,,12100,ATGN,D23010,ARB02449_USD,,,,,86.25,,,,,C02149,,,,
1129,,GJ,4/2/2025,,Wedbush_Brokerage Commissions_20250402,,,,12100,ATGN,D23300,ARB02450_USD,,,,,0.0,,,,,C02150,,,,
1130,,GJ,4/2/2025,,Wedbush_Brokerage Commissions_20250402,,,,12100,ATGN,D23060,ARB02452_EUR,,,,,1.2,,,,,C00186,,,,
1131,,GJ,4/2/2025,,Wedbush_Brokerage Commissions_20250402,,,,12100,ATGN,D23060,ARB02452_GBP,,,,,0.0,,,,,C00186,,,,
1132,,GJ,4/2/2025,,Wedbush_Brokerage Commissions_20250402,,,,12100,ATGN,D23060,ARB02452_USD,,,,,1.5,,,,,C00186,,,,
1133,,GJ,4/2/2025,,Wedbush_Brokerage Commissions_20250402,,,,12100,ATGN,D23020,ARB02456_EUR,,,,,6.6,,,,,C02156,,,,
1134,,GJ,4/2/2025,,Wedbush_Brokerage Commissions_20250402,,,,12100,ATGN,D23020,ARB02456_GBP,,,,,0.0,,,,,C02156,,,,
1135,,GJ,4/2/2025,,Wedbush_Brokerage Commissions_20250402,,,,12100,ATGN,D23020,ARB02456_USD,,,,,12.299999999999999,,,,,C02156,,,,
1136,,GJ,4/2/2025,,Wedbush_Brokerage Commissions_20250402,,,,12100,ATGN,D23080,ARB02463_USD,,,,,21.3,,,,,C01231,,,,
1137,,GJ,4/2/2025,,Wedbush_Brokerage Commissions_20250402,,,,12100,ATGN,D23010,ARB02473_EUR,,,,,1.5,,,,,C00463,,,,
1138,,GJ,4/2/2025,,Wedbush_Brokerage Commissions_20250402,,,,12100,ATGN,D23010,ARB02473_GBP,,,,,0.0,,,,,C00463,,,,
1139,,GJ,4/2/2025,,Wedbush_Brokerage Commissions_20250402,,,,12100,ATGN,D23010,ARB02476_EUR,,,,,24.0,,,,,C00463,,,,
1140,,GJ,4/2/2025,,Wedbush_Brokerage Commissions_20250402,,,,12100,ATGN,D23010,ARB02476_GBP,,,,,0.0,,,,,C00463,,,,
1141,,GJ,4/2/2025,,Wedbush_Brokerage Commissions_20250402,,,,12100,ATGN,D23010,ARB02476_USD,,,,,0.0,,,,,C00463,,,,
1142,,GJ,4/2/2025,,Wedbush_Brokerage Commissions_20250402,,,,12100,ATGN,D23010,ARB02477_CAD,,,,,0.0,,,,,C02177,,,,
1143,,GJ,4/2/2025,,Wedbush_Brokerage Commissions_20250402,,,,12100,ATGN,D23010,ARB02477_USD,,,,,3.6,,,,,C02177,,,,
1144,,GJ,4/2/2025,,Wedbush_Brokerage Commissions_20250402,,,,12100,ATGN,D23010,ARB02479_USD,,,,,6.6,,,,,C02179,,,,
1145,,GJ,4/2/2025,,Wedbush_Brokerage Commissions_20250402,,,,12100,ATGN,D23010,ARB02481_CAD,,,,,0.0,,,,,C02181,,,,
1146,,GJ,4/2/2025,,Wedbush_Brokerage Commissions_20250402,,,,12100,ATGN,D23010,ARB02481_USD,,,,,42.0,,,,,C02181,,,,
1147,,GJ,4/2/2025,,Wedbush_Brokerage Commissions_20250402,,,,12100,ATGN,D23010,ARB02482_CAD,,,,,0.0,,,,,C02182,,,,
1148,,GJ,4/2/2025,,Wedbush_Brokerage Commissions_20250402,,,,12100,ATGN,D23010,ARB02482_USD,,,,,12.0,,,,,C02182,,,,
1149,,GJ,4/2/2025,,Wedbush_Brokerage Commissions_20250402,,,,12100,ATGN,D23010,ARB02484_CAD,,,,,0.0,,,,,C02184,,,,
1150,,GJ,4/2/2025,,Wedbush_Brokerage Commissions_20250402,,,,12100,ATGN,D23010,ARB02484_EUR,,,,,12.6,,,,,C02184,,,,
1151,,GJ,4/2/2025,,Wedbush_Brokerage Commissions_20250402,,,,12100,ATGN,D23010,ARB02484_GBP,,,,,0.0,,,,,C02184,,,,
1152,,GJ,4/2/2025,,Wedbush_Brokerage Commissions_20250402,,,,12100,ATGN,D23010,ARB02484_USD,,,,,152.55,,,,,C02184,,,,
1153,,GJ,4/2/2025,,Wedbush_Brokerage Commissions_20250402,,,,12100,ATGN,D23010,ARB02485_EUR,,,,,26.099999999999998,,,,,C02185,,,,
1154,,GJ,4/2/2025,,Wedbush_Brokerage Commissions_20250402,,,,12100,ATGN,D23010,ARB02485_GBP,,,,,0.0,,,,,C02185,,,,
1155,,GJ,4/2/2025,,Wedbush_Brokerage Commissions_20250402,,,,12100,ATGN,D23010,ARB02485_USD,,,,,192.75,,,,,C02185,,,,
1156,,GJ,4/2/2025,,Wedbush_Brokerage Commissions_20250402,,,,12100,ATGN,D23010,ARB02486_EUR,,,,,7.2,,,,,C02186,,,,
1157,,GJ,4/2/2025,,Wedbush_Brokerage Commissions_20250402,,,,12100,ATGN,D23010,ARB02486_GBP,,,,,0.0,,,,,C02186,,,,
1158,,GJ,4/2/2025,,Wedbush_Brokerage Commissions_20250402,,,,12100,ATGN,D23010,ARB02486_USD,,,,,14.4,,,,,C02186,,,,
1159,,GJ,4/2/2025,,Wedbush_Brokerage Commissions_20250402,,,,12100,ATGN,D23010,ARB02487_CAD,,,,,0.0,,,,,C02187,,,,
1160,,GJ,4/2/2025,,Wedbush_Brokerage Commissions_20250402,,,,12100,ATGN,D23010,ARB02487_USD,,,,,2.4,,,,,C02187,,,,
1161,,GJ,4/2/2025,,Wedbush_Brokerage Commissions_20250402,,,,12100,ATGN,D23010,ARB02488_USD,,,,,326.25,,,,,C02188,,,,
1162,,GJ,4/2/2025,,Wedbush_Brokerage Commissions_20250402,,,,12100,ATGN,D23010,ARB02491_EUR,,,,,0.6,,,,,C00469,,,,
1163,,GJ,4/2/2025,,Wedbush_Brokerage Commissions_20250402,,,,12100,ATGN,D23010,ARB02491_GBP,,,,,0.0,,,,,C00469,,,,
1164,,GJ,4/2/2025,,Wedbush_Brokerage Commissions_20250402,,,,12100,ATGN,D23010,ARB02491_USD,,,,,8.549999999999999,,,,,C00469,,,,
1165,,GJ,4/2/2025,,Wedbush_Brokerage Commissions_20250402,,,,12100,303P,D21300,ARB03003_USD,,,,,156.3,,,,,C03003,,,,
1166,,GJ,4/2/2025,,Wedbush_Brokerage Commissions_20250402,,,,12100,303P,D21300,ARB03005_USD,,,,,1.5,,,,,C03005,,,,
1167,,GJ,4/2/2025,,Wedbush_Brokerage Commissions_20250402,,,,12100,303P,D21300,ARB03022_USD,,,,,431.25,,,,,C00034,,,,
1168,,GJ,4/2/2025,,Wedbush_Brokerage Commissions_20250402,,,,12100,303P,D21300,ARB03029_USD,,,,,31.35,,,,,C03029,,,,
1169,,GJ,4/2/2025,,Wedbush_Brokerage Commissions_20250402,,,,12100,303P,D21300,ARB03032_USD,,,,,696.45,,,,,C00049,,,,
1170,,GJ,4/2/2025,,Wedbush_Brokerage Commissions_20250402,,,,12100,303P,D21300,ARB03033_USD,,,,,33.9,,,,,C00049,,,,
1171,,GJ,4/2/2025,,Wedbush_Brokerage Commissions_20250402,,,,12100,303P,D21300,ARB03035_USD,,,,,0.15,,,,,C00049,,,,
1172,,GJ,4/2/2025,,Wedbush_Brokerage Commissions_20250402,,,,12100,303P,D21300,ARB03037_USD,,,,,109.8,,,,,C03037,,,,
1173,,GJ,4/2/2025,,Wedbush_Brokerage Commissions_20250402,,,,12100,303P,D21300,ARB03038_USD,,,,,10.5,,,,,C03038,,,,
1174,,GJ,4/2/2025,,Wedbush_Brokerage Commissions_20250402,,,,12100,303P,D21300,ARB03042_USD,,,,,0.6,,,,,C03040,,,,
1175,,GJ,4/2/2025,,Wedbush_Brokerage Commissions_20250402,,,,12100,303P,D21300,ARB03046_USD,,,,,0.9,,,,,C03040,,,,
1176,,GJ,4/2/2025,,Wedbush_Brokerage Commissions_20250402,,,,12100,303P,D21030,ARB03050_USD,,,,,763.05,,,,,C03050,,,,
1177,,GJ,4/2/2025,,Wedbush_Brokerage Commissions_20250402,,,,12100,303P,D21300,ARB03060_USD,,,,,533.1,,,,,C03060,,,,
1178,,GJ,4/2/2025,,Wedbush_Brokerage Commissions_20250402,,,,12100,303P,D21300,ARB03062_USD,,,,,30.0,,,,,C03062,,,,
1179,,GJ,4/2/2025,,Wedbush_Brokerage Commissions_20250402,,,,12100,303P,D21300,ARB03065_USD,,,,,1580.55,,,,,C03065,,,,
1180,,GJ,4/2/2025,,Wedbush_Brokerage Commissions_20250402,,,,12100,303P,D21300,ARB03072_USD,,,,,156.0,,,,,C03072,,,,
1181,,GJ,4/2/2025,,Wedbush_Brokerage Commissions_20250402,,,,12100,303P,D21300,ARB03073_USD,,,,,828.15,,,,,C03073,,,,
1182,,GJ,4/2/2025,,Wedbush_Brokerage Commissions_20250402,,,,12100,303P,D21300,ARB03074_USD,,,,,3.6,,,,,C03073,,,,
1183,,GJ,4/2/2025,,Wedbush_Brokerage Commissions_20250402,,,,12100,303P,D21300,ARB03075_USD,,,,,27.0,,,,,C03073,,,,
1184,,GJ,4/2/2025,,Wedbush_Brokerage Commissions_20250402,,,,12100,303P,D21300,ARB03077_USD,,,,,209.4,,,,,C03077,,,,
1185,,GJ,4/2/2025,,Wedbush_Brokerage Commissions_20250402,,,,12100,303P,D21300,ARB03078_USD,,,,,2.7,,,,,C03078,,,,
1186,,GJ,4/2/2025,,Wedbush_Brokerage Commissions_20250402,,,,12100,303P,D21300,ARB03079_USD,,,,,15.75,,,,,C03078,,,,
1187,,GJ,4/2/2025,,Wedbush_Brokerage Commissions_20250402,,,,12100,303P,D21300,ARB03080_USD,,,,,25.2,,,,,C03078,,,,
1188,,GJ,4/2/2025,,Wedbush_Brokerage Commissions_20250402,,,,12100,303P,D21300,ARB03081_USD,,,,,13.2,,,,,C03078,,,,
1189,,GJ,4/2/2025,,Wedbush_Brokerage Commissions_20250402,,,,12100,303P,D21030,ARB03084_USD,,,,,4.050000000000001,,,,,C03084,,,,
1190,,GJ,4/2/2025,,Wedbush_Brokerage Commissions_20250402,,,,12100,303P,D21300,ARB03088_USD,,,,,8.7,,,,,C03088,,,,
1191,,GJ,4/2/2025,,Wedbush_Brokerage Commissions_20250402,,,,12100,303P,D21300,ARB03089_USD,,,,,5.4,,,,,C03089,,,,
1192,,GJ,4/2/2025,,Wedbush_Brokerage Commissions_20250402,,,,12100,303P,D21300,ARB03092_USD,,,,,25.2,,,,,C03092,,,,
1193,,GJ,4/2/2025,,Wedbush_Brokerage Commissions_20250402,,,,12100,303P,D21300,ARB03093_USD,,,,,2.1,,,,,C03093,,,,
1194,,GJ,4/2/2025,,Wedbush_Brokerage Commissions_20250402,,,,12100,303P,D21300,ARB03094_USD,,,,,7.2,,,,,C03094,,,,
1195,,GJ,4/2/2025,,Wedbush_Brokerage Commissions_20250402,,,,12100,303P,D21300,ARB03095_USD,,,,,15.899999999999999,,,,,C03095,,,,
1196,,GJ,4/2/2025,,Wedbush_Brokerage Commissions_20250402,,,,12100,303P,D21300,ARB03096_USD,,,,,0.15,,,,,C03096,,,,
1197,,GJ,4/2/2025,,Wedbush_Brokerage Commissions_20250402,,,,12100,303P,D23080,ARB03102_USD,,,,,37.5,,,,,C03102,,,,
1198,,GJ,4/2/2025,,Wedbush_Brokerage Commissions_20250402,,,,12100,303P,D23300,ARB03103_USD,,,,,99.3,,,,,CX3103,,,,
1199,,GJ,4/2/2025,,Wedbush_Brokerage Commissions_20250402,,,,12100,303P,D23300,ARB03104_USD,,,,,177.45,,,,,C03104,,,,
1200,,GJ,4/2/2025,,Wedbush_Brokerage Commissions_20250402,,,,12100,303P,D23300,ARB03105_USD,,,,,145.95000000000002,,,,,C00310,,,,
1201,,GJ,4/2/2025,,Wedbush_Brokerage Commissions_20250402,,,,12100,303P,D23300,ARB03106_USD,,,,,136.5,,,,,C00310,,,,
1202,,GJ,4/2/2025,,Wedbush_Brokerage Commissions_20250402,,,,12100,303P,D23300,ARB03107_USD,,,,,339.0,,,,,C03107,,,,
1203,,GJ,4/2/2025,,Wedbush_Brokerage Commissions_20250402,,,,12100,303P,D23300,ARB03108_USD,,,,,353.1,,,,,C00311,,,,
1204,,GJ,4/2/2025,,Wedbush_Brokerage Commissions_20250402,,,,12100,303P,D23300,ARB03109_USD,,,,,65.85,,,,,C00311,,,,
1205,,GJ,4/2/2025,,Wedbush_Brokerage Commissions_20250402,,,,12100,303P,D23300,ARB03110_USD,,,,,32.25,,,,,C00311,,,,
1206,,GJ,4/2/2025,,Wedbush_Brokerage Commissions_20250402,,,,12100,303P,D23300,ARB03111_USD,,,,,39.0,,,,,C00311,,,,
1207,,GJ,4/2/2025,,Wedbush_Brokerage Commissions_20250402,,,,12100,303P,D23300,ARB03112_USD,,,,,4.8,,,,,C00310,,,,
1208,,GJ,4/2/2025,,Wedbush_Brokerage Commissions_20250402,,,,12100,303P,D23300,ARB03113_USD,,,,,87.44999999999999,,,,,C03113,,,,
1209,,GJ,4/2/2025,,Wedbush_Brokerage Commissions_20250402,,,,12100,303P,D23300,ARB03115_USD,,,,,3.0,,,,,CX3115,,,,
1210,,GJ,4/2/2025,,Wedbush_Brokerage Commissions_20250402,,,,12100,303P,D23020,ARB03116_USD,,,,,0.9,,,,,C02129,,,,
1211,,GJ,4/2/2025,,Wedbush_Brokerage Commissions_20250402,,,,12100,303P,D23300,ARB03125_USD,,,,,7.199999999999999,,,,,CX3125,,,,
1212,,GJ,4/2/2025,,Wedbush_Brokerage Commissions_20250402,,,,12100,303P,D23300,ARB03128_USD,,,,,132.75,,,,,C03126,,,,
1213,,GJ,4/2/2025,,Wedbush_Brokerage Commissions_20250402,,,,12100,303P,D23300,ARB03130_USD,,,,,84.75,,,,,C03130,,,,
1214,,GJ,4/2/2025,,Wedbush_Brokerage Commissions_20250402,,,,12100,303P,D23300,ARB03131_USD,,,,,294.6,,,,,C03131,,,,
1215,,GJ,4/2/2025,,Wedbush_Brokerage Commissions_20250402,,,,12100,303P,D23300,ARB03133_USD,,,,,187.8,,,,,C03133,,,,
1216,,GJ,4/2/2025,,Wedbush_Brokerage Commissions_20250402,,,,12100,303P,D23300,ARB03134_USD,,,,,12.899999999999999,,,,,C03134,,,,
1217,,GJ,4/2/2025,,Wedbush_Brokerage Commissions_20250402,,,,12100,303P,D23090,ARB03150_USD,,,,,53.55,,,,,C03150,,,,
1218,,GJ,4/2/2025,,Wedbush_Brokerage Commissions_20250402,,,,12100,,,ARB03152_USD,,,,,16.2,,,,,,,,,
1219,,GJ,4/2/2025,,Wedbush_Brokerage Commissions_20250402,,,,12100,303P,D23090,ARB03154_USD,,,,,62.4,,,,,C03154,,,,
1220,,GJ,4/2/2025,,Wedbush_Brokerage Commissions_20250402,,,,12100,303P,D23100,ARB03156_USD,,,,,157.65,,,,,C03156,,,,
1221,,GJ,4/2/2025,,Wedbush_Brokerage Commissions_20250402,,,,12100,303P,D23100,ARB03157_USD,,,,,37.2,,,,,C03157,,,,
1222,,GJ,4/2/2025,,Wedbush_Brokerage Commissions_20250402,,,,12100,303P,D23100,ARB03159_USD,,,,,105.60000000000001,,,,,C03159,,,,
1223,,GJ,4/2/2025,,Wedbush_Brokerage Commissions_20250402,,,,12100,,,ARB03170_USD,,,,,1.2,,,,,,,,,
1224,,GJ,4/2/2025,,Wedbush_Brokerage Commissions_20250402,,,,12100,303P,D23100,ARB03174_USD,,,,,61.50000000000001,,,,,C03174,,,,
1225,,GJ,4/2/2025,,Wedbush_Brokerage Commissions_20250402,,,,12100,303P,D23100,ARB03175_USD,,,,,141.9,,,,,C03175,,,,
1226,,GJ,4/2/2025,,Wedbush_Brokerage Commissions_20250402,,,,12100,303P,D23100,ARB03176_USD,,,,,117.0,,,,,C03176,,,,
1227,,GJ,4/2/2025,,Wedbush_Brokerage Commissions_20250402,,,,12100,303P,D23100,ARB03177_USD,,,,,60.6,,,,,C03177,,,,
1228,,GJ,4/2/2025,,Wedbush_Brokerage Commissions_20250402,,,,12100,303P,D23100,ARB03184_USD,,,,,42.6,,,,,C03184,,,,
1229,,GJ,4/2/2025,,Wedbush_Brokerage Commissions_20250402,,,,12100,303P,D23100,ARB03185_USD,,,,,16.8,,,,,C03185,,,,
1230,,GJ,4/2/2025,,Wedbush_Brokerage Commissions_20250402,,,,12100,303P,D23100,ARB03187_USD,,,,,30.6,,,,,C03187,,,,
1231,,GJ,4/2/2025,,Wedbush_Brokerage Commissions_20250402,,,,12100,ATGN,D21300,ARB03329_USD,,,,,0.45,,,,,C03029,,,,
1232,,GJ,4/2/2025,,Wedbush_Brokerage Commissions_20250402,,,,12100,ATGN,D21300,ARB03360_EUR,,,,,884.1,,,,,C03060,,,,
1233,,GJ,4/2/2025,,Wedbush_Brokerage Commissions_20250402,,,,12100,ATGN,D21300,ARB03360_GBP,,,,,0.0,,,,,C03060,,,,
1234,,GJ,4/2/2025,,Wedbush_Brokerage Commissions_20250402,,,,12100,ATGN,D21300,ARB03362_EUR,,,,,59.7,,,,,C03062,,,,
1235,,GJ,4/2/2025,,Wedbush_Brokerage Commissions_20250402,,,,12100,ATGN,D21300,ARB03362_GBP,,,,,0.0,,,,,C03062,,,,
1236,,GJ,4/2/2025,,Wedbush_Brokerage Commissions_20250402,,,,12100,ATGN,D21300,ARB03362_USD,,,,,7.5,,,,,C03062,,,,
1237,,GJ,4/2/2025,,Wedbush_Brokerage Commissions_20250402,,,,12100,ATGN,D21300,ARB03364_EUR,,,,,15.0,,,,,C03064,,,,
1238,,GJ,4/2/2025,,Wedbush_Brokerage Commissions_20250402,,,,12100,ATGN,D21300,ARB03364_GBP,,,,,0.0,,,,,C03064,,,,
1239,,GJ,4/2/2025,,Wedbush_Brokerage Commissions_20250402,,,,12100,ATGN,D21300,ARB03372_USD,,,,,60.6,,,,,C03072,,,,
1240,,GJ,4/2/2025,,Wedbush_Brokerage Commissions_20250402,,,,12100,ATGN,D21300,ARB03378_USD,,,,,12.0,,,,,C03078,,,,
1241,,GJ,4/2/2025,,Wedbush_Brokerage Commissions_20250402,,,,12100,ATGN,D23300,ARB03400_EUR,,,,,3.3,,,,,C03100,,,,
1242,,GJ,4/2/2025,,Wedbush_Brokerage Commissions_20250402,,,,12100,ATGN,D23300,ARB03400_GBP,,,,,0.0,,,,,C03100,,,,
1243,,GJ,4/2/2025,,Wedbush_Brokerage Commissions_20250402,,,,12100,ATGN,D23300,ARB03400_USD,,,,,28.500000000000004,,,,,C03100,,,,
1244,,GJ,4/2/2025,,Wedbush_Brokerage Commissions_20250402,,,,12100,ATGN,D23080,ARB03402_EUR,,,,,3.75,,,,,C03102,,,,
1245,,GJ,4/2/2025,,Wedbush_Brokerage Commissions_20250402,,,,12100,ATGN,D23080,ARB03402_GBP,,,,,0.0,,,,,C03102,,,,
1246,,GJ,4/2/2025,,Wedbush_Brokerage Commissions_20250402,,,,12100,ATGN,D23080,ARB03402_USD,,,,,286.35,,,,,C03102,,,,
1247,,GJ,4/2/2025,,Wedbush_Brokerage Commissions_20250402,,,,12100,ATGN,D23300,ARB03403_CAD,,,,,0.0,,,,,CX3103,,,,
1248,,GJ,4/2/2025,,Wedbush_Brokerage Commissions_20250402,,,,12100,ATGN,D23300,ARB03403_EUR,,,,,1.5,,,,,CX3103,,,,
1249,,GJ,4/2/2025,,Wedbush_Brokerage Commissions_20250402,,,,12100,ATGN,D23300,ARB03403_GBP,,,,,0.0,,,,,CX3103,,,,
1250,,GJ,4/2/2025,,Wedbush_Brokerage Commissions_20250402,,,,12100,ATGN,D23300,ARB03403_USD,,,,,30.9,,,,,CX3103,,,,
1251,,GJ,4/2/2025,,Wedbush_Brokerage Commissions_20250402,,,,12100,ATGN,D23300,ARB03404_CAD,,,,,0.0,,,,,C03104,,,,
1252,,GJ,4/2/2025,,Wedbush_Brokerage Commissions_20250402,,,,12100,ATGN,D23300,ARB03404_EUR,,,,,2.1,,,,,C03104,,,,
1253,,GJ,4/2/2025,,Wedbush_Brokerage Commissions_20250402,,,,12100,ATGN,D23300,ARB03404_GBP,,,,,0.0,,,,,C03104,,,,
1254,,GJ,4/2/2025,,Wedbush_Brokerage Commissions_20250402,,,,12100,ATGN,D23300,ARB03404_USD,,,,,57.9,,,,,C03104,,,,
1255,,GJ,4/2/2025,,Wedbush_Brokerage Commissions_20250402,,,,12100,ATGN,D23300,ARB03405_CAD,,,,,0.0,,,,,C00310,,,,
1256,,GJ,4/2/2025,,Wedbush_Brokerage Commissions_20250402,,,,12100,ATGN,D23300,ARB03405_EUR,,,,,6.15,,,,,C00310,,,,
1257,,GJ,4/2/2025,,Wedbush_Brokerage Commissions_20250402,,,,12100,ATGN,D23300,ARB03405_GBP,,,,,0.0,,,,,C00310,,,,
1258,,GJ,4/2/2025,,Wedbush_Brokerage Commissions_20250402,,,,12100,ATGN,D23300,ARB03405_USD,,,,,22.95,,,,,C00310,,,,
1259,,GJ,4/2/2025,,Wedbush_Brokerage Commissions_20250402,,,,12100,ATGN,D23300,ARB03406_EUR,,,,,8.4,,,,,C00310,,,,
1260,,GJ,4/2/2025,,Wedbush_Brokerage Commissions_20250402,,,,12100,ATGN,D23300,ARB03406_GBP,,,,,0.0,,,,,C00310,,,,
1261,,GJ,4/2/2025,,Wedbush_Brokerage Commissions_20250402,,,,12100,ATGN,D23300,ARB03406_USD,,,,,64.95,,,,,C00310,,,,
1262,,GJ,4/2/2025,,Wedbush_Brokerage Commissions_20250402,,,,12100,ATGN,D23300,ARB03407_CAD,,,,,0.0,,,,,C03107,,,,
1263,,GJ,4/2/2025,,Wedbush_Brokerage Commissions_20250402,,,,12100,ATGN,D23300,ARB03407_USD,,,,,45.6,,,,,C03107,,,,
1264,,GJ,4/2/2025,,Wedbush_Brokerage Commissions_20250402,,,,12100,ATGN,D23300,ARB03408_EUR,,,,,22.65,,,,,C00311,,,,
1265,,GJ,4/2/2025,,Wedbush_Brokerage Commissions_20250402,,,,12100,ATGN,D23300,ARB03408_GBP,,,,,0.0,,,,,C00311,,,,
1266,,GJ,4/2/2025,,Wedbush_Brokerage Commissions_20250402,,,,12100,ATGN,D23300,ARB03408_USD,,,,,108.0,,,,,C00311,,,,
1267,,GJ,4/2/2025,,Wedbush_Brokerage Commissions_20250402,,,,12100,ATGN,D23300,ARB03409_EUR,,,,,29.55,,,,,C00311,,,,
1268,,GJ,4/2/2025,,Wedbush_Brokerage Commissions_20250402,,,,12100,ATGN,D23300,ARB03409_GBP,,,,,0.0,,,,,C00311,,,,
1269,,GJ,4/2/2025,,Wedbush_Brokerage Commissions_20250402,,,,12100,ATGN,D23300,ARB03409_USD,,,,,650.25,,,,,C00311,,,,
1270,,GJ,4/2/2025,,Wedbush_Brokerage Commissions_20250402,,,,12100,ATGN,D23300,ARB03411_EUR,,,,,7.2,,,,,C00311,,,,
1271,,GJ,4/2/2025,,Wedbush_Brokerage Commissions_20250402,,,,12100,ATGN,D23300,ARB03411_GBP,,,,,0.0,,,,,C00311,,,,
1272,,GJ,4/2/2025,,Wedbush_Brokerage Commissions_20250402,,,,12100,ATGN,D23300,ARB03411_USD,,,,,24.6,,,,,C00311,,,,
1273,,GJ,4/2/2025,,Wedbush_Brokerage Commissions_20250402,,,,12100,ATGN,D23300,ARB03412_USD,,,,,25.8,,,,,C00310,,,,
1274,,GJ,4/2/2025,,Wedbush_Brokerage Commissions_20250402,,,,12100,ATGN,D23300,ARB03413_EUR,,,,,75.0,,,,,C03113,,,,
1275,,GJ,4/2/2025,,Wedbush_Brokerage Commissions_20250402,,,,12100,ATGN,D23300,ARB03413_GBP,,,,,0.0,,,,,C03113,,,,
1276,,GJ,4/2/2025,,Wedbush_Brokerage Commissions_20250402,,,,12100,ATGN,D23300,ARB03413_USD,,,,,39.15,,,,,C03113,,,,
1277,,GJ,4/2/2025,,Wedbush_Brokerage Commissions_20250402,,,,12100,ATGN,D23300,ARB03433_USD,,,,,35.4,,,,,C03133,,,,
1278,,GJ,4/2/2025,,Wedbush_Brokerage Commissions_20250402,,,,12100,ATGN,D23300,ARB03434_USD,,,,,4.5,,,,,C03134,,,,
1279,,GJ,4/2/2025,,Wedbush_Brokerage Commissions_20250402,,,,12100,ATGN,D23300,ARB03438_USD,,,,,29.1,,,,,C03138,,,,
1280,,GJ,4/2/2025,,Wedbush_Brokerage Commissions_20250402,,,,12100,ATGN,D23300,ARB03439_EUR,,,,,6.9,,,,,C00311,,,,
1281,,GJ,4/2/2025,,Wedbush_Brokerage Commissions_20250402,,,,12100,ATGN,D23300,ARB03439_GBP,,,,,0.0,,,,,C00311,,,,
1282,,GJ,4/2/2025,,Wedbush_Brokerage Commissions_20250402,,,,12100,ATGN,D23300,ARB03439_USD,,,,,6.0,,,,,C00311,,,,
1283,,GJ,4/2/2025,,Wedbush_Brokerage Commissions_20250402,,,,12100,ATGN,D23090,ARB03450_EUR,,,,,8.1,,,,,C03150,,,,
1284,,GJ,4/2/2025,,Wedbush_Brokerage Commissions_20250402,,,,12100,ATGN,D23090,ARB03450_GBP,,,,,0.0,,,,,C03150,,,,
1285,,GJ,4/2/2025,,Wedbush_Brokerage Commissions_20250402,,,,12100,,,ARB03452_EUR,,,,,26.7,,,,,,,,,
1286,,GJ,4/2/2025,,Wedbush_Brokerage Commissions_20250402,,,,12100,,,ARB03452_GBP,,,,,0.0,,,,,,,,,
1287,,GJ,4/2/2025,,Wedbush_Brokerage Commissions_20250402,,,,12100,,,ARB03452_USD,,,,,1.2,,,,,,,,,
1288,,GJ,4/2/2025,,Wedbush_Brokerage Commissions_20250402,,,,12100,ATGN,D23090,ARB03454_CHF,,,,,0.0,,,,,C03154,,,,
1289,,GJ,4/2/2025,,Wedbush_Brokerage Commissions_20250402,,,,12100,ATGN,D23090,ARB03454_EUR,,,,,18.6,,,,,C03154,,,,
1290,,GJ,4/2/2025,,Wedbush_Brokerage Commissions_20250402,,,,12100,ATGN,D23090,ARB03454_GBP,,,,,0.0,,,,,C03154,,,,
1291,,GJ,4/2/2025,,Wedbush_Brokerage Commissions_20250402,,,,12100,ATGN,D23090,ARB03454_USD,,,,,1.8,,,,,C03154,,,,
1292,,GJ,4/2/2025,,Wedbush_Brokerage Commissions_20250402,,,,12100,ATGN,D23100,ARB03456_EUR,,,,,0.6,,,,,C03156,,,,
1293,,GJ,4/2/2025,,Wedbush_Brokerage Commissions_20250402,,,,12100,ATGN,D23100,ARB03456_GBP,,,,,0.0,,,,,C03156,,,,
1294,,GJ,4/2/2025,,Wedbush_Brokerage Commissions_20250402,,,,12100,ATGN,D23100,ARB03456_USD,,,,,1.2,,,,,C03156,,,,
1295,,GJ,4/2/2025,,Wedbush_Brokerage Commissions_20250402,,,,12100,ATGN,D23100,ARB03457_CHF,,,,,0.0,,,,,C03157,,,,
1296,,GJ,4/2/2025,,Wedbush_Brokerage Commissions_20250402,,,,12100,ATGN,D23100,ARB03457_EUR,,,,,4.2,,,,,C03157,,,,
1297,,GJ,4/2/2025,,Wedbush_Brokerage Commissions_20250402,,,,12100,ATGN,D23100,ARB03457_GBP,,,,,0.0,,,,,C03157,,,,
1298,,GJ,4/2/2025,,Wedbush_Brokerage Commissions_20250402,,,,12100,ATGN,D23100,ARB03457_USD,,,,,0.6,,,,,C03157,,,,
1299,,GJ,4/2/2025,,Wedbush_Brokerage Commissions_20250402,,,,12100,ATGN,D23100,ARB03459_CHF,,,,,0.0,,,,,C03159,,,,
1300,,GJ,4/2/2025,,Wedbush_Brokerage Commissions_20250402,,,,12100,ATGN,D23100,ARB03459_EUR,,,,,16.5,,,,,C03159,,,,
1301,,GJ,4/2/2025,,Wedbush_Brokerage Commissions_20250402,,,,12100,ATGN,D23100,ARB03459_GBP,,,,,0.0,,,,,C03159,,,,
1302,,GJ,4/2/2025,,Wedbush_Brokerage Commissions_20250402,,,,12100,ATGN,D23100,ARB03459_USD,,,,,0.6,,,,,C03159,,,,
1303,,GJ,4/2/2025,,Wedbush_Brokerage Commissions_20250402,,,,12100,ATGN,D23300,ARB03460_EUR,,,,,0.9,,,,,C03160,,,,
1304,,GJ,4/2/2025,,Wedbush_Brokerage Commissions_20250402,,,,12100,ATGN,D23300,ARB03460_GBP,,,,,0.0,,,,,C03160,,,,
1305,,GJ,4/2/2025,,Wedbush_Brokerage Commissions_20250402,,,,12100,ATGN,D23300,ARB03460_USD,,,,,8.85,,,,,C03160,,,,
1306,,GJ,4/2/2025,,Wedbush_Brokerage Commissions_20250402,,,,12100,,,ARB03461_EUR,,,,,0.6,,,,,,,,,
1307,,GJ,4/2/2025,,Wedbush_Brokerage Commissions_20250402,,,,12100,,,ARB03461_GBP,,,,,0.0,,,,,,,,,
1308,,GJ,4/2/2025,,Wedbush_Brokerage Commissions_20250402,,,,12100,,,ARB03462_EUR,,,,,6.6,,,,,,,,,
1309,,GJ,4/2/2025,,Wedbush_Brokerage Commissions_20250402,,,,12100,,,ARB03462_GBP,,,,,0.0,,,,,,,,,
1310,,GJ,4/2/2025,,Wedbush_Brokerage Commissions_20250402,,,,12100,,,ARB03462_USD,,,,,2.1,,,,,,,,,
1311,,GJ,4/2/2025,,Wedbush_Brokerage Commissions_20250402,,,,12100,ATGN,D23300,ARB03463_EUR,,,,,7.5,,,,,C03163,,,,
1312,,GJ,4/2/2025,,Wedbush_Brokerage Commissions_20250402,,,,12100,ATGN,D23300,ARB03463_GBP,,,,,0.0,,,,,C03163,,,,
1313,,GJ,4/2/2025,,Wedbush_Brokerage Commissions_20250402,,,,12100,ATGN,D23300,ARB03463_USD,,,,,39.3,,,,,C03163,,,,
1314,,GJ,4/2/2025,,Wedbush_Brokerage Commissions_20250402,,,,12100,ATGN,D23080,ARB03472_USD,,,,,48.9,,,,,C03172,,,,
1315,,GJ,4/2/2025,,Wedbush_Brokerage Commissions_20250402,,,,12100,ATGN,D23100,ARB03474_EUR,,,,,1.5,,,,,C03174,,,,
1316,,GJ,4/2/2025,,Wedbush_Brokerage Commissions_20250402,,,,12100,ATGN,D23100,ARB03474_GBP,,,,,0.0,,,,,C03174,,,,
1317,,GJ,4/2/2025,,Wedbush_Brokerage Commissions_20250402,,,,12100,ATGN,D23100,ARB03476_EUR,,,,,20.4,,,,,C03176,,,,
1318,,GJ,4/2/2025,,Wedbush_Brokerage Commissions_20250402,,,,12100,ATGN,D23100,ARB03476_GBP,,,,,0.0,,,,,C03176,,,,
1319,,GJ,4/2/2025,,Wedbush_Brokerage Commissions_20250402,,,,12100,ATGN,D23090,ARB03479_USD,,,,,34.2,,,,,C03179,,,,
1320,,GJ,4/2/2025,,Wedbush_Brokerage Commissions_20250402,,,,12100,ATGN,D23090,ARB03481_USD,,,,,78.3,,,,,C03181,,,,
1321,,GJ,4/2/2025,,Wedbush_Brokerage Commissions_20250402,,,,12100,ATGN,D23100,ARB03484_EUR,,,,,20.7,,,,,C03184,,,,
1322,,GJ,4/2/2025,,Wedbush_Brokerage Commissions_20250402,,,,12100,ATGN,D23100,ARB03484_GBP,,,,,0.0,,,,,C03184,,,,
1323,,GJ,4/2/2025,,Wedbush_Brokerage Commissions_20250402,,,,12100,ATGN,D23100,ARB03484_USD,,,,,3.6,,,,,C03184,,,,
1324,,GJ,4/2/2025,,Wedbush_Brokerage Commissions_20250402,,,,12100,ATGN,D23100,ARB03485_EUR,,,,,8.7,,,,,C03185,,,,
1325,,GJ,4/2/2025,,Wedbush_Brokerage Commissions_20250402,,,,12100,ATGN,D23100,ARB03485_GBP,,,,,0.0,,,,,C03185,,,,
1326,,GJ,4/2/2025,,Wedbush_Brokerage Commissions_20250402,,,,12100,ATGN,D23100,ARB03485_USD,,,,,0.3,,,,,C03185,,,,
1327,,GJ,4/2/2025,,Wedbush_Brokerage Commissions_20250402,,,,12100,ATGN,D23100,ARB03487_EUR,,,,,31.2,,,,,C03187,,,,
1328,,GJ,4/2/2025,,Wedbush_Brokerage Commissions_20250402,,,,12100,ATGN,D23100,ARB03487_GBP,,,,,0.0,,,,,C03187,,,,
1329,,GJ,4/2/2025,,Wedbush_Brokerage Commissions_20250402,,,,12100,ATGN,D23100,ARB03487_USD,,,,,6.9,,,,,C03187,,,,
1330,,GJ,4/2/2025,,Wedbush_Brokerage Commissions_20250402,,,,12100,ATGN,D23300,ARB03489_EUR,,,,,4.2,,,,,C03160,,,,
1331,,GJ,4/2/2025,,Wedbush_Brokerage Commissions_20250402,,,,12100,ATGN,D23300,ARB03489_GBP,,,,,0.0,,,,,C03160,,,,
1332,,GJ,4/2/2025,,Wedbush_Brokerage Commissions_20250402,,,,12100,ATGN,D23300,ARB03489_USD,,,,,88.05,,,,,C03160,,,,
1333,,GJ,4/2/2025,,Wedbush_Brokerage Commissions_20250402,,,,12100,,,ARB03490_EUR,,,,,13.2,,,,,,,,,
1334,,GJ,4/2/2025,,Wedbush_Brokerage Commissions_20250402,,,,12100,,,ARB03490_GBP,,,,,0.0,,,,,,,,,
1335,,GJ,4/2/2025,,Wedbush_Brokerage Commissions_20250402,,,,12100,,,ARB03490_USD,,,,,48.0,,,,,,,,,
1336,,GJ,4/2/2025,,Wedbush_Brokerage Commissions_20250402,,,,12100,,,ARB03491_USD,,,,,31.8,,,,,,,,,
1337,,GJ,4/2/2025,,Wedbush_Brokerage Commissions_20250402,,,,12100,ATGN,D23300,ARB03492_USD,,,,,50.85,,,,,C03163,,,,
1338,,GJ,4/2/2025,,Wedbush_Brokerage Commissions_20250402,,,,12100,303P,D21300,ARB04009_USD,,,,,2.55,,,,,C04009,,,,
1339,,GJ,4/2/2025,,Wedbush_Brokerage Commissions_20250402,,,,12100,303P,D21300,ARB04010_USD,,,,,14.4,,,,,C04009,,,,
1340,,GJ,4/2/2025,,Wedbush_Brokerage Commissions_20250402,,,,12100,303P,D21300,ARB04011_USD,,,,,14.7,,,,,C04009,,,,
1341,,GJ,4/2/2025,,Wedbush_Brokerage Commissions_20250402,,,,12100,303P,D21300,ARB04012_USD,,,,,0.75,,,,,C04009,,,,
1342,,GJ,4/2/2025,,Wedbush_Brokerage Commissions_20250402,,,,12100,303P,D21300,ARB04013_USD,,,,,2.1,,,,,C04009,,,,
1343,,GJ,4/2/2025,,Wedbush_Brokerage Commissions_20250402,,,,12100,303P,D21300,ARB04014_USD,,,,,1.95,,,,,C04009,,,,
1344,,GJ,4/2/2025,,Wedbush_Brokerage Commissions_20250402,,,,12100,303P,D21300,ARB04015_USD,,,,,3.45,,,,,C04009,,,,
1345,,GJ,4/2/2025,,Wedbush_Brokerage Commissions_20250402,,,,12100,303P,D21300,ARB04020_USD,,,,,0.45,,,,,C04020,,,,
1346,,GJ,4/2/2025,,Wedbush_Brokerage Commissions_20250402,,,,12100,303P,D21030,ARB04021_USD,,,,,11.4,,,,,C03084,,,,
1347,,GJ,4/2/2025,,Wedbush_Brokerage Commissions_20250402,,,,12100,303P,D21030,ARB04022_USD,,,,,195.89999999999998,,,,,C04022,,,,
1348,,GJ,4/2/2025,,Wedbush_Brokerage Commissions_20250402,,,,12100,303P,D21300,ARB04024_USD,,,,,6.15,,,,,C04024,,,,
1349,,GJ,4/2/2025,,Wedbush_Brokerage Commissions_20250402,,,,12100,303P,D21300,ARB04057_USD,,,,,27.0,,,,,C01057,,,,
1350,,GJ,4/2/2025,,Wedbush_Brokerage Commissions_20250402,,,,12100,303P,D21300,ARB05057_EUR,,,,,0.0,,,,,C01057,,,,
1351,,GJ,4/2/2025,,Wedbush_Brokerage Commissions_20250402,,,,12100,303P,D21300,ARB05057_USD,,,,,667.5,,,,,C01057,,,,
1352,,GJ,4/2/2025,,Wedbush_Brokerage Commissions_20250402,,,,12100,ATGN,D21300,ARB05357_EUR,,,,,6140.700000000001,,,,,C01057,,,,
1353,,GJ,4/2/2025,,Wedbush_Brokerage Commissions_20250402,,,,12100,ATGN,D21300,ARB05357_GBP,,,,,0.0,,,,,C01057,,,,
1354,,GJ,4/2/2025,,Wedbush_Brokerage Commissions_20250402,,,,12100,303P,D21300,ARB06057_USD,,,,,699.1500000000001,,,,,C01057,,,,
1355,,GJ,4/2/2025,,Wedbush_Brokerage Commissions_20250402,,,,12100,ATGN,D21300,ARB06357_USD,,,,,434.1,,,,,C01057,,,,
1356,,GJ,4/2/2025,,Wedbush_Brokerage Commissions_20250402,,,,50110,303P,D24300,ARB00020_USD,,,,65.1,,,,,,C00020,,,,
1357,,GJ,4/2/2025,,Wedbush_Brokerage Commissions_20250402,,,,50110,303P,D24300,ARB00022_USD,,,,21.900000000000002,,,,,,C00022,,,,
1358,,GJ,4/2/2025,,Wedbush_Brokerage Commissions_20250402,,,,50110,303P,D24300,ARB00023_USD,,,,1.5,,,,,,C00023,,,,
1359,,GJ,4/2/2025,,Wedbush_Brokerage Commissions_20250402,,,,50110,303P,D21300,ARB00033_USD,,,,491.54999999999995,,,,,,C00033,,,,
1360,,GJ,4/2/2025,,Wedbush_Brokerage Commissions_20250402,,,,50110,303P,D21300,ARB00054_USD,,,,237.75,,,,,,C00054,,,,
1361,,GJ,4/2/2025,,Wedbush_Brokerage Commissions_20250402,,,,50110,303P,D21300,ARB00055_USD,,,,3.75,,,,,,C00054,,,,
1362,,GJ,4/2/2025,,Wedbush_Brokerage Commissions_20250402,,,,50110,303P,D21300,ARB00068_USD,,,,392.70000000000005,,,,,,C03068,,,,
1363,,GJ,4/2/2025,,Wedbush_Brokerage Commissions_20250402,,,,50110,303P,D21300,ARB00090_USD,,,,52.05,,,,,,C00090,,,,
1364,,GJ,4/2/2025,,Wedbush_Brokerage Commissions_20250402,,,,50110,303P,D23300,ARB00110_USD,,,,11.100000000000001,,,,,,C00110,,,,
1365,,GJ,4/2/2025,,Wedbush_Brokerage Commissions_20250402,,,,50110,303P,D23300,ARB00112_USD,,,,66.6,,,,,,C00112,,,,
1366,,GJ,4/2/2025,,Wedbush_Brokerage Commissions_20250402,,,,50110,303P,D23300,ARB00113_USD,,,,89.7,,,,,,C00112,,,,
1367,,GJ,4/2/2025,,Wedbush_Brokerage Commissions_20250402,,,,50110,303P,D23300,ARB00122_USD,,,,0.15,,,,,,C00122,,,,
1368,,GJ,4/2/2025,,Wedbush_Brokerage Commissions_20250402,,,,50110,303P,D23080,ARB00123_USD,,,,100.2,,,,,,C01231,,,,
1369,,GJ,4/2/2025,,Wedbush_Brokerage Commissions_20250402,,,,50110,303P,D23020,ARB00124_USD,,,,10.5,,,,,,C00124,,,,
1370,,GJ,4/2/2025,,Wedbush_Brokerage Commissions_20250402,,,,50110,303P,D23020,ARB00126_USD,,,,2.55,,,,,,C00426,,,,
1371,,GJ,4/2/2025,,Wedbush_Brokerage Commissions_20250402,,,,50110,303P,D23300,ARB00132_USD,,,,24.0,,,,,,C00132,,,,
1372,,GJ,4/2/2025,,Wedbush_Brokerage Commissions_20250402,,,,50110,303P,D23300,ARB00135_USD,,,,25.200000000000003,,,,,,C00135,,,,
1373,,GJ,4/2/2025,,Wedbush_Brokerage Commissions_20250402,,,,50110,303P,D23080,ARB00141_USD,,,,44.4,,,,,,C02116,,,,
1374,,GJ,4/2/2025,,Wedbush_Brokerage Commissions_20250402,,,,50110,303P,D23020,ARB00143_USD,,,,3.0,,,,,,C00125,,,,
1375,,GJ,4/2/2025,,Wedbush_Brokerage Commissions_20250402,,,,50110,303P,D23020,ARB00146_USD,,,,6.6,,,,,,C00146,,,,
1376,,GJ,4/2/2025,,Wedbush_Brokerage Commissions_20250402,,,,50110,303P,D23300,ARB00149_USD,,,,18.0,,,,,,C00149,,,,
1377,,GJ,4/2/2025,,Wedbush_Brokerage Commissions_20250402,,,,50110,303P,D23300,ARB00156_USD,,,,242.55,,,,,,C00156,,,,
1378,,GJ,4/2/2025,,Wedbush_Brokerage Commissions_20250402,,,,50110,303P,D23300,ARB00159_USD,,,,18.0,,,,,,C00159,,,,
1379,,GJ,4/2/2025,,Wedbush_Brokerage Commissions_20250402,,,,50110,303P,D23010,ARB00160_USD,,,,10.05,,,,,,C00160,,,,
1380,,GJ,4/2/2025,,Wedbush_Brokerage Commissions_20250402,,,,50110,303P,D23010,ARB00169_USD,,,,56.85,,,,,,C00469,,,,
1381,,GJ,4/2/2025,,Wedbush_Brokerage Commissions_20250402,,,,50110,303P,D23060,ARB00186_USD,,,,27.0,,,,,,C00186,,,,
1382,,GJ,4/2/2025,,Wedbush_Brokerage Commissions_20250402,,,,50110,303P,D23060,ARB00188_USD,,,,8.7,,,,,,C00186,,,,
1383,,GJ,4/2/2025,,Wedbush_Brokerage Commissions_20250402,,,,50110,303P,D23300,ARB00193_USD,,,,100.05,,,,,,C00193,,,,
1384,,GJ,4/2/2025,,Wedbush_Brokerage Commissions_20250402,,,,50110,303P,D23300,ARB00194_USD,,,,179.1,,,,,,C00194,,,,
1385,,GJ,4/2/2025,,Wedbush_Brokerage Commissions_20250402,,,,50110,303P,D22000,ARB00201_USD,,,,38.85,,,,,,C00201,,,,
1386,,GJ,4/2/2025,,Wedbush_Brokerage Commissions_20250402,,,,50110,303P,D22000,ARB00214_USD,,,,8.4,,,,,,C00214,,,,
1387,,GJ,4/2/2025,,Wedbush_Brokerage Commissions_20250402,,,,50110,303P,D22000,ARB00220_USD,,,,61.5,,,,,,C00220,,,,
1388,,GJ,4/2/2025,,Wedbush_Brokerage Commissions_20250402,,,,50110,303P,D22000,ARB00257_USD,,,,117.6,,,,,,C00257,,,,
1389,,GJ,4/2/2025,,Wedbush_Brokerage Commissions_20250402,,,,50110,303P,D22000,ARB00267_USD,,,,30.0,,,,,,C00267,,,,
1390,,GJ,4/2/2025,,Wedbush_Brokerage Commissions_20250402,,,,50110,ATGN,D24300,ARB00320_EUR,,,,199.5,,,,,,C00020,,,,
1391,,GJ,4/2/2025,,Wedbush_Brokerage Commissions_20250402,,,,50110,ATGN,D24300,ARB00320_GBP,,,,0.0,,,,,,C00020,,,,
1392,,GJ,4/2/2025,,Wedbush_Brokerage Commissions_20250402,,,,50110,ATGN,D21300,ARB00333_EUR,,,,78.6,,,,,,C00033,,,,
1393,,GJ,4/2/2025,,Wedbush_Brokerage Commissions_20250402,,,,50110,ATGN,D21300,ARB00333_GBP,,,,0.0,,,,,,C00033,,,,
1394,,GJ,4/2/2025,,Wedbush_Brokerage Commissions_20250402,,,,50110,ATGN,D21300,ARB00354_USD,,,,66.0,,,,,,C00054,,,,
1395,,GJ,4/2/2025,,Wedbush_Brokerage Commissions_20250402,,,,50110,ATGN,D21300,ARB00355_EUR,,,,1.8,,,,,,C00054,,,,
1396,,GJ,4/2/2025,,Wedbush_Brokerage Commissions_20250402,,,,50110,ATGN,D21300,ARB00355_GBP,,,,0.0,,,,,,C00054,,,,
1397,,GJ,4/2/2025,,Wedbush_Brokerage Commissions_20250402,,,,50110,ATGN,D21300,ARB00390_CAD,,,,0.0,,,,,,C00090,,,,
1398,,GJ,4/2/2025,,Wedbush_Brokerage Commissions_20250402,,,,50110,ATGN,D21300,ARB00390_USD,,,,9.0,,,,,,C00090,,,,
1399,,GJ,4/2/2025,,Wedbush_Brokerage Commissions_20250402,,,,50110,ATGN,D23300,ARB00412_CHF,,,,0.0,,,,,,C00112,,,,
1400,,GJ,4/2/2025,,Wedbush_Brokerage Commissions_20250402,,,,50110,ATGN,D23300,ARB00412_EUR,,,,136.05,,,,,,C00112,,,,
1401,,GJ,4/2/2025,,Wedbush_Brokerage Commissions_20250402,,,,50110,ATGN,D23300,ARB00412_GBP,,,,0.0,,,,,,C00112,,,,
1402,,GJ,4/2/2025,,Wedbush_Brokerage Commissions_20250402,,,,50110,ATGN,D23300,ARB00412_USD,,,,1.5,,,,,,C00112,,,,
1403,,GJ,4/2/2025,,Wedbush_Brokerage Commissions_20250402,,,,50110,ATGN,D23300,ARB00422_EUR,,,,4.5,,,,,,C00122,,,,
1404,,GJ,4/2/2025,,Wedbush_Brokerage Commissions_20250402,,,,50110,ATGN,D23300,ARB00422_GBP,,,,0.0,,,,,,C00122,,,,
1405,,GJ,4/2/2025,,Wedbush_Brokerage Commissions_20250402,,,,50110,ATGN,D23300,ARB00422_USD,,,,73.5,,,,,,C00122,,,,
1406,,GJ,4/2/2025,,Wedbush_Brokerage Commissions_20250402,,,,50110,ATGN,D23080,ARB00423_EUR,,,,3.45,,,,,,C01231,,,,
1407,,GJ,4/2/2025,,Wedbush_Brokerage Commissions_20250402,,,,50110,ATGN,D23080,ARB00423_GBP,,,,0.0,,,,,,C01231,,,,
1408,,GJ,4/2/2025,,Wedbush_Brokerage Commissions_20250402,,,,50110,ATGN,D23080,ARB00423_USD,,,,414.45000000000005,,,,,,C01231,,,,
1409,,GJ,4/2/2025,,Wedbush_Brokerage Commissions_20250402,,,,50110,ATGN,D23020,ARB00424_EUR,,,,40.349999999999994,,,,,,C00124,,,,
1410,,GJ,4/2/2025,,Wedbush_Brokerage Commissions_20250402,,,,50110,ATGN,D23020,ARB00424_GBP,,,,0.0,,,,,,C00124,,,,
1411,,GJ,4/2/2025,,Wedbush_Brokerage Commissions_20250402,,,,50110,ATGN,D23020,ARB00424_USD,,,,82.35,,,,,,C00124,,,,
1412,,GJ,4/2/2025,,Wedbush_Brokerage Commissions_20250402,,,,50110,ATGN,D23020,ARB00425_EUR,,,,19.35,,,,,,C00125,,,,
1413,,GJ,4/2/2025,,Wedbush_Brokerage Commissions_20250402,,,,50110,ATGN,D23020,ARB00425_GBP,,,,0.0,,,,,,C00125,,,,
1414,,GJ,4/2/2025,,Wedbush_Brokerage Commissions_20250402,,,,50110,ATGN,D23020,ARB00425_USD,,,,674.8499999999999,,,,,,C00125,,,,
1415,,GJ,4/2/2025,,Wedbush_Brokerage Commissions_20250402,,,,50110,ATGN,D23020,ARB00426_CAD,,,,0.0,,,,,,C00426,,,,
1416,,GJ,4/2/2025,,Wedbush_Brokerage Commissions_20250402,,,,50110,ATGN,D23020,ARB00426_EUR,,,,8.55,,,,,,C00426,,,,
1417,,GJ,4/2/2025,,Wedbush_Brokerage Commissions_20250402,,,,50110,ATGN,D23020,ARB00426_GBP,,,,0.0,,,,,,C00426,,,,
1418,,GJ,4/2/2025,,Wedbush_Brokerage Commissions_20250402,,,,50110,ATGN,D23020,ARB00426_USD,,,,202.05,,,,,,C00426,,,,
1419,,GJ,4/2/2025,,Wedbush_Brokerage Commissions_20250402,,,,50110,ATGN,D23300,ARB00432_EUR,,,,25.2,,,,,,C00132,,,,
1420,,GJ,4/2/2025,,Wedbush_Brokerage Commissions_20250402,,,,50110,ATGN,D23300,ARB00432_GBP,,,,0.0,,,,,,C00132,,,,
1421,,GJ,4/2/2025,,Wedbush_Brokerage Commissions_20250402,,,,50110,ATGN,D23300,ARB00435_EUR,,,,0.6,,,,,,C00135,,,,
1422,,GJ,4/2/2025,,Wedbush_Brokerage Commissions_20250402,,,,50110,ATGN,D23300,ARB00435_GBP,,,,0.0,,,,,,C00135,,,,
1423,,GJ,4/2/2025,,Wedbush_Brokerage Commissions_20250402,,,,50110,ATGN,D23300,ARB00435_USD,,,,302.4,,,,,,C00135,,,,
1424,,GJ,4/2/2025,,Wedbush_Brokerage Commissions_20250402,,,,50110,ATGN,D23080,ARB00441_EUR,,,,1.8,,,,,,C01231,,,,
1425,,GJ,4/2/2025,,Wedbush_Brokerage Commissions_20250402,,,,50110,ATGN,D23080,ARB00441_GBP,,,,0.0,,,,,,C01231,,,,
1426,,GJ,4/2/2025,,Wedbush_Brokerage Commissions_20250402,,,,50110,ATGN,D23080,ARB00441_USD,,,,25.5,,,,,,C01231,,,,
1427,,GJ,4/2/2025,,Wedbush_Brokerage Commissions_20250402,,,,50110,ATGN,D23020,ARB00442_USD,,,,1.65,,,,,,C00124,,,,
1428,,GJ,4/2/2025,,Wedbush_Brokerage Commissions_20250402,,,,50110,ATGN,D23020,ARB00446_EUR,,,,5.3999999999999995,,,,,,C00146,,,,
1429,,GJ,4/2/2025,,Wedbush_Brokerage Commissions_20250402,,,,50110,ATGN,D23020,ARB00446_GBP,,,,0.0,,,,,,C00146,,,,
1430,,GJ,4/2/2025,,Wedbush_Brokerage Commissions_20250402,,,,50110,ATGN,D23020,ARB00446_USD,,,,160.35,,,,,,C00146,,,,
1431,,GJ,4/2/2025,,Wedbush_Brokerage Commissions_20250402,,,,50110,ATGN,D23300,ARB00449_EUR,,,,3.0,,,,,,C00149,,,,
1432,,GJ,4/2/2025,,Wedbush_Brokerage Commissions_20250402,,,,50110,ATGN,D23300,ARB00449_GBP,,,,0.0,,,,,,C00149,,,,
1433,,GJ,4/2/2025,,Wedbush_Brokerage Commissions_20250402,,,,50110,ATGN,D23300,ARB00449_USD,,,,19.8,,,,,,C00149,,,,
1434,,GJ,4/2/2025,,Wedbush_Brokerage Commissions_20250402,,,,50110,ATGN,D23300,ARB00456_CHF,,,,0.0,,,,,,C00156,,,,
1435,,GJ,4/2/2025,,Wedbush_Brokerage Commissions_20250402,,,,50110,ATGN,D23300,ARB00456_EUR,,,,8.4,,,,,,C00156,,,,
1436,,GJ,4/2/2025,,Wedbush_Brokerage Commissions_20250402,,,,50110,ATGN,D23300,ARB00456_USD,,,,32.1,,,,,,C00156,,,,
1437,,GJ,4/2/2025,,Wedbush_Brokerage Commissions_20250402,,,,50110,ATGN,D23010,ARB00460_CAD,,,,0.0,,,,,,C00160,,,,
1438,,GJ,4/2/2025,,Wedbush_Brokerage Commissions_20250402,,,,50110,ATGN,D23010,ARB00460_USD,,,,6.3,,,,,,C00160,,,,
1439,,GJ,4/2/2025,,Wedbush_Brokerage Commissions_20250402,,,,50110,ATGN,D23010,ARB00469_EUR,,,,27.150000000000002,,,,,,C00469,,,,
1440,,GJ,4/2/2025,,Wedbush_Brokerage Commissions_20250402,,,,50110,ATGN,D23010,ARB00469_GBP,,,,0.0,,,,,,C00469,,,,
1441,,GJ,4/2/2025,,Wedbush_Brokerage Commissions_20250402,,,,50110,ATGN,D23010,ARB00469_USD,,,,394.35,,,,,,C00469,,,,
1442,,GJ,4/2/2025,,Wedbush_Brokerage Commissions_20250402,,,,50110,ATGN,D23060,ARB00486_EUR,,,,2.4,,,,,,C00186,,,,
1443,,GJ,4/2/2025,,Wedbush_Brokerage Commissions_20250402,,,,50110,ATGN,D23060,ARB00486_GBP,,,,0.0,,,,,,C00186,,,,
1444,,GJ,4/2/2025,,Wedbush_Brokerage Commissions_20250402,,,,50110,ATGN,D23060,ARB00486_USD,,,,8.7,,,,,,C00186,,,,
1445,,GJ,4/2/2025,,Wedbush_Brokerage Commissions_20250402,,,,50110,ATGN,D23060,ARB00488_USD,,,,0.6,,,,,,C00186,,,,
1446,,GJ,4/2/2025,,Wedbush_Brokerage Commissions_20250402,,,,50110,ATGN,D23300,ARB00493_CAD,,,,0.0,,,,,,C00193,,,,
1447,,GJ,4/2/2025,,Wedbush_Brokerage Commissions_20250402,,,,50110,ATGN,D23300,ARB00493_EUR,,,,0.6,,,,,,C00193,,,,
1448,,GJ,4/2/2025,,Wedbush_Brokerage Commissions_20250402,,,,50110,ATGN,D23300,ARB00493_GBP,,,,0.0,,,,,,C00193,,,,
1449,,GJ,4/2/2025,,Wedbush_Brokerage Commissions_20250402,,,,50110,ATGN,D23300,ARB00493_USD,,,,38.4,,,,,,C00193,,,,
1450,,GJ,4/2/2025,,Wedbush_Brokerage Commissions_20250402,,,,50110,ATGN,D23300,ARB00494_CAD,,,,0.0,,,,,,C00194,,,,
1451,,GJ,4/2/2025,,Wedbush_Brokerage Commissions_20250402,,,,50110,ATGN,D23300,ARB00494_EUR,,,,6.45,,,,,,C00194,,,,
1452,,GJ,4/2/2025,,Wedbush_Brokerage Commissions_20250402,,,,50110,ATGN,D23300,ARB00494_GBP,,,,0.0,,,,,,C00194,,,,
1453,,GJ,4/2/2025,,Wedbush_Brokerage Commissions_20250402,,,,50110,ATGN,D23300,ARB00494_USD,,,,54.3,,,,,,C00194,,,,
1454,,GJ,4/2/2025,,Wedbush_Brokerage Commissions_20250402,,,,50110,ATGN,D22000,ARB00501_EUR,,,,7.2,,,,,,C00201,,,,
1455,,GJ,4/2/2025,,Wedbush_Brokerage Commissions_20250402,,,,50110,ATGN,D22000,ARB00501_GBP,,,,0.0,,,,,,C00201,,,,
1456,,GJ,4/2/2025,,Wedbush_Brokerage Commissions_20250402,,,,50110,ATGN,D22000,ARB00503_EUR,,,,2.7,,,,,,C00203,,,,
1457,,GJ,4/2/2025,,Wedbush_Brokerage Commissions_20250402,,,,50110,ATGN,D22000,ARB00503_GBP,,,,0.0,,,,,,C00203,,,,
1458,,GJ,4/2/2025,,Wedbush_Brokerage Commissions_20250402,,,,50110,ATGN,D22000,ARB00503_USD,,,,6.0,,,,,,C00203,,,,
1459,,GJ,4/2/2025,,Wedbush_Brokerage Commissions_20250402,,,,50110,ATGN,D22000,ARB00520_CAD,,,,0.0,,,,,,C00220,,,,
1460,,GJ,4/2/2025,,Wedbush_Brokerage Commissions_20250402,,,,50110,ATGN,D22000,ARB00520_USD,,,,16.8,,,,,,C00220,,,,
1461,,GJ,4/2/2025,,Wedbush_Brokerage Commissions_20250402,,,,50110,ATGN,D22000,ARB00567_EUR,,,,7.5,,,,,,C00267,,,,
1462,,GJ,4/2/2025,,Wedbush_Brokerage Commissions_20250402,,,,50110,ATGN,D22000,ARB00567_GBP,,,,0.0,,,,,,C00267,,,,
1463,,GJ,4/2/2025,,Wedbush_Brokerage Commissions_20250402,,,,50110,ATGN,D22000,ARB00567_USD,,,,10.8,,,,,,C00267,,,,
1464,,GJ,4/2/2025,,Wedbush_Brokerage Commissions_20250402,,,,50110,303S,D21300,ARB00754_USD,,,,185.25,,,,,,C00754,,,,
1465,,GJ,4/2/2025,,Wedbush_Brokerage Commissions_20250402,,,,50110,303S,D21030,ARB00765_USD,,,,15.9,,,,,,C00765,,,,
1466,,GJ,4/2/2025,,Wedbush_Brokerage Commissions_20250402,,,,50110,303P,D21030,ARB01002_USD,,,,24.9,,,,,,C01064,,,,
1467,,GJ,4/2/2025,,Wedbush_Brokerage Commissions_20250402,,,,50110,303P,D21300,ARB01057_MXN,,,,0.0,,,,,,C01057,,,,
1468,,GJ,4/2/2025,,Wedbush_Brokerage Commissions_20250402,,,,50110,303P,D21300,ARB01057_USD,,,,762.9,,,,,,C01057,,,,
1469,,GJ,4/2/2025,,Wedbush_Brokerage Commissions_20250402,,,,50110,303P,D21030,ARB01063_USD,,,,265.34999999999997,,,,,,C01063,,,,
1470,,GJ,4/2/2025,,Wedbush_Brokerage Commissions_20250402,,,,50110,303P,D21030,ARB01064_USD,,,,144.45,,,,,,C01064,,,,
1471,,GJ,4/2/2025,,Wedbush_Brokerage Commissions_20250402,,,,50110,303P,D21030,ARB01065_USD,,,,21.0,,,,,,C01065,,,,
1472,,GJ,4/2/2025,,Wedbush_Brokerage Commissions_20250402,,,,50110,303P,D21030,ARB01066_USD,,,,6.300000000000001,,,,,,C01066,,,,
1473,,GJ,4/2/2025,,Wedbush_Brokerage Commissions_20250402,,,,50110,303P,D21030,ARB01071_USD,,,,19.200000000000003,,,,,,C01071,,,,
1474,,GJ,4/2/2025,,Wedbush_Brokerage Commissions_20250402,,,,50110,303P,D21030,ARB01076_USD,,,,148.65,,,,,,C01076,,,,
1475,,GJ,4/2/2025,,Wedbush_Brokerage Commissions_20250402,,,,50110,303P,D21030,ARB01078_USD,,,,170.1,,,,,,C01078,,,,
1476,,GJ,4/2/2025,,Wedbush_Brokerage Commissions_20250402,,,,50110,303P,D21030,ARB01092_USD,,,,161.7,,,,,,C01092,,,,
1477,,GJ,4/2/2025,,Wedbush_Brokerage Commissions_20250402,,,,50110,303P,D21030,ARB01093_USD,,,,324.9,,,,,,C01093,,,,
1478,,GJ,4/2/2025,,Wedbush_Brokerage Commissions_20250402,,,,50110,303P,D21030,ARB01095_USD,,,,176.7,,,,,,C01095,,,,
1479,,GJ,4/2/2025,,Wedbush_Brokerage Commissions_20250402,,,,50110,303P,D21030,ARB01098_USD,,,,435.90000000000003,,,,,,C01098,,,,
1480,,GJ,4/2/2025,,Wedbush_Brokerage Commissions_20250402,,,,50110,303P,D23300,ARB01145_USD,,,,385.95,,,,,,C01145,,,,
1481,,GJ,4/2/2025,,Wedbush_Brokerage Commissions_20250402,,,,50110,303P,D23010,ARB01157_USD,,,,66.3,,,,,,C01157,,,,
1482,,GJ,4/2/2025,,Wedbush_Brokerage Commissions_20250402,,,,50110,303P,D23010,ARB01158_USD,,,,516.15,,,,,,C01158,,,,
1483,,GJ,4/2/2025,,Wedbush_Brokerage Commissions_20250402,,,,50110,303P,D23010,ARB01166_USD,,,,15.3,,,,,,C01166,,,,
1484,,GJ,4/2/2025,,Wedbush_Brokerage Commissions_20250402,,,,50110,303P,D23010,ARB01172_USD,,,,12.6,,,,,,C01172,,,,
1485,,GJ,4/2/2025,,Wedbush_Brokerage Commissions_20250402,,,,50110,303P,D23010,ARB01176_USD,,,,59.4,,,,,,C01176,,,,
1486,,GJ,4/2/2025,,Wedbush_Brokerage Commissions_20250402,,,,50110,303P,D23010,ARB01177_USD,,,,129.75,,,,,,C00469,,,,
1487,,GJ,4/2/2025,,Wedbush_Brokerage Commissions_20250402,,,,50110,303P,D23010,ARB01179_USD,,,,37.8,,,,,,C01479,,,,
1488,,GJ,4/2/2025,,Wedbush_Brokerage Commissions_20250402,,,,50110,303P,D23300,ARB01195_USD,,,,3.3,,,,,,C00193,,,,
1489,,GJ,4/2/2025,,Wedbush_Brokerage Commissions_20250402,,,,50110,ATGN,D21300,ARB01357_CHF,,,,0.0,,,,,,C01057,,,,
1490,,GJ,4/2/2025,,Wedbush_Brokerage Commissions_20250402,,,,50110,ATGN,D21300,ARB01357_EUR,,,,1333.65,,,,,,C01057,,,,
1491,,GJ,4/2/2025,,Wedbush_Brokerage Commissions_20250402,,,,50110,ATGN,D21300,ARB01357_GBP,,,,0.0,,,,,,C01057,,,,
1492,,GJ,4/2/2025,,Wedbush_Brokerage Commissions_20250402,,,,50110,ATGN,D23020,ARB01400_USD,,,,7.2,,,,,,C00146,,,,
1493,,GJ,4/2/2025,,Wedbush_Brokerage Commissions_20250402,,,,50110,ATGN,D23020,ARB01417_EUR,,,,20.4,,,,,,C01117,,,,
1494,,GJ,4/2/2025,,Wedbush_Brokerage Commissions_20250402,,,,50110,ATGN,D23020,ARB01417_GBP,,,,0.0,,,,,,C01117,,,,
1495,,GJ,4/2/2025,,Wedbush_Brokerage Commissions_20250402,,,,50110,ATGN,D23020,ARB01417_USD,,,,148.64999999999998,,,,,,C01117,,,,
1496,,GJ,4/2/2025,,Wedbush_Brokerage Commissions_20250402,,,,50110,ATGN,D23300,ARB01445_CHF,,,,0.0,,,,,,C01145,,,,
1497,,GJ,4/2/2025,,Wedbush_Brokerage Commissions_20250402,,,,50110,ATGN,D23300,ARB01445_EUR,,,,111.0,,,,,,C01145,,,,
1498,,GJ,4/2/2025,,Wedbush_Brokerage Commissions_20250402,,,,50110,ATGN,D23300,ARB01445_GBP,,,,0.0,,,,,,C01145,,,,
1499,,GJ,4/2/2025,,Wedbush_Brokerage Commissions_20250402,,,,50110,ATGN,D23300,ARB01445_USD,,,,8.7,,,,,,C01145,,,,
1500,,GJ,4/2/2025,,Wedbush_Brokerage Commissions_20250402,,,,50110,ATGN,D23010,ARB01457_CAD,,,,0.0,,,,,,C01157,,,,
1501,,GJ,4/2/2025,,Wedbush_Brokerage Commissions_20250402,,,,50110,ATGN,D23010,ARB01457_USD,,,,17.1,,,,,,C01157,,,,
1502,,GJ,4/2/2025,,Wedbush_Brokerage Commissions_20250402,,,,50110,ATGN,D23010,ARB01458_CAD,,,,0.0,,,,,,C01158,,,,
1503,,GJ,4/2/2025,,Wedbush_Brokerage Commissions_20250402,,,,50110,ATGN,D23010,ARB01458_USD,,,,78.45,,,,,,C01158,,,,
1504,,GJ,4/2/2025,,Wedbush_Brokerage Commissions_20250402,,,,50110,ATGN,D23010,ARB01466_USD,,,,0.6,,,,,,C01166,,,,
1505,,GJ,4/2/2025,,Wedbush_Brokerage Commissions_20250402,,,,50110,ATGN,D23010,ARB01476_EUR,,,,3.0,,,,,,C01176,,,,
1506,,GJ,4/2/2025,,Wedbush_Brokerage Commissions_20250402,,,,50110,ATGN,D23010,ARB01476_GBP,,,,0.0,,,,,,C01176,,,,
1507,,GJ,4/2/2025,,Wedbush_Brokerage Commissions_20250402,,,,50110,ATGN,D23010,ARB01476_USD,,,,43.05,,,,,,C01176,,,,
1508,,GJ,4/2/2025,,Wedbush_Brokerage Commissions_20250402,,,,50110,303P,D21300,ARB02012_USD,,,,289.5,,,,,,C02012,,,,
1509,,GJ,4/2/2025,,Wedbush_Brokerage Commissions_20250402,,,,50110,303P,D21300,ARB02040_USD,,,,70.35,,,,,,C02040,,,,
1510,,GJ,4/2/2025,,Wedbush_Brokerage Commissions_20250402,,,,50110,303P,D21300,ARB02043_USD,,,,133.5,,,,,,C02520,,,,
1511,,GJ,4/2/2025,,Wedbush_Brokerage Commissions_20250402,,,,50110,303P,D21300,ARB02044_USD,,,,117.0,,,,,,C02044,,,,
1512,,GJ,4/2/2025,,Wedbush_Brokerage Commissions_20250402,,,,50110,303P,D21300,ARB02045_USD,,,,1.8,,,,,,C02045,,,,
1513,,GJ,4/2/2025,,Wedbush_Brokerage Commissions_20250402,,,,50110,303P,D21030,ARB02047_USD,,,,56.1,,,,,,C01092,,,,
1514,,GJ,4/2/2025,,Wedbush_Brokerage Commissions_20250402,,,,50110,303P,D21030,ARB02052_USD,,,,2.1,,,,,,C01078,,,,
1515,,GJ,4/2/2025,,Wedbush_Brokerage Commissions_20250402,,,,50110,303P,D21300,ARB02055_USD,,,,17.1,,,,,,C00054,,,,
1516,,GJ,4/2/2025,,Wedbush_Brokerage Commissions_20250402,,,,50110,303P,D21300,ARB02076_USD,,,,907.35,,,,,,C02076,,,,
1517,,GJ,4/2/2025,,Wedbush_Brokerage Commissions_20250402,,,,50110,303P,D21300,ARB02081_USD,,,,7.6499999999999995,,,,,,C00675,,,,
1518,,GJ,4/2/2025,,Wedbush_Brokerage Commissions_20250402,,,,50110,303P,D21300,ARB02082_USD,,,,172.05,,,,,,C00675,,,,
1519,,GJ,4/2/2025,,Wedbush_Brokerage Commissions_20250402,,,,50110,303P,D21300,ARB02083_USD,,,,16.35,,,,,,C00675,,,,
1520,,GJ,4/2/2025,,Wedbush_Brokerage Commissions_20250402,,,,50110,303P,D21300,ARB02084_USD,,,,15.75,,,,,,C00675,,,,
1521,,GJ,4/2/2025,,Wedbush_Brokerage Commissions_20250402,,,,50110,303P,D21300,ARB02085_USD,,,,0.3,,,,,,C00675,,,,
1522,,GJ,4/2/2025,,Wedbush_Brokerage Commissions_20250402,,,,50110,303P,D21300,ARB02086_USD,,,,0.75,,,,,,C00675,,,,
1523,,GJ,4/2/2025,,Wedbush_Brokerage Commissions_20250402,,,,50110,303P,D21300,ARB02087_USD,,,,0.75,,,,,,C00675,,,,
1524,,GJ,4/2/2025,,Wedbush_Brokerage Commissions_20250402,,,,50110,303P,D23010,ARB02102_USD,,,,66.15,,,,,,C02102,,,,
1525,,GJ,4/2/2025,,Wedbush_Brokerage Commissions_20250402,,,,50110,303P,D23010,ARB02103_USD,,,,255.3,,,,,,C00163,,,,
1526,,GJ,4/2/2025,,Wedbush_Brokerage Commissions_20250402,,,,50110,303P,D23010,ARB02106_USD,,,,36.45,,,,,,C00163,,,,
1527,,GJ,4/2/2025,,Wedbush_Brokerage Commissions_20250402,,,,50110,303P,D23300,ARB02121_USD,,,,320.7,,,,,,C02121,,,,
1528,,GJ,4/2/2025,,Wedbush_Brokerage Commissions_20250402,,,,50110,303P,D23020,ARB02129_USD,,,,51.599999999999994,,,,,,C02129,,,,
1529,,GJ,4/2/2025,,Wedbush_Brokerage Commissions_20250402,,,,50110,303P,D23010,ARB02132_USD,,,,20.4,,,,,,C02132,,,,
1530,,GJ,4/2/2025,,Wedbush_Brokerage Commissions_20250402,,,,50110,303P,D23010,ARB02135_USD,,,,18.0,,,,,,C02135,,,,
1531,,GJ,4/2/2025,,Wedbush_Brokerage Commissions_20250402,,,,50110,303P,D23010,ARB02145_USD,,,,66.0,,,,,,C02145,,,,
1532,,GJ,4/2/2025,,Wedbush_Brokerage Commissions_20250402,,,,50110,303P,D23010,ARB02147_USD,,,,267.6,,,,,,C02147,,,,
1533,,GJ,4/2/2025,,Wedbush_Brokerage Commissions_20250402,,,,50110,303P,D23010,ARB02149_USD,,,,15.0,,,,,,C02149,,,,
1534,,GJ,4/2/2025,,Wedbush_Brokerage Commissions_20250402,,,,50110,303P,D23060,ARB02152_USD,,,,22.2,,,,,,C00186,,,,
1535,,GJ,4/2/2025,,Wedbush_Brokerage Commissions_20250402,,,,50110,303P,D23300,ARB02154_USD,,,,37.8,,,,,,C00149,,,,
1536,,GJ,4/2/2025,,Wedbush_Brokerage Commissions_20250402,,,,50110,303P,D23300,ARB02158_USD,,,,22.5,,,,,,C01145,,,,
1537,,GJ,4/2/2025,,Wedbush_Brokerage Commissions_20250402,,,,50110,303P,D23300,ARB02167_USD,,,,101.7,,,,,,C00118,,,,
1538,,GJ,4/2/2025,,Wedbush_Brokerage Commissions_20250402,,,,50110,303P,D23300,ARB02168_USD,,,,6.9,,,,,,C00194,,,,
1539,,GJ,4/2/2025,,Wedbush_Brokerage Commissions_20250402,,,,50110,303P,D23060,ARB02169_USD,,,,10.8,,,,,,C00186,,,,
1540,,GJ,4/2/2025,,Wedbush_Brokerage Commissions_20250402,,,,50110,303P,D23010,ARB02173_USD,,,,38.4,,,,,,C00463,,,,
1541,,GJ,4/2/2025,,Wedbush_Brokerage Commissions_20250402,,,,50110,303P,D23010,ARB02176_USD,,,,245.39999999999998,,,,,,C00463,,,,
1542,,GJ,4/2/2025,,Wedbush_Brokerage Commissions_20250402,,,,50110,303P,D23010,ARB02177_USD,,,,117.00000000000001,,,,,,C02177,,,,
1543,,GJ,4/2/2025,,Wedbush_Brokerage Commissions_20250402,,,,50110,303P,D23010,ARB02179_USD,,,,459.45,,,,,,C02179,,,,
1544,,GJ,4/2/2025,,Wedbush_Brokerage Commissions_20250402,,,,50110,303P,D23010,ARB02180_USD,,,,52.8,,,,,,C02180,,,,
1545,,GJ,4/2/2025,,Wedbush_Brokerage Commissions_20250402,,,,50110,303P,D23010,ARB02181_USD,,,,565.5,,,,,,C02181,,,,
1546,,GJ,4/2/2025,,Wedbush_Brokerage Commissions_20250402,,,,50110,303P,D23010,ARB02182_USD,,,,448.05,,,,,,C02182,,,,
1547,,GJ,4/2/2025,,Wedbush_Brokerage Commissions_20250402,,,,50110,303P,D23010,ARB02183_USD,,,,45.3,,,,,,C02183,,,,
1548,,GJ,4/2/2025,,Wedbush_Brokerage Commissions_20250402,,,,50110,303P,D23010,ARB02184_USD,,,,262.95,,,,,,C02184,,,,
1549,,GJ,4/2/2025,,Wedbush_Brokerage Commissions_20250402,,,,50110,303P,D23010,ARB02185_USD,,,,6.0,,,,,,C02185,,,,
1550,,GJ,4/2/2025,,Wedbush_Brokerage Commissions_20250402,,,,50110,303P,D23010,ARB02187_USD,,,,1.7999999999999998,,,,,,C02187,,,,
1551,,GJ,4/2/2025,,Wedbush_Brokerage Commissions_20250402,,,,50110,303P,D23010,ARB02188_USD,,,,108.9,,,,,,C02188,,,,
1552,,GJ,4/2/2025,,Wedbush_Brokerage Commissions_20250402,,,,50110,303P,D23010,ARB02190_USD,,,,1.5,,,,,,C02147,,,,
1553,,GJ,4/2/2025,,Wedbush_Brokerage Commissions_20250402,,,,50110,303P,D23010,ARB02191_USD,,,,0.75,,,,,,C00469,,,,
1554,,GJ,4/2/2025,,Wedbush_Brokerage Commissions_20250402,,,,50110,ATGN,D21300,ARB02343_EUR,,,,49.589999999999996,,,,,,C02520,,,,
1555,,GJ,4/2/2025,,Wedbush_Brokerage Commissions_20250402,,,,50110,ATGN,D21300,ARB02343_GBP,,,,0.0,,,,,,C02520,,,,
1556,,GJ,4/2/2025,,Wedbush_Brokerage Commissions_20250402,,,,50110,ATGN,D21300,ARB02343_USD,,,,3.15,,,,,,C02520,,,,
1557,,GJ,4/2/2025,,Wedbush_Brokerage Commissions_20250402,,,,50110,ATGN,D21300,ARB02355_USD,,,,16.8,,,,,,C00054,,,,
1558,,GJ,4/2/2025,,Wedbush_Brokerage Commissions_20250402,,,,50110,ATGN,D23010,ARB02402_CAD,,,,0.0,,,,,,C02102,,,,
1559,,GJ,4/2/2025,,Wedbush_Brokerage Commissions_20250402,,,,50110,ATGN,D23010,ARB02402_USD,,,,13.2,,,,,,C02102,,,,
1560,,GJ,4/2/2025,,Wedbush_Brokerage Commissions_20250402,,,,50110,ATGN,D23010,ARB02407_EUR,,,,3.3,,,,,,C02107,,,,
1561,,GJ,4/2/2025,,Wedbush_Brokerage Commissions_20250402,,,,50110,ATGN,D23010,ARB02407_GBP,,,,0.0,,,,,,C02107,,,,
1562,,GJ,4/2/2025,,Wedbush_Brokerage Commissions_20250402,,,,50110,ATGN,D23010,ARB02407_USD,,,,6.6,,,,,,C02107,,,,
1563,,GJ,4/2/2025,,Wedbush_Brokerage Commissions_20250402,,,,50110,ATGN,D23080,ARB02418_EUR,,,,2.55,,,,,,C01234,,,,
1564,,GJ,4/2/2025,,Wedbush_Brokerage Commissions_20250402,,,,50110,ATGN,D23080,ARB02418_GBP,,,,0.0,,,,,,C01234,,,,
1565,,GJ,4/2/2025,,Wedbush_Brokerage Commissions_20250402,,,,50110,ATGN,D23080,ARB02418_USD,,,,141.15,,,,,,C01234,,,,
1566,,GJ,4/2/2025,,Wedbush_Brokerage Commissions_20250402,,,,50110,ATGN,D23300,ARB02421_CHF,,,,0.0,,,,,,C02121,,,,
1567,,GJ,4/2/2025,,Wedbush_Brokerage Commissions_20250402,,,,50110,ATGN,D23300,ARB02421_EUR,,,,58.8,,,,,,C02121,,,,
1568,,GJ,4/2/2025,,Wedbush_Brokerage Commissions_20250402,,,,50110,ATGN,D23300,ARB02421_GBP,,,,0.0,,,,,,C02121,,,,
1569,,GJ,4/2/2025,,Wedbush_Brokerage Commissions_20250402,,,,50110,ATGN,D23300,ARB02421_USD,,,,9.6,,,,,,C02121,,,,
1570,,GJ,4/2/2025,,Wedbush_Brokerage Commissions_20250402,,,,50110,ATGN,D23020,ARB02429_USD,,,,11.1,,,,,,C02129,,,,
1571,,GJ,4/2/2025,,Wedbush_Brokerage Commissions_20250402,,,,50110,ATGN,D23010,ARB02432_USD,,,,0.6,,,,,,C02132,,,,
1572,,GJ,4/2/2025,,Wedbush_Brokerage Commissions_20250402,,,,50110,ATGN,D23010,ARB02436_EUR,,,,41.4,,,,,,C02136,,,,
1573,,GJ,4/2/2025,,Wedbush_Brokerage Commissions_20250402,,,,50110,ATGN,D23010,ARB02436_GBP,,,,0.0,,,,,,C02136,,,,
1574,,GJ,4/2/2025,,Wedbush_Brokerage Commissions_20250402,,,,50110,ATGN,D23010,ARB02436_USD,,,,50.4,,,,,,C02136,,,,
1575,,GJ,4/2/2025,,Wedbush_Brokerage Commissions_20250402,,,,50110,ATGN,D23010,ARB02445_USD,,,,79.5,,,,,,C02145,,,,
1576,,GJ,4/2/2025,,Wedbush_Brokerage Commissions_20250402,,,,50110,ATGN,D23010,ARB02447_CAD,,,,0.0,,,,,,C02147,,,,
1577,,GJ,4/2/2025,,Wedbush_Brokerage Commissions_20250402,,,,50110,ATGN,D23010,ARB02447_USD,,,,12.0,,,,,,C02147,,,,
1578,,GJ,4/2/2025,,Wedbush_Brokerage Commissions_20250402,,,,50110,ATGN,D23010,ARB02449_EUR,,,,0.6,,,,,,C02149,,,,
1579,,GJ,4/2/2025,,Wedbush_Brokerage Commissions_20250402,,,,50110,ATGN,D23010,ARB02449_GBP,,,,0.0,,,,,,C02149,,,,
1580,,GJ,4/2/2025,,Wedbush_Brokerage Commissions_20250402,,,,50110,ATGN,D23010,ARB02449_USD,,,,86.25,,,,,,C02149,,,,
1581,,GJ,4/2/2025,,Wedbush_Brokerage Commissions_20250402,,,,50110,ATGN,D23300,ARB02450_USD,,,,0.0,,,,,,C02150,,,,
1582,,GJ,4/2/2025,,Wedbush_Brokerage Commissions_20250402,,,,50110,ATGN,D23060,ARB02452_EUR,,,,1.2,,,,,,C00186,,,,
1583,,GJ,4/2/2025,,Wedbush_Brokerage Commissions_20250402,,,,50110,ATGN,D23060,ARB02452_GBP,,,,0.0,,,,,,C00186,,,,
1584,,GJ,4/2/2025,,Wedbush_Brokerage Commissions_20250402,,,,50110,ATGN,D23060,ARB02452_USD,,,,1.5,,,,,,C00186,,,,
1585,,GJ,4/2/2025,,Wedbush_Brokerage Commissions_20250402,,,,50110,ATGN,D23020,ARB02456_EUR,,,,6.6,,,,,,C02156,,,,
1586,,GJ,4/2/2025,,Wedbush_Brokerage Commissions_20250402,,,,50110,ATGN,D23020,ARB02456_GBP,,,,0.0,,,,,,C02156,,,,
1587,,GJ,4/2/2025,,Wedbush_Brokerage Commissions_20250402,,,,50110,ATGN,D23020,ARB02456_USD,,,,12.299999999999999,,,,,,C02156,,,,
1588,,GJ,4/2/2025,,Wedbush_Brokerage Commissions_20250402,,,,50110,ATGN,D23080,ARB02463_USD,,,,21.3,,,,,,C01231,,,,
1589,,GJ,4/2/2025,,Wedbush_Brokerage Commissions_20250402,,,,50110,ATGN,D23010,ARB02473_EUR,,,,1.5,,,,,,C00463,,,,
1590,,GJ,4/2/2025,,Wedbush_Brokerage Commissions_20250402,,,,50110,ATGN,D23010,ARB02473_GBP,,,,0.0,,,,,,C00463,,,,
1591,,GJ,4/2/2025,,Wedbush_Brokerage Commissions_20250402,,,,50110,ATGN,D23010,ARB02476_EUR,,,,24.0,,,,,,C00463,,,,
1592,,GJ,4/2/2025,,Wedbush_Brokerage Commissions_20250402,,,,50110,ATGN,D23010,ARB02476_GBP,,,,0.0,,,,,,C00463,,,,
1593,,GJ,4/2/2025,,Wedbush_Brokerage Commissions_20250402,,,,50110,ATGN,D23010,ARB02476_USD,,,,0.0,,,,,,C00463,,,,
1594,,GJ,4/2/2025,,Wedbush_Brokerage Commissions_20250402,,,,50110,ATGN,D23010,ARB02477_CAD,,,,0.0,,,,,,C02177,,,,
1595,,GJ,4/2/2025,,Wedbush_Brokerage Commissions_20250402,,,,50110,ATGN,D23010,ARB02477_USD,,,,3.6,,,,,,C02177,,,,
1596,,GJ,4/2/2025,,Wedbush_Brokerage Commissions_20250402,,,,50110,ATGN,D23010,ARB02479_USD,,,,6.6,,,,,,C02179,,,,
1597,,GJ,4/2/2025,,Wedbush_Brokerage Commissions_20250402,,,,50110,ATGN,D23010,ARB02481_CAD,,,,0.0,,,,,,C02181,,,,
1598,,GJ,4/2/2025,,Wedbush_Brokerage Commissions_20250402,,,,50110,ATGN,D23010,ARB02481_USD,,,,42.0,,,,,,C02181,,,,
1599,,GJ,4/2/2025,,Wedbush_Brokerage Commissions_20250402,,,,50110,ATGN,D23010,ARB02482_CAD,,,,0.0,,,,,,C02182,,,,
1600,,GJ,4/2/2025,,Wedbush_Brokerage Commissions_20250402,,,,50110,ATGN,D23010,ARB02482_USD,,,,12.0,,,,,,C02182,,,,
1601,,GJ,4/2/2025,,Wedbush_Brokerage Commissions_20250402,,,,50110,ATGN,D23010,ARB02484_CAD,,,,0.0,,,,,,C02184,,,,
1602,,GJ,4/2/2025,,Wedbush_Brokerage Commissions_20250402,,,,50110,ATGN,D23010,ARB02484_EUR,,,,12.6,,,,,,C02184,,,,
1603,,GJ,4/2/2025,,Wedbush_Brokerage Commissions_20250402,,,,50110,ATGN,D23010,ARB02484_GBP,,,,0.0,,,,,,C02184,,,,
1604,,GJ,4/2/2025,,Wedbush_Brokerage Commissions_20250402,,,,50110,ATGN,D23010,ARB02484_USD,,,,152.55,,,,,,C02184,,,,
1605,,GJ,4/2/2025,,Wedbush_Brokerage Commissions_20250402,,,,50110,ATGN,D23010,ARB02485_EUR,,,,26.099999999999998,,,,,,C02185,,,,
1606,,GJ,4/2/2025,,Wedbush_Brokerage Commissions_20250402,,,,50110,ATGN,D23010,ARB02485_GBP,,,,0.0,,,,,,C02185,,,,
1607,,GJ,4/2/2025,,Wedbush_Brokerage Commissions_20250402,,,,50110,ATGN,D23010,ARB02485_USD,,,,192.75,,,,,,C02185,,,,
1608,,GJ,4/2/2025,,Wedbush_Brokerage Commissions_20250402,,,,50110,ATGN,D23010,ARB02486_EUR,,,,7.2,,,,,,C02186,,,,
1609,,GJ,4/2/2025,,Wedbush_Brokerage Commissions_20250402,,,,50110,ATGN,D23010,ARB02486_GBP,,,,0.0,,,,,,C02186,,,,
1610,,GJ,4/2/2025,,Wedbush_Brokerage Commissions_20250402,,,,50110,ATGN,D23010,ARB02486_USD,,,,14.4,,,,,,C02186,,,,
1611,,GJ,4/2/2025,,Wedbush_Brokerage Commissions_20250402,,,,50110,ATGN,D23010,ARB02487_CAD,,,,0.0,,,,,,C02187,,,,
1612,,GJ,4/2/2025,,Wedbush_Brokerage Commissions_20250402,,,,50110,ATGN,D23010,ARB02487_USD,,,,2.4,,,,,,C02187,,,,
1613,,GJ,4/2/2025,,Wedbush_Brokerage Commissions_20250402,,,,50110,ATGN,D23010,ARB02488_USD,,,,326.25,,,,,,C02188,,,,
1614,,GJ,4/2/2025,,Wedbush_Brokerage Commissions_20250402,,,,50110,ATGN,D23010,ARB02491_EUR,,,,0.6,,,,,,C00469,,,,
1615,,GJ,4/2/2025,,Wedbush_Brokerage Commissions_20250402,,,,50110,ATGN,D23010,ARB02491_GBP,,,,0.0,,,,,,C00469,,,,
1616,,GJ,4/2/2025,,Wedbush_Brokerage Commissions_20250402,,,,50110,ATGN,D23010,ARB02491_USD,,,,8.549999999999999,,,,,,C00469,,,,
1617,,GJ,4/2/2025,,Wedbush_Brokerage Commissions_20250402,,,,50110,303P,D21300,ARB03003_USD,,,,156.3,,,,,,C03003,,,,
1618,,GJ,4/2/2025,,Wedbush_Brokerage Commissions_20250402,,,,50110,303P,D21300,ARB03005_USD,,,,1.5,,,,,,C03005,,,,
1619,,GJ,4/2/2025,,Wedbush_Brokerage Commissions_20250402,,,,50110,303P,D21300,ARB03022_USD,,,,431.25,,,,,,C00034,,,,
1620,,GJ,4/2/2025,,Wedbush_Brokerage Commissions_20250402,,,,50110,303P,D21300,ARB03029_USD,,,,31.35,,,,,,C03029,,,,
1621,,GJ,4/2/2025,,Wedbush_Brokerage Commissions_20250402,,,,50110,303P,D21300,ARB03032_USD,,,,696.45,,,,,,C00049,,,,
1622,,GJ,4/2/2025,,Wedbush_Brokerage Commissions_20250402,,,,50110,303P,D21300,ARB03033_USD,,,,33.9,,,,,,C00049,,,,
1623,,GJ,4/2/2025,,Wedbush_Brokerage Commissions_20250402,,,,50110,303P,D21300,ARB03035_USD,,,,0.15,,,,,,C00049,,,,
1624,,GJ,4/2/2025,,Wedbush_Brokerage Commissions_20250402,,,,50110,303P,D21300,ARB03037_USD,,,,109.8,,,,,,C03037,,,,
1625,,GJ,4/2/2025,,Wedbush_Brokerage Commissions_20250402,,,,50110,303P,D21300,ARB03038_USD,,,,10.5,,,,,,C03038,,,,
1626,,GJ,4/2/2025,,Wedbush_Brokerage Commissions_20250402,,,,50110,303P,D21300,ARB03042_USD,,,,0.6,,,,,,C03040,,,,
1627,,GJ,4/2/2025,,Wedbush_Brokerage Commissions_20250402,,,,50110,303P,D21300,ARB03046_USD,,,,0.9,,,,,,C03040,,,,
1628,,GJ,4/2/2025,,Wedbush_Brokerage Commissions_20250402,,,,50110,303P,D21030,ARB03050_USD,,,,763.05,,,,,,C03050,,,,
1629,,GJ,4/2/2025,,Wedbush_Brokerage Commissions_20250402,,,,50110,303P,D21300,ARB03060_USD,,,,533.1,,,,,,C03060,,,,
1630,,GJ,4/2/2025,,Wedbush_Brokerage Commissions_20250402,,,,50110,303P,D21300,ARB03062_USD,,,,30.0,,,,,,C03062,,,,
1631,,GJ,4/2/2025,,Wedbush_Brokerage Commissions_20250402,,,,50110,303P,D21300,ARB03065_USD,,,,1580.55,,,,,,C03065,,,,
1632,,GJ,4/2/2025,,Wedbush_Brokerage Commissions_20250402,,,,50110,303P,D21300,ARB03072_USD,,,,156.0,,,,,,C03072,,,,
1633,,GJ,4/2/2025,,Wedbush_Brokerage Commissions_20250402,,,,50110,303P,D21300,ARB03073_USD,,,,828.15,,,,,,C03073,,,,
1634,,GJ,4/2/2025,,Wedbush_Brokerage Commissions_20250402,,,,50110,303P,D21300,ARB03074_USD,,,,3.6,,,,,,C03073,,,,
1635,,GJ,4/2/2025,,Wedbush_Brokerage Commissions_20250402,,,,50110,303P,D21300,ARB03075_USD,,,,27.0,,,,,,C03073,,,,
1636,,GJ,4/2/2025,,Wedbush_Brokerage Commissions_20250402,,,,50110,303P,D21300,ARB03077_USD,,,,209.4,,,,,,C03077,,,,
1637,,GJ,4/2/2025,,Wedbush_Brokerage Commissions_20250402,,,,50110,303P,D21300,ARB03078_USD,,,,2.7,,,,,,C03078,,,,
1638,,GJ,4/2/2025,,Wedbush_Brokerage Commissions_20250402,,,,50110,303P,D21300,ARB03079_USD,,,,15.75,,,,,,C03078,,,,
1639,,GJ,4/2/2025,,Wedbush_Brokerage Commissions_20250402,,,,50110,303P,D21300,ARB03080_USD,,,,25.2,,,,,,C03078,,,,
1640,,GJ,4/2/2025,,Wedbush_Brokerage Commissions_20250402,,,,50110,303P,D21300,ARB03081_USD,,,,13.2,,,,,,C03078,,,,
1641,,GJ,4/2/2025,,Wedbush_Brokerage Commissions_20250402,,,,50110,303P,D21030,ARB03084_USD,,,,4.050000000000001,,,,,,C03084,,,,
1642,,GJ,4/2/2025,,Wedbush_Brokerage Commissions_20250402,,,,50110,303P,D21300,ARB03088_USD,,,,8.7,,,,,,C03088,,,,
1643,,GJ,4/2/2025,,Wedbush_Brokerage Commissions_20250402,,,,50110,303P,D21300,ARB03089_USD,,,,5.4,,,,,,C03089,,,,
1644,,GJ,4/2/2025,,Wedbush_Brokerage Commissions_20250402,,,,50110,303P,D21300,ARB03092_USD,,,,25.2,,,,,,C03092,,,,
1645,,GJ,4/2/2025,,Wedbush_Brokerage Commissions_20250402,,,,50110,303P,D21300,ARB03093_USD,,,,2.1,,,,,,C03093,,,,
1646,,GJ,4/2/2025,,Wedbush_Brokerage Commissions_20250402,,,,50110,303P,D21300,ARB03094_USD,,,,7.2,,,,,,C03094,,,,
1647,,GJ,4/2/2025,,Wedbush_Brokerage Commissions_20250402,,,,50110,303P,D21300,ARB03095_USD,,,,15.899999999999999,,,,,,C03095,,,,
1648,,GJ,4/2/2025,,Wedbush_Brokerage Commissions_20250402,,,,50110,303P,D21300,ARB03096_USD,,,,0.15,,,,,,C03096,,,,
1649,,GJ,4/2/2025,,Wedbush_Brokerage Commissions_20250402,,,,50110,303P,D23080,ARB03102_USD,,,,37.5,,,,,,C03102,,,,
1650,,GJ,4/2/2025,,Wedbush_Brokerage Commissions_20250402,,,,50110,303P,D23300,ARB03103_USD,,,,99.3,,,,,,CX3103,,,,
1651,,GJ,4/2/2025,,Wedbush_Brokerage Commissions_20250402,,,,50110,303P,D23300,ARB03104_USD,,,,177.45,,,,,,C03104,,,,
1652,,GJ,4/2/2025,,Wedbush_Brokerage Commissions_20250402,,,,50110,303P,D23300,ARB03105_USD,,,,145.95000000000002,,,,,,C00310,,,,
1653,,GJ,4/2/2025,,Wedbush_Brokerage Commissions_20250402,,,,50110,303P,D23300,ARB03106_USD,,,,136.5,,,,,,C00310,,,,
1654,,GJ,4/2/2025,,Wedbush_Brokerage Commissions_20250402,,,,50110,303P,D23300,ARB03107_USD,,,,339.0,,,,,,C03107,,,,
1655,,GJ,4/2/2025,,Wedbush_Brokerage Commissions_20250402,,,,50110,303P,D23300,ARB03108_USD,,,,353.1,,,,,,C00311,,,,
1656,,GJ,4/2/2025,,Wedbush_Brokerage Commissions_20250402,,,,50110,303P,D23300,ARB03109_USD,,,,65.85,,,,,,C00311,,,,
1657,,GJ,4/2/2025,,Wedbush_Brokerage Commissions_20250402,,,,50110,303P,D23300,ARB03110_USD,,,,32.25,,,,,,C00311,,,,
1658,,GJ,4/2/2025,,Wedbush_Brokerage Commissions_20250402,,,,50110,303P,D23300,ARB03111_USD,,,,39.0,,,,,,C00311,,,,
1659,,GJ,4/2/2025,,Wedbush_Brokerage Commissions_20250402,,,,50110,303P,D23300,ARB03112_USD,,,,4.8,,,,,,C00310,,,,
1660,,GJ,4/2/2025,,Wedbush_Brokerage Commissions_20250402,,,,50110,303P,D23300,ARB03113_USD,,,,87.44999999999999,,,,,,C03113,,,,
1661,,GJ,4/2/2025,,Wedbush_Brokerage Commissions_20250402,,,,50110,303P,D23300,ARB03115_USD,,,,3.0,,,,,,CX3115,,,,
1662,,GJ,4/2/2025,,Wedbush_Brokerage Commissions_20250402,,,,50110,303P,D23020,ARB03116_USD,,,,0.9,,,,,,C02129,,,,
1663,,GJ,4/2/2025,,Wedbush_Brokerage Commissions_20250402,,,,50110,303P,D23300,ARB03125_USD,,,,7.199999999999999,,,,,,CX3125,,,,
1664,,GJ,4/2/2025,,Wedbush_Brokerage Commissions_20250402,,,,50110,303P,D23300,ARB03128_USD,,,,132.75,,,,,,C03126,,,,
1665,,GJ,4/2/2025,,Wedbush_Brokerage Commissions_20250402,,,,50110,303P,D23300,ARB03130_USD,,,,84.75,,,,,,C03130,,,,
1666,,GJ,4/2/2025,,Wedbush_Brokerage Commissions_20250402,,,,50110,303P,D23300,ARB03131_USD,,,,294.6,,,,,,C03131,,,,
1667,,GJ,4/2/2025,,Wedbush_Brokerage Commissions_20250402,,,,50110,303P,D23300,ARB03133_USD,,,,187.8,,,,,,C03133,,,,
1668,,GJ,4/2/2025,,Wedbush_Brokerage Commissions_20250402,,,,50110,303P,D23300,ARB03134_USD,,,,12.899999999999999,,,,,,C03134,,,,
1669,,GJ,4/2/2025,,Wedbush_Brokerage Commissions_20250402,,,,50110,303P,D23090,ARB03150_USD,,,,53.55,,,,,,C03150,,,,
1670,,GJ,4/2/2025,,Wedbush_Brokerage Commissions_20250402,,,,50110,,,ARB03152_USD,,,,16.2,,,,,,,,,,
1671,,GJ,4/2/2025,,Wedbush_Brokerage Commissions_20250402,,,,50110,303P,D23090,ARB03154_USD,,,,62.4,,,,,,C03154,,,,
1672,,GJ,4/2/2025,,Wedbush_Brokerage Commissions_20250402,,,,50110,303P,D23100,ARB03156_USD,,,,157.65,,,,,,C03156,,,,
1673,,GJ,4/2/2025,,Wedbush_Brokerage Commissions_20250402,,,,50110,303P,D23100,ARB03157_USD,,,,37.2,,,,,,C03157,,,,
1674,,GJ,4/2/2025,,Wedbush_Brokerage Commissions_20250402,,,,50110,303P,D23100,ARB03159_USD,,,,105.60000000000001,,,,,,C03159,,,,
1675,,GJ,4/2/2025,,Wedbush_Brokerage Commissions_20250402,,,,50110,,,ARB03170_USD,,,,1.2,,,,,,,,,,
1676,,GJ,4/2/2025,,Wedbush_Brokerage Commissions_20250402,,,,50110,303P,D23100,ARB03174_USD,,,,61.50000000000001,,,,,,C03174,,,,
1677,,GJ,4/2/2025,,Wedbush_Brokerage Commissions_20250402,,,,50110,303P,D23100,ARB03175_USD,,,,141.9,,,,,,C03175,,,,
1678,,GJ,4/2/2025,,Wedbush_Brokerage Commissions_20250402,,,,50110,303P,D23100,ARB03176_USD,,,,117.0,,,,,,C03176,,,,
1679,,GJ,4/2/2025,,Wedbush_Brokerage Commissions_20250402,,,,50110,303P,D23100,ARB03177_USD,,,,60.6,,,,,,C03177,,,,
1680,,GJ,4/2/2025,,Wedbush_Brokerage Commissions_20250402,,,,50110,303P,D23100,ARB03184_USD,,,,42.6,,,,,,C03184,,,,
1681,,GJ,4/2/2025,,Wedbush_Brokerage Commissions_20250402,,,,50110,303P,D23100,ARB03185_USD,,,,16.8,,,,,,C03185,,,,
1682,,GJ,4/2/2025,,Wedbush_Brokerage Commissions_20250402,,,,50110,303P,D23100,ARB03187_USD,,,,30.6,,,,,,C03187,,,,
1683,,GJ,4/2/2025,,Wedbush_Brokerage Commissions_20250402,,,,50110,ATGN,D21300,ARB03329_USD,,,,0.45,,,,,,C03029,,,,
1684,,GJ,4/2/2025,,Wedbush_Brokerage Commissions_20250402,,,,50110,ATGN,D21300,ARB03360_EUR,,,,884.1,,,,,,C03060,,,,
1685,,GJ,4/2/2025,,Wedbush_Brokerage Commissions_20250402,,,,50110,ATGN,D21300,ARB03360_GBP,,,,0.0,,,,,,C03060,,,,
1686,,GJ,4/2/2025,,Wedbush_Brokerage Commissions_20250402,,,,50110,ATGN,D21300,ARB03362_EUR,,,,59.7,,,,,,C03062,,,,
1687,,GJ,4/2/2025,,Wedbush_Brokerage Commissions_20250402,,,,50110,ATGN,D21300,ARB03362_GBP,,,,0.0,,,,,,C03062,,,,
1688,,GJ,4/2/2025,,Wedbush_Brokerage Commissions_20250402,,,,50110,ATGN,D21300,ARB03362_USD,,,,7.5,,,,,,C03062,,,,
1689,,GJ,4/2/2025,,Wedbush_Brokerage Commissions_20250402,,,,50110,ATGN,D21300,ARB03364_EUR,,,,15.0,,,,,,C03064,,,,
1690,,GJ,4/2/2025,,Wedbush_Brokerage Commissions_20250402,,,,50110,ATGN,D21300,ARB03364_GBP,,,,0.0,,,,,,C03064,,,,
1691,,GJ,4/2/2025,,Wedbush_Brokerage Commissions_20250402,,,,50110,ATGN,D21300,ARB03372_USD,,,,60.6,,,,,,C03072,,,,
1692,,GJ,4/2/2025,,Wedbush_Brokerage Commissions_20250402,,,,50110,ATGN,D21300,ARB03378_USD,,,,12.0,,,,,,C03078,,,,
1693,,GJ,4/2/2025,,Wedbush_Brokerage Commissions_20250402,,,,50110,ATGN,D23300,ARB03400_EUR,,,,3.3,,,,,,C03100,,,,
1694,,GJ,4/2/2025,,Wedbush_Brokerage Commissions_20250402,,,,50110,ATGN,D23300,ARB03400_GBP,,,,0.0,,,,,,C03100,,,,
1695,,GJ,4/2/2025,,Wedbush_Brokerage Commissions_20250402,,,,50110,ATGN,D23300,ARB03400_USD,,,,28.500000000000004,,,,,,C03100,,,,
1696,,GJ,4/2/2025,,Wedbush_Brokerage Commissions_20250402,,,,50110,ATGN,D23080,ARB03402_EUR,,,,3.75,,,,,,C03102,,,,
1697,,GJ,4/2/2025,,Wedbush_Brokerage Commissions_20250402,,,,50110,ATGN,D23080,ARB03402_GBP,,,,0.0,,,,,,C03102,,,,
1698,,GJ,4/2/2025,,Wedbush_Brokerage Commissions_20250402,,,,50110,ATGN,D23080,ARB03402_USD,,,,286.35,,,,,,C03102,,,,
1699,,GJ,4/2/2025,,Wedbush_Brokerage Commissions_20250402,,,,50110,ATGN,D23300,ARB03403_CAD,,,,0.0,,,,,,CX3103,,,,
1700,,GJ,4/2/2025,,Wedbush_Brokerage Commissions_20250402,,,,50110,ATGN,D23300,ARB03403_EUR,,,,1.5,,,,,,CX3103,,,,
1701,,GJ,4/2/2025,,Wedbush_Brokerage Commissions_20250402,,,,50110,ATGN,D23300,ARB03403_GBP,,,,0.0,,,,,,CX3103,,,,
1702,,GJ,4/2/2025,,Wedbush_Brokerage Commissions_20250402,,,,50110,ATGN,D23300,ARB03403_USD,,,,30.9,,,,,,CX3103,,,,
1703,,GJ,4/2/2025,,Wedbush_Brokerage Commissions_20250402,,,,50110,ATGN,D23300,ARB03404_CAD,,,,0.0,,,,,,C03104,,,,
1704,,GJ,4/2/2025,,Wedbush_Brokerage Commissions_20250402,,,,50110,ATGN,D23300,ARB03404_EUR,,,,2.1,,,,,,C03104,,,,
1705,,GJ,4/2/2025,,Wedbush_Brokerage Commissions_20250402,,,,50110,ATGN,D23300,ARB03404_GBP,,,,0.0,,,,,,C03104,,,,
1706,,GJ,4/2/2025,,Wedbush_Brokerage Commissions_20250402,,,,50110,ATGN,D23300,ARB03404_USD,,,,57.9,,,,,,C03104,,,,
1707,,GJ,4/2/2025,,Wedbush_Brokerage Commissions_20250402,,,,50110,ATGN,D23300,ARB03405_CAD,,,,0.0,,,,,,C00310,,,,
1708,,GJ,4/2/2025,,Wedbush_Brokerage Commissions_20250402,,,,50110,ATGN,D23300,ARB03405_EUR,,,,6.15,,,,,,C00310,,,,
1709,,GJ,4/2/2025,,Wedbush_Brokerage Commissions_20250402,,,,50110,ATGN,D23300,ARB03405_GBP,,,,0.0,,,,,,C00310,,,,
1710,,GJ,4/2/2025,,Wedbush_Brokerage Commissions_20250402,,,,50110,ATGN,D23300,ARB03405_USD,,,,22.95,,,,,,C00310,,,,
1711,,GJ,4/2/2025,,Wedbush_Brokerage Commissions_20250402,,,,50110,ATGN,D23300,ARB03406_EUR,,,,8.4,,,,,,C00310,,,,
1712,,GJ,4/2/2025,,Wedbush_Brokerage Commissions_20250402,,,,50110,ATGN,D23300,ARB03406_GBP,,,,0.0,,,,,,C00310,,,,
1713,,GJ,4/2/2025,,Wedbush_Brokerage Commissions_20250402,,,,50110,ATGN,D23300,ARB03406_USD,,,,64.95,,,,,,C00310,,,,
1714,,GJ,4/2/2025,,Wedbush_Brokerage Commissions_20250402,,,,50110,ATGN,D23300,ARB03407_CAD,,,,0.0,,,,,,C03107,,,,
1715,,GJ,4/2/2025,,Wedbush_Brokerage Commissions_20250402,,,,50110,ATGN,D23300,ARB03407_USD,,,,45.6,,,,,,C03107,,,,
1716,,GJ,4/2/2025,,Wedbush_Brokerage Commissions_20250402,,,,50110,ATGN,D23300,ARB03408_EUR,,,,22.65,,,,,,C00311,,,,
1717,,GJ,4/2/2025,,Wedbush_Brokerage Commissions_20250402,,,,50110,ATGN,D23300,ARB03408_GBP,,,,0.0,,,,,,C00311,,,,
1718,,GJ,4/2/2025,,Wedbush_Brokerage Commissions_20250402,,,,50110,ATGN,D23300,ARB03408_USD,,,,108.0,,,,,,C00311,,,,
1719,,GJ,4/2/2025,,Wedbush_Brokerage Commissions_20250402,,,,50110,ATGN,D23300,ARB03409_EUR,,,,29.55,,,,,,C00311,,,,
1720,,GJ,4/2/2025,,Wedbush_Brokerage Commissions_20250402,,,,50110,ATGN,D23300,ARB03409_GBP,,,,0.0,,,,,,C00311,,,,
1721,,GJ,4/2/2025,,Wedbush_Brokerage Commissions_20250402,,,,50110,ATGN,D23300,ARB03409_USD,,,,650.25,,,,,,C00311,,,,
1722,,GJ,4/2/2025,,Wedbush_Brokerage Commissions_20250402,,,,50110,ATGN,D23300,ARB03411_EUR,,,,7.2,,,,,,C00311,,,,
1723,,GJ,4/2/2025,,Wedbush_Brokerage Commissions_20250402,,,,50110,ATGN,D23300,ARB03411_GBP,,,,0.0,,,,,,C00311,,,,
1724,,GJ,4/2/2025,,Wedbush_Brokerage Commissions_20250402,,,,50110,ATGN,D23300,ARB03411_USD,,,,24.6,,,,,,C00311,,,,
1725,,GJ,4/2/2025,,Wedbush_Brokerage Commissions_20250402,,,,50110,ATGN,D23300,ARB03412_USD,,,,25.8,,,,,,C00310,,,,
1726,,GJ,4/2/2025,,Wedbush_Brokerage Commissions_20250402,,,,50110,ATGN,D23300,ARB03413_EUR,,,,75.0,,,,,,C03113,,,,
1727,,GJ,4/2/2025,,Wedbush_Brokerage Commissions_20250402,,,,50110,ATGN,D23300,ARB03413_GBP,,,,0.0,,,,,,C03113,,,,
1728,,GJ,4/2/2025,,Wedbush_Brokerage Commissions_20250402,,,,50110,ATGN,D23300,ARB03413_USD,,,,39.15,,,,,,C03113,,,,
1729,,GJ,4/2/2025,,Wedbush_Brokerage Commissions_20250402,,,,50110,ATGN,D23300,ARB03433_USD,,,,35.4,,,,,,C03133,,,,
1730,,GJ,4/2/2025,,Wedbush_Brokerage Commissions_20250402,,,,50110,ATGN,D23300,ARB03434_USD,,,,4.5,,,,,,C03134,,,,
1731,,GJ,4/2/2025,,Wedbush_Brokerage Commissions_20250402,,,,50110,ATGN,D23300,ARB03438_USD,,,,29.1,,,,,,C03138,,,,
1732,,GJ,4/2/2025,,Wedbush_Brokerage Commissions_20250402,,,,50110,ATGN,D23300,ARB03439_EUR,,,,6.9,,,,,,C00311,,,,
1733,,GJ,4/2/2025,,Wedbush_Brokerage Commissions_20250402,,,,50110,ATGN,D23300,ARB03439_GBP,,,,0.0,,,,,,C00311,,,,
1734,,GJ,4/2/2025,,Wedbush_Brokerage Commissions_20250402,,,,50110,ATGN,D23300,ARB03439_USD,,,,6.0,,,,,,C00311,,,,
1735,,GJ,4/2/2025,,Wedbush_Brokerage Commissions_20250402,,,,50110,ATGN,D23090,ARB03450_EUR,,,,8.1,,,,,,C03150,,,,
1736,,GJ,4/2/2025,,Wedbush_Brokerage Commissions_20250402,,,,50110,ATGN,D23090,ARB03450_GBP,,,,0.0,,,,,,C03150,,,,
1737,,GJ,4/2/2025,,Wedbush_Brokerage Commissions_20250402,,,,50110,,,ARB03452_EUR,,,,26.7,,,,,,,,,,
1738,,GJ,4/2/2025,,Wedbush_Brokerage Commissions_20250402,,,,50110,,,ARB03452_GBP,,,,0.0,,,,,,,,,,
1739,,GJ,4/2/2025,,Wedbush_Brokerage Commissions_20250402,,,,50110,,,ARB03452_USD,,,,1.2,,,,,,,,,,
1740,,GJ,4/2/2025,,Wedbush_Brokerage Commissions_20250402,,,,50110,ATGN,D23090,ARB03454_CHF,,,,0.0,,,,,,C03154,,,,
1741,,GJ,4/2/2025,,Wedbush_Brokerage Commissions_20250402,,,,50110,ATGN,D23090,ARB03454_EUR,,,,18.6,,,,,,C03154,,,,
1742,,GJ,4/2/2025,,Wedbush_Brokerage Commissions_20250402,,,,50110,ATGN,D23090,ARB03454_GBP,,,,0.0,,,,,,C03154,,,,
1743,,GJ,4/2/2025,,Wedbush_Brokerage Commissions_20250402,,,,50110,ATGN,D23090,ARB03454_USD,,,,1.8,,,,,,C03154,,,,
1744,,GJ,4/2/2025,,Wedbush_Brokerage Commissions_20250402,,,,50110,ATGN,D23100,ARB03456_EUR,,,,0.6,,,,,,C03156,,,,
1745,,GJ,4/2/2025,,Wedbush_Brokerage Commissions_20250402,,,,50110,ATGN,D23100,ARB03456_GBP,,,,0.0,,,,,,C03156,,,,
1746,,GJ,4/2/2025,,Wedbush_Brokerage Commissions_20250402,,,,50110,ATGN,D23100,ARB03456_USD,,,,1.2,,,,,,C03156,,,,
1747,,GJ,4/2/2025,,Wedbush_Brokerage Commissions_20250402,,,,50110,ATGN,D23100,ARB03457_CHF,,,,0.0,,,,,,C03157,,,,
1748,,GJ,4/2/2025,,Wedbush_Brokerage Commissions_20250402,,,,50110,ATGN,D23100,ARB03457_EUR,,,,4.2,,,,,,C03157,,,,
1749,,GJ,4/2/2025,,Wedbush_Brokerage Commissions_20250402,,,,50110,ATGN,D23100,ARB03457_GBP,,,,0.0,,,,,,C03157,,,,
1750,,GJ,4/2/2025,,Wedbush_Brokerage Commissions_20250402,,,,50110,ATGN,D23100,ARB03457_USD,,,,0.6,,,,,,C03157,,,,
1751,,GJ,4/2/2025,,Wedbush_Brokerage Commissions_20250402,,,,50110,ATGN,D23100,ARB03459_CHF,,,,0.0,,,,,,C03159,,,,
1752,,GJ,4/2/2025,,Wedbush_Brokerage Commissions_20250402,,,,50110,ATGN,D23100,ARB03459_EUR,,,,16.5,,,,,,C03159,,,,
1753,,GJ,4/2/2025,,Wedbush_Brokerage Commissions_20250402,,,,50110,ATGN,D23100,ARB03459_GBP,,,,0.0,,,,,,C03159,,,,
1754,,GJ,4/2/2025,,Wedbush_Brokerage Commissions_20250402,,,,50110,ATGN,D23100,ARB03459_USD,,,,0.6,,,,,,C03159,,,,
1755,,GJ,4/2/2025,,Wedbush_Brokerage Commissions_20250402,,,,50110,ATGN,D23300,ARB03460_EUR,,,,0.9,,,,,,C03160,,,,
1756,,GJ,4/2/2025,,Wedbush_Brokerage Commissions_20250402,,,,50110,ATGN,D23300,ARB03460_GBP,,,,0.0,,,,,,C03160,,,,
1757,,GJ,4/2/2025,,Wedbush_Brokerage Commissions_20250402,,,,50110,ATGN,D23300,ARB03460_USD,,,,8.85,,,,,,C03160,,,,
1758,,GJ,4/2/2025,,Wedbush_Brokerage Commissions_20250402,,,,50110,,,ARB03461_EUR,,,,0.6,,,,,,,,,,
1759,,GJ,4/2/2025,,Wedbush_Brokerage Commissions_20250402,,,,50110,,,ARB03461_GBP,,,,0.0,,,,,,,,,,
1760,,GJ,4/2/2025,,Wedbush_Brokerage Commissions_20250402,,,,50110,,,ARB03462_EUR,,,,6.6,,,,,,,,,,
1761,,GJ,4/2/2025,,Wedbush_Brokerage Commissions_20250402,,,,50110,,,ARB03462_GBP,,,,0.0,,,,,,,,,,
1762,,GJ,4/2/2025,,Wedbush_Brokerage Commissions_20250402,,,,50110,,,ARB03462_USD,,,,2.1,,,,,,,,,,
1763,,GJ,4/2/2025,,Wedbush_Brokerage Commissions_20250402,,,,50110,ATGN,D23300,ARB03463_EUR,,,,7.5,,,,,,C03163,,,,
1764,,GJ,4/2/2025,,Wedbush_Brokerage Commissions_20250402,,,,50110,ATGN,D23300,ARB03463_GBP,,,,0.0,,,,,,C03163,,,,
1765,,GJ,4/2/2025,,Wedbush_Brokerage Commissions_20250402,,,,50110,ATGN,D23300,ARB03463_USD,,,,39.3,,,,,,C03163,,,,
1766,,GJ,4/2/2025,,Wedbush_Brokerage Commissions_20250402,,,,50110,ATGN,D23080,ARB03472_USD,,,,48.9,,,,,,C03172,,,,
1767,,GJ,4/2/2025,,Wedbush_Brokerage Commissions_20250402,,,,50110,ATGN,D23100,ARB03474_EUR,,,,1.5,,,,,,C03174,,,,
1768,,GJ,4/2/2025,,Wedbush_Brokerage Commissions_20250402,,,,50110,ATGN,D23100,ARB03474_GBP,,,,0.0,,,,,,C03174,,,,
1769,,GJ,4/2/2025,,Wedbush_Brokerage Commissions_20250402,,,,50110,ATGN,D23100,ARB03476_EUR,,,,20.4,,,,,,C03176,,,,
1770,,GJ,4/2/2025,,Wedbush_Brokerage Commissions_20250402,,,,50110,ATGN,D23100,ARB03476_GBP,,,,0.0,,,,,,C03176,,,,
1771,,GJ,4/2/2025,,Wedbush_Brokerage Commissions_20250402,,,,50110,ATGN,D23090,ARB03479_USD,,,,34.2,,,,,,C03179,,,,
1772,,GJ,4/2/2025,,Wedbush_Brokerage Commissions_20250402,,,,50110,ATGN,D23090,ARB03481_USD,,,,78.3,,,,,,C03181,,,,
1773,,GJ,4/2/2025,,Wedbush_Brokerage Commissions_20250402,,,,50110,ATGN,D23100,ARB03484_EUR,,,,20.7,,,,,,C03184,,,,
1774,,GJ,4/2/2025,,Wedbush_Brokerage Commissions_20250402,,,,50110,ATGN,D23100,ARB03484_GBP,,,,0.0,,,,,,C03184,,,,
1775,,GJ,4/2/2025,,Wedbush_Brokerage Commissions_20250402,,,,50110,ATGN,D23100,ARB03484_USD,,,,3.6,,,,,,C03184,,,,
1776,,GJ,4/2/2025,,Wedbush_Brokerage Commissions_20250402,,,,50110,ATGN,D23100,ARB03485_EUR,,,,8.7,,,,,,C03185,,,,
1777,,GJ,4/2/2025,,Wedbush_Brokerage Commissions_20250402,,,,50110,ATGN,D23100,ARB03485_GBP,,,,0.0,,,,,,C03185,,,,
1778,,GJ,4/2/2025,,Wedbush_Brokerage Commissions_20250402,,,,50110,ATGN,D23100,ARB03485_USD,,,,0.3,,,,,,C03185,,,,
1779,,GJ,4/2/2025,,Wedbush_Brokerage Commissions_20250402,,,,50110,ATGN,D23100,ARB03487_EUR,,,,31.2,,,,,,C03187,,,,
1780,,GJ,4/2/2025,,Wedbush_Brokerage Commissions_20250402,,,,50110,ATGN,D23100,ARB03487_GBP,,,,0.0,,,,,,C03187,,,,
1781,,GJ,4/2/2025,,Wedbush_Brokerage Commissions_20250402,,,,50110,ATGN,D23100,ARB03487_USD,,,,6.9,,,,,,C03187,,,,
1782,,GJ,4/2/2025,,Wedbush_Brokerage Commissions_20250402,,,,50110,ATGN,D23300,ARB03489_EUR,,,,4.2,,,,,,C03160,,,,
1783,,GJ,4/2/2025,,Wedbush_Brokerage Commissions_20250402,,,,50110,ATGN,D23300,ARB03489_GBP,,,,0.0,,,,,,C03160,,,,
1784,,GJ,4/2/2025,,Wedbush_Brokerage Commissions_20250402,,,,50110,ATGN,D23300,ARB03489_USD,,,,88.05,,,,,,C03160,,,,
1785,,GJ,4/2/2025,,Wedbush_Brokerage Commissions_20250402,,,,50110,,,ARB03490_EUR,,,,13.2,,,,,,,,,,
1786,,GJ,4/2/2025,,Wedbush_Brokerage Commissions_20250402,,,,50110,,,ARB03490_GBP,,,,0.0,,,,,,,,,,
1787,,GJ,4/2/2025,,Wedbush_Brokerage Commissions_20250402,,,,50110,,,ARB03490_USD,,,,48.0,,,,,,,,,,
1788,,GJ,4/2/2025,,Wedbush_Brokerage Commissions_20250402,,,,50110,,,ARB03491_USD,,,,31.8,,,,,,,,,,
1789,,GJ,4/2/2025,,Wedbush_Brokerage Commissions_20250402,,,,50110,ATGN,D23300,ARB03492_USD,,,,50.85,,,,,,C03163,,,,
1790,,GJ,4/2/2025,,Wedbush_Brokerage Commissions_20250402,,,,50110,303P,D21300,ARB04009_USD,,,,2.55,,,,,,C04009,,,,
1791,,GJ,4/2/2025,,Wedbush_Brokerage Commissions_20250402,,,,50110,303P,D21300,ARB04010_USD,,,,14.4,,,,,,C04009,,,,
1792,,GJ,4/2/2025,,Wedbush_Brokerage Commissions_20250402,,,,50110,303P,D21300,ARB04011_USD,,,,14.7,,,,,,C04009,,,,
1793,,GJ,4/2/2025,,Wedbush_Brokerage Commissions_20250402,,,,50110,303P,D21300,ARB04012_USD,,,,0.75,,,,,,C04009,,,,
1794,,GJ,4/2/2025,,Wedbush_Brokerage Commissions_20250402,,,,50110,303P,D21300,ARB04013_USD,,,,2.1,,,,,,C04009,,,,
1795,,GJ,4/2/2025,,Wedbush_Brokerage Commissions_20250402,,,,50110,303P,D21300,ARB04014_USD,,,,1.95,,,,,,C04009,,,,
1796,,GJ,4/2/2025,,Wedbush_Brokerage Commissions_20250402,,,,50110,303P,D21300,ARB04015_USD,,,,3.45,,,,,,C04009,,,,
1797,,GJ,4/2/2025,,Wedbush_Brokerage Commissions_20250402,,,,50110,303P,D21300,ARB04020_USD,,,,0.45,,,,,,C04020,,,,
1798,,GJ,4/2/2025,,Wedbush_Brokerage Commissions_20250402,,,,50110,303P,D21030,ARB04021_USD,,,,11.4,,,,,,C03084,,,,
1799,,GJ,4/2/2025,,Wedbush_Brokerage Commissions_20250402,,,,50110,303P,D21030,ARB04022_USD,,,,195.89999999999998,,,,,,C04022,,,,
1800,,GJ,4/2/2025,,Wedbush_Brokerage Commissions_20250402,,,,50110,303P,D21300,ARB04024_USD,,,,6.15,,,,,,C04024,,,,
1801,,GJ,4/2/2025,,Wedbush_Brokerage Commissions_20250402,,,,50110,303P,D21300,ARB04057_USD,,,,27.0,,,,,,C01057,,,,
1802,,GJ,4/2/2025,,Wedbush_Brokerage Commissions_20250402,,,,50110,303P,D21300,ARB05057_EUR,,,,0.0,,,,,,C01057,,,,
1803,,GJ,4/2/2025,,Wedbush_Brokerage Commissions_20250402,,,,50110,303P,D21300,ARB05057_USD,,,,667.5,,,,,,C01057,,,,
1804,,GJ,4/2/2025,,Wedbush_Brokerage Commissions_20250402,,,,50110,ATGN,D21300,ARB05357_EUR,,,,6140.700000000001,,,,,,C01057,,,,
1805,,GJ,4/2/2025,,Wedbush_Brokerage Commissions_20250402,,,,50110,ATGN,D21300,ARB05357_GBP,,,,0.0,,,,,,C01057,,,,
1806,,GJ,4/2/2025,,Wedbush_Brokerage Commissions_20250402,,,,50110,303P,D21300,ARB06057_USD,,,,699.1500000000001,,,,,,C01057,,,,
1807,,GJ,4/2/2025,,Wedbush_Brokerage Commissions_20250402,,,,50110,ATGN,D21300,ARB06357_USD,,,,434.1,,,,,,C01057,,,,
1808,,GJ,4/2/2025,,Wedbush_Clearing and Exchange Fees_20250402,,,,12100,303P,D24300,ARB00020_USD,,,,,108.56,,,,,C00020,,,,
1809,,GJ,4/2/2025,,Wedbush_Clearing and Exchange Fees_20250402,,,,12100,303P,D24300,ARB00022_USD,,,,,98.78,,,,,C00022,,,,
1810,,GJ,4/2/2025,,Wedbush_Clearing and Exchange Fees_20250402,,,,12100,303P,D24300,ARB00023_USD,,,,,4.0,,,,,C00023,,,,
1811,,GJ,4/2/2025,,Wedbush_Clearing and Exchange Fees_20250402,,,,12100,303P,D21300,ARB00033_USD,,,,,690.12,,,,,C00033,,,,
1812,,GJ,4/2/2025,,Wedbush_Clearing and Exchange Fees_20250402,,,,12100,303P,D21300,ARB00054_USD,,,,,570.6,,,,,C00054,,,,
1813,,GJ,4/2/2025,,Wedbush_Clearing and Exchange Fees_20250402,,,,12100,303P,D21300,ARB00055_USD,,,,,20.0,,,,,C00054,,,,
1814,,GJ,4/2/2025,,Wedbush_Clearing and Exchange Fees_20250402,,,,12100,303P,D21300,ARB00068_USD,,,,,943.28,,,,,C03068,,,,
1815,,GJ,4/2/2025,,Wedbush_Clearing and Exchange Fees_20250402,,,,12100,303P,D21300,ARB00090_USD,,,,,128.04,,,,,C00090,,,,
1816,,GJ,4/2/2025,,Wedbush_Clearing and Exchange Fees_20250402,,,,12100,303P,D23300,ARB00110_USD,,,,,39.44,,,,,C00110,,,,
1817,,GJ,4/2/2025,,Wedbush_Clearing and Exchange Fees_20250402,,,,12100,303P,D23300,ARB00112_USD,,,,,84.36,,,,,C00112,,,,
1818,,GJ,4/2/2025,,Wedbush_Clearing and Exchange Fees_20250402,,,,12100,303P,D23300,ARB00113_USD,,,,,134.36,,,,,C00112,,,,
1819,,GJ,4/2/2025,,Wedbush_Clearing and Exchange Fees_20250402,,,,12100,303P,D23300,ARB00122_USD,,,,,0.08,,,,,C00122,,,,
1820,,GJ,4/2/2025,,Wedbush_Clearing and Exchange Fees_20250402,,,,12100,303P,D23080,ARB00123_USD,,,,,210.5,,,,,C01231,,,,
1821,,GJ,4/2/2025,,Wedbush_Clearing and Exchange Fees_20250402,,,,12100,303P,D23020,ARB00124_USD,,,,,39.72,,,,,C00124,,,,
1822,,GJ,4/2/2025,,Wedbush_Clearing and Exchange Fees_20250402,,,,12100,303P,D23020,ARB00126_USD,,,,,9.52,,,,,C00426,,,,
1823,,GJ,4/2/2025,,Wedbush_Clearing and Exchange Fees_20250402,,,,12100,303P,D23300,ARB00132_USD,,,,,57.6,,,,,C00132,,,,
1824,,GJ,4/2/2025,,Wedbush_Clearing and Exchange Fees_20250402,,,,12100,303P,D23300,ARB00135_USD,,,,,85.68,,,,,C00135,,,,
1825,,GJ,4/2/2025,,Wedbush_Clearing and Exchange Fees_20250402,,,,12100,303P,D23080,ARB00141_USD,,,,,163.46,,,,,C02116,,,,
1826,,GJ,4/2/2025,,Wedbush_Clearing and Exchange Fees_20250402,,,,12100,303P,D23020,ARB00143_USD,,,,,11.2,,,,,C00125,,,,
1827,,GJ,4/2/2025,,Wedbush_Clearing and Exchange Fees_20250402,,,,12100,303P,D23020,ARB00146_USD,,,,,23.44,,,,,C00146,,,,
1828,,GJ,4/2/2025,,Wedbush_Clearing and Exchange Fees_20250402,,,,12100,303P,D23300,ARB00149_USD,,,,,67.19999999999999,,,,,C00149,,,,
1829,,GJ,4/2/2025,,Wedbush_Clearing and Exchange Fees_20250402,,,,12100,303P,D23300,ARB00156_USD,,,,,333.35999999999996,,,,,C00156,,,,
1830,,GJ,4/2/2025,,Wedbush_Clearing and Exchange Fees_20250402,,,,12100,303P,D23300,ARB00159_USD,,,,,22.8,,,,,C00159,,,,
1831,,GJ,4/2/2025,,Wedbush_Clearing and Exchange Fees_20250402,,,,12100,303P,D23010,ARB00160_USD,,,,,41.519999999999996,,,,,C00160,,,,
1832,,GJ,4/2/2025,,Wedbush_Clearing and Exchange Fees_20250402,,,,12100,303P,D23010,ARB00169_USD,,,,,65.53,,,,,C00469,,,,
1833,,GJ,4/2/2025,,Wedbush_Clearing and Exchange Fees_20250402,,,,12100,303P,D23060,ARB00186_USD,,,,,105.5,,,,,C00186,,,,
1834,,GJ,4/2/2025,,Wedbush_Clearing and Exchange Fees_20250402,,,,12100,303P,D23060,ARB00188_USD,,,,,30.32,,,,,C00186,,,,
1835,,GJ,4/2/2025,,Wedbush_Clearing and Exchange Fees_20250402,,,,12100,303P,D23300,ARB00193_USD,,,,,344.71999999999997,,,,,C00193,,,,
1836,,GJ,4/2/2025,,Wedbush_Clearing and Exchange Fees_20250402,,,,12100,303P,D23300,ARB00194_USD,,,,,665.5,,,,,C00194,,,,
1837,,GJ,4/2/2025,,Wedbush_Clearing and Exchange Fees_20250402,,,,12100,303P,D22000,ARB00201_USD,,,,,50.419999999999995,,,,,C00201,,,,
1838,,GJ,4/2/2025,,Wedbush_Clearing and Exchange Fees_20250402,,,,12100,303P,D22000,ARB00214_USD,,,,,42.0,,,,,C00214,,,,
1839,,GJ,4/2/2025,,Wedbush_Clearing and Exchange Fees_20250402,,,,12100,303P,D22000,ARB00220_USD,,,,,305.2,,,,,C00220,,,,
1840,,GJ,4/2/2025,,Wedbush_Clearing and Exchange Fees_20250402,,,,12100,303P,D22000,ARB00257_USD,,,,,530.6,,,,,C00257,,,,
1841,,GJ,4/2/2025,,Wedbush_Clearing and Exchange Fees_20250402,,,,12100,303P,D22000,ARB00267_USD,,,,,144.1,,,,,C00267,,,,
1842,,GJ,4/2/2025,,Wedbush_Clearing and Exchange Fees_20250402,,,,12100,ATGN,D24300,ARB00320_EUR,,,,,0.0,,,,,C00020,,,,
1843,,GJ,4/2/2025,,Wedbush_Clearing and Exchange Fees_20250402,,,,12100,ATGN,D24300,ARB00320_GBP,,,,,578.48,,,,,C00020,,,,
1844,,GJ,4/2/2025,,Wedbush_Clearing and Exchange Fees_20250402,,,,12100,ATGN,D21300,ARB00333_EUR,,,,,0.0,,,,,C00033,,,,
1845,,GJ,4/2/2025,,Wedbush_Clearing and Exchange Fees_20250402,,,,12100,ATGN,D21300,ARB00333_GBP,,,,,146.72,,,,,C00033,,,,
1846,,GJ,4/2/2025,,Wedbush_Clearing and Exchange Fees_20250402,,,,12100,ATGN,D21300,ARB00354_USD,,,,,512.59,,,,,C00054,,,,
1847,,GJ,4/2/2025,,Wedbush_Clearing and Exchange Fees_20250402,,,,12100,ATGN,D21300,ARB00355_EUR,,,,,0.0,,,,,C00054,,,,
1848,,GJ,4/2/2025,,Wedbush_Clearing and Exchange Fees_20250402,,,,12100,ATGN,D21300,ARB00355_GBP,,,,,3.36,,,,,C00054,,,,
1849,,GJ,4/2/2025,,Wedbush_Clearing and Exchange Fees_20250402,,,,12100,ATGN,D21300,ARB00390_CAD,,,,,0.0,,,,,C00090,,,,
1850,,GJ,4/2/2025,,Wedbush_Clearing and Exchange Fees_20250402,,,,12100,ATGN,D21300,ARB00390_USD,,,,,51.0,,,,,C00090,,,,
1851,,GJ,4/2/2025,,Wedbush_Clearing and Exchange Fees_20250402,,,,12100,ATGN,D23300,ARB00412_CHF,,,,,0.0,,,,,C00112,,,,
1852,,GJ,4/2/2025,,Wedbush_Clearing and Exchange Fees_20250402,,,,12100,ATGN,D23300,ARB00412_EUR,,,,,287.4,,,,,C00112,,,,
1853,,GJ,4/2/2025,,Wedbush_Clearing and Exchange Fees_20250402,,,,12100,ATGN,D23300,ARB00412_GBP,,,,,219.51999999999998,,,,,C00112,,,,
1854,,GJ,4/2/2025,,Wedbush_Clearing and Exchange Fees_20250402,,,,12100,ATGN,D23300,ARB00412_USD,,,,,11.66,,,,,C00112,,,,
1855,,GJ,4/2/2025,,Wedbush_Clearing and Exchange Fees_20250402,,,,12100,ATGN,D23300,ARB00422_EUR,,,,,0.0,,,,,C00122,,,,
1856,,GJ,4/2/2025,,Wedbush_Clearing and Exchange Fees_20250402,,,,12100,ATGN,D23300,ARB00422_GBP,,,,,23.41,,,,,C00122,,,,
1857,,GJ,4/2/2025,,Wedbush_Clearing and Exchange Fees_20250402,,,,12100,ATGN,D23300,ARB00422_USD,,,,,1029.0,,,,,C00122,,,,
1858,,GJ,4/2/2025,,Wedbush_Clearing and Exchange Fees_20250402,,,,12100,ATGN,D23080,ARB00423_EUR,,,,,0.0,,,,,C01231,,,,
1859,,GJ,4/2/2025,,Wedbush_Clearing and Exchange Fees_20250402,,,,12100,ATGN,D23080,ARB00423_GBP,,,,,18.17,,,,,C01231,,,,
1860,,GJ,4/2/2025,,Wedbush_Clearing and Exchange Fees_20250402,,,,12100,ATGN,D23080,ARB00423_USD,,,,,5802.299999999999,,,,,C01231,,,,
1861,,GJ,4/2/2025,,Wedbush_Clearing and Exchange Fees_20250402,,,,12100,ATGN,D23020,ARB00424_EUR,,,,,0.0,,,,,C00124,,,,
1862,,GJ,4/2/2025,,Wedbush_Clearing and Exchange Fees_20250402,,,,12100,ATGN,D23020,ARB00424_GBP,,,,,210.93,,,,,C00124,,,,
1863,,GJ,4/2/2025,,Wedbush_Clearing and Exchange Fees_20250402,,,,12100,ATGN,D23020,ARB00424_USD,,,,,1116.3,,,,,C00124,,,,
1864,,GJ,4/2/2025,,Wedbush_Clearing and Exchange Fees_20250402,,,,12100,ATGN,D23020,ARB00425_EUR,,,,,0.0,,,,,C00125,,,,
1865,,GJ,4/2/2025,,Wedbush_Clearing and Exchange Fees_20250402,,,,12100,ATGN,D23020,ARB00425_GBP,,,,,101.68,,,,,C00125,,,,
1866,,GJ,4/2/2025,,Wedbush_Clearing and Exchange Fees_20250402,,,,12100,ATGN,D23020,ARB00425_USD,,,,,9447.900000000001,,,,,C00125,,,,
1867,,GJ,4/2/2025,,Wedbush_Clearing and Exchange Fees_20250402,,,,12100,ATGN,D23020,ARB00426_CAD,,,,,0.0,,,,,C00426,,,,
1868,,GJ,4/2/2025,,Wedbush_Clearing and Exchange Fees_20250402,,,,12100,ATGN,D23020,ARB00426_EUR,,,,,0.0,,,,,C00426,,,,
1869,,GJ,4/2/2025,,Wedbush_Clearing and Exchange Fees_20250402,,,,12100,ATGN,D23020,ARB00426_GBP,,,,,44.85,,,,,C00426,,,,
1870,,GJ,4/2/2025,,Wedbush_Clearing and Exchange Fees_20250402,,,,12100,ATGN,D23020,ARB00426_USD,,,,,2801.2,,,,,C00426,,,,
1871,,GJ,4/2/2025,,Wedbush_Clearing and Exchange Fees_20250402,,,,12100,ATGN,D23300,ARB00432_EUR,,,,,0.0,,,,,C00132,,,,
1872,,GJ,4/2/2025,,Wedbush_Clearing and Exchange Fees_20250402,,,,12100,ATGN,D23300,ARB00432_GBP,,,,,71.68,,,,,C00132,,,,
1873,,GJ,4/2/2025,,Wedbush_Clearing and Exchange Fees_20250402,,,,12100,ATGN,D23300,ARB00435_EUR,,,,,0.0,,,,,C00135,,,,
1874,,GJ,4/2/2025,,Wedbush_Clearing and Exchange Fees_20250402,,,,12100,ATGN,D23300,ARB00435_GBP,,,,,3.12,,,,,C00135,,,,
1875,,GJ,4/2/2025,,Wedbush_Clearing and Exchange Fees_20250402,,,,12100,ATGN,D23300,ARB00435_USD,,,,,4233.6,,,,,C00135,,,,
1876,,GJ,4/2/2025,,Wedbush_Clearing and Exchange Fees_20250402,,,,12100,ATGN,D23080,ARB00441_EUR,,,,,0.0,,,,,C01231,,,,
1877,,GJ,4/2/2025,,Wedbush_Clearing and Exchange Fees_20250402,,,,12100,ATGN,D23080,ARB00441_GBP,,,,,9.48,,,,,C01231,,,,
1878,,GJ,4/2/2025,,Wedbush_Clearing and Exchange Fees_20250402,,,,12100,ATGN,D23080,ARB00441_USD,,,,,352.12,,,,,C01231,,,,
1879,,GJ,4/2/2025,,Wedbush_Clearing and Exchange Fees_20250402,,,,12100,ATGN,D23020,ARB00442_USD,,,,,23.1,,,,,C00124,,,,
1880,,GJ,4/2/2025,,Wedbush_Clearing and Exchange Fees_20250402,,,,12100,ATGN,D23020,ARB00446_EUR,,,,,0.0,,,,,C00146,,,,
1881,,GJ,4/2/2025,,Wedbush_Clearing and Exchange Fees_20250402,,,,12100,ATGN,D23020,ARB00446_GBP,,,,,28.12,,,,,C00146,,,,
1882,,GJ,4/2/2025,,Wedbush_Clearing and Exchange Fees_20250402,,,,12100,ATGN,D23020,ARB00446_USD,,,,,2244.9,,,,,C00146,,,,
1883,,GJ,4/2/2025,,Wedbush_Clearing and Exchange Fees_20250402,,,,12100,ATGN,D23300,ARB00449_EUR,,,,,0.0,,,,,C00149,,,,
1884,,GJ,4/2/2025,,Wedbush_Clearing and Exchange Fees_20250402,,,,12100,ATGN,D23300,ARB00449_GBP,,,,,15.6,,,,,C00149,,,,
1885,,GJ,4/2/2025,,Wedbush_Clearing and Exchange Fees_20250402,,,,12100,ATGN,D23300,ARB00449_USD,,,,,243.04,,,,,C00149,,,,
1886,,GJ,4/2/2025,,Wedbush_Clearing and Exchange Fees_20250402,,,,12100,ATGN,D23300,ARB00456_CHF,,,,,0.0,,,,,C00156,,,,
1887,,GJ,4/2/2025,,Wedbush_Clearing and Exchange Fees_20250402,,,,12100,ATGN,D23300,ARB00456_EUR,,,,,33.6,,,,,C00156,,,,
1888,,GJ,4/2/2025,,Wedbush_Clearing and Exchange Fees_20250402,,,,12100,ATGN,D23300,ARB00456_USD,,,,,245.29999999999998,,,,,C00156,,,,
1889,,GJ,4/2/2025,,Wedbush_Clearing and Exchange Fees_20250402,,,,12100,ATGN,D23010,ARB00460_CAD,,,,,0.0,,,,,C00160,,,,
1890,,GJ,4/2/2025,,Wedbush_Clearing and Exchange Fees_20250402,,,,12100,ATGN,D23010,ARB00460_USD,,,,,35.7,,,,,C00160,,,,
1891,,GJ,4/2/2025,,Wedbush_Clearing and Exchange Fees_20250402,,,,12100,ATGN,D23010,ARB00469_EUR,,,,,0.0,,,,,C00469,,,,
1892,,GJ,4/2/2025,,Wedbush_Clearing and Exchange Fees_20250402,,,,12100,ATGN,D23010,ARB00469_GBP,,,,,141.55,,,,,C00469,,,,
1893,,GJ,4/2/2025,,Wedbush_Clearing and Exchange Fees_20250402,,,,12100,ATGN,D23010,ARB00469_USD,,,,,5520.9,,,,,C00469,,,,
1894,,GJ,4/2/2025,,Wedbush_Clearing and Exchange Fees_20250402,,,,12100,ATGN,D23060,ARB00486_EUR,,,,,0.0,,,,,C00186,,,,
1895,,GJ,4/2/2025,,Wedbush_Clearing and Exchange Fees_20250402,,,,12100,ATGN,D23060,ARB00486_GBP,,,,,12.48,,,,,C00186,,,,
1896,,GJ,4/2/2025,,Wedbush_Clearing and Exchange Fees_20250402,,,,12100,ATGN,D23060,ARB00486_USD,,,,,121.80000000000001,,,,,C00186,,,,
1897,,GJ,4/2/2025,,Wedbush_Clearing and Exchange Fees_20250402,,,,12100,ATGN,D23060,ARB00488_USD,,,,,8.4,,,,,C00186,,,,
1898,,GJ,4/2/2025,,Wedbush_Clearing and Exchange Fees_20250402,,,,12100,ATGN,D23300,ARB00493_CAD,,,,,0.0,,,,,C00193,,,,
1899,,GJ,4/2/2025,,Wedbush_Clearing and Exchange Fees_20250402,,,,12100,ATGN,D23300,ARB00493_EUR,,,,,0.0,,,,,C00193,,,,
1900,,GJ,4/2/2025,,Wedbush_Clearing and Exchange Fees_20250402,,,,12100,ATGN,D23300,ARB00493_GBP,,,,,3.16,,,,,C00193,,,,
1901,,GJ,4/2/2025,,Wedbush_Clearing and Exchange Fees_20250402,,,,12100,ATGN,D23300,ARB00493_USD,,,,,405.09999999999997,,,,,C00193,,,,
1902,,GJ,4/2/2025,,Wedbush_Clearing and Exchange Fees_20250402,,,,12100,ATGN,D23300,ARB00494_CAD,,,,,0.0,,,,,C00194,,,,
1903,,GJ,4/2/2025,,Wedbush_Clearing and Exchange Fees_20250402,,,,12100,ATGN,D23300,ARB00494_EUR,,,,,0.0,,,,,C00194,,,,
1904,,GJ,4/2/2025,,Wedbush_Clearing and Exchange Fees_20250402,,,,12100,ATGN,D23300,ARB00494_GBP,,,,,33.910000000000004,,,,,C00194,,,,
1905,,GJ,4/2/2025,,Wedbush_Clearing and Exchange Fees_20250402,,,,12100,ATGN,D23300,ARB00494_USD,,,,,734.1,,,,,C00194,,,,
1906,,GJ,4/2/2025,,Wedbush_Clearing and Exchange Fees_20250402,,,,12100,ATGN,D22000,ARB00501_EUR,,,,,0.0,,,,,C00201,,,,
1907,,GJ,4/2/2025,,Wedbush_Clearing and Exchange Fees_20250402,,,,12100,ATGN,D22000,ARB00501_GBP,,,,,13.44,,,,,C00201,,,,
1908,,GJ,4/2/2025,,Wedbush_Clearing and Exchange Fees_20250402,,,,12100,ATGN,D22000,ARB00503_EUR,,,,,0.0,,,,,C00203,,,,
1909,,GJ,4/2/2025,,Wedbush_Clearing and Exchange Fees_20250402,,,,12100,ATGN,D22000,ARB00503_GBP,,,,,14.04,,,,,C00203,,,,
1910,,GJ,4/2/2025,,Wedbush_Clearing and Exchange Fees_20250402,,,,12100,ATGN,D22000,ARB00503_USD,,,,,84.0,,,,,C00203,,,,
1911,,GJ,4/2/2025,,Wedbush_Clearing and Exchange Fees_20250402,,,,12100,ATGN,D22000,ARB00520_CAD,,,,,0.0,,,,,C00220,,,,
1912,,GJ,4/2/2025,,Wedbush_Clearing and Exchange Fees_20250402,,,,12100,ATGN,D22000,ARB00520_USD,,,,,95.2,,,,,C00220,,,,
1913,,GJ,4/2/2025,,Wedbush_Clearing and Exchange Fees_20250402,,,,12100,ATGN,D22000,ARB00567_EUR,,,,,0.0,,,,,C00267,,,,
1914,,GJ,4/2/2025,,Wedbush_Clearing and Exchange Fees_20250402,,,,12100,ATGN,D22000,ARB00567_GBP,,,,,39.42,,,,,C00267,,,,
1915,,GJ,4/2/2025,,Wedbush_Clearing and Exchange Fees_20250402,,,,12100,ATGN,D22000,ARB00567_USD,,,,,126.8,,,,,C00267,,,,
1916,,GJ,4/2/2025,,Wedbush_Clearing and Exchange Fees_20250402,,,,12100,303S,D21300,ARB00754_USD,,,,,333.08,,,,,C00754,,,,
1917,,GJ,4/2/2025,,Wedbush_Clearing and Exchange Fees_20250402,,,,12100,303S,D21030,ARB00765_USD,,,,,10.6,,,,,C00765,,,,
1918,,GJ,4/2/2025,,Wedbush_Clearing and Exchange Fees_20250402,,,,12100,303P,D21030,ARB01002_USD,,,,,39.84,,,,,C01064,,,,
1919,,GJ,4/2/2025,,Wedbush_Clearing and Exchange Fees_20250402,,,,12100,303P,D21300,ARB01057_MXN,,,,,0.0,,,,,C01057,,,,
1920,,GJ,4/2/2025,,Wedbush_Clearing and Exchange Fees_20250402,,,,12100,303P,D21300,ARB01057_USD,,,,,2033.1,,,,,C01057,,,,
1921,,GJ,4/2/2025,,Wedbush_Clearing and Exchange Fees_20250402,,,,12100,303P,D21030,ARB01063_USD,,,,,441.56,,,,,C01063,,,,
1922,,GJ,4/2/2025,,Wedbush_Clearing and Exchange Fees_20250402,,,,12100,303P,D21030,ARB01064_USD,,,,,101.77000000000001,,,,,C01064,,,,
1923,,GJ,4/2/2025,,Wedbush_Clearing and Exchange Fees_20250402,,,,12100,303P,D21030,ARB01065_USD,,,,,33.6,,,,,C01065,,,,
1924,,GJ,4/2/2025,,Wedbush_Clearing and Exchange Fees_20250402,,,,12100,303P,D21030,ARB01066_USD,,,,,25.2,,,,,C01066,,,,
1925,,GJ,4/2/2025,,Wedbush_Clearing and Exchange Fees_20250402,,,,12100,303P,D21030,ARB01071_USD,,,,,89.60000000000001,,,,,C01071,,,,
1926,,GJ,4/2/2025,,Wedbush_Clearing and Exchange Fees_20250402,,,,12100,303P,D21030,ARB01076_USD,,,,,235.54,,,,,C01076,,,,
1927,,GJ,4/2/2025,,Wedbush_Clearing and Exchange Fees_20250402,,,,12100,303P,D21030,ARB01078_USD,,,,,336.28,,,,,C01078,,,,
1928,,GJ,4/2/2025,,Wedbush_Clearing and Exchange Fees_20250402,,,,12100,303P,D21030,ARB01092_USD,,,,,601.76,,,,,C01092,,,,
1929,,GJ,4/2/2025,,Wedbush_Clearing and Exchange Fees_20250402,,,,12100,303P,D21030,ARB01093_USD,,,,,605.92,,,,,C01093,,,,
1930,,GJ,4/2/2025,,Wedbush_Clearing and Exchange Fees_20250402,,,,12100,303P,D21030,ARB01095_USD,,,,,260.92,,,,,C01095,,,,
1931,,GJ,4/2/2025,,Wedbush_Clearing and Exchange Fees_20250402,,,,12100,303P,D21030,ARB01098_USD,,,,,865.8199999999999,,,,,C01098,,,,
1932,,GJ,4/2/2025,,Wedbush_Clearing and Exchange Fees_20250402,,,,12100,303P,D23300,ARB01145_USD,,,,,605.52,,,,,C01145,,,,
1933,,GJ,4/2/2025,,Wedbush_Clearing and Exchange Fees_20250402,,,,12100,303P,D23010,ARB01157_USD,,,,,333.08000000000004,,,,,C01157,,,,
1934,,GJ,4/2/2025,,Wedbush_Clearing and Exchange Fees_20250402,,,,12100,303P,D23010,ARB01158_USD,,,,,985.36,,,,,C01158,,,,
1935,,GJ,4/2/2025,,Wedbush_Clearing and Exchange Fees_20250402,,,,12100,303P,D23010,ARB01166_USD,,,,,57.12,,,,,C01166,,,,
1936,,GJ,4/2/2025,,Wedbush_Clearing and Exchange Fees_20250402,,,,12100,303P,D23010,ARB01172_USD,,,,,85.14,,,,,C01172,,,,
1937,,GJ,4/2/2025,,Wedbush_Clearing and Exchange Fees_20250402,,,,12100,303P,D23010,ARB01176_USD,,,,,171.64,,,,,C01176,,,,
1938,,GJ,4/2/2025,,Wedbush_Clearing and Exchange Fees_20250402,,,,12100,303P,D23010,ARB01177_USD,,,,,495.63999999999993,,,,,C00469,,,,
1939,,GJ,4/2/2025,,Wedbush_Clearing and Exchange Fees_20250402,,,,12100,303P,D23010,ARB01179_USD,,,,,141.12,,,,,C01479,,,,
1940,,GJ,4/2/2025,,Wedbush_Clearing and Exchange Fees_20250402,,,,12100,303P,D23300,ARB01195_USD,,,,,11.219999999999999,,,,,C00193,,,,
1941,,GJ,4/2/2025,,Wedbush_Clearing and Exchange Fees_20250402,,,,12100,ATGN,D21300,ARB01357_CHF,,,,,0.0,,,,,C01057,,,,
1942,,GJ,4/2/2025,,Wedbush_Clearing and Exchange Fees_20250402,,,,12100,ATGN,D21300,ARB01357_EUR,,,,,489.6,,,,,C01057,,,,
1943,,GJ,4/2/2025,,Wedbush_Clearing and Exchange Fees_20250402,,,,12100,ATGN,D21300,ARB01357_GBP,,,,,4522.0,,,,,C01057,,,,
1944,,GJ,4/2/2025,,Wedbush_Clearing and Exchange Fees_20250402,,,,12100,ATGN,D23020,ARB01400_USD,,,,,100.8,,,,,C00146,,,,
1945,,GJ,4/2/2025,,Wedbush_Clearing and Exchange Fees_20250402,,,,12100,ATGN,D23020,ARB01417_EUR,,,,,0.0,,,,,C01117,,,,
1946,,GJ,4/2/2025,,Wedbush_Clearing and Exchange Fees_20250402,,,,12100,ATGN,D23020,ARB01417_GBP,,,,,106.60000000000001,,,,,C01117,,,,
1947,,GJ,4/2/2025,,Wedbush_Clearing and Exchange Fees_20250402,,,,12100,ATGN,D23020,ARB01417_USD,,,,,2081.1000000000004,,,,,C01117,,,,
1948,,GJ,4/2/2025,,Wedbush_Clearing and Exchange Fees_20250402,,,,12100,ATGN,D23300,ARB01445_CHF,,,,,0.0,,,,,C01145,,,,
1949,,GJ,4/2/2025,,Wedbush_Clearing and Exchange Fees_20250402,,,,12100,ATGN,D23300,ARB01445_EUR,,,,,72.0,,,,,C01145,,,,
1950,,GJ,4/2/2025,,Wedbush_Clearing and Exchange Fees_20250402,,,,12100,ATGN,D23300,ARB01445_GBP,,,,,201.6,,,,,C01145,,,,
1951,,GJ,4/2/2025,,Wedbush_Clearing and Exchange Fees_20250402,,,,12100,ATGN,D23300,ARB01445_USD,,,,,64.72,,,,,C01145,,,,
1952,,GJ,4/2/2025,,Wedbush_Clearing and Exchange Fees_20250402,,,,12100,ATGN,D23010,ARB01457_CAD,,,,,0.0,,,,,C01157,,,,
1953,,GJ,4/2/2025,,Wedbush_Clearing and Exchange Fees_20250402,,,,12100,ATGN,D23010,ARB01457_USD,,,,,155.78,,,,,C01157,,,,
1954,,GJ,4/2/2025,,Wedbush_Clearing and Exchange Fees_20250402,,,,12100,ATGN,D23010,ARB01458_CAD,,,,,0.0,,,,,C01158,,,,
1955,,GJ,4/2/2025,,Wedbush_Clearing and Exchange Fees_20250402,,,,12100,ATGN,D23010,ARB01458_USD,,,,,583.29,,,,,C01158,,,,
1956,,GJ,4/2/2025,,Wedbush_Clearing and Exchange Fees_20250402,,,,12100,ATGN,D23010,ARB01466_USD,,,,,8.4,,,,,C01166,,,,
1957,,GJ,4/2/2025,,Wedbush_Clearing and Exchange Fees_20250402,,,,12100,ATGN,D23010,ARB01476_EUR,,,,,0.0,,,,,C01176,,,,
1958,,GJ,4/2/2025,,Wedbush_Clearing and Exchange Fees_20250402,,,,12100,ATGN,D23010,ARB01476_GBP,,,,,11.2,,,,,C01176,,,,
1959,,GJ,4/2/2025,,Wedbush_Clearing and Exchange Fees_20250402,,,,12100,ATGN,D23010,ARB01476_USD,,,,,399.99,,,,,C01176,,,,
1960,,GJ,4/2/2025,,Wedbush_Clearing and Exchange Fees_20250402,,,,12100,303P,D21300,ARB02012_USD,,,,,945.56,,,,,C02012,,,,
1961,,GJ,4/2/2025,,Wedbush_Clearing and Exchange Fees_20250402,,,,12100,303P,D21300,ARB02040_USD,,,,,132.4,,,,,C02040,,,,
1962,,GJ,4/2/2025,,Wedbush_Clearing and Exchange Fees_20250402,,,,12100,303P,D21300,ARB02043_USD,,,,,388.71999999999997,,,,,C02520,,,,
1963,,GJ,4/2/2025,,Wedbush_Clearing and Exchange Fees_20250402,,,,12100,303P,D21300,ARB02044_USD,,,,,187.2,,,,,C02044,,,,
1964,,GJ,4/2/2025,,Wedbush_Clearing and Exchange Fees_20250402,,,,12100,303P,D21300,ARB02045_USD,,,,,2.88,,,,,C02045,,,,
1965,,GJ,4/2/2025,,Wedbush_Clearing and Exchange Fees_20250402,,,,12100,303P,D21030,ARB02047_USD,,,,,104.72,,,,,C01092,,,,
1966,,GJ,4/2/2025,,Wedbush_Clearing and Exchange Fees_20250402,,,,12100,303P,D21030,ARB02052_USD,,,,,1.76,,,,,C01078,,,,
1967,,GJ,4/2/2025,,Wedbush_Clearing and Exchange Fees_20250402,,,,12100,303P,D21300,ARB02055_USD,,,,,43.86,,,,,C00054,,,,
1968,,GJ,4/2/2025,,Wedbush_Clearing and Exchange Fees_20250402,,,,12100,303P,D21300,ARB02076_USD,,,,,1246.22,,,,,C02076,,,,
1969,,GJ,4/2/2025,,Wedbush_Clearing and Exchange Fees_20250402,,,,12100,303P,D21300,ARB02081_USD,,,,,14.319999999999999,,,,,C00675,,,,
1970,,GJ,4/2/2025,,Wedbush_Clearing and Exchange Fees_20250402,,,,12100,303P,D21300,ARB02082_USD,,,,,331.76,,,,,C00675,,,,
1971,,GJ,4/2/2025,,Wedbush_Clearing and Exchange Fees_20250402,,,,12100,303P,D21300,ARB02083_USD,,,,,31.34,,,,,C00675,,,,
1972,,GJ,4/2/2025,,Wedbush_Clearing and Exchange Fees_20250402,,,,12100,303P,D21300,ARB02084_USD,,,,,30.28,,,,,C00675,,,,
1973,,GJ,4/2/2025,,Wedbush_Clearing and Exchange Fees_20250402,,,,12100,303P,D21300,ARB02085_USD,,,,,0.56,,,,,C00675,,,,
1974,,GJ,4/2/2025,,Wedbush_Clearing and Exchange Fees_20250402,,,,12100,303P,D21300,ARB02086_USD,,,,,1.4,,,,,C00675,,,,
1975,,GJ,4/2/2025,,Wedbush_Clearing and Exchange Fees_20250402,,,,12100,303P,D21300,ARB02087_USD,,,,,2.55,,,,,C00675,,,,
1976,,GJ,4/2/2025,,Wedbush_Clearing and Exchange Fees_20250402,,,,12100,303P,D23010,ARB02102_USD,,,,,228.76,,,,,C02102,,,,
1977,,GJ,4/2/2025,,Wedbush_Clearing and Exchange Fees_20250402,,,,12100,303P,D23010,ARB02103_USD,,,,,1112.52,,,,,C00163,,,,
1978,,GJ,4/2/2025,,Wedbush_Clearing and Exchange Fees_20250402,,,,12100,303P,D23010,ARB02106_USD,,,,,190.14999999999998,,,,,C00163,,,,
1979,,GJ,4/2/2025,,Wedbush_Clearing and Exchange Fees_20250402,,,,12100,303P,D23300,ARB02121_USD,,,,,407.14000000000004,,,,,C02121,,,,
1980,,GJ,4/2/2025,,Wedbush_Clearing and Exchange Fees_20250402,,,,12100,303P,D23020,ARB02129_USD,,,,,112.88,,,,,C02129,,,,
1981,,GJ,4/2/2025,,Wedbush_Clearing and Exchange Fees_20250402,,,,12100,303P,D23010,ARB02132_USD,,,,,36.8,,,,,C02132,,,,
1982,,GJ,4/2/2025,,Wedbush_Clearing and Exchange Fees_20250402,,,,12100,303P,D23010,ARB02135_USD,,,,,44.16,,,,,C02135,,,,
1983,,GJ,4/2/2025,,Wedbush_Clearing and Exchange Fees_20250402,,,,12100,303P,D23010,ARB02145_USD,,,,,230.4,,,,,C02145,,,,
1984,,GJ,4/2/2025,,Wedbush_Clearing and Exchange Fees_20250402,,,,12100,303P,D23010,ARB02147_USD,,,,,499.52,,,,,C02147,,,,
1985,,GJ,4/2/2025,,Wedbush_Clearing and Exchange Fees_20250402,,,,12100,303P,D23010,ARB02149_USD,,,,,28.16,,,,,C02149,,,,
1986,,GJ,4/2/2025,,Wedbush_Clearing and Exchange Fees_20250402,,,,12100,303P,D23060,ARB02152_USD,,,,,92.74,,,,,C00186,,,,
1987,,GJ,4/2/2025,,Wedbush_Clearing and Exchange Fees_20250402,,,,12100,303P,D23300,ARB02154_USD,,,,,128.51999999999998,,,,,C00149,,,,
1988,,GJ,4/2/2025,,Wedbush_Clearing and Exchange Fees_20250402,,,,12100,303P,D23300,ARB02158_USD,,,,,33.0,,,,,C01145,,,,
1989,,GJ,4/2/2025,,Wedbush_Clearing and Exchange Fees_20250402,,,,12100,303P,D23300,ARB02167_USD,,,,,316.23999999999995,,,,,C00118,,,,
1990,,GJ,4/2/2025,,Wedbush_Clearing and Exchange Fees_20250402,,,,12100,303P,D23300,ARB02168_USD,,,,,23.46,,,,,C00194,,,,
1991,,GJ,4/2/2025,,Wedbush_Clearing and Exchange Fees_20250402,,,,12100,303P,D23060,ARB02169_USD,,,,,37.879999999999995,,,,,C00186,,,,
1992,,GJ,4/2/2025,,Wedbush_Clearing and Exchange Fees_20250402,,,,12100,303P,D23010,ARB02173_USD,,,,,129.7,,,,,C00463,,,,
1993,,GJ,4/2/2025,,Wedbush_Clearing and Exchange Fees_20250402,,,,12100,303P,D23010,ARB02176_USD,,,,,506.91999999999996,,,,,C00463,,,,
1994,,GJ,4/2/2025,,Wedbush_Clearing and Exchange Fees_20250402,,,,12100,303P,D23010,ARB02177_USD,,,,,218.4,,,,,C02177,,,,
1995,,GJ,4/2/2025,,Wedbush_Clearing and Exchange Fees_20250402,,,,12100,303P,D23010,ARB02179_USD,,,,,857.64,,,,,C02179,,,,
1996,,GJ,4/2/2025,,Wedbush_Clearing and Exchange Fees_20250402,,,,12100,303P,D23010,ARB02180_USD,,,,,98.56,,,,,C02180,,,,
1997,,GJ,4/2/2025,,Wedbush_Clearing and Exchange Fees_20250402,,,,12100,303P,D23010,ARB02181_USD,,,,,1055.6000000000001,,,,,C02181,,,,
1998,,GJ,4/2/2025,,Wedbush_Clearing and Exchange Fees_20250402,,,,12100,303P,D23010,ARB02182_USD,,,,,836.36,,,,,C02182,,,,
1999,,GJ,4/2/2025,,Wedbush_Clearing and Exchange Fees_20250402,,,,12100,303P,D23010,ARB02183_USD,,,,,169.11999999999998,,,,,C02183,,,,
2000,,GJ,4/2/2025,,Wedbush_Clearing and Exchange Fees_20250402,,,,12100,303P,D23010,ARB02184_USD,,,,,490.84000000000003,,,,,C02184,,,,
2001,,GJ,4/2/2025,,Wedbush_Clearing and Exchange Fees_20250402,,,,12100,303P,D23010,ARB02185_USD,,,,,22.4,,,,,C02185,,,,
2002,,GJ,4/2/2025,,Wedbush_Clearing and Exchange Fees_20250402,,,,12100,303P,D23010,ARB02187_USD,,,,,6.720000000000001,,,,,C02187,,,,
2003,,GJ,4/2/2025,,Wedbush_Clearing and Exchange Fees_20250402,,,,12100,303P,D23010,ARB02188_USD,,,,,454.15999999999997,,,,,C02188,,,,
2004,,GJ,4/2/2025,,Wedbush_Clearing and Exchange Fees_20250402,,,,12100,303P,D23010,ARB02190_USD,,,,,2.8,,,,,C02147,,,,
2005,,GJ,4/2/2025,,Wedbush_Clearing and Exchange Fees_20250402,,,,12100,303P,D23010,ARB02191_USD,,,,,1.56,,,,,C00469,,,,
2006,,GJ,4/2/2025,,Wedbush_Clearing and Exchange Fees_20250402,,,,12100,ATGN,D21300,ARB02343_EUR,,,,,2.4,,,,,C02520,,,,
2007,,GJ,4/2/2025,,Wedbush_Clearing and Exchange Fees_20250402,,,,12100,ATGN,D21300,ARB02343_GBP,,,,,142.0,,,,,C02520,,,,
2008,,GJ,4/2/2025,,Wedbush_Clearing and Exchange Fees_20250402,,,,12100,ATGN,D21300,ARB02343_USD,,,,,44.1,,,,,C02520,,,,
2009,,GJ,4/2/2025,,Wedbush_Clearing and Exchange Fees_20250402,,,,12100,ATGN,D21300,ARB02355_USD,,,,,130.48000000000002,,,,,C00054,,,,
2010,,GJ,4/2/2025,,Wedbush_Clearing and Exchange Fees_20250402,,,,12100,ATGN,D23010,ARB02402_CAD,,,,,0.0,,,,,C02102,,,,
2011,,GJ,4/2/2025,,Wedbush_Clearing and Exchange Fees_20250402,,,,12100,ATGN,D23010,ARB02402_USD,,,,,144.79999999999998,,,,,C02102,,,,
2012,,GJ,4/2/2025,,Wedbush_Clearing and Exchange Fees_20250402,,,,12100,ATGN,D23010,ARB02407_EUR,,,,,0.0,,,,,C02107,,,,
2013,,GJ,4/2/2025,,Wedbush_Clearing and Exchange Fees_20250402,,,,12100,ATGN,D23010,ARB02407_GBP,,,,,17.16,,,,,C02107,,,,
2014,,GJ,4/2/2025,,Wedbush_Clearing and Exchange Fees_20250402,,,,12100,ATGN,D23010,ARB02407_USD,,,,,92.4,,,,,C02107,,,,
2015,,GJ,4/2/2025,,Wedbush_Clearing and Exchange Fees_20250402,,,,12100,ATGN,D23080,ARB02418_EUR,,,,,0.0,,,,,C01234,,,,
2016,,GJ,4/2/2025,,Wedbush_Clearing and Exchange Fees_20250402,,,,12100,ATGN,D23080,ARB02418_GBP,,,,,13.43,,,,,C01234,,,,
2017,,GJ,4/2/2025,,Wedbush_Clearing and Exchange Fees_20250402,,,,12100,ATGN,D23080,ARB02418_USD,,,,,1976.1000000000001,,,,,C01234,,,,
2018,,GJ,4/2/2025,,Wedbush_Clearing and Exchange Fees_20250402,,,,12100,ATGN,D23300,ARB02421_CHF,,,,,0.0,,,,,C02121,,,,
2019,,GJ,4/2/2025,,Wedbush_Clearing and Exchange Fees_20250402,,,,12100,ATGN,D23300,ARB02421_EUR,,,,,96.0,,,,,C02121,,,,
2020,,GJ,4/2/2025,,Wedbush_Clearing and Exchange Fees_20250402,,,,12100,ATGN,D23300,ARB02421_GBP,,,,,73.92,,,,,C02121,,,,
2021,,GJ,4/2/2025,,Wedbush_Clearing and Exchange Fees_20250402,,,,12100,ATGN,D23300,ARB02421_USD,,,,,74.55999999999999,,,,,C02121,,,,
2022,,GJ,4/2/2025,,Wedbush_Clearing and Exchange Fees_20250402,,,,12100,ATGN,D23020,ARB02429_USD,,,,,155.4,,,,,C02129,,,,
2023,,GJ,4/2/2025,,Wedbush_Clearing and Exchange Fees_20250402,,,,12100,ATGN,D23010,ARB02432_USD,,,,,8.4,,,,,C02132,,,,
2024,,GJ,4/2/2025,,Wedbush_Clearing and Exchange Fees_20250402,,,,12100,ATGN,D23010,ARB02436_EUR,,,,,0.0,,,,,C02136,,,,
2025,,GJ,4/2/2025,,Wedbush_Clearing and Exchange Fees_20250402,,,,12100,ATGN,D23010,ARB02436_GBP,,,,,216.4,,,,,C02136,,,,
2026,,GJ,4/2/2025,,Wedbush_Clearing and Exchange Fees_20250402,,,,12100,ATGN,D23010,ARB02436_USD,,,,,705.6,,,,,C02136,,,,
2027,,GJ,4/2/2025,,Wedbush_Clearing and Exchange Fees_20250402,,,,12100,ATGN,D23010,ARB02445_USD,,,,,1064.2,,,,,C02145,,,,
2028,,GJ,4/2/2025,,Wedbush_Clearing and Exchange Fees_20250402,,,,12100,ATGN,D23010,ARB02447_CAD,,,,,0.0,,,,,C02147,,,,
2029,,GJ,4/2/2025,,Wedbush_Clearing and Exchange Fees_20250402,,,,12100,ATGN,D23010,ARB02447_USD,,,,,68.0,,,,,C02147,,,,
2030,,GJ,4/2/2025,,Wedbush_Clearing and Exchange Fees_20250402,,,,12100,ATGN,D23010,ARB02449_EUR,,,,,0.0,,,,,C02149,,,,
2031,,GJ,4/2/2025,,Wedbush_Clearing and Exchange Fees_20250402,,,,12100,ATGN,D23010,ARB02449_GBP,,,,,3.12,,,,,C02149,,,,
2032,,GJ,4/2/2025,,Wedbush_Clearing and Exchange Fees_20250402,,,,12100,ATGN,D23010,ARB02449_USD,,,,,1202.62,,,,,C02149,,,,
2033,,GJ,4/2/2025,,Wedbush_Clearing and Exchange Fees_20250402,,,,12100,ATGN,D23300,ARB02450_USD,,,,,0.0,,,,,C02150,,,,
2034,,GJ,4/2/2025,,Wedbush_Clearing and Exchange Fees_20250402,,,,12100,ATGN,D23060,ARB02452_EUR,,,,,0.0,,,,,C00186,,,,
2035,,GJ,4/2/2025,,Wedbush_Clearing and Exchange Fees_20250402,,,,12100,ATGN,D23060,ARB02452_GBP,,,,,6.24,,,,,C00186,,,,
2036,,GJ,4/2/2025,,Wedbush_Clearing and Exchange Fees_20250402,,,,12100,ATGN,D23060,ARB02452_USD,,,,,21.0,,,,,C00186,,,,
2037,,GJ,4/2/2025,,Wedbush_Clearing and Exchange Fees_20250402,,,,12100,ATGN,D23020,ARB02456_EUR,,,,,0.0,,,,,C02156,,,,
2038,,GJ,4/2/2025,,Wedbush_Clearing and Exchange Fees_20250402,,,,12100,ATGN,D23020,ARB02456_GBP,,,,,34.56,,,,,C02156,,,,
2039,,GJ,4/2/2025,,Wedbush_Clearing and Exchange Fees_20250402,,,,12100,ATGN,D23020,ARB02456_USD,,,,,172.20000000000002,,,,,C02156,,,,
2040,,GJ,4/2/2025,,Wedbush_Clearing and Exchange Fees_20250402,,,,12100,ATGN,D23080,ARB02463_USD,,,,,298.2,,,,,C01231,,,,
2041,,GJ,4/2/2025,,Wedbush_Clearing and Exchange Fees_20250402,,,,12100,ATGN,D23010,ARB02473_EUR,,,,,0.0,,,,,C00463,,,,
2042,,GJ,4/2/2025,,Wedbush_Clearing and Exchange Fees_20250402,,,,12100,ATGN,D23010,ARB02473_GBP,,,,,3.92,,,,,C00463,,,,
2043,,GJ,4/2/2025,,Wedbush_Clearing and Exchange Fees_20250402,,,,12100,ATGN,D23010,ARB02476_EUR,,,,,0.0,,,,,C00463,,,,
2044,,GJ,4/2/2025,,Wedbush_Clearing and Exchange Fees_20250402,,,,12100,ATGN,D23010,ARB02476_GBP,,,,,89.6,,,,,C00463,,,,
2045,,GJ,4/2/2025,,Wedbush_Clearing and Exchange Fees_20250402,,,,12100,ATGN,D23010,ARB02476_USD,,,,,0.0,,,,,C00463,,,,
2046,,GJ,4/2/2025,,Wedbush_Clearing and Exchange Fees_20250402,,,,12100,ATGN,D23010,ARB02477_CAD,,,,,0.0,,,,,C02177,,,,
2047,,GJ,4/2/2025,,Wedbush_Clearing and Exchange Fees_20250402,,,,12100,ATGN,D23010,ARB02477_USD,,,,,20.4,,,,,C02177,,,,
2048,,GJ,4/2/2025,,Wedbush_Clearing and Exchange Fees_20250402,,,,12100,ATGN,D23010,ARB02479_USD,,,,,92.4,,,,,C02179,,,,
2049,,GJ,4/2/2025,,Wedbush_Clearing and Exchange Fees_20250402,,,,12100,ATGN,D23010,ARB02481_CAD,,,,,0.0,,,,,C02181,,,,
2050,,GJ,4/2/2025,,Wedbush_Clearing and Exchange Fees_20250402,,,,12100,ATGN,D23010,ARB02481_USD,,,,,238.6,,,,,C02181,,,,
2051,,GJ,4/2/2025,,Wedbush_Clearing and Exchange Fees_20250402,,,,12100,ATGN,D23010,ARB02482_CAD,,,,,0.0,,,,,C02182,,,,
2052,,GJ,4/2/2025,,Wedbush_Clearing and Exchange Fees_20250402,,,,12100,ATGN,D23010,ARB02482_USD,,,,,68.0,,,,,C02182,,,,
2053,,GJ,4/2/2025,,Wedbush_Clearing and Exchange Fees_20250402,,,,12100,ATGN,D23010,ARB02484_CAD,,,,,0.0,,,,,C02184,,,,
2054,,GJ,4/2/2025,,Wedbush_Clearing and Exchange Fees_20250402,,,,12100,ATGN,D23010,ARB02484_EUR,,,,,0.0,,,,,C02184,,,,
2055,,GJ,4/2/2025,,Wedbush_Clearing and Exchange Fees_20250402,,,,12100,ATGN,D23010,ARB02484_GBP,,,,,66.36,,,,,C02184,,,,
2056,,GJ,4/2/2025,,Wedbush_Clearing and Exchange Fees_20250402,,,,12100,ATGN,D23010,ARB02484_USD,,,,,1261.9499999999998,,,,,C02184,,,,
2057,,GJ,4/2/2025,,Wedbush_Clearing and Exchange Fees_20250402,,,,12100,ATGN,D23010,ARB02485_EUR,,,,,0.0,,,,,C02185,,,,
2058,,GJ,4/2/2025,,Wedbush_Clearing and Exchange Fees_20250402,,,,12100,ATGN,D23010,ARB02485_GBP,,,,,136.06,,,,,C02185,,,,
2059,,GJ,4/2/2025,,Wedbush_Clearing and Exchange Fees_20250402,,,,12100,ATGN,D23010,ARB02485_USD,,,,,2571.62,,,,,C02185,,,,
2060,,GJ,4/2/2025,,Wedbush_Clearing and Exchange Fees_20250402,,,,12100,ATGN,D23010,ARB02486_EUR,,,,,0.0,,,,,C02186,,,,
2061,,GJ,4/2/2025,,Wedbush_Clearing and Exchange Fees_20250402,,,,12100,ATGN,D23010,ARB02486_GBP,,,,,37.44,,,,,C02186,,,,
2062,,GJ,4/2/2025,,Wedbush_Clearing and Exchange Fees_20250402,,,,12100,ATGN,D23010,ARB02486_USD,,,,,201.6,,,,,C02186,,,,
2063,,GJ,4/2/2025,,Wedbush_Clearing and Exchange Fees_20250402,,,,12100,ATGN,D23010,ARB02487_CAD,,,,,0.0,,,,,C02187,,,,
2064,,GJ,4/2/2025,,Wedbush_Clearing and Exchange Fees_20250402,,,,12100,ATGN,D23010,ARB02487_USD,,,,,13.6,,,,,C02187,,,,
2065,,GJ,4/2/2025,,Wedbush_Clearing and Exchange Fees_20250402,,,,12100,ATGN,D23010,ARB02488_USD,,,,,1906.1000000000001,,,,,C02188,,,,
2066,,GJ,4/2/2025,,Wedbush_Clearing and Exchange Fees_20250402,,,,12100,ATGN,D23010,ARB02491_EUR,,,,,0.0,,,,,C00469,,,,
2067,,GJ,4/2/2025,,Wedbush_Clearing and Exchange Fees_20250402,,,,12100,ATGN,D23010,ARB02491_GBP,,,,,3.12,,,,,C00469,,,,
2068,,GJ,4/2/2025,,Wedbush_Clearing and Exchange Fees_20250402,,,,12100,ATGN,D23010,ARB02491_USD,,,,,119.73,,,,,C00469,,,,
2069,,GJ,4/2/2025,,Wedbush_Clearing and Exchange Fees_20250402,,,,12100,303P,D21300,ARB03003_USD,,,,,198.32,,,,,C03003,,,,
2070,,GJ,4/2/2025,,Wedbush_Clearing and Exchange Fees_20250402,,,,12100,303P,D21300,ARB03005_USD,,,,,1.28,,,,,C03005,,,,
2071,,GJ,4/2/2025,,Wedbush_Clearing and Exchange Fees_20250402,,,,12100,303P,D21300,ARB03022_USD,,,,,561.75,,,,,C00034,,,,
2072,,GJ,4/2/2025,,Wedbush_Clearing and Exchange Fees_20250402,,,,12100,303P,D21300,ARB03029_USD,,,,,41.61,,,,,C03029,,,,
2073,,GJ,4/2/2025,,Wedbush_Clearing and Exchange Fees_20250402,,,,12100,303P,D21300,ARB03032_USD,,,,,882.17,,,,,C00049,,,,
2074,,GJ,4/2/2025,,Wedbush_Clearing and Exchange Fees_20250402,,,,12100,303P,D21300,ARB03033_USD,,,,,59.04,,,,,C00049,,,,
2075,,GJ,4/2/2025,,Wedbush_Clearing and Exchange Fees_20250402,,,,12100,303P,D21300,ARB03035_USD,,,,,2.0,,,,,C00049,,,,
2076,,GJ,4/2/2025,,Wedbush_Clearing and Exchange Fees_20250402,,,,12100,303P,D21300,ARB03037_USD,,,,,386.29,,,,,C03037,,,,
2077,,GJ,4/2/2025,,Wedbush_Clearing and Exchange Fees_20250402,,,,12100,303P,D21300,ARB03038_USD,,,,,23.8,,,,,C03038,,,,
2078,,GJ,4/2/2025,,Wedbush_Clearing and Exchange Fees_20250402,,,,12100,303P,D21300,ARB03042_USD,,,,,2.24,,,,,C03040,,,,
2079,,GJ,4/2/2025,,Wedbush_Clearing and Exchange Fees_20250402,,,,12100,303P,D21300,ARB03046_USD,,,,,3.36,,,,,C03040,,,,
2080,,GJ,4/2/2025,,Wedbush_Clearing and Exchange Fees_20250402,,,,12100,303P,D21030,ARB03050_USD,,,,,1449.4,,,,,C03050,,,,
2081,,GJ,4/2/2025,,Wedbush_Clearing and Exchange Fees_20250402,,,,12100,303P,D21300,ARB03060_USD,,,,,675.26,,,,,C03060,,,,
2082,,GJ,4/2/2025,,Wedbush_Clearing and Exchange Fees_20250402,,,,12100,303P,D21300,ARB03062_USD,,,,,38.0,,,,,C03062,,,,
2083,,GJ,4/2/2025,,Wedbush_Clearing and Exchange Fees_20250402,,,,12100,303P,D21300,ARB03065_USD,,,,,2108.83,,,,,C03065,,,,
2084,,GJ,4/2/2025,,Wedbush_Clearing and Exchange Fees_20250402,,,,12100,303P,D21300,ARB03072_USD,,,,,374.40000000000003,,,,,C03072,,,,
2085,,GJ,4/2/2025,,Wedbush_Clearing and Exchange Fees_20250402,,,,12100,303P,D21300,ARB03073_USD,,,,,1987.5599999999997,,,,,C03073,,,,
2086,,GJ,4/2/2025,,Wedbush_Clearing and Exchange Fees_20250402,,,,12100,303P,D21300,ARB03074_USD,,,,,8.24,,,,,C03073,,,,
2087,,GJ,4/2/2025,,Wedbush_Clearing and Exchange Fees_20250402,,,,12100,303P,D21300,ARB03075_USD,,,,,64.8,,,,,C03073,,,,
2088,,GJ,4/2/2025,,Wedbush_Clearing and Exchange Fees_20250402,,,,12100,303P,D21300,ARB03077_USD,,,,,400.64,,,,,C03077,,,,
2089,,GJ,4/2/2025,,Wedbush_Clearing and Exchange Fees_20250402,,,,12100,303P,D21300,ARB03078_USD,,,,,12.6,,,,,C03078,,,,
2090,,GJ,4/2/2025,,Wedbush_Clearing and Exchange Fees_20250402,,,,12100,303P,D21300,ARB03079_USD,,,,,73.5,,,,,C03078,,,,
2091,,GJ,4/2/2025,,Wedbush_Clearing and Exchange Fees_20250402,,,,12100,303P,D21300,ARB03080_USD,,,,,85.68,,,,,C03078,,,,
2092,,GJ,4/2/2025,,Wedbush_Clearing and Exchange Fees_20250402,,,,12100,303P,D21300,ARB03081_USD,,,,,30.16,,,,,C03078,,,,
2093,,GJ,4/2/2025,,Wedbush_Clearing and Exchange Fees_20250402,,,,12100,303P,D21030,ARB03084_USD,,,,,13.9,,,,,C03084,,,,
2094,,GJ,4/2/2025,,Wedbush_Clearing and Exchange Fees_20250402,,,,12100,303P,D21300,ARB03088_USD,,,,,7.28,,,,,C03088,,,,
2095,,GJ,4/2/2025,,Wedbush_Clearing and Exchange Fees_20250402,,,,12100,303P,D21300,ARB03089_USD,,,,,2.88,,,,,C03089,,,,
2096,,GJ,4/2/2025,,Wedbush_Clearing and Exchange Fees_20250402,,,,12100,303P,D21300,ARB03092_USD,,,,,21.6,,,,,C03092,,,,
2097,,GJ,4/2/2025,,Wedbush_Clearing and Exchange Fees_20250402,,,,12100,303P,D21300,ARB03093_USD,,,,,2.8,,,,,C03093,,,,
2098,,GJ,4/2/2025,,Wedbush_Clearing and Exchange Fees_20250402,,,,12100,303P,D21300,ARB03094_USD,,,,,7.199999999999999,,,,,C03094,,,,
2099,,GJ,4/2/2025,,Wedbush_Clearing and Exchange Fees_20250402,,,,12100,303P,D21300,ARB03095_USD,,,,,13.52,,,,,C03095,,,,
2100,,GJ,4/2/2025,,Wedbush_Clearing and Exchange Fees_20250402,,,,12100,303P,D21300,ARB03096_USD,,,,,0.08,,,,,C03096,,,,
2101,,GJ,4/2/2025,,Wedbush_Clearing and Exchange Fees_20250402,,,,12100,303P,D23080,ARB03102_USD,,,,,140.0,,,,,C03102,,,,
2102,,GJ,4/2/2025,,Wedbush_Clearing and Exchange Fees_20250402,,,,12100,303P,D23300,ARB03103_USD,,,,,392.8,,,,,CX3103,,,,
2103,,GJ,4/2/2025,,Wedbush_Clearing and Exchange Fees_20250402,,,,12100,303P,D23300,ARB03104_USD,,,,,348.74,,,,,C03104,,,,
2104,,GJ,4/2/2025,,Wedbush_Clearing and Exchange Fees_20250402,,,,12100,303P,D23300,ARB03105_USD,,,,,423.37,,,,,C00310,,,,
2105,,GJ,4/2/2025,,Wedbush_Clearing and Exchange Fees_20250402,,,,12100,303P,D23300,ARB03106_USD,,,,,338.44,,,,,C00310,,,,
2106,,GJ,4/2/2025,,Wedbush_Clearing and Exchange Fees_20250402,,,,12100,303P,D23300,ARB03107_USD,,,,,738.3199999999999,,,,,C03107,,,,
2107,,GJ,4/2/2025,,Wedbush_Clearing and Exchange Fees_20250402,,,,12100,303P,D23300,ARB03108_USD,,,,,870.48,,,,,C00311,,,,
2108,,GJ,4/2/2025,,Wedbush_Clearing and Exchange Fees_20250402,,,,12100,303P,D23300,ARB03109_USD,,,,,123.08000000000001,,,,,C00311,,,,
2109,,GJ,4/2/2025,,Wedbush_Clearing and Exchange Fees_20250402,,,,12100,303P,D23300,ARB03110_USD,,,,,60.2,,,,,C00311,,,,
2110,,GJ,4/2/2025,,Wedbush_Clearing and Exchange Fees_20250402,,,,12100,303P,D23300,ARB03111_USD,,,,,72.8,,,,,C00311,,,,
2111,,GJ,4/2/2025,,Wedbush_Clearing and Exchange Fees_20250402,,,,12100,303P,D23300,ARB03112_USD,,,,,23.0,,,,,C00310,,,,
2112,,GJ,4/2/2025,,Wedbush_Clearing and Exchange Fees_20250402,,,,12100,303P,D23300,ARB03113_USD,,,,,137.60999999999999,,,,,C03113,,,,
2113,,GJ,4/2/2025,,Wedbush_Clearing and Exchange Fees_20250402,,,,12100,303P,D23300,ARB03115_USD,,,,,11.2,,,,,CX3115,,,,
2114,,GJ,4/2/2025,,Wedbush_Clearing and Exchange Fees_20250402,,,,12100,303P,D23020,ARB03116_USD,,,,,1.68,,,,,C02129,,,,
2115,,GJ,4/2/2025,,Wedbush_Clearing and Exchange Fees_20250402,,,,12100,303P,D23300,ARB03125_USD,,,,,24.48,,,,,CX3125,,,,
2116,,GJ,4/2/2025,,Wedbush_Clearing and Exchange Fees_20250402,,,,12100,303P,D23300,ARB03128_USD,,,,,490.8,,,,,C03126,,,,
2117,,GJ,4/2/2025,,Wedbush_Clearing and Exchange Fees_20250402,,,,12100,303P,D23300,ARB03130_USD,,,,,115.0,,,,,C03130,,,,
2118,,GJ,4/2/2025,,Wedbush_Clearing and Exchange Fees_20250402,,,,12100,303P,D23300,ARB03131_USD,,,,,1233.76,,,,,C03131,,,,
2119,,GJ,4/2/2025,,Wedbush_Clearing and Exchange Fees_20250402,,,,12100,303P,D23300,ARB03133_USD,,,,,727.44,,,,,C03133,,,,
2120,,GJ,4/2/2025,,Wedbush_Clearing and Exchange Fees_20250402,,,,12100,303P,D23300,ARB03134_USD,,,,,43.96,,,,,C03134,,,,
2121,,GJ,4/2/2025,,Wedbush_Clearing and Exchange Fees_20250402,,,,12100,303P,D23090,ARB03150_USD,,,,,68.0,,,,,C03150,,,,
2122,,GJ,4/2/2025,,Wedbush_Clearing and Exchange Fees_20250402,,,,12100,,,ARB03152_USD,,,,,20.52,,,,,,,,,
2123,,GJ,4/2/2025,,Wedbush_Clearing and Exchange Fees_20250402,,,,12100,303P,D23090,ARB03154_USD,,,,,79.04,,,,,C03154,,,,
2124,,GJ,4/2/2025,,Wedbush_Clearing and Exchange Fees_20250402,,,,12100,303P,D23100,ARB03156_USD,,,,,199.04000000000002,,,,,C03156,,,,
2125,,GJ,4/2/2025,,Wedbush_Clearing and Exchange Fees_20250402,,,,12100,303P,D23100,ARB03157_USD,,,,,58.32,,,,,C03157,,,,
2126,,GJ,4/2/2025,,Wedbush_Clearing and Exchange Fees_20250402,,,,12100,303P,D23100,ARB03159_USD,,,,,169.12,,,,,C03159,,,,
2127,,GJ,4/2/2025,,Wedbush_Clearing and Exchange Fees_20250402,,,,12100,,,ARB03170_USD,,,,,4.48,,,,,,,,,
2128,,GJ,4/2/2025,,Wedbush_Clearing and Exchange Fees_20250402,,,,12100,303P,D23100,ARB03174_USD,,,,,80.10000000000001,,,,,C03174,,,,
2129,,GJ,4/2/2025,,Wedbush_Clearing and Exchange Fees_20250402,,,,12100,303P,D23100,ARB03175_USD,,,,,190.62,,,,,C03175,,,,
2130,,GJ,4/2/2025,,Wedbush_Clearing and Exchange Fees_20250402,,,,12100,303P,D23100,ARB03176_USD,,,,,151.26000000000002,,,,,C03176,,,,
2131,,GJ,4/2/2025,,Wedbush_Clearing and Exchange Fees_20250402,,,,12100,303P,D23100,ARB03177_USD,,,,,81.52,,,,,C03177,,,,
2132,,GJ,4/2/2025,,Wedbush_Clearing and Exchange Fees_20250402,,,,12100,303P,D23100,ARB03184_USD,,,,,53.96,,,,,C03184,,,,
2133,,GJ,4/2/2025,,Wedbush_Clearing and Exchange Fees_20250402,,,,12100,303P,D23100,ARB03185_USD,,,,,21.28,,,,,C03185,,,,
2134,,GJ,4/2/2025,,Wedbush_Clearing and Exchange Fees_20250402,,,,12100,303P,D23100,ARB03187_USD,,,,,38.76,,,,,C03187,,,,
2135,,GJ,4/2/2025,,Wedbush_Clearing and Exchange Fees_20250402,,,,12100,ATGN,D21300,ARB03329_USD,,,,,3.6,,,,,C03029,,,,
2136,,GJ,4/2/2025,,Wedbush_Clearing and Exchange Fees_20250402,,,,12100,ATGN,D21300,ARB03360_EUR,,,,,0.0,,,,,C03060,,,,
2137,,GJ,4/2/2025,,Wedbush_Clearing and Exchange Fees_20250402,,,,12100,ATGN,D21300,ARB03360_GBP,,,,,2271.92,,,,,C03060,,,,
2138,,GJ,4/2/2025,,Wedbush_Clearing and Exchange Fees_20250402,,,,12100,ATGN,D21300,ARB03362_EUR,,,,,0.0,,,,,C03062,,,,
2139,,GJ,4/2/2025,,Wedbush_Clearing and Exchange Fees_20250402,,,,12100,ATGN,D21300,ARB03362_GBP,,,,,222.88,,,,,C03062,,,,
2140,,GJ,4/2/2025,,Wedbush_Clearing and Exchange Fees_20250402,,,,12100,ATGN,D21300,ARB03362_USD,,,,,44.0,,,,,C03062,,,,
2141,,GJ,4/2/2025,,Wedbush_Clearing and Exchange Fees_20250402,,,,12100,ATGN,D21300,ARB03364_EUR,,,,,0.0,,,,,C03064,,,,
2142,,GJ,4/2/2025,,Wedbush_Clearing and Exchange Fees_20250402,,,,12100,ATGN,D21300,ARB03364_GBP,,,,,28.0,,,,,C03064,,,,
2143,,GJ,4/2/2025,,Wedbush_Clearing and Exchange Fees_20250402,,,,12100,ATGN,D21300,ARB03372_USD,,,,,470.64,,,,,C03072,,,,
2144,,GJ,4/2/2025,,Wedbush_Clearing and Exchange Fees_20250402,,,,12100,ATGN,D21300,ARB03378_USD,,,,,70.4,,,,,C03078,,,,
2145,,GJ,4/2/2025,,Wedbush_Clearing and Exchange Fees_20250402,,,,12100,ATGN,D23300,ARB03400_EUR,,,,,0.0,,,,,C03100,,,,
2146,,GJ,4/2/2025,,Wedbush_Clearing and Exchange Fees_20250402,,,,12100,ATGN,D23300,ARB03400_GBP,,,,,17.18,,,,,C03100,,,,
2147,,GJ,4/2/2025,,Wedbush_Clearing and Exchange Fees_20250402,,,,12100,ATGN,D23300,ARB03400_USD,,,,,398.99999999999994,,,,,C03100,,,,
2148,,GJ,4/2/2025,,Wedbush_Clearing and Exchange Fees_20250402,,,,12100,ATGN,D23080,ARB03402_EUR,,,,,0.0,,,,,C03102,,,,
2149,,GJ,4/2/2025,,Wedbush_Clearing and Exchange Fees_20250402,,,,12100,ATGN,D23080,ARB03402_GBP,,,,,19.509999999999998,,,,,C03102,,,,
2150,,GJ,4/2/2025,,Wedbush_Clearing and Exchange Fees_20250402,,,,12100,ATGN,D23080,ARB03402_USD,,,,,4008.9,,,,,C03102,,,,
2151,,GJ,4/2/2025,,Wedbush_Clearing and Exchange Fees_20250402,,,,12100,ATGN,D23300,ARB03403_CAD,,,,,0.0,,,,,CX3103,,,,
2152,,GJ,4/2/2025,,Wedbush_Clearing and Exchange Fees_20250402,,,,12100,ATGN,D23300,ARB03403_EUR,,,,,0.0,,,,,CX3103,,,,
2153,,GJ,4/2/2025,,Wedbush_Clearing and Exchange Fees_20250402,,,,12100,ATGN,D23300,ARB03403_GBP,,,,,7.9,,,,,CX3103,,,,
2154,,GJ,4/2/2025,,Wedbush_Clearing and Exchange Fees_20250402,,,,12100,ATGN,D23300,ARB03403_USD,,,,,187.6,,,,,CX3103,,,,
2155,,GJ,4/2/2025,,Wedbush_Clearing and Exchange Fees_20250402,,,,12100,ATGN,D23300,ARB03404_CAD,,,,,0.0,,,,,C03104,,,,
2156,,GJ,4/2/2025,,Wedbush_Clearing and Exchange Fees_20250402,,,,12100,ATGN,D23300,ARB03404_EUR,,,,,0.0,,,,,C03104,,,,
2157,,GJ,4/2/2025,,Wedbush_Clearing and Exchange Fees_20250402,,,,12100,ATGN,D23300,ARB03404_GBP,,,,,11.0,,,,,C03104,,,,
2158,,GJ,4/2/2025,,Wedbush_Clearing and Exchange Fees_20250402,,,,12100,ATGN,D23300,ARB03404_USD,,,,,637.12,,,,,C03104,,,,
2159,,GJ,4/2/2025,,Wedbush_Clearing and Exchange Fees_20250402,,,,12100,ATGN,D23300,ARB03405_CAD,,,,,0.0,,,,,C00310,,,,
2160,,GJ,4/2/2025,,Wedbush_Clearing and Exchange Fees_20250402,,,,12100,ATGN,D23300,ARB03405_EUR,,,,,0.0,,,,,C00310,,,,
2161,,GJ,4/2/2025,,Wedbush_Clearing and Exchange Fees_20250402,,,,12100,ATGN,D23300,ARB03405_GBP,,,,,32.39,,,,,C00310,,,,
2162,,GJ,4/2/2025,,Wedbush_Clearing and Exchange Fees_20250402,,,,12100,ATGN,D23300,ARB03405_USD,,,,,281.96,,,,,C00310,,,,
2163,,GJ,4/2/2025,,Wedbush_Clearing and Exchange Fees_20250402,,,,12100,ATGN,D23300,ARB03406_EUR,,,,,0.0,,,,,C00310,,,,
2164,,GJ,4/2/2025,,Wedbush_Clearing and Exchange Fees_20250402,,,,12100,ATGN,D23300,ARB03406_GBP,,,,,44.24,,,,,C00310,,,,
2165,,GJ,4/2/2025,,Wedbush_Clearing and Exchange Fees_20250402,,,,12100,ATGN,D23300,ARB03406_USD,,,,,842.78,,,,,C00310,,,,
2166,,GJ,4/2/2025,,Wedbush_Clearing and Exchange Fees_20250402,,,,12100,ATGN,D23300,ARB03407_CAD,,,,,0.0,,,,,C03107,,,,
2167,,GJ,4/2/2025,,Wedbush_Clearing and Exchange Fees_20250402,,,,12100,ATGN,D23300,ARB03407_USD,,,,,265.6,,,,,C03107,,,,
2168,,GJ,4/2/2025,,Wedbush_Clearing and Exchange Fees_20250402,,,,12100,ATGN,D23300,ARB03408_EUR,,,,,0.0,,,,,C00311,,,,
2169,,GJ,4/2/2025,,Wedbush_Clearing and Exchange Fees_20250402,,,,12100,ATGN,D23300,ARB03408_GBP,,,,,119.28999999999999,,,,,C00311,,,,
2170,,GJ,4/2/2025,,Wedbush_Clearing and Exchange Fees_20250402,,,,12100,ATGN,D23300,ARB03408_USD,,,,,1214.3200000000002,,,,,C00311,,,,
2171,,GJ,4/2/2025,,Wedbush_Clearing and Exchange Fees_20250402,,,,12100,ATGN,D23300,ARB03409_EUR,,,,,0.0,,,,,C00311,,,,
2172,,GJ,4/2/2025,,Wedbush_Clearing and Exchange Fees_20250402,,,,12100,ATGN,D23300,ARB03409_GBP,,,,,155.28,,,,,C00311,,,,
2173,,GJ,4/2/2025,,Wedbush_Clearing and Exchange Fees_20250402,,,,12100,ATGN,D23300,ARB03409_USD,,,,,9103.5,,,,,C00311,,,,
2174,,GJ,4/2/2025,,Wedbush_Clearing and Exchange Fees_20250402,,,,12100,ATGN,D23300,ARB03411_EUR,,,,,0.0,,,,,C00311,,,,
2175,,GJ,4/2/2025,,Wedbush_Clearing and Exchange Fees_20250402,,,,12100,ATGN,D23300,ARB03411_GBP,,,,,37.92,,,,,C00311,,,,
2176,,GJ,4/2/2025,,Wedbush_Clearing and Exchange Fees_20250402,,,,12100,ATGN,D23300,ARB03411_USD,,,,,344.4,,,,,C00311,,,,
2177,,GJ,4/2/2025,,Wedbush_Clearing and Exchange Fees_20250402,,,,12100,ATGN,D23300,ARB03412_USD,,,,,361.2,,,,,C00310,,,,
2178,,GJ,4/2/2025,,Wedbush_Clearing and Exchange Fees_20250402,,,,12100,ATGN,D23300,ARB03413_EUR,,,,,0.0,,,,,C03113,,,,
2179,,GJ,4/2/2025,,Wedbush_Clearing and Exchange Fees_20250402,,,,12100,ATGN,D23300,ARB03413_GBP,,,,,145.6,,,,,C03113,,,,
2180,,GJ,4/2/2025,,Wedbush_Clearing and Exchange Fees_20250402,,,,12100,ATGN,D23300,ARB03413_USD,,,,,304.1,,,,,C03113,,,,
2181,,GJ,4/2/2025,,Wedbush_Clearing and Exchange Fees_20250402,,,,12100,ATGN,D23300,ARB03433_USD,,,,,476.08000000000004,,,,,C03133,,,,
2182,,GJ,4/2/2025,,Wedbush_Clearing and Exchange Fees_20250402,,,,12100,ATGN,D23300,ARB03434_USD,,,,,26.4,,,,,C03134,,,,
2183,,GJ,4/2/2025,,Wedbush_Clearing and Exchange Fees_20250402,,,,12100,ATGN,D23300,ARB03438_USD,,,,,407.4,,,,,C03138,,,,
2184,,GJ,4/2/2025,,Wedbush_Clearing and Exchange Fees_20250402,,,,12100,ATGN,D23300,ARB03439_EUR,,,,,0.0,,,,,C00311,,,,
2185,,GJ,4/2/2025,,Wedbush_Clearing and Exchange Fees_20250402,,,,12100,ATGN,D23300,ARB03439_GBP,,,,,36.34,,,,,C00311,,,,
2186,,GJ,4/2/2025,,Wedbush_Clearing and Exchange Fees_20250402,,,,12100,ATGN,D23300,ARB03439_USD,,,,,84.0,,,,,C00311,,,,
2187,,GJ,4/2/2025,,Wedbush_Clearing and Exchange Fees_20250402,,,,12100,ATGN,D23090,ARB03450_EUR,,,,,0.0,,,,,C03150,,,,
2188,,GJ,4/2/2025,,Wedbush_Clearing and Exchange Fees_20250402,,,,12100,ATGN,D23090,ARB03450_GBP,,,,,16.240000000000002,,,,,C03150,,,,
2189,,GJ,4/2/2025,,Wedbush_Clearing and Exchange Fees_20250402,,,,12100,,,ARB03452_EUR,,,,,0.0,,,,,,,,,
2190,,GJ,4/2/2025,,Wedbush_Clearing and Exchange Fees_20250402,,,,12100,,,ARB03452_GBP,,,,,56.0,,,,,,,,,
2191,,GJ,4/2/2025,,Wedbush_Clearing and Exchange Fees_20250402,,,,12100,,,ARB03452_USD,,,,,9.319999999999999,,,,,,,,,
2192,,GJ,4/2/2025,,Wedbush_Clearing and Exchange Fees_20250402,,,,12100,ATGN,D23090,ARB03454_CHF,,,,,0.0,,,,,C03154,,,,
2193,,GJ,4/2/2025,,Wedbush_Clearing and Exchange Fees_20250402,,,,12100,ATGN,D23090,ARB03454_EUR,,,,,28.799999999999997,,,,,C03154,,,,
2194,,GJ,4/2/2025,,Wedbush_Clearing and Exchange Fees_20250402,,,,12100,ATGN,D23090,ARB03454_GBP,,,,,31.36,,,,,C03154,,,,
2195,,GJ,4/2/2025,,Wedbush_Clearing and Exchange Fees_20250402,,,,12100,ATGN,D23090,ARB03454_USD,,,,,13.98,,,,,C03154,,,,
2196,,GJ,4/2/2025,,Wedbush_Clearing and Exchange Fees_20250402,,,,12100,ATGN,D23100,ARB03456_EUR,,,,,0.0,,,,,C03156,,,,
2197,,GJ,4/2/2025,,Wedbush_Clearing and Exchange Fees_20250402,,,,12100,ATGN,D23100,ARB03456_GBP,,,,,1.12,,,,,C03156,,,,
2198,,GJ,4/2/2025,,Wedbush_Clearing and Exchange Fees_20250402,,,,12100,ATGN,D23100,ARB03456_USD,,,,,9.319999999999999,,,,,C03156,,,,
2199,,GJ,4/2/2025,,Wedbush_Clearing and Exchange Fees_20250402,,,,12100,ATGN,D23100,ARB03457_CHF,,,,,0.0,,,,,C03157,,,,
2200,,GJ,4/2/2025,,Wedbush_Clearing and Exchange Fees_20250402,,,,12100,ATGN,D23100,ARB03457_EUR,,,,,12.0,,,,,C03157,,,,
2201,,GJ,4/2/2025,,Wedbush_Clearing and Exchange Fees_20250402,,,,12100,ATGN,D23100,ARB03457_GBP,,,,,2.24,,,,,C03157,,,,
2202,,GJ,4/2/2025,,Wedbush_Clearing and Exchange Fees_20250402,,,,12100,ATGN,D23100,ARB03457_USD,,,,,4.659999999999999,,,,,C03157,,,,
2203,,GJ,4/2/2025,,Wedbush_Clearing and Exchange Fees_20250402,,,,12100,ATGN,D23100,ARB03459_CHF,,,,,0.0,,,,,C03159,,,,
2204,,GJ,4/2/2025,,Wedbush_Clearing and Exchange Fees_20250402,,,,12100,ATGN,D23100,ARB03459_EUR,,,,,48.0,,,,,C03159,,,,
2205,,GJ,4/2/2025,,Wedbush_Clearing and Exchange Fees_20250402,,,,12100,ATGN,D23100,ARB03459_GBP,,,,,14.0,,,,,C03159,,,,
2206,,GJ,4/2/2025,,Wedbush_Clearing and Exchange Fees_20250402,,,,12100,ATGN,D23100,ARB03459_USD,,,,,4.659999999999999,,,,,C03159,,,,
2207,,GJ,4/2/2025,,Wedbush_Clearing and Exchange Fees_20250402,,,,12100,ATGN,D23300,ARB03460_EUR,,,,,0.0,,,,,C03160,,,,
2208,,GJ,4/2/2025,,Wedbush_Clearing and Exchange Fees_20250402,,,,12100,ATGN,D23300,ARB03460_GBP,,,,,4.74,,,,,C03160,,,,
2209,,GJ,4/2/2025,,Wedbush_Clearing and Exchange Fees_20250402,,,,12100,ATGN,D23300,ARB03460_USD,,,,,123.9,,,,,C03160,,,,
2210,,GJ,4/2/2025,,Wedbush_Clearing and Exchange Fees_20250402,,,,12100,,,ARB03461_EUR,,,,,0.0,,,,,,,,,
2211,,GJ,4/2/2025,,Wedbush_Clearing and Exchange Fees_20250402,,,,12100,,,ARB03461_GBP,,,,,3.16,,,,,,,,,
2212,,GJ,4/2/2025,,Wedbush_Clearing and Exchange Fees_20250402,,,,12100,,,ARB03462_EUR,,,,,0.0,,,,,,,,,
2213,,GJ,4/2/2025,,Wedbush_Clearing and Exchange Fees_20250402,,,,12100,,,ARB03462_GBP,,,,,34.76,,,,,,,,,
2214,,GJ,4/2/2025,,Wedbush_Clearing and Exchange Fees_20250402,,,,12100,,,ARB03462_USD,,,,,29.4,,,,,,,,,
2215,,GJ,4/2/2025,,Wedbush_Clearing and Exchange Fees_20250402,,,,12100,ATGN,D23300,ARB03463_EUR,,,,,0.0,,,,,C03163,,,,
2216,,GJ,4/2/2025,,Wedbush_Clearing and Exchange Fees_20250402,,,,12100,ATGN,D23300,ARB03463_GBP,,,,,39.5,,,,,C03163,,,,
2217,,GJ,4/2/2025,,Wedbush_Clearing and Exchange Fees_20250402,,,,12100,ATGN,D23300,ARB03463_USD,,,,,550.2,,,,,C03163,,,,
2218,,GJ,4/2/2025,,Wedbush_Clearing and Exchange Fees_20250402,,,,12100,ATGN,D23080,ARB03472_USD,,,,,684.6,,,,,C03172,,,,
2219,,GJ,4/2/2025,,Wedbush_Clearing and Exchange Fees_20250402,,,,12100,ATGN,D23100,ARB03474_EUR,,,,,0.0,,,,,C03174,,,,
2220,,GJ,4/2/2025,,Wedbush_Clearing and Exchange Fees_20250402,,,,12100,ATGN,D23100,ARB03474_GBP,,,,,2.8,,,,,C03174,,,,
2221,,GJ,4/2/2025,,Wedbush_Clearing and Exchange Fees_20250402,,,,12100,ATGN,D23100,ARB03476_EUR,,,,,0.0,,,,,C03176,,,,
2222,,GJ,4/2/2025,,Wedbush_Clearing and Exchange Fees_20250402,,,,12100,ATGN,D23100,ARB03476_GBP,,,,,38.08,,,,,C03176,,,,
2223,,GJ,4/2/2025,,Wedbush_Clearing and Exchange Fees_20250402,,,,12100,ATGN,D23090,ARB03479_USD,,,,,478.8,,,,,C03179,,,,
2224,,GJ,4/2/2025,,Wedbush_Clearing and Exchange Fees_20250402,,,,12100,ATGN,D23090,ARB03481_USD,,,,,1096.2,,,,,C03181,,,,
2225,,GJ,4/2/2025,,Wedbush_Clearing and Exchange Fees_20250402,,,,12100,ATGN,D23100,ARB03484_EUR,,,,,0.0,,,,,C03184,,,,
2226,,GJ,4/2/2025,,Wedbush_Clearing and Exchange Fees_20250402,,,,12100,ATGN,D23100,ARB03484_GBP,,,,,48.160000000000004,,,,,C03184,,,,
2227,,GJ,4/2/2025,,Wedbush_Clearing and Exchange Fees_20250402,,,,12100,ATGN,D23100,ARB03484_USD,,,,,27.96,,,,,C03184,,,,
2228,,GJ,4/2/2025,,Wedbush_Clearing and Exchange Fees_20250402,,,,12100,ATGN,D23100,ARB03485_EUR,,,,,0.0,,,,,C03185,,,,
2229,,GJ,4/2/2025,,Wedbush_Clearing and Exchange Fees_20250402,,,,12100,ATGN,D23100,ARB03485_GBP,,,,,16.24,,,,,C03185,,,,
2230,,GJ,4/2/2025,,Wedbush_Clearing and Exchange Fees_20250402,,,,12100,ATGN,D23100,ARB03485_USD,,,,,2.3299999999999996,,,,,C03185,,,,
2231,,GJ,4/2/2025,,Wedbush_Clearing and Exchange Fees_20250402,,,,12100,ATGN,D23100,ARB03487_EUR,,,,,0.0,,,,,C03187,,,,
2232,,GJ,4/2/2025,,Wedbush_Clearing and Exchange Fees_20250402,,,,12100,ATGN,D23100,ARB03487_GBP,,,,,78.39999999999999,,,,,C03187,,,,
2233,,GJ,4/2/2025,,Wedbush_Clearing and Exchange Fees_20250402,,,,12100,ATGN,D23100,ARB03487_USD,,,,,42.89,,,,,C03187,,,,
2234,,GJ,4/2/2025,,Wedbush_Clearing and Exchange Fees_20250402,,,,12100,ATGN,D23300,ARB03489_EUR,,,,,0.0,,,,,C03160,,,,
2235,,GJ,4/2/2025,,Wedbush_Clearing and Exchange Fees_20250402,,,,12100,ATGN,D23300,ARB03489_GBP,,,,,22.12,,,,,C03160,,,,
2236,,GJ,4/2/2025,,Wedbush_Clearing and Exchange Fees_20250402,,,,12100,ATGN,D23300,ARB03489_USD,,,,,1232.7,,,,,C03160,,,,
2237,,GJ,4/2/2025,,Wedbush_Clearing and Exchange Fees_20250402,,,,12100,,,ARB03490_EUR,,,,,0.0,,,,,,,,,
2238,,GJ,4/2/2025,,Wedbush_Clearing and Exchange Fees_20250402,,,,12100,,,ARB03490_GBP,,,,,69.52,,,,,,,,,
2239,,GJ,4/2/2025,,Wedbush_Clearing and Exchange Fees_20250402,,,,12100,,,ARB03490_USD,,,,,672.0,,,,,,,,,
2240,,GJ,4/2/2025,,Wedbush_Clearing and Exchange Fees_20250402,,,,12100,,,ARB03491_USD,,,,,445.2,,,,,,,,,
2241,,GJ,4/2/2025,,Wedbush_Clearing and Exchange Fees_20250402,,,,12100,ATGN,D23300,ARB03492_USD,,,,,711.9,,,,,C03163,,,,
2242,,GJ,4/2/2025,,Wedbush_Clearing and Exchange Fees_20250402,,,,12100,303P,D21300,ARB04009_USD,,,,,10.120000000000001,,,,,C04009,,,,
2243,,GJ,4/2/2025,,Wedbush_Clearing and Exchange Fees_20250402,,,,12100,303P,D21300,ARB04010_USD,,,,,57.86,,,,,C04009,,,,
2244,,GJ,4/2/2025,,Wedbush_Clearing and Exchange Fees_20250402,,,,12100,303P,D21300,ARB04011_USD,,,,,59.13,,,,,C04009,,,,
2245,,GJ,4/2/2025,,Wedbush_Clearing and Exchange Fees_20250402,,,,12100,303P,D21300,ARB04012_USD,,,,,2.8,,,,,C04009,,,,
2246,,GJ,4/2/2025,,Wedbush_Clearing and Exchange Fees_20250402,,,,12100,303P,D21300,ARB04013_USD,,,,,8.440000000000001,,,,,C04009,,,,
2247,,GJ,4/2/2025,,Wedbush_Clearing and Exchange Fees_20250402,,,,12100,303P,D21300,ARB04014_USD,,,,,27.81,,,,,C04009,,,,
2248,,GJ,4/2/2025,,Wedbush_Clearing and Exchange Fees_20250402,,,,12100,303P,D21300,ARB04015_USD,,,,,48.3,,,,,C04009,,,,
2249,,GJ,4/2/2025,,Wedbush_Clearing and Exchange Fees_20250402,,,,12100,303P,D21300,ARB04020_USD,,,,,1.08,,,,,C04020,,,,
2250,,GJ,4/2/2025,,Wedbush_Clearing and Exchange Fees_20250402,,,,12100,303P,D21030,ARB04021_USD,,,,,18.240000000000002,,,,,C03084,,,,
2251,,GJ,4/2/2025,,Wedbush_Clearing and Exchange Fees_20250402,,,,12100,303P,D21030,ARB04022_USD,,,,,247.21,,,,,C04022,,,,
2252,,GJ,4/2/2025,,Wedbush_Clearing and Exchange Fees_20250402,,,,12100,303P,D21300,ARB04024_USD,,,,,13.94,,,,,C04024,,,,
2253,,GJ,4/2/2025,,Wedbush_Clearing and Exchange Fees_20250402,,,,12100,303P,D21300,ARB04057_USD,,,,,79.2,,,,,C01057,,,,
2254,,GJ,4/2/2025,,Wedbush_Clearing and Exchange Fees_20250402,,,,12100,303P,D21300,ARB05057_EUR,,,,,0.0,,,,,C01057,,,,
2255,,GJ,4/2/2025,,Wedbush_Clearing and Exchange Fees_20250402,,,,12100,303P,D21300,ARB05057_USD,,,,,845.5,,,,,C01057,,,,
2256,,GJ,4/2/2025,,Wedbush_Clearing and Exchange Fees_20250402,,,,12100,ATGN,D21300,ARB05357_EUR,,,,,0.0,,,,,C01057,,,,
2257,,GJ,4/2/2025,,Wedbush_Clearing and Exchange Fees_20250402,,,,12100,ATGN,D21300,ARB05357_GBP,,,,,11462.64,,,,,C01057,,,,
2258,,GJ,4/2/2025,,Wedbush_Clearing and Exchange Fees_20250402,,,,12100,303P,D21300,ARB06057_USD,,,,,1151.92,,,,,C01057,,,,
2259,,GJ,4/2/2025,,Wedbush_Clearing and Exchange Fees_20250402,,,,12100,ATGN,D21300,ARB06357_USD,,,,,1056.33,,,,,C01057,,,,
2260,,GJ,4/2/2025,,Wedbush_Clearing and Exchange Fees_20250402,,,,50120,303P,D24300,ARB00020_USD,,,,108.56,,,,,,C00020,,,,
2261,,GJ,4/2/2025,,Wedbush_Clearing and Exchange Fees_20250402,,,,50120,303P,D24300,ARB00022_USD,,,,98.78,,,,,,C00022,,,,
2262,,GJ,4/2/2025,,Wedbush_Clearing and Exchange Fees_20250402,,,,50120,303P,D24300,ARB00023_USD,,,,4.0,,,,,,C00023,,,,
2263,,GJ,4/2/2025,,Wedbush_Clearing and Exchange Fees_20250402,,,,50120,303P,D21300,ARB00033_USD,,,,690.12,,,,,,C00033,,,,
2264,,GJ,4/2/2025,,Wedbush_Clearing and Exchange Fees_20250402,,,,50120,303P,D21300,ARB00054_USD,,,,570.6,,,,,,C00054,,,,
2265,,GJ,4/2/2025,,Wedbush_Clearing and Exchange Fees_20250402,,,,50120,303P,D21300,ARB00055_USD,,,,20.0,,,,,,C00054,,,,
2266,,GJ,4/2/2025,,Wedbush_Clearing and Exchange Fees_20250402,,,,50120,303P,D21300,ARB00068_USD,,,,943.28,,,,,,C03068,,,,
2267,,GJ,4/2/2025,,Wedbush_Clearing and Exchange Fees_20250402,,,,50120,303P,D21300,ARB00090_USD,,,,128.04,,,,,,C00090,,,,
2268,,GJ,4/2/2025,,Wedbush_Clearing and Exchange Fees_20250402,,,,50120,303P,D23300,ARB00110_USD,,,,39.44,,,,,,C00110,,,,
2269,,GJ,4/2/2025,,Wedbush_Clearing and Exchange Fees_20250402,,,,50120,303P,D23300,ARB00112_USD,,,,84.36,,,,,,C00112,,,,
2270,,GJ,4/2/2025,,Wedbush_Clearing and Exchange Fees_20250402,,,,50120,303P,D23300,ARB00113_USD,,,,134.36,,,,,,C00112,,,,
2271,,GJ,4/2/2025,,Wedbush_Clearing and Exchange Fees_20250402,,,,50120,303P,D23300,ARB00122_USD,,,,0.08,,,,,,C00122,,,,
2272,,GJ,4/2/2025,,Wedbush_Clearing and Exchange Fees_20250402,,,,50120,303P,D23080,ARB00123_USD,,,,210.5,,,,,,C01231,,,,
2273,,GJ,4/2/2025,,Wedbush_Clearing and Exchange Fees_20250402,,,,50120,303P,D23020,ARB00124_USD,,,,39.72,,,,,,C00124,,,,
2274,,GJ,4/2/2025,,Wedbush_Clearing and Exchange Fees_20250402,,,,50120,303P,D23020,ARB00126_USD,,,,9.52,,,,,,C00426,,,,
2275,,GJ,4/2/2025,,Wedbush_Clearing and Exchange Fees_20250402,,,,50120,303P,D23300,ARB00132_USD,,,,57.6,,,,,,C00132,,,,
2276,,GJ,4/2/2025,,Wedbush_Clearing and Exchange Fees_20250402,,,,50120,303P,D23300,ARB00135_USD,,,,85.68,,,,,,C00135,,,,
2277,,GJ,4/2/2025,,Wedbush_Clearing and Exchange Fees_20250402,,,,50120,303P,D23080,ARB00141_USD,,,,163.46,,,,,,C02116,,,,
2278,,GJ,4/2/2025,,Wedbush_Clearing and Exchange Fees_20250402,,,,50120,303P,D23020,ARB00143_USD,,,,11.2,,,,,,C00125,,,,
2279,,GJ,4/2/2025,,Wedbush_Clearing and Exchange Fees_20250402,,,,50120,303P,D23020,ARB00146_USD,,,,23.44,,,,,,C00146,,,,
2280,,GJ,4/2/2025,,Wedbush_Clearing and Exchange Fees_20250402,,,,50120,303P,D23300,ARB00149_USD,,,,67.19999999999999,,,,,,C00149,,,,
2281,,GJ,4/2/2025,,Wedbush_Clearing and Exchange Fees_20250402,,,,50120,303P,D23300,ARB00156_USD,,,,333.35999999999996,,,,,,C00156,,,,
2282,,GJ,4/2/2025,,Wedbush_Clearing and Exchange Fees_20250402,,,,50120,303P,D23300,ARB00159_USD,,,,22.8,,,,,,C00159,,,,
2283,,GJ,4/2/2025,,Wedbush_Clearing and Exchange Fees_20250402,,,,50120,303P,D23010,ARB00160_USD,,,,41.519999999999996,,,,,,C00160,,,,
2284,,GJ,4/2/2025,,Wedbush_Clearing and Exchange Fees_20250402,,,,50120,303P,D23010,ARB00169_USD,,,,65.53,,,,,,C00469,,,,
2285,,GJ,4/2/2025,,Wedbush_Clearing and Exchange Fees_20250402,,,,50120,303P,D23060,ARB00186_USD,,,,105.5,,,,,,C00186,,,,
2286,,GJ,4/2/2025,,Wedbush_Clearing and Exchange Fees_20250402,,,,50120,303P,D23060,ARB00188_USD,,,,30.32,,,,,,C00186,,,,
2287,,GJ,4/2/2025,,Wedbush_Clearing and Exchange Fees_20250402,,,,50120,303P,D23300,ARB00193_USD,,,,344.71999999999997,,,,,,C00193,,,,
2288,,GJ,4/2/2025,,Wedbush_Clearing and Exchange Fees_20250402,,,,50120,303P,D23300,ARB00194_USD,,,,665.5,,,,,,C00194,,,,
2289,,GJ,4/2/2025,,Wedbush_Clearing and Exchange Fees_20250402,,,,50120,303P,D22000,ARB00201_USD,,,,50.419999999999995,,,,,,C00201,,,,
2290,,GJ,4/2/2025,,Wedbush_Clearing and Exchange Fees_20250402,,,,50120,303P,D22000,ARB00214_USD,,,,42.0,,,,,,C00214,,,,
2291,,GJ,4/2/2025,,Wedbush_Clearing and Exchange Fees_20250402,,,,50120,303P,D22000,ARB00220_USD,,,,305.2,,,,,,C00220,,,,
2292,,GJ,4/2/2025,,Wedbush_Clearing and Exchange Fees_20250402,,,,50120,303P,D22000,ARB00257_USD,,,,530.6,,,,,,C00257,,,,
2293,,GJ,4/2/2025,,Wedbush_Clearing and Exchange Fees_20250402,,,,50120,303P,D22000,ARB00267_USD,,,,144.1,,,,,,C00267,,,,
2294,,GJ,4/2/2025,,Wedbush_Clearing and Exchange Fees_20250402,,,,50120,ATGN,D24300,ARB00320_EUR,,,,0.0,,,,,,C00020,,,,
2295,,GJ,4/2/2025,,Wedbush_Clearing and Exchange Fees_20250402,,,,50120,ATGN,D24300,ARB00320_GBP,,,,578.48,,,,,,C00020,,,,
2296,,GJ,4/2/2025,,Wedbush_Clearing and Exchange Fees_20250402,,,,50120,ATGN,D21300,ARB00333_EUR,,,,0.0,,,,,,C00033,,,,
2297,,GJ,4/2/2025,,Wedbush_Clearing and Exchange Fees_20250402,,,,50120,ATGN,D21300,ARB00333_GBP,,,,146.72,,,,,,C00033,,,,
2298,,GJ,4/2/2025,,Wedbush_Clearing and Exchange Fees_20250402,,,,50120,ATGN,D21300,ARB00354_USD,,,,512.59,,,,,,C00054,,,,
2299,,GJ,4/2/2025,,Wedbush_Clearing and Exchange Fees_20250402,,,,50120,ATGN,D21300,ARB00355_EUR,,,,0.0,,,,,,C00054,,,,
2300,,GJ,4/2/2025,,Wedbush_Clearing and Exchange Fees_20250402,,,,50120,ATGN,D21300,ARB00355_GBP,,,,3.36,,,,,,C00054,,,,
2301,,GJ,4/2/2025,,Wedbush_Clearing and Exchange Fees_20250402,,,,50120,ATGN,D21300,ARB00390_CAD,,,,0.0,,,,,,C00090,,,,
2302,,GJ,4/2/2025,,Wedbush_Clearing and Exchange Fees_20250402,,,,50120,ATGN,D21300,ARB00390_USD,,,,51.0,,,,,,C00090,,,,
2303,,GJ,4/2/2025,,Wedbush_Clearing and Exchange Fees_20250402,,,,50120,ATGN,D23300,ARB00412_CHF,,,,0.0,,,,,,C00112,,,,
2304,,GJ,4/2/2025,,Wedbush_Clearing and Exchange Fees_20250402,,,,50120,ATGN,D23300,ARB00412_EUR,,,,287.4,,,,,,C00112,,,,
2305,,GJ,4/2/2025,,Wedbush_Clearing and Exchange Fees_20250402,,,,50120,ATGN,D23300,ARB00412_GBP,,,,219.51999999999998,,,,,,C00112,,,,
2306,,GJ,4/2/2025,,Wedbush_Clearing and Exchange Fees_20250402,,,,50120,ATGN,D23300,ARB00412_USD,,,,11.66,,,,,,C00112,,,,
2307,,GJ,4/2/2025,,Wedbush_Clearing and Exchange Fees_20250402,,,,50120,ATGN,D23300,ARB00422_EUR,,,,0.0,,,,,,C00122,,,,
2308,,GJ,4/2/2025,,Wedbush_Clearing and Exchange Fees_20250402,,,,50120,ATGN,D23300,ARB00422_GBP,,,,23.41,,,,,,C00122,,,,
2309,,GJ,4/2/2025,,Wedbush_Clearing and Exchange Fees_20250402,,,,50120,ATGN,D23300,ARB00422_USD,,,,1029.0,,,,,,C00122,,,,
2310,,GJ,4/2/2025,,Wedbush_Clearing and Exchange Fees_20250402,,,,50120,ATGN,D23080,ARB00423_EUR,,,,0.0,,,,,,C01231,,,,
2311,,GJ,4/2/2025,,Wedbush_Clearing and Exchange Fees_20250402,,,,50120,ATGN,D23080,ARB00423_GBP,,,,18.17,,,,,,C01231,,,,
2312,,GJ,4/2/2025,,Wedbush_Clearing and Exchange Fees_20250402,,,,50120,ATGN,D23080,ARB00423_USD,,,,5802.299999999999,,,,,,C01231,,,,
2313,,GJ,4/2/2025,,Wedbush_Clearing and Exchange Fees_20250402,,,,50120,ATGN,D23020,ARB00424_EUR,,,,0.0,,,,,,C00124,,,,
2314,,GJ,4/2/2025,,Wedbush_Clearing and Exchange Fees_20250402,,,,50120,ATGN,D23020,ARB00424_GBP,,,,210.93,,,,,,C00124,,,,
2315,,GJ,4/2/2025,,Wedbush_Clearing and Exchange Fees_20250402,,,,50120,ATGN,D23020,ARB00424_USD,,,,1116.3,,,,,,C00124,,,,
2316,,GJ,4/2/2025,,Wedbush_Clearing and Exchange Fees_20250402,,,,50120,ATGN,D23020,ARB00425_EUR,,,,0.0,,,,,,C00125,,,,
2317,,GJ,4/2/2025,,Wedbush_Clearing and Exchange Fees_20250402,,,,50120,ATGN,D23020,ARB00425_GBP,,,,101.68,,,,,,C00125,,,,
2318,,GJ,4/2/2025,,Wedbush_Clearing and Exchange Fees_20250402,,,,50120,ATGN,D23020,ARB00425_USD,,,,9447.900000000001,,,,,,C00125,,,,
2319,,GJ,4/2/2025,,Wedbush_Clearing and Exchange Fees_20250402,,,,50120,ATGN,D23020,ARB00426_CAD,,,,0.0,,,,,,C00426,,,,
2320,,GJ,4/2/2025,,Wedbush_Clearing and Exchange Fees_20250402,,,,50120,ATGN,D23020,ARB00426_EUR,,,,0.0,,,,,,C00426,,,,
2321,,GJ,4/2/2025,,Wedbush_Clearing and Exchange Fees_20250402,,,,50120,ATGN,D23020,ARB00426_GBP,,,,44.85,,,,,,C00426,,,,
2322,,GJ,4/2/2025,,Wedbush_Clearing and Exchange Fees_20250402,,,,50120,ATGN,D23020,ARB00426_USD,,,,2801.2,,,,,,C00426,,,,
2323,,GJ,4/2/2025,,Wedbush_Clearing and Exchange Fees_20250402,,,,50120,ATGN,D23300,ARB00432_EUR,,,,0.0,,,,,,C00132,,,,
2324,,GJ,4/2/2025,,Wedbush_Clearing and Exchange Fees_20250402,,,,50120,ATGN,D23300,ARB00432_GBP,,,,71.68,,,,,,C00132,,,,
2325,,GJ,4/2/2025,,Wedbush_Clearing and Exchange Fees_20250402,,,,50120,ATGN,D23300,ARB00435_EUR,,,,0.0,,,,,,C00135,,,,
2326,,GJ,4/2/2025,,Wedbush_Clearing and Exchange Fees_20250402,,,,50120,ATGN,D23300,ARB00435_GBP,,,,3.12,,,,,,C00135,,,,
2327,,GJ,4/2/2025,,Wedbush_Clearing and Exchange Fees_20250402,,,,50120,ATGN,D23300,ARB00435_USD,,,,4233.6,,,,,,C00135,,,,
2328,,GJ,4/2/2025,,Wedbush_Clearing and Exchange Fees_20250402,,,,50120,ATGN,D23080,ARB00441_EUR,,,,0.0,,,,,,C01231,,,,
2329,,GJ,4/2/2025,,Wedbush_Clearing and Exchange Fees_20250402,,,,50120,ATGN,D23080,ARB00441_GBP,,,,9.48,,,,,,C01231,,,,
2330,,GJ,4/2/2025,,Wedbush_Clearing and Exchange Fees_20250402,,,,50120,ATGN,D23080,ARB00441_USD,,,,352.12,,,,,,C01231,,,,
2331,,GJ,4/2/2025,,Wedbush_Clearing and Exchange Fees_20250402,,,,50120,ATGN,D23020,ARB00442_USD,,,,23.1,,,,,,C00124,,,,
2332,,GJ,4/2/2025,,Wedbush_Clearing and Exchange Fees_20250402,,,,50120,ATGN,D23020,ARB00446_EUR,,,,0.0,,,,,,C00146,,,,
2333,,GJ,4/2/2025,,Wedbush_Clearing and Exchange Fees_20250402,,,,50120,ATGN,D23020,ARB00446_GBP,,,,28.12,,,,,,C00146,,,,
2334,,GJ,4/2/2025,,Wedbush_Clearing and Exchange Fees_20250402,,,,50120,ATGN,D23020,ARB00446_USD,,,,2244.9,,,,,,C00146,,,,
2335,,GJ,4/2/2025,,Wedbush_Clearing and Exchange Fees_20250402,,,,50120,ATGN,D23300,ARB00449_EUR,,,,0.0,,,,,,C00149,,,,
2336,,GJ,4/2/2025,,Wedbush_Clearing and Exchange Fees_20250402,,,,50120,ATGN,D23300,ARB00449_GBP,,,,15.6,,,,,,C00149,,,,
2337,,GJ,4/2/2025,,Wedbush_Clearing and Exchange Fees_20250402,,,,50120,ATGN,D23300,ARB00449_USD,,,,243.04,,,,,,C00149,,,,
2338,,GJ,4/2/2025,,Wedbush_Clearing and Exchange Fees_20250402,,,,50120,ATGN,D23300,ARB00456_CHF,,,,0.0,,,,,,C00156,,,,
2339,,GJ,4/2/2025,,Wedbush_Clearing and Exchange Fees_20250402,,,,50120,ATGN,D23300,ARB00456_EUR,,,,33.6,,,,,,C00156,,,,
2340,,GJ,4/2/2025,,Wedbush_Clearing and Exchange Fees_20250402,,,,50120,ATGN,D23300,ARB00456_USD,,,,245.29999999999998,,,,,,C00156,,,,
2341,,GJ,4/2/2025,,Wedbush_Clearing and Exchange Fees_20250402,,,,50120,ATGN,D23010,ARB00460_CAD,,,,0.0,,,,,,C00160,,,,
2342,,GJ,4/2/2025,,Wedbush_Clearing and Exchange Fees_20250402,,,,50120,ATGN,D23010,ARB00460_USD,,,,35.7,,,,,,C00160,,,,
2343,,GJ,4/2/2025,,Wedbush_Clearing and Exchange Fees_20250402,,,,50120,ATGN,D23010,ARB00469_EUR,,,,0.0,,,,,,C00469,,,,
2344,,GJ,4/2/2025,,Wedbush_Clearing and Exchange Fees_20250402,,,,50120,ATGN,D23010,ARB00469_GBP,,,,141.55,,,,,,C00469,,,,
2345,,GJ,4/2/2025,,Wedbush_Clearing and Exchange Fees_20250402,,,,50120,ATGN,D23010,ARB00469_USD,,,,5520.9,,,,,,C00469,,,,
2346,,GJ,4/2/2025,,Wedbush_Clearing and Exchange Fees_20250402,,,,50120,ATGN,D23060,ARB00486_EUR,,,,0.0,,,,,,C00186,,,,
2347,,GJ,4/2/2025,,Wedbush_Clearing and Exchange Fees_20250402,,,,50120,ATGN,D23060,ARB00486_GBP,,,,12.48,,,,,,C00186,,,,
2348,,GJ,4/2/2025,,Wedbush_Clearing and Exchange Fees_20250402,,,,50120,ATGN,D23060,ARB00486_USD,,,,121.80000000000001,,,,,,C00186,,,,
2349,,GJ,4/2/2025,,Wedbush_Clearing and Exchange Fees_20250402,,,,50120,ATGN,D23060,ARB00488_USD,,,,8.4,,,,,,C00186,,,,
2350,,GJ,4/2/2025,,Wedbush_Clearing and Exchange Fees_20250402,,,,50120,ATGN,D23300,ARB00493_CAD,,,,0.0,,,,,,C00193,,,,
2351,,GJ,4/2/2025,,Wedbush_Clearing and Exchange Fees_20250402,,,,50120,ATGN,D23300,ARB00493_EUR,,,,0.0,,,,,,C00193,,,,
2352,,GJ,4/2/2025,,Wedbush_Clearing and Exchange Fees_20250402,,,,50120,ATGN,D23300,ARB00493_GBP,,,,3.16,,,,,,C00193,,,,
2353,,GJ,4/2/2025,,Wedbush_Clearing and Exchange Fees_20250402,,,,50120,ATGN,D23300,ARB00493_USD,,,,405.09999999999997,,,,,,C00193,,,,
2354,,GJ,4/2/2025,,Wedbush_Clearing and Exchange Fees_20250402,,,,50120,ATGN,D23300,ARB00494_CAD,,,,0.0,,,,,,C00194,,,,
2355,,GJ,4/2/2025,,Wedbush_Clearing and Exchange Fees_20250402,,,,50120,ATGN,D23300,ARB00494_EUR,,,,0.0,,,,,,C00194,,,,
2356,,GJ,4/2/2025,,Wedbush_Clearing and Exchange Fees_20250402,,,,50120,ATGN,D23300,ARB00494_GBP,,,,33.910000000000004,,,,,,C00194,,,,
2357,,GJ,4/2/2025,,Wedbush_Clearing and Exchange Fees_20250402,,,,50120,ATGN,D23300,ARB00494_USD,,,,734.1,,,,,,C00194,,,,
2358,,GJ,4/2/2025,,Wedbush_Clearing and Exchange Fees_20250402,,,,50120,ATGN,D22000,ARB00501_EUR,,,,0.0,,,,,,C00201,,,,
2359,,GJ,4/2/2025,,Wedbush_Clearing and Exchange Fees_20250402,,,,50120,ATGN,D22000,ARB00501_GBP,,,,13.44,,,,,,C00201,,,,
2360,,GJ,4/2/2025,,Wedbush_Clearing and Exchange Fees_20250402,,,,50120,ATGN,D22000,ARB00503_EUR,,,,0.0,,,,,,C00203,,,,
2361,,GJ,4/2/2025,,Wedbush_Clearing and Exchange Fees_20250402,,,,50120,ATGN,D22000,ARB00503_GBP,,,,14.04,,,,,,C00203,,,,
2362,,GJ,4/2/2025,,Wedbush_Clearing and Exchange Fees_20250402,,,,50120,ATGN,D22000,ARB00503_USD,,,,84.0,,,,,,C00203,,,,
2363,,GJ,4/2/2025,,Wedbush_Clearing and Exchange Fees_20250402,,,,50120,ATGN,D22000,ARB00520_CAD,,,,0.0,,,,,,C00220,,,,
2364,,GJ,4/2/2025,,Wedbush_Clearing and Exchange Fees_20250402,,,,50120,ATGN,D22000,ARB00520_USD,,,,95.2,,,,,,C00220,,,,
2365,,GJ,4/2/2025,,Wedbush_Clearing and Exchange Fees_20250402,,,,50120,ATGN,D22000,ARB00567_EUR,,,,0.0,,,,,,C00267,,,,
2366,,GJ,4/2/2025,,Wedbush_Clearing and Exchange Fees_20250402,,,,50120,ATGN,D22000,ARB00567_GBP,,,,39.42,,,,,,C00267,,,,
2367,,GJ,4/2/2025,,Wedbush_Clearing and Exchange Fees_20250402,,,,50120,ATGN,D22000,ARB00567_USD,,,,126.8,,,,,,C00267,,,,
2368,,GJ,4/2/2025,,Wedbush_Clearing and Exchange Fees_20250402,,,,50120,303S,D21300,ARB00754_USD,,,,333.08,,,,,,C00754,,,,
2369,,GJ,4/2/2025,,Wedbush_Clearing and Exchange Fees_20250402,,,,50120,303S,D21030,ARB00765_USD,,,,10.6,,,,,,C00765,,,,
2370,,GJ,4/2/2025,,Wedbush_Clearing and Exchange Fees_20250402,,,,50120,303P,D21030,ARB01002_USD,,,,39.84,,,,,,C01064,,,,
2371,,GJ,4/2/2025,,Wedbush_Clearing and Exchange Fees_20250402,,,,50120,303P,D21300,ARB01057_MXN,,,,0.0,,,,,,C01057,,,,
2372,,GJ,4/2/2025,,Wedbush_Clearing and Exchange Fees_20250402,,,,50120,303P,D21300,ARB01057_USD,,,,2033.1,,,,,,C01057,,,,
2373,,GJ,4/2/2025,,Wedbush_Clearing and Exchange Fees_20250402,,,,50120,303P,D21030,ARB01063_USD,,,,441.56,,,,,,C01063,,,,
2374,,GJ,4/2/2025,,Wedbush_Clearing and Exchange Fees_20250402,,,,50120,303P,D21030,ARB01064_USD,,,,101.77000000000001,,,,,,C01064,,,,
2375,,GJ,4/2/2025,,Wedbush_Clearing and Exchange Fees_20250402,,,,50120,303P,D21030,ARB01065_USD,,,,33.6,,,,,,C01065,,,,
2376,,GJ,4/2/2025,,Wedbush_Clearing and Exchange Fees_20250402,,,,50120,303P,D21030,ARB01066_USD,,,,25.2,,,,,,C01066,,,,
2377,,GJ,4/2/2025,,Wedbush_Clearing and Exchange Fees_20250402,,,,50120,303P,D21030,ARB01071_USD,,,,89.60000000000001,,,,,,C01071,,,,
2378,,GJ,4/2/2025,,Wedbush_Clearing and Exchange Fees_20250402,,,,50120,303P,D21030,ARB01076_USD,,,,235.54,,,,,,C01076,,,,
2379,,GJ,4/2/2025,,Wedbush_Clearing and Exchange Fees_20250402,,,,50120,303P,D21030,ARB01078_USD,,,,336.28,,,,,,C01078,,,,
2380,,GJ,4/2/2025,,Wedbush_Clearing and Exchange Fees_20250402,,,,50120,303P,D21030,ARB01092_USD,,,,601.76,,,,,,C01092,,,,
2381,,GJ,4/2/2025,,Wedbush_Clearing and Exchange Fees_20250402,,,,50120,303P,D21030,ARB01093_USD,,,,605.92,,,,,,C01093,,,,
2382,,GJ,4/2/2025,,Wedbush_Clearing and Exchange Fees_20250402,,,,50120,303P,D21030,ARB01095_USD,,,,260.92,,,,,,C01095,,,,
2383,,GJ,4/2/2025,,Wedbush_Clearing and Exchange Fees_20250402,,,,50120,303P,D21030,ARB01098_USD,,,,865.8199999999999,,,,,,C01098,,,,
2384,,GJ,4/2/2025,,Wedbush_Clearing and Exchange Fees_20250402,,,,50120,303P,D23300,ARB01145_USD,,,,605.52,,,,,,C01145,,,,
2385,,GJ,4/2/2025,,Wedbush_Clearing and Exchange Fees_20250402,,,,50120,303P,D23010,ARB01157_USD,,,,333.08000000000004,,,,,,C01157,,,,
2386,,GJ,4/2/2025,,Wedbush_Clearing and Exchange Fees_20250402,,,,50120,303P,D23010,ARB01158_USD,,,,985.36,,,,,,C01158,,,,
2387,,GJ,4/2/2025,,Wedbush_Clearing and Exchange Fees_20250402,,,,50120,303P,D23010,ARB01166_USD,,,,57.12,,,,,,C01166,,,,
2388,,GJ,4/2/2025,,Wedbush_Clearing and Exchange Fees_20250402,,,,50120,303P,D23010,ARB01172_USD,,,,85.14,,,,,,C01172,,,,
2389,,GJ,4/2/2025,,Wedbush_Clearing and Exchange Fees_20250402,,,,50120,303P,D23010,ARB01176_USD,,,,171.64,,,,,,C01176,,,,
2390,,GJ,4/2/2025,,Wedbush_Clearing and Exchange Fees_20250402,,,,50120,303P,D23010,ARB01177_USD,,,,495.63999999999993,,,,,,C00469,,,,
2391,,GJ,4/2/2025,,Wedbush_Clearing and Exchange Fees_20250402,,,,50120,303P,D23010,ARB01179_USD,,,,141.12,,,,,,C01479,,,,
2392,,GJ,4/2/2025,,Wedbush_Clearing and Exchange Fees_20250402,,,,50120,303P,D23300,ARB01195_USD,,,,11.219999999999999,,,,,,C00193,,,,
2393,,GJ,4/2/2025,,Wedbush_Clearing and Exchange Fees_20250402,,,,50120,ATGN,D21300,ARB01357_CHF,,,,0.0,,,,,,C01057,,,,
2394,,GJ,4/2/2025,,Wedbush_Clearing and Exchange Fees_20250402,,,,50120,ATGN,D21300,ARB01357_EUR,,,,489.6,,,,,,C01057,,,,
2395,,GJ,4/2/2025,,Wedbush_Clearing and Exchange Fees_20250402,,,,50120,ATGN,D21300,ARB01357_GBP,,,,4522.0,,,,,,C01057,,,,
2396,,GJ,4/2/2025,,Wedbush_Clearing and Exchange Fees_20250402,,,,50120,ATGN,D23020,ARB01400_USD,,,,100.8,,,,,,C00146,,,,
2397,,GJ,4/2/2025,,Wedbush_Clearing and Exchange Fees_20250402,,,,50120,ATGN,D23020,ARB01417_EUR,,,,0.0,,,,,,C01117,,,,
2398,,GJ,4/2/2025,,Wedbush_Clearing and Exchange Fees_20250402,,,,50120,ATGN,D23020,ARB01417_GBP,,,,106.60000000000001,,,,,,C01117,,,,
2399,,GJ,4/2/2025,,Wedbush_Clearing and Exchange Fees_20250402,,,,50120,ATGN,D23020,ARB01417_USD,,,,2081.1000000000004,,,,,,C01117,,,,
2400,,GJ,4/2/2025,,Wedbush_Clearing and Exchange Fees_20250402,,,,50120,ATGN,D23300,ARB01445_CHF,,,,0.0,,,,,,C01145,,,,
2401,,GJ,4/2/2025,,Wedbush_Clearing and Exchange Fees_20250402,,,,50120,ATGN,D23300,ARB01445_EUR,,,,72.0,,,,,,C01145,,,,
2402,,GJ,4/2/2025,,Wedbush_Clearing and Exchange Fees_20250402,,,,50120,ATGN,D23300,ARB01445_GBP,,,,201.6,,,,,,C01145,,,,
2403,,GJ,4/2/2025,,Wedbush_Clearing and Exchange Fees_20250402,,,,50120,ATGN,D23300,ARB01445_USD,,,,64.72,,,,,,C01145,,,,
2404,,GJ,4/2/2025,,Wedbush_Clearing and Exchange Fees_20250402,,,,50120,ATGN,D23010,ARB01457_CAD,,,,0.0,,,,,,C01157,,,,
2405,,GJ,4/2/2025,,Wedbush_Clearing and Exchange Fees_20250402,,,,50120,ATGN,D23010,ARB01457_USD,,,,155.78,,,,,,C01157,,,,
2406,,GJ,4/2/2025,,Wedbush_Clearing and Exchange Fees_20250402,,,,50120,ATGN,D23010,ARB01458_CAD,,,,0.0,,,,,,C01158,,,,
2407,,GJ,4/2/2025,,Wedbush_Clearing and Exchange Fees_20250402,,,,50120,ATGN,D23010,ARB01458_USD,,,,583.29,,,,,,C01158,,,,
2408,,GJ,4/2/2025,,Wedbush_Clearing and Exchange Fees_20250402,,,,50120,ATGN,D23010,ARB01466_USD,,,,8.4,,,,,,C01166,,,,
2409,,GJ,4/2/2025,,Wedbush_Clearing and Exchange Fees_20250402,,,,50120,ATGN,D23010,ARB01476_EUR,,,,0.0,,,,,,C01176,,,,
2410,,GJ,4/2/2025,,Wedbush_Clearing and Exchange Fees_20250402,,,,50120,ATGN,D23010,ARB01476_GBP,,,,11.2,,,,,,C01176,,,,
2411,,GJ,4/2/2025,,Wedbush_Clearing and Exchange Fees_20250402,,,,50120,ATGN,D23010,ARB01476_USD,,,,399.99,,,,,,C01176,,,,
2412,,GJ,4/2/2025,,Wedbush_Clearing and Exchange Fees_20250402,,,,50120,303P,D21300,ARB02012_USD,,,,945.56,,,,,,C02012,,,,
2413,,GJ,4/2/2025,,Wedbush_Clearing and Exchange Fees_20250402,,,,50120,303P,D21300,ARB02040_USD,,,,132.4,,,,,,C02040,,,,
2414,,GJ,4/2/2025,,Wedbush_Clearing and Exchange Fees_20250402,,,,50120,303P,D21300,ARB02043_USD,,,,388.71999999999997,,,,,,C02520,,,,
2415,,GJ,4/2/2025,,Wedbush_Clearing and Exchange Fees_20250402,,,,50120,303P,D21300,ARB02044_USD,,,,187.2,,,,,,C02044,,,,
2416,,GJ,4/2/2025,,Wedbush_Clearing and Exchange Fees_20250402,,,,50120,303P,D21300,ARB02045_USD,,,,2.88,,,,,,C02045,,,,
2417,,GJ,4/2/2025,,Wedbush_Clearing and Exchange Fees_20250402,,,,50120,303P,D21030,ARB02047_USD,,,,104.72,,,,,,C01092,,,,
2418,,GJ,4/2/2025,,Wedbush_Clearing and Exchange Fees_20250402,,,,50120,303P,D21030,ARB02052_USD,,,,1.76,,,,,,C01078,,,,
2419,,GJ,4/2/2025,,Wedbush_Clearing and Exchange Fees_20250402,,,,50120,303P,D21300,ARB02055_USD,,,,43.86,,,,,,C00054,,,,
2420,,GJ,4/2/2025,,Wedbush_Clearing and Exchange Fees_20250402,,,,50120,303P,D21300,ARB02076_USD,,,,1246.22,,,,,,C02076,,,,
2421,,GJ,4/2/2025,,Wedbush_Clearing and Exchange Fees_20250402,,,,50120,303P,D21300,ARB02081_USD,,,,14.319999999999999,,,,,,C00675,,,,
2422,,GJ,4/2/2025,,Wedbush_Clearing and Exchange Fees_20250402,,,,50120,303P,D21300,ARB02082_USD,,,,331.76,,,,,,C00675,,,,
2423,,GJ,4/2/2025,,Wedbush_Clearing and Exchange Fees_20250402,,,,50120,303P,D21300,ARB02083_USD,,,,31.34,,,,,,C00675,,,,
2424,,GJ,4/2/2025,,Wedbush_Clearing and Exchange Fees_20250402,,,,50120,303P,D21300,ARB02084_USD,,,,30.28,,,,,,C00675,,,,
2425,,GJ,4/2/2025,,Wedbush_Clearing and Exchange Fees_20250402,,,,50120,303P,D21300,ARB02085_USD,,,,0.56,,,,,,C00675,,,,
2426,,GJ,4/2/2025,,Wedbush_Clearing and Exchange Fees_20250402,,,,50120,303P,D21300,ARB02086_USD,,,,1.4,,,,,,C00675,,,,
2427,,GJ,4/2/2025,,Wedbush_Clearing and Exchange Fees_20250402,,,,50120,303P,D21300,ARB02087_USD,,,,2.55,,,,,,C00675,,,,
2428,,GJ,4/2/2025,,Wedbush_Clearing and Exchange Fees_20250402,,,,50120,303P,D23010,ARB02102_USD,,,,228.76,,,,,,C02102,,,,
2429,,GJ,4/2/2025,,Wedbush_Clearing and Exchange Fees_20250402,,,,50120,303P,D23010,ARB02103_USD,,,,1112.52,,,,,,C00163,,,,
2430,,GJ,4/2/2025,,Wedbush_Clearing and Exchange Fees_20250402,,,,50120,303P,D23010,ARB02106_USD,,,,190.14999999999998,,,,,,C00163,,,,
2431,,GJ,4/2/2025,,Wedbush_Clearing and Exchange Fees_20250402,,,,50120,303P,D23300,ARB02121_USD,,,,407.14000000000004,,,,,,C02121,,,,
2432,,GJ,4/2/2025,,Wedbush_Clearing and Exchange Fees_20250402,,,,50120,303P,D23020,ARB02129_USD,,,,112.88,,,,,,C02129,,,,
2433,,GJ,4/2/2025,,Wedbush_Clearing and Exchange Fees_20250402,,,,50120,303P,D23010,ARB02132_USD,,,,36.8,,,,,,C02132,,,,
2434,,GJ,4/2/2025,,Wedbush_Clearing and Exchange Fees_20250402,,,,50120,303P,D23010,ARB02135_USD,,,,44.16,,,,,,C02135,,,,
2435,,GJ,4/2/2025,,Wedbush_Clearing and Exchange Fees_20250402,,,,50120,303P,D23010,ARB02145_USD,,,,230.4,,,,,,C02145,,,,
2436,,GJ,4/2/2025,,Wedbush_Clearing and Exchange Fees_20250402,,,,50120,303P,D23010,ARB02147_USD,,,,499.52,,,,,,C02147,,,,
2437,,GJ,4/2/2025,,Wedbush_Clearing and Exchange Fees_20250402,,,,50120,303P,D23010,ARB02149_USD,,,,28.16,,,,,,C02149,,,,
2438,,GJ,4/2/2025,,Wedbush_Clearing and Exchange Fees_20250402,,,,50120,303P,D23060,ARB02152_USD,,,,92.74,,,,,,C00186,,,,
2439,,GJ,4/2/2025,,Wedbush_Clearing and Exchange Fees_20250402,,,,50120,303P,D23300,ARB02154_USD,,,,128.51999999999998,,,,,,C00149,,,,
2440,,GJ,4/2/2025,,Wedbush_Clearing and Exchange Fees_20250402,,,,50120,303P,D23300,ARB02158_USD,,,,33.0,,,,,,C01145,,,,
2441,,GJ,4/2/2025,,Wedbush_Clearing and Exchange Fees_20250402,,,,50120,303P,D23300,ARB02167_USD,,,,316.23999999999995,,,,,,C00118,,,,
2442,,GJ,4/2/2025,,Wedbush_Clearing and Exchange Fees_20250402,,,,50120,303P,D23300,ARB02168_USD,,,,23.46,,,,,,C00194,,,,
2443,,GJ,4/2/2025,,Wedbush_Clearing and Exchange Fees_20250402,,,,50120,303P,D23060,ARB02169_USD,,,,37.879999999999995,,,,,,C00186,,,,
2444,,GJ,4/2/2025,,Wedbush_Clearing and Exchange Fees_20250402,,,,50120,303P,D23010,ARB02173_USD,,,,129.7,,,,,,C00463,,,,
2445,,GJ,4/2/2025,,Wedbush_Clearing and Exchange Fees_20250402,,,,50120,303P,D23010,ARB02176_USD,,,,506.91999999999996,,,,,,C00463,,,,
2446,,GJ,4/2/2025,,Wedbush_Clearing and Exchange Fees_20250402,,,,50120,303P,D23010,ARB02177_USD,,,,218.4,,,,,,C02177,,,,
2447,,GJ,4/2/2025,,Wedbush_Clearing and Exchange Fees_20250402,,,,50120,303P,D23010,ARB02179_USD,,,,857.64,,,,,,C02179,,,,
2448,,GJ,4/2/2025,,Wedbush_Clearing and Exchange Fees_20250402,,,,50120,303P,D23010,ARB02180_USD,,,,98.56,,,,,,C02180,,,,
2449,,GJ,4/2/2025,,Wedbush_Clearing and Exchange Fees_20250402,,,,50120,303P,D23010,ARB02181_USD,,,,1055.6000000000001,,,,,,C02181,,,,
2450,,GJ,4/2/2025,,Wedbush_Clearing and Exchange Fees_20250402,,,,50120,303P,D23010,ARB02182_USD,,,,836.36,,,,,,C02182,,,,
2451,,GJ,4/2/2025,,Wedbush_Clearing and Exchange Fees_20250402,,,,50120,303P,D23010,ARB02183_USD,,,,169.11999999999998,,,,,,C02183,,,,
2452,,GJ,4/2/2025,,Wedbush_Clearing and Exchange Fees_20250402,,,,50120,303P,D23010,ARB02184_USD,,,,490.84000000000003,,,,,,C02184,,,,
2453,,GJ,4/2/2025,,Wedbush_Clearing and Exchange Fees_20250402,,,,50120,303P,D23010,ARB02185_USD,,,,22.4,,,,,,C02185,,,,
2454,,GJ,4/2/2025,,Wedbush_Clearing and Exchange Fees_20250402,,,,50120,303P,D23010,ARB02187_USD,,,,6.720000000000001,,,,,,C02187,,,,
2455,,GJ,4/2/2025,,Wedbush_Clearing and Exchange Fees_20250402,,,,50120,303P,D23010,ARB02188_USD,,,,454.15999999999997,,,,,,C02188,,,,
2456,,GJ,4/2/2025,,Wedbush_Clearing and Exchange Fees_20250402,,,,50120,303P,D23010,ARB02190_USD,,,,2.8,,,,,,C02147,,,,
2457,,GJ,4/2/2025,,Wedbush_Clearing and Exchange Fees_20250402,,,,50120,303P,D23010,ARB02191_USD,,,,1.56,,,,,,C00469,,,,
2458,,GJ,4/2/2025,,Wedbush_Clearing and Exchange Fees_20250402,,,,50120,ATGN,D21300,ARB02343_EUR,,,,2.4,,,,,,C02520,,,,
2459,,GJ,4/2/2025,,Wedbush_Clearing and Exchange Fees_20250402,,,,50120,ATGN,D21300,ARB02343_GBP,,,,142.0,,,,,,C02520,,,,
2460,,GJ,4/2/2025,,Wedbush_Clearing and Exchange Fees_20250402,,,,50120,ATGN,D21300,ARB02343_USD,,,,44.1,,,,,,C02520,,,,
2461,,GJ,4/2/2025,,Wedbush_Clearing and Exchange Fees_20250402,,,,50120,ATGN,D21300,ARB02355_USD,,,,130.48000000000002,,,,,,C00054,,,,
2462,,GJ,4/2/2025,,Wedbush_Clearing and Exchange Fees_20250402,,,,50120,ATGN,D23010,ARB02402_CAD,,,,0.0,,,,,,C02102,,,,
2463,,GJ,4/2/2025,,Wedbush_Clearing and Exchange Fees_20250402,,,,50120,ATGN,D23010,ARB02402_USD,,,,144.79999999999998,,,,,,C02102,,,,
2464,,GJ,4/2/2025,,Wedbush_Clearing and Exchange Fees_20250402,,,,50120,ATGN,D23010,ARB02407_EUR,,,,0.0,,,,,,C02107,,,,
2465,,GJ,4/2/2025,,Wedbush_Clearing and Exchange Fees_20250402,,,,50120,ATGN,D23010,ARB02407_GBP,,,,17.16,,,,,,C02107,,,,
2466,,GJ,4/2/2025,,Wedbush_Clearing and Exchange Fees_20250402,,,,50120,ATGN,D23010,ARB02407_USD,,,,92.4,,,,,,C02107,,,,
2467,,GJ,4/2/2025,,Wedbush_Clearing and Exchange Fees_20250402,,,,50120,ATGN,D23080,ARB02418_EUR,,,,0.0,,,,,,C01234,,,,
2468,,GJ,4/2/2025,,Wedbush_Clearing and Exchange Fees_20250402,,,,50120,ATGN,D23080,ARB02418_GBP,,,,13.43,,,,,,C01234,,,,
2469,,GJ,4/2/2025,,Wedbush_Clearing and Exchange Fees_20250402,,,,50120,ATGN,D23080,ARB02418_USD,,,,1976.1000000000001,,,,,,C01234,,,,
2470,,GJ,4/2/2025,,Wedbush_Clearing and Exchange Fees_20250402,,,,50120,ATGN,D23300,ARB02421_CHF,,,,0.0,,,,,,C02121,,,,
2471,,GJ,4/2/2025,,Wedbush_Clearing and Exchange Fees_20250402,,,,50120,ATGN,D23300,ARB02421_EUR,,,,96.0,,,,,,C02121,,,,
2472,,GJ,4/2/2025,,Wedbush_Clearing and Exchange Fees_20250402,,,,50120,ATGN,D23300,ARB02421_GBP,,,,73.92,,,,,,C02121,,,,
2473,,GJ,4/2/2025,,Wedbush_Clearing and Exchange Fees_20250402,,,,50120,ATGN,D23300,ARB02421_USD,,,,74.55999999999999,,,,,,C02121,,,,
2474,,GJ,4/2/2025,,Wedbush_Clearing and Exchange Fees_20250402,,,,50120,ATGN,D23020,ARB02429_USD,,,,155.4,,,,,,C02129,,,,
2475,,GJ,4/2/2025,,Wedbush_Clearing and Exchange Fees_20250402,,,,50120,ATGN,D23010,ARB02432_USD,,,,8.4,,,,,,C02132,,,,
2476,,GJ,4/2/2025,,Wedbush_Clearing and Exchange Fees_20250402,,,,50120,ATGN,D23010,ARB02436_EUR,,,,0.0,,,,,,C02136,,,,
2477,,GJ,4/2/2025,,Wedbush_Clearing and Exchange Fees_20250402,,,,50120,ATGN,D23010,ARB02436_GBP,,,,216.4,,,,,,C02136,,,,
2478,,GJ,4/2/2025,,Wedbush_Clearing and Exchange Fees_20250402,,,,50120,ATGN,D23010,ARB02436_USD,,,,705.6,,,,,,C02136,,,,
2479,,GJ,4/2/2025,,Wedbush_Clearing and Exchange Fees_20250402,,,,50120,ATGN,D23010,ARB02445_USD,,,,1064.2,,,,,,C02145,,,,
2480,,GJ,4/2/2025,,Wedbush_Clearing and Exchange Fees_20250402,,,,50120,ATGN,D23010,ARB02447_CAD,,,,0.0,,,,,,C02147,,,,
2481,,GJ,4/2/2025,,Wedbush_Clearing and Exchange Fees_20250402,,,,50120,ATGN,D23010,ARB02447_USD,,,,68.0,,,,,,C02147,,,,
2482,,GJ,4/2/2025,,Wedbush_Clearing and Exchange Fees_20250402,,,,50120,ATGN,D23010,ARB02449_EUR,,,,0.0,,,,,,C02149,,,,
2483,,GJ,4/2/2025,,Wedbush_Clearing and Exchange Fees_20250402,,,,50120,ATGN,D23010,ARB02449_GBP,,,,3.12,,,,,,C02149,,,,
2484,,GJ,4/2/2025,,Wedbush_Clearing and Exchange Fees_20250402,,,,50120,ATGN,D23010,ARB02449_USD,,,,1202.62,,,,,,C02149,,,,
2485,,GJ,4/2/2025,,Wedbush_Clearing and Exchange Fees_20250402,,,,50120,ATGN,D23300,ARB02450_USD,,,,0.0,,,,,,C02150,,,,
2486,,GJ,4/2/2025,,Wedbush_Clearing and Exchange Fees_20250402,,,,50120,ATGN,D23060,ARB02452_EUR,,,,0.0,,,,,,C00186,,,,
2487,,GJ,4/2/2025,,Wedbush_Clearing and Exchange Fees_20250402,,,,50120,ATGN,D23060,ARB02452_GBP,,,,6.24,,,,,,C00186,,,,
2488,,GJ,4/2/2025,,Wedbush_Clearing and Exchange Fees_20250402,,,,50120,ATGN,D23060,ARB02452_USD,,,,21.0,,,,,,C00186,,,,
2489,,GJ,4/2/2025,,Wedbush_Clearing and Exchange Fees_20250402,,,,50120,ATGN,D23020,ARB02456_EUR,,,,0.0,,,,,,C02156,,,,
2490,,GJ,4/2/2025,,Wedbush_Clearing and Exchange Fees_20250402,,,,50120,ATGN,D23020,ARB02456_GBP,,,,34.56,,,,,,C02156,,,,
2491,,GJ,4/2/2025,,Wedbush_Clearing and Exchange Fees_20250402,,,,50120,ATGN,D23020,ARB02456_USD,,,,172.20000000000002,,,,,,C02156,,,,
2492,,GJ,4/2/2025,,Wedbush_Clearing and Exchange Fees_20250402,,,,50120,ATGN,D23080,ARB02463_USD,,,,298.2,,,,,,C01231,,,,
2493,,GJ,4/2/2025,,Wedbush_Clearing and Exchange Fees_20250402,,,,50120,ATGN,D23010,ARB02473_EUR,,,,0.0,,,,,,C00463,,,,
2494,,GJ,4/2/2025,,Wedbush_Clearing and Exchange Fees_20250402,,,,50120,ATGN,D23010,ARB02473_GBP,,,,3.92,,,,,,C00463,,,,
2495,,GJ,4/2/2025,,Wedbush_Clearing and Exchange Fees_20250402,,,,50120,ATGN,D23010,ARB02476_EUR,,,,0.0,,,,,,C00463,,,,
2496,,GJ,4/2/2025,,Wedbush_Clearing and Exchange Fees_20250402,,,,50120,ATGN,D23010,ARB02476_GBP,,,,89.6,,,,,,C00463,,,,
2497,,GJ,4/2/2025,,Wedbush_Clearing and Exchange Fees_20250402,,,,50120,ATGN,D23010,ARB02476_USD,,,,0.0,,,,,,C00463,,,,
2498,,GJ,4/2/2025,,Wedbush_Clearing and Exchange Fees_20250402,,,,50120,ATGN,D23010,ARB02477_CAD,,,,0.0,,,,,,C02177,,,,
2499,,GJ,4/2/2025,,Wedbush_Clearing and Exchange Fees_20250402,,,,50120,ATGN,D23010,ARB02477_USD,,,,20.4,,,,,,C02177,,,,
2500,,GJ,4/2/2025,,Wedbush_Clearing and Exchange Fees_20250402,,,,50120,ATGN,D23010,ARB02479_USD,,,,92.4,,,,,,C02179,,,,
2501,,GJ,4/2/2025,,Wedbush_Clearing and Exchange Fees_20250402,,,,50120,ATGN,D23010,ARB02481_CAD,,,,0.0,,,,,,C02181,,,,
2502,,GJ,4/2/2025,,Wedbush_Clearing and Exchange Fees_20250402,,,,50120,ATGN,D23010,ARB02481_USD,,,,238.6,,,,,,C02181,,,,
2503,,GJ,4/2/2025,,Wedbush_Clearing and Exchange Fees_20250402,,,,50120,ATGN,D23010,ARB02482_CAD,,,,0.0,,,,,,C02182,,,,
2504,,GJ,4/2/2025,,Wedbush_Clearing and Exchange Fees_20250402,,,,50120,ATGN,D23010,ARB02482_USD,,,,68.0,,,,,,C02182,,,,
2505,,GJ,4/2/2025,,Wedbush_Clearing and Exchange Fees_20250402,,,,50120,ATGN,D23010,ARB02484_CAD,,,,0.0,,,,,,C02184,,,,
2506,,GJ,4/2/2025,,Wedbush_Clearing and Exchange Fees_20250402,,,,50120,ATGN,D23010,ARB02484_EUR,,,,0.0,,,,,,C02184,,,,
2507,,GJ,4/2/2025,,Wedbush_Clearing and Exchange Fees_20250402,,,,50120,ATGN,D23010,ARB02484_GBP,,,,66.36,,,,,,C02184,,,,
2508,,GJ,4/2/2025,,Wedbush_Clearing and Exchange Fees_20250402,,,,50120,ATGN,D23010,ARB02484_USD,,,,1261.9499999999998,,,,,,C02184,,,,
2509,,GJ,4/2/2025,,Wedbush_Clearing and Exchange Fees_20250402,,,,50120,ATGN,D23010,ARB02485_EUR,,,,0.0,,,,,,C02185,,,,
2510,,GJ,4/2/2025,,Wedbush_Clearing and Exchange Fees_20250402,,,,50120,ATGN,D23010,ARB02485_GBP,,,,136.06,,,,,,C02185,,,,
2511,,GJ,4/2/2025,,Wedbush_Clearing and Exchange Fees_20250402,,,,50120,ATGN,D23010,ARB02485_USD,,,,2571.62,,,,,,C02185,,,,
2512,,GJ,4/2/2025,,Wedbush_Clearing and Exchange Fees_20250402,,,,50120,ATGN,D23010,ARB02486_EUR,,,,0.0,,,,,,C02186,,,,
2513,,GJ,4/2/2025,,Wedbush_Clearing and Exchange Fees_20250402,,,,50120,ATGN,D23010,ARB02486_GBP,,,,37.44,,,,,,C02186,,,,
2514,,GJ,4/2/2025,,Wedbush_Clearing and Exchange Fees_20250402,,,,50120,ATGN,D23010,ARB02486_USD,,,,201.6,,,,,,C02186,,,,
2515,,GJ,4/2/2025,,Wedbush_Clearing and Exchange Fees_20250402,,,,50120,ATGN,D23010,ARB02487_CAD,,,,0.0,,,,,,C02187,,,,
2516,,GJ,4/2/2025,,Wedbush_Clearing and Exchange Fees_20250402,,,,50120,ATGN,D23010,ARB02487_USD,,,,13.6,,,,,,C02187,,,,
2517,,GJ,4/2/2025,,Wedbush_Clearing and Exchange Fees_20250402,,,,50120,ATGN,D23010,ARB02488_USD,,,,1906.1000000000001,,,,,,C02188,,,,
2518,,GJ,4/2/2025,,Wedbush_Clearing and Exchange Fees_20250402,,,,50120,ATGN,D23010,ARB02491_EUR,,,,0.0,,,,,,C00469,,,,
2519,,GJ,4/2/2025,,Wedbush_Clearing and Exchange Fees_20250402,,,,50120,ATGN,D23010,ARB02491_GBP,,,,3.12,,,,,,C00469,,,,
2520,,GJ,4/2/2025,,Wedbush_Clearing and Exchange Fees_20250402,,,,50120,ATGN,D23010,ARB02491_USD,,,,119.73,,,,,,C00469,,,,
2521,,GJ,4/2/2025,,Wedbush_Clearing and Exchange Fees_20250402,,,,50120,303P,D21300,ARB03003_USD,,,,198.32,,,,,,C03003,,,,
2522,,GJ,4/2/2025,,Wedbush_Clearing and Exchange Fees_20250402,,,,50120,303P,D21300,ARB03005_USD,,,,1.28,,,,,,C03005,,,,
2523,,GJ,4/2/2025,,Wedbush_Clearing and Exchange Fees_20250402,,,,50120,303P,D21300,ARB03022_USD,,,,561.75,,,,,,C00034,,,,
2524,,GJ,4/2/2025,,Wedbush_Clearing and Exchange Fees_20250402,,,,50120,303P,D21300,ARB03029_USD,,,,41.61,,,,,,C03029,,,,
2525,,GJ,4/2/2025,,Wedbush_Clearing and Exchange Fees_20250402,,,,50120,303P,D21300,ARB03032_USD,,,,882.17,,,,,,C00049,,,,
2526,,GJ,4/2/2025,,Wedbush_Clearing and Exchange Fees_20250402,,,,50120,303P,D21300,ARB03033_USD,,,,59.04,,,,,,C00049,,,,
2527,,GJ,4/2/2025,,Wedbush_Clearing and Exchange Fees_20250402,,,,50120,303P,D21300,ARB03035_USD,,,,2.0,,,,,,C00049,,,,
2528,,GJ,4/2/2025,,Wedbush_Clearing and Exchange Fees_20250402,,,,50120,303P,D21300,ARB03037_USD,,,,386.29,,,,,,C03037,,,,
2529,,GJ,4/2/2025,,Wedbush_Clearing and Exchange Fees_20250402,,,,50120,303P,D21300,ARB03038_USD,,,,23.8,,,,,,C03038,,,,
2530,,GJ,4/2/2025,,Wedbush_Clearing and Exchange Fees_20250402,,,,50120,303P,D21300,ARB03042_USD,,,,2.24,,,,,,C03040,,,,
2531,,GJ,4/2/2025,,Wedbush_Clearing and Exchange Fees_20250402,,,,50120,303P,D21300,ARB03046_USD,,,,3.36,,,,,,C03040,,,,
2532,,GJ,4/2/2025,,Wedbush_Clearing and Exchange Fees_20250402,,,,50120,303P,D21030,ARB03050_USD,,,,1449.4,,,,,,C03050,,,,
2533,,GJ,4/2/2025,,Wedbush_Clearing and Exchange Fees_20250402,,,,50120,303P,D21300,ARB03060_USD,,,,675.26,,,,,,C03060,,,,
2534,,GJ,4/2/2025,,Wedbush_Clearing and Exchange Fees_20250402,,,,50120,303P,D21300,ARB03062_USD,,,,38.0,,,,,,C03062,,,,
2535,,GJ,4/2/2025,,Wedbush_Clearing and Exchange Fees_20250402,,,,50120,303P,D21300,ARB03065_USD,,,,2108.83,,,,,,C03065,,,,
2536,,GJ,4/2/2025,,Wedbush_Clearing and Exchange Fees_20250402,,,,50120,303P,D21300,ARB03072_USD,,,,374.40000000000003,,,,,,C03072,,,,
2537,,GJ,4/2/2025,,Wedbush_Clearing and Exchange Fees_20250402,,,,50120,303P,D21300,ARB03073_USD,,,,1987.5599999999997,,,,,,C03073,,,,
2538,,GJ,4/2/2025,,Wedbush_Clearing and Exchange Fees_20250402,,,,50120,303P,D21300,ARB03074_USD,,,,8.24,,,,,,C03073,,,,
2539,,GJ,4/2/2025,,Wedbush_Clearing and Exchange Fees_20250402,,,,50120,303P,D21300,ARB03075_USD,,,,64.8,,,,,,C03073,,,,
2540,,GJ,4/2/2025,,Wedbush_Clearing and Exchange Fees_20250402,,,,50120,303P,D21300,ARB03077_USD,,,,400.64,,,,,,C03077,,,,
2541,,GJ,4/2/2025,,Wedbush_Clearing and Exchange Fees_20250402,,,,50120,303P,D21300,ARB03078_USD,,,,12.6,,,,,,C03078,,,,
2542,,GJ,4/2/2025,,Wedbush_Clearing and Exchange Fees_20250402,,,,50120,303P,D21300,ARB03079_USD,,,,73.5,,,,,,C03078,,,,
2543,,GJ,4/2/2025,,Wedbush_Clearing and Exchange Fees_20250402,,,,50120,303P,D21300,ARB03080_USD,,,,85.68,,,,,,C03078,,,,
2544,,GJ,4/2/2025,,Wedbush_Clearing and Exchange Fees_20250402,,,,50120,303P,D21300,ARB03081_USD,,,,30.16,,,,,,C03078,,,,
2545,,GJ,4/2/2025,,Wedbush_Clearing and Exchange Fees_20250402,,,,50120,303P,D21030,ARB03084_USD,,,,13.9,,,,,,C03084,,,,
2546,,GJ,4/2/2025,,Wedbush_Clearing and Exchange Fees_20250402,,,,50120,303P,D21300,ARB03088_USD,,,,7.28,,,,,,C03088,,,,
2547,,GJ,4/2/2025,,Wedbush_Clearing and Exchange Fees_20250402,,,,50120,303P,D21300,ARB03089_USD,,,,2.88,,,,,,C03089,,,,
2548,,GJ,4/2/2025,,Wedbush_Clearing and Exchange Fees_20250402,,,,50120,303P,D21300,ARB03092_USD,,,,21.6,,,,,,C03092,,,,
2549,,GJ,4/2/2025,,Wedbush_Clearing and Exchange Fees_20250402,,,,50120,303P,D21300,ARB03093_USD,,,,2.8,,,,,,C03093,,,,
2550,,GJ,4/2/2025,,Wedbush_Clearing and Exchange Fees_20250402,,,,50120,303P,D21300,ARB03094_USD,,,,7.199999999999999,,,,,,C03094,,,,
2551,,GJ,4/2/2025,,Wedbush_Clearing and Exchange Fees_20250402,,,,50120,303P,D21300,ARB03095_USD,,,,13.52,,,,,,C03095,,,,
2552,,GJ,4/2/2025,,Wedbush_Clearing and Exchange Fees_20250402,,,,50120,303P,D21300,ARB03096_USD,,,,0.08,,,,,,C03096,,,,
2553,,GJ,4/2/2025,,Wedbush_Clearing and Exchange Fees_20250402,,,,50120,303P,D23080,ARB03102_USD,,,,140.0,,,,,,C03102,,,,
2554,,GJ,4/2/2025,,Wedbush_Clearing and Exchange Fees_20250402,,,,50120,303P,D23300,ARB03103_USD,,,,392.8,,,,,,CX3103,,,,
2555,,GJ,4/2/2025,,Wedbush_Clearing and Exchange Fees_20250402,,,,50120,303P,D23300,ARB03104_USD,,,,348.74,,,,,,C03104,,,,
2556,,GJ,4/2/2025,,Wedbush_Clearing and Exchange Fees_20250402,,,,50120,303P,D23300,ARB03105_USD,,,,423.37,,,,,,C00310,,,,
2557,,GJ,4/2/2025,,Wedbush_Clearing and Exchange Fees_20250402,,,,50120,303P,D23300,ARB03106_USD,,,,338.44,,,,,,C00310,,,,
2558,,GJ,4/2/2025,,Wedbush_Clearing and Exchange Fees_20250402,,,,50120,303P,D23300,ARB03107_USD,,,,738.3199999999999,,,,,,C03107,,,,
2559,,GJ,4/2/2025,,Wedbush_Clearing and Exchange Fees_20250402,,,,50120,303P,D23300,ARB03108_USD,,,,870.48,,,,,,C00311,,,,
2560,,GJ,4/2/2025,,Wedbush_Clearing and Exchange Fees_20250402,,,,50120,303P,D23300,ARB03109_USD,,,,123.08000000000001,,,,,,C00311,,,,
2561,,GJ,4/2/2025,,Wedbush_Clearing and Exchange Fees_20250402,,,,50120,303P,D23300,ARB03110_USD,,,,60.2,,,,,,C00311,,,,
2562,,GJ,4/2/2025,,Wedbush_Clearing and Exchange Fees_20250402,,,,50120,303P,D23300,ARB03111_USD,,,,72.8,,,,,,C00311,,,,
2563,,GJ,4/2/2025,,Wedbush_Clearing and Exchange Fees_20250402,,,,50120,303P,D23300,ARB03112_USD,,,,23.0,,,,,,C00310,,,,
2564,,GJ,4/2/2025,,Wedbush_Clearing and Exchange Fees_20250402,,,,50120,303P,D23300,ARB03113_USD,,,,137.60999999999999,,,,,,C03113,,,,
2565,,GJ,4/2/2025,,Wedbush_Clearing and Exchange Fees_20250402,,,,50120,303P,D23300,ARB03115_USD,,,,11.2,,,,,,CX3115,,,,
2566,,GJ,4/2/2025,,Wedbush_Clearing and Exchange Fees_20250402,,,,50120,303P,D23020,ARB03116_USD,,,,1.68,,,,,,C02129,,,,
2567,,GJ,4/2/2025,,Wedbush_Clearing and Exchange Fees_20250402,,,,50120,303P,D23300,ARB03125_USD,,,,24.48,,,,,,CX3125,,,,
2568,,GJ,4/2/2025,,Wedbush_Clearing and Exchange Fees_20250402,,,,50120,303P,D23300,ARB03128_USD,,,,490.8,,,,,,C03126,,,,
2569,,GJ,4/2/2025,,Wedbush_Clearing and Exchange Fees_20250402,,,,50120,303P,D23300,ARB03130_USD,,,,115.0,,,,,,C03130,,,,
2570,,GJ,4/2/2025,,Wedbush_Clearing and Exchange Fees_20250402,,,,50120,303P,D23300,ARB03131_USD,,,,1233.76,,,,,,C03131,,,,
2571,,GJ,4/2/2025,,Wedbush_Clearing and Exchange Fees_20250402,,,,50120,303P,D23300,ARB03133_USD,,,,727.44,,,,,,C03133,,,,
2572,,GJ,4/2/2025,,Wedbush_Clearing and Exchange Fees_20250402,,,,50120,303P,D23300,ARB03134_USD,,,,43.96,,,,,,C03134,,,,
2573,,GJ,4/2/2025,,Wedbush_Clearing and Exchange Fees_20250402,,,,50120,303P,D23090,ARB03150_USD,,,,68.0,,,,,,C03150,,,,
2574,,GJ,4/2/2025,,Wedbush_Clearing and Exchange Fees_20250402,,,,50120,,,ARB03152_USD,,,,20.52,,,,,,,,,,
2575,,GJ,4/2/2025,,Wedbush_Clearing and Exchange Fees_20250402,,,,50120,303P,D23090,ARB03154_USD,,,,79.04,,,,,,C03154,,,,
2576,,GJ,4/2/2025,,Wedbush_Clearing and Exchange Fees_20250402,,,,50120,303P,D23100,ARB03156_USD,,,,199.04000000000002,,,,,,C03156,,,,
2577,,GJ,4/2/2025,,Wedbush_Clearing and Exchange Fees_20250402,,,,50120,303P,D23100,ARB03157_USD,,,,58.32,,,,,,C03157,,,,
2578,,GJ,4/2/2025,,Wedbush_Clearing and Exchange Fees_20250402,,,,50120,303P,D23100,ARB03159_USD,,,,169.12,,,,,,C03159,,,,
2579,,GJ,4/2/2025,,Wedbush_Clearing and Exchange Fees_20250402,,,,50120,,,ARB03170_USD,,,,4.48,,,,,,,,,,
2580,,GJ,4/2/2025,,Wedbush_Clearing and Exchange Fees_20250402,,,,50120,303P,D23100,ARB03174_USD,,,,80.10000000000001,,,,,,C03174,,,,
2581,,GJ,4/2/2025,,Wedbush_Clearing and Exchange Fees_20250402,,,,50120,303P,D23100,ARB03175_USD,,,,190.62,,,,,,C03175,,,,
2582,,GJ,4/2/2025,,Wedbush_Clearing and Exchange Fees_20250402,,,,50120,303P,D23100,ARB03176_USD,,,,151.26000000000002,,,,,,C03176,,,,
2583,,GJ,4/2/2025,,Wedbush_Clearing and Exchange Fees_20250402,,,,50120,303P,D23100,ARB03177_USD,,,,81.52,,,,,,C03177,,,,
2584,,GJ,4/2/2025,,Wedbush_Clearing and Exchange Fees_20250402,,,,50120,303P,D23100,ARB03184_USD,,,,53.96,,,,,,C03184,,,,
2585,,GJ,4/2/2025,,Wedbush_Clearing and Exchange Fees_20250402,,,,50120,303P,D23100,ARB03185_USD,,,,21.28,,,,,,C03185,,,,
2586,,GJ,4/2/2025,,Wedbush_Clearing and Exchange Fees_20250402,,,,50120,303P,D23100,ARB03187_USD,,,,38.76,,,,,,C03187,,,,
2587,,GJ,4/2/2025,,Wedbush_Clearing and Exchange Fees_20250402,,,,50120,ATGN,D21300,ARB03329_USD,,,,3.6,,,,,,C03029,,,,
2588,,GJ,4/2/2025,,Wedbush_Clearing and Exchange Fees_20250402,,,,50120,ATGN,D21300,ARB03360_EUR,,,,0.0,,,,,,C03060,,,,
2589,,GJ,4/2/2025,,Wedbush_Clearing and Exchange Fees_20250402,,,,50120,ATGN,D21300,ARB03360_GBP,,,,2271.92,,,,,,C03060,,,,
2590,,GJ,4/2/2025,,Wedbush_Clearing and Exchange Fees_20250402,,,,50120,ATGN,D21300,ARB03362_EUR,,,,0.0,,,,,,C03062,,,,
2591,,GJ,4/2/2025,,Wedbush_Clearing and Exchange Fees_20250402,,,,50120,ATGN,D21300,ARB03362_GBP,,,,222.88,,,,,,C03062,,,,
2592,,GJ,4/2/2025,,Wedbush_Clearing and Exchange Fees_20250402,,,,50120,ATGN,D21300,ARB03362_USD,,,,44.0,,,,,,C03062,,,,
2593,,GJ,4/2/2025,,Wedbush_Clearing and Exchange Fees_20250402,,,,50120,ATGN,D21300,ARB03364_EUR,,,,0.0,,,,,,C03064,,,,
2594,,GJ,4/2/2025,,Wedbush_Clearing and Exchange Fees_20250402,,,,50120,ATGN,D21300,ARB03364_GBP,,,,28.0,,,,,,C03064,,,,
2595,,GJ,4/2/2025,,Wedbush_Clearing and Exchange Fees_20250402,,,,50120,ATGN,D21300,ARB03372_USD,,,,470.64,,,,,,C03072,,,,
2596,,GJ,4/2/2025,,Wedbush_Clearing and Exchange Fees_20250402,,,,50120,ATGN,D21300,ARB03378_USD,,,,70.4,,,,,,C03078,,,,
2597,,GJ,4/2/2025,,Wedbush_Clearing and Exchange Fees_20250402,,,,50120,ATGN,D23300,ARB03400_EUR,,,,0.0,,,,,,C03100,,,,
2598,,GJ,4/2/2025,,Wedbush_Clearing and Exchange Fees_20250402,,,,50120,ATGN,D23300,ARB03400_GBP,,,,17.18,,,,,,C03100,,,,
2599,,GJ,4/2/2025,,Wedbush_Clearing and Exchange Fees_20250402,,,,50120,ATGN,D23300,ARB03400_USD,,,,398.99999999999994,,,,,,C03100,,,,
2600,,GJ,4/2/2025,,Wedbush_Clearing and Exchange Fees_20250402,,,,50120,ATGN,D23080,ARB03402_EUR,,,,0.0,,,,,,C03102,,,,
2601,,GJ,4/2/2025,,Wedbush_Clearing and Exchange Fees_20250402,,,,50120,ATGN,D23080,ARB03402_GBP,,,,19.509999999999998,,,,,,C03102,,,,
2602,,GJ,4/2/2025,,Wedbush_Clearing and Exchange Fees_20250402,,,,50120,ATGN,D23080,ARB03402_USD,,,,4008.9,,,,,,C03102,,,,
2603,,GJ,4/2/2025,,Wedbush_Clearing and Exchange Fees_20250402,,,,50120,ATGN,D23300,ARB03403_CAD,,,,0.0,,,,,,CX3103,,,,
2604,,GJ,4/2/2025,,Wedbush_Clearing and Exchange Fees_20250402,,,,50120,ATGN,D23300,ARB03403_EUR,,,,0.0,,,,,,CX3103,,,,
2605,,GJ,4/2/2025,,Wedbush_Clearing and Exchange Fees_20250402,,,,50120,ATGN,D23300,ARB03403_GBP,,,,7.9,,,,,,CX3103,,,,
2606,,GJ,4/2/2025,,Wedbush_Clearing and Exchange Fees_20250402,,,,50120,ATGN,D23300,ARB03403_USD,,,,187.6,,,,,,CX3103,,,,
2607,,GJ,4/2/2025,,Wedbush_Clearing and Exchange Fees_20250402,,,,50120,ATGN,D23300,ARB03404_CAD,,,,0.0,,,,,,C03104,,,,
2608,,GJ,4/2/2025,,Wedbush_Clearing and Exchange Fees_20250402,,,,50120,ATGN,D23300,ARB03404_EUR,,,,0.0,,,,,,C03104,,,,
2609,,GJ,4/2/2025,,Wedbush_Clearing and Exchange Fees_20250402,,,,50120,ATGN,D23300,ARB03404_GBP,,,,11.0,,,,,,C03104,,,,
2610,,GJ,4/2/2025,,Wedbush_Clearing and Exchange Fees_20250402,,,,50120,ATGN,D23300,ARB03404_USD,,,,637.12,,,,,,C03104,,,,
2611,,GJ,4/2/2025,,Wedbush_Clearing and Exchange Fees_20250402,,,,50120,ATGN,D23300,ARB03405_CAD,,,,0.0,,,,,,C00310,,,,
2612,,GJ,4/2/2025,,Wedbush_Clearing and Exchange Fees_20250402,,,,50120,ATGN,D23300,ARB03405_EUR,,,,0.0,,,,,,C00310,,,,
2613,,GJ,4/2/2025,,Wedbush_Clearing and Exchange Fees_20250402,,,,50120,ATGN,D23300,ARB03405_GBP,,,,32.39,,,,,,C00310,,,,
2614,,GJ,4/2/2025,,Wedbush_Clearing and Exchange Fees_20250402,,,,50120,ATGN,D23300,ARB03405_USD,,,,281.96,,,,,,C00310,,,,
2615,,GJ,4/2/2025,,Wedbush_Clearing and Exchange Fees_20250402,,,,50120,ATGN,D23300,ARB03406_EUR,,,,0.0,,,,,,C00310,,,,
2616,,GJ,4/2/2025,,Wedbush_Clearing and Exchange Fees_20250402,,,,50120,ATGN,D23300,ARB03406_GBP,,,,44.24,,,,,,C00310,,,,
2617,,GJ,4/2/2025,,Wedbush_Clearing and Exchange Fees_20250402,,,,50120,ATGN,D23300,ARB03406_USD,,,,842.78,,,,,,C00310,,,,
2618,,GJ,4/2/2025,,Wedbush_Clearing and Exchange Fees_20250402,,,,50120,ATGN,D23300,ARB03407_CAD,,,,0.0,,,,,,C03107,,,,
2619,,GJ,4/2/2025,,Wedbush_Clearing and Exchange Fees_20250402,,,,50120,ATGN,D23300,ARB03407_USD,,,,265.6,,,,,,C03107,,,,
2620,,GJ,4/2/2025,,Wedbush_Clearing and Exchange Fees_20250402,,,,50120,ATGN,D23300,ARB03408_EUR,,,,0.0,,,,,,C00311,,,,
2621,,GJ,4/2/2025,,Wedbush_Clearing and Exchange Fees_20250402,,,,50120,ATGN,D23300,ARB03408_GBP,,,,119.28999999999999,,,,,,C00311,,,,
2622,,GJ,4/2/2025,,Wedbush_Clearing and Exchange Fees_20250402,,,,50120,ATGN,D23300,ARB03408_USD,,,,1214.3200000000002,,,,,,C00311,,,,
2623,,GJ,4/2/2025,,Wedbush_Clearing and Exchange Fees_20250402,,,,50120,ATGN,D23300,ARB03409_EUR,,,,0.0,,,,,,C00311,,,,
2624,,GJ,4/2/2025,,Wedbush_Clearing and Exchange Fees_20250402,,,,50120,ATGN,D23300,ARB03409_GBP,,,,155.28,,,,,,C00311,,,,
2625,,GJ,4/2/2025,,Wedbush_Clearing and Exchange Fees_20250402,,,,50120,ATGN,D23300,ARB03409_USD,,,,9103.5,,,,,,C00311,,,,
2626,,GJ,4/2/2025,,Wedbush_Clearing and Exchange Fees_20250402,,,,50120,ATGN,D23300,ARB03411_EUR,,,,0.0,,,,,,C00311,,,,
2627,,GJ,4/2/2025,,Wedbush_Clearing and Exchange Fees_20250402,,,,50120,ATGN,D23300,ARB03411_GBP,,,,37.92,,,,,,C00311,,,,
2628,,GJ,4/2/2025,,Wedbush_Clearing and Exchange Fees_20250402,,,,50120,ATGN,D23300,ARB03411_USD,,,,344.4,,,,,,C00311,,,,
2629,,GJ,4/2/2025,,Wedbush_Clearing and Exchange Fees_20250402,,,,50120,ATGN,D23300,ARB03412_USD,,,,361.2,,,,,,C00310,,,,
2630,,GJ,4/2/2025,,Wedbush_Clearing and Exchange Fees_20250402,,,,50120,ATGN,D23300,ARB03413_EUR,,,,0.0,,,,,,C03113,,,,
2631,,GJ,4/2/2025,,Wedbush_Clearing and Exchange Fees_20250402,,,,50120,ATGN,D23300,ARB03413_GBP,,,,145.6,,,,,,C03113,,,,
2632,,GJ,4/2/2025,,Wedbush_Clearing and Exchange Fees_20250402,,,,50120,ATGN,D23300,ARB03413_USD,,,,304.1,,,,,,C03113,,,,
2633,,GJ,4/2/2025,,Wedbush_Clearing and Exchange Fees_20250402,,,,50120,ATGN,D23300,ARB03433_USD,,,,476.08000000000004,,,,,,C03133,,,,
2634,,GJ,4/2/2025,,Wedbush_Clearing and Exchange Fees_20250402,,,,50120,ATGN,D23300,ARB03434_USD,,,,26.4,,,,,,C03134,,,,
2635,,GJ,4/2/2025,,Wedbush_Clearing and Exchange Fees_20250402,,,,50120,ATGN,D23300,ARB03438_USD,,,,407.4,,,,,,C03138,,,,
2636,,GJ,4/2/2025,,Wedbush_Clearing and Exchange Fees_20250402,,,,50120,ATGN,D23300,ARB03439_EUR,,,,0.0,,,,,,C00311,,,,
2637,,GJ,4/2/2025,,Wedbush_Clearing and Exchange Fees_20250402,,,,50120,ATGN,D23300,ARB03439_GBP,,,,36.34,,,,,,C00311,,,,
2638,,GJ,4/2/2025,,Wedbush_Clearing and Exchange Fees_20250402,,,,50120,ATGN,D23300,ARB03439_USD,,,,84.0,,,,,,C00311,,,,
2639,,GJ,4/2/2025,,Wedbush_Clearing and Exchange Fees_20250402,,,,50120,ATGN,D23090,ARB03450_EUR,,,,0.0,,,,,,C03150,,,,
2640,,GJ,4/2/2025,,Wedbush_Clearing and Exchange Fees_20250402,,,,50120,ATGN,D23090,ARB03450_GBP,,,,16.240000000000002,,,,,,C03150,,,,
2641,,GJ,4/2/2025,,Wedbush_Clearing and Exchange Fees_20250402,,,,50120,,,ARB03452_EUR,,,,0.0,,,,,,,,,,
2642,,GJ,4/2/2025,,Wedbush_Clearing and Exchange Fees_20250402,,,,50120,,,ARB03452_GBP,,,,56.0,,,,,,,,,,
2643,,GJ,4/2/2025,,Wedbush_Clearing and Exchange Fees_20250402,,,,50120,,,ARB03452_USD,,,,9.319999999999999,,,,,,,,,,
2644,,GJ,4/2/2025,,Wedbush_Clearing and Exchange Fees_20250402,,,,50120,ATGN,D23090,ARB03454_CHF,,,,0.0,,,,,,C03154,,,,
2645,,GJ,4/2/2025,,Wedbush_Clearing and Exchange Fees_20250402,,,,50120,ATGN,D23090,ARB03454_EUR,,,,28.799999999999997,,,,,,C03154,,,,
2646,,GJ,4/2/2025,,Wedbush_Clearing and Exchange Fees_20250402,,,,50120,ATGN,D23090,ARB03454_GBP,,,,31.36,,,,,,C03154,,,,
2647,,GJ,4/2/2025,,Wedbush_Clearing and Exchange Fees_20250402,,,,50120,ATGN,D23090,ARB03454_USD,,,,13.98,,,,,,C03154,,,,
2648,,GJ,4/2/2025,,Wedbush_Clearing and Exchange Fees_20250402,,,,50120,ATGN,D23100,ARB03456_EUR,,,,0.0,,,,,,C03156,,,,
2649,,GJ,4/2/2025,,Wedbush_Clearing and Exchange Fees_20250402,,,,50120,ATGN,D23100,ARB03456_GBP,,,,1.12,,,,,,C03156,,,,
2650,,GJ,4/2/2025,,Wedbush_Clearing and Exchange Fees_20250402,,,,50120,ATGN,D23100,ARB03456_USD,,,,9.319999999999999,,,,,,C03156,,,,
2651,,GJ,4/2/2025,,Wedbush_Clearing and Exchange Fees_20250402,,,,50120,ATGN,D23100,ARB03457_CHF,,,,0.0,,,,,,C03157,,,,
2652,,GJ,4/2/2025,,Wedbush_Clearing and Exchange Fees_20250402,,,,50120,ATGN,D23100,ARB03457_EUR,,,,12.0,,,,,,C03157,,,,
2653,,GJ,4/2/2025,,Wedbush_Clearing and Exchange Fees_20250402,,,,50120,ATGN,D23100,ARB03457_GBP,,,,2.24,,,,,,C03157,,,,
2654,,GJ,4/2/2025,,Wedbush_Clearing and Exchange Fees_20250402,,,,50120,ATGN,D23100,ARB03457_USD,,,,4.659999999999999,,,,,,C03157,,,,
2655,,GJ,4/2/2025,,Wedbush_Clearing and Exchange Fees_20250402,,,,50120,ATGN,D23100,ARB03459_CHF,,,,0.0,,,,,,C03159,,,,
2656,,GJ,4/2/2025,,Wedbush_Clearing and Exchange Fees_20250402,,,,50120,ATGN,D23100,ARB03459_EUR,,,,48.0,,,,,,C03159,,,,
2657,,GJ,4/2/2025,,Wedbush_Clearing and Exchange Fees_20250402,,,,50120,ATGN,D23100,ARB03459_GBP,,,,14.0,,,,,,C03159,,,,
2658,,GJ,4/2/2025,,Wedbush_Clearing and Exchange Fees_20250402,,,,50120,ATGN,D23100,ARB03459_USD,,,,4.659999999999999,,,,,,C03159,,,,
2659,,GJ,4/2/2025,,Wedbush_Clearing and Exchange Fees_20250402,,,,50120,ATGN,D23300,ARB03460_EUR,,,,0.0,,,,,,C03160,,,,
2660,,GJ,4/2/2025,,Wedbush_Clearing and Exchange Fees_20250402,,,,50120,ATGN,D23300,ARB03460_GBP,,,,4.74,,,,,,C03160,,,,
2661,,GJ,4/2/2025,,Wedbush_Clearing and Exchange Fees_20250402,,,,50120,ATGN,D23300,ARB03460_USD,,,,123.9,,,,,,C03160,,,,
2662,,GJ,4/2/2025,,Wedbush_Clearing and Exchange Fees_20250402,,,,50120,,,ARB03461_EUR,,,,0.0,,,,,,,,,,
2663,,GJ,4/2/2025,,Wedbush_Clearing and Exchange Fees_20250402,,,,50120,,,ARB03461_GBP,,,,3.16,,,,,,,,,,
2664,,GJ,4/2/2025,,Wedbush_Clearing and Exchange Fees_20250402,,,,50120,,,ARB03462_EUR,,,,0.0,,,,,,,,,,
2665,,GJ,4/2/2025,,Wedbush_Clearing and Exchange Fees_20250402,,,,50120,,,ARB03462_GBP,,,,34.76,,,,,,,,,,
2666,,GJ,4/2/2025,,Wedbush_Clearing and Exchange Fees_20250402,,,,50120,,,ARB03462_USD,,,,29.4,,,,,,,,,,
2667,,GJ,4/2/2025,,Wedbush_Clearing and Exchange Fees_20250402,,,,50120,ATGN,D23300,ARB03463_EUR,,,,0.0,,,,,,C03163,,,,
2668,,GJ,4/2/2025,,Wedbush_Clearing and Exchange Fees_20250402,,,,50120,ATGN,D23300,ARB03463_GBP,,,,39.5,,,,,,C03163,,,,
2669,,GJ,4/2/2025,,Wedbush_Clearing and Exchange Fees_20250402,,,,50120,ATGN,D23300,ARB03463_USD,,,,550.2,,,,,,C03163,,,,
2670,,GJ,4/2/2025,,Wedbush_Clearing and Exchange Fees_20250402,,,,50120,ATGN,D23080,ARB03472_USD,,,,684.6,,,,,,C03172,,,,
2671,,GJ,4/2/2025,,Wedbush_Clearing and Exchange Fees_20250402,,,,50120,ATGN,D23100,ARB03474_EUR,,,,0.0,,,,,,C03174,,,,
2672,,GJ,4/2/2025,,Wedbush_Clearing and Exchange Fees_20250402,,,,50120,ATGN,D23100,ARB03474_GBP,,,,2.8,,,,,,C03174,,,,
2673,,GJ,4/2/2025,,Wedbush_Clearing and Exchange Fees_20250402,,,,50120,ATGN,D23100,ARB03476_EUR,,,,0.0,,,,,,C03176,,,,
2674,,GJ,4/2/2025,,Wedbush_Clearing and Exchange Fees_20250402,,,,50120,ATGN,D23100,ARB03476_GBP,,,,38.08,,,,,,C03176,,,,
2675,,GJ,4/2/2025,,Wedbush_Clearing and Exchange Fees_20250402,,,,50120,ATGN,D23090,ARB03479_USD,,,,478.8,,,,,,C03179,,,,
2676,,GJ,4/2/2025,,Wedbush_Clearing and Exchange Fees_20250402,,,,50120,ATGN,D23090,ARB03481_USD,,,,1096.2,,,,,,C03181,,,,
2677,,GJ,4/2/2025,,Wedbush_Clearing and Exchange Fees_20250402,,,,50120,ATGN,D23100,ARB03484_EUR,,,,0.0,,,,,,C03184,,,,
2678,,GJ,4/2/2025,,Wedbush_Clearing and Exchange Fees_20250402,,,,50120,ATGN,D23100,ARB03484_GBP,,,,48.160000000000004,,,,,,C03184,,,,
2679,,GJ,4/2/2025,,Wedbush_Clearing and Exchange Fees_20250402,,,,50120,ATGN,D23100,ARB03484_USD,,,,27.96,,,,,,C03184,,,,
2680,,GJ,4/2/2025,,Wedbush_Clearing and Exchange Fees_20250402,,,,50120,ATGN,D23100,ARB03485_EUR,,,,0.0,,,,,,C03185,,,,
2681,,GJ,4/2/2025,,Wedbush_Clearing and Exchange Fees_20250402,,,,50120,ATGN,D23100,ARB03485_GBP,,,,16.24,,,,,,C03185,,,,
2682,,GJ,4/2/2025,,Wedbush_Clearing and Exchange Fees_20250402,,,,50120,ATGN,D23100,ARB03485_USD,,,,2.3299999999999996,,,,,,C03185,,,,
2683,,GJ,4/2/2025,,Wedbush_Clearing and Exchange Fees_20250402,,,,50120,ATGN,D23100,ARB03487_EUR,,,,0.0,,,,,,C03187,,,,
2684,,GJ,4/2/2025,,Wedbush_Clearing and Exchange Fees_20250402,,,,50120,ATGN,D23100,ARB03487_GBP,,,,78.39999999999999,,,,,,C03187,,,,
2685,,GJ,4/2/2025,,Wedbush_Clearing and Exchange Fees_20250402,,,,50120,ATGN,D23100,ARB03487_USD,,,,42.89,,,,,,C03187,,,,
2686,,GJ,4/2/2025,,Wedbush_Clearing and Exchange Fees_20250402,,,,50120,ATGN,D23300,ARB03489_EUR,,,,0.0,,,,,,C03160,,,,
2687,,GJ,4/2/2025,,Wedbush_Clearing and Exchange Fees_20250402,,,,50120,ATGN,D23300,ARB03489_GBP,,,,22.12,,,,,,C03160,,,,
2688,,GJ,4/2/2025,,Wedbush_Clearing and Exchange Fees_20250402,,,,50120,ATGN,D23300,ARB03489_USD,,,,1232.7,,,,,,C03160,,,,
2689,,GJ,4/2/2025,,Wedbush_Clearing and Exchange Fees_20250402,,,,50120,,,ARB03490_EUR,,,,0.0,,,,,,,,,,
2690,,GJ,4/2/2025,,Wedbush_Clearing and Exchange Fees_20250402,,,,50120,,,ARB03490_GBP,,,,69.52,,,,,,,,,,
2691,,GJ,4/2/2025,,Wedbush_Clearing and Exchange Fees_20250402,,,,50120,,,ARB03490_USD,,,,672.0,,,,,,,,,,
2692,,GJ,4/2/2025,,Wedbush_Clearing and Exchange Fees_20250402,,,,50120,,,ARB03491_USD,,,,445.2,,,,,,,,,,
2693,,GJ,4/2/2025,,Wedbush_Clearing and Exchange Fees_20250402,,,,50120,ATGN,D23300,ARB03492_USD,,,,711.9,,,,,,C03163,,,,
2694,,GJ,4/2/2025,,Wedbush_Clearing and Exchange Fees_20250402,,,,50120,303P,D21300,ARB04009_USD,,,,10.120000000000001,,,,,,C04009,,,,
2695,,GJ,4/2/2025,,Wedbush_Clearing and Exchange Fees_20250402,,,,50120,303P,D21300,ARB04010_USD,,,,57.86,,,,,,C04009,,,,
2696,,GJ,4/2/2025,,Wedbush_Clearing and Exchange Fees_20250402,,,,50120,303P,D21300,ARB04011_USD,,,,59.13,,,,,,C04009,,,,
2697,,GJ,4/2/2025,,Wedbush_Clearing and Exchange Fees_20250402,,,,50120,303P,D21300,ARB04012_USD,,,,2.8,,,,,,C04009,,,,
2698,,GJ,4/2/2025,,Wedbush_Clearing and Exchange Fees_20250402,,,,50120,303P,D21300,ARB04013_USD,,,,8.440000000000001,,,,,,C04009,,,,
2699,,GJ,4/2/2025,,Wedbush_Clearing and Exchange Fees_20250402,,,,50120,303P,D21300,ARB04014_USD,,,,27.81,,,,,,C04009,,,,
2700,,GJ,4/2/2025,,Wedbush_Clearing and Exchange Fees_20250402,,,,50120,303P,D21300,ARB04015_USD,,,,48.3,,,,,,C04009,,,,
2701,,GJ,4/2/2025,,Wedbush_Clearing and Exchange Fees_20250402,,,,50120,303P,D21300,ARB04020_USD,,,,1.08,,,,,,C04020,,,,
2702,,GJ,4/2/2025,,Wedbush_Clearing and Exchange Fees_20250402,,,,50120,303P,D21030,ARB04021_USD,,,,18.240000000000002,,,,,,C03084,,,,
2703,,GJ,4/2/2025,,Wedbush_Clearing and Exchange Fees_20250402,,,,50120,303P,D21030,ARB04022_USD,,,,247.21,,,,,,C04022,,,,
2704,,GJ,4/2/2025,,Wedbush_Clearing and Exchange Fees_20250402,,,,50120,303P,D21300,ARB04024_USD,,,,13.94,,,,,,C04024,,,,
2705,,GJ,4/2/2025,,Wedbush_Clearing and Exchange Fees_20250402,,,,50120,303P,D21300,ARB04057_USD,,,,79.2,,,,,,C01057,,,,
2706,,GJ,4/2/2025,,Wedbush_Clearing and Exchange Fees_20250402,,,,50120,303P,D21300,ARB05057_EUR,,,,0.0,,,,,,C01057,,,,
2707,,GJ,4/2/2025,,Wedbush_Clearing and Exchange Fees_20250402,,,,50120,303P,D21300,ARB05057_USD,,,,845.5,,,,,,C01057,,,,
2708,,GJ,4/2/2025,,Wedbush_Clearing and Exchange Fees_20250402,,,,50120,ATGN,D21300,ARB05357_EUR,,,,0.0,,,,,,C01057,,,,
2709,,GJ,4/2/2025,,Wedbush_Clearing and Exchange Fees_20250402,,,,50120,ATGN,D21300,ARB05357_GBP,,,,11462.64,,,,,,C01057,,,,
2710,,GJ,4/2/2025,,Wedbush_Clearing and Exchange Fees_20250402,,,,50120,303P,D21300,ARB06057_USD,,,,1151.92,,,,,,C01057,,,,
2711,,GJ,4/2/2025,,Wedbush_Clearing and Exchange Fees_20250402,,,,50120,ATGN,D21300,ARB06357_USD,,,,1056.33,,,,,,C01057,,,,
