,DONOTIMPORT,JOURNAL,DATE,REVERSEDATE,DESCRIPTION,REFERENCE_NO,SOURCEENTITY,LINE_NO,ACCT_NO,LOCATION_ID,DEPT_ID,GLENTRY_CLASSID,GLENTRY_PROJECTID,DOCUMENT,MEMO,DEBIT,CREDIT,CURRENCY,EXCH_RATE_DATE,EXCH_RATE_TYPE_ID,EXCHANGE_RATE,GLENTRY_CUSTOMERID,GLENTRY_VENDORID,GLENTRY_EMPLOYEEID,GLENTRY_ITEMID,ALLOCATION_ID
0,,GJ,5/29/2026,,"Wedbush_Trading gain (loss), net_20260529",,,,12100,303P,D24300,ARB00020_USD,,,,35066.1,,,,,,C00020,,,,
1,,GJ,5/29/2026,,"Wedbush_Trading gain (loss), net_20260529",,,,12100,303P,D21300,ARB00054_USD,,,,10815.0,,,,,,C00054,,,,
2,,GJ,5/29/2026,,"Wedbush_Trading gain (loss), net_20260529",,,,12100,303P,D21300,ARB00055_USD,,,,,5929.850000000006,,,,,C00054,,,,
3,,GJ,5/29/2026,,"Wedbush_Trading gain (loss), net_20260529",,,,12100,303P,D21300,ARB00068_USD,,,,,32102.5,,,,,C03068,,,,
4,,GJ,5/29/2026,,"Wedbush_Trading gain (loss), net_20260529",,,,12100,303P,D21300,ARB00090_USD,,,,,9640.5,,,,,C00090,,,,
5,,GJ,5/29/2026,,"Wedbush_Trading gain (loss), net_20260529",,,,12100,303P,D23300,ARB00110_USD,,,,167.5,,,,,,C00110,,,,
6,,GJ,5/29/2026,,"Wedbush_Trading gain (loss), net_20260529",,,,12100,303P,D23300,ARB00112_USD,,,,2582.5,,,,,,C00112,,,,
7,,GJ,5/29/2026,,"Wedbush_Trading gain (loss), net_20260529",,,,12100,303P,D23300,ARB00113_USD,,,,27.819999999999936,,,,,,C00112,,,,
8,,GJ,5/29/2026,,"Wedbush_Trading gain (loss), net_20260529",,,,12100,303P,D23300,ARB00122_USD,,,,,9630.5,,,,,C00122,,,,
9,,GJ,5/29/2026,,"Wedbush_Trading gain (loss), net_20260529",,,,12100,303P,D23080,ARB00123_USD,,,,,70240.0,,,,,C01231,,,,
10,,GJ,5/29/2026,,"Wedbush_Trading gain (loss), net_20260529",,,,12100,303P,D23020,ARB00124_USD,,,,,16162.0,,,,,C00124,,,,
11,,GJ,5/29/2026,,"Wedbush_Trading gain (loss), net_20260529",,,,12100,303P,D23020,ARB00126_USD,,,,1426.5,,,,,,C00426,,,,
12,,GJ,5/29/2026,,"Wedbush_Trading gain (loss), net_20260529",,,,12100,303P,D23300,ARB00132_USD,,,,9352.5,,,,,,C00132,,,,
13,,GJ,5/29/2026,,"Wedbush_Trading gain (loss), net_20260529",,,,12100,303P,D23300,ARB00135_USD,,,,,5582.5,,,,,C00135,,,,
14,,GJ,5/29/2026,,"Wedbush_Trading gain (loss), net_20260529",,,,12100,303P,D23020,ARB00143_USD,,,,3019.0,,,,,,C00125,,,,
15,,GJ,5/29/2026,,"Wedbush_Trading gain (loss), net_20260529",,,,12100,303P,D23020,ARB00146_USD,,,,,7880.0,,,,,C00146,,,,
16,,GJ,5/29/2026,,"Wedbush_Trading gain (loss), net_20260529",,,,12100,303P,D23300,ARB00149_USD,,,,,3872.500000000002,,,,,C00149,,,,
17,,GJ,5/29/2026,,"Wedbush_Trading gain (loss), net_20260529",,,,12100,303P,D23300,ARB00156_USD,,,,89320.75,,,,,,C00156,,,,
18,,GJ,5/29/2026,,"Wedbush_Trading gain (loss), net_20260529",,,,12100,303P,D23010,ARB00160_USD,,,,,1905.5,,,,,C00160,,,,
19,,GJ,5/29/2026,,"Wedbush_Trading gain (loss), net_20260529",,,,12100,303P,D23010,ARB00161_USD,,,,,12772.75,,,,,C00161,,,,
20,,GJ,5/29/2026,,"Wedbush_Trading gain (loss), net_20260529",,,,12100,303P,D23010,ARB00169_USD,,,,18904.520000000004,,,,,,C00469,,,,
21,,GJ,5/29/2026,,"Wedbush_Trading gain (loss), net_20260529",,,,12100,303P,D23060,ARB00186_USD,,,,,85.59999999999854,,,,,C00186,,,,
22,,GJ,5/29/2026,,"Wedbush_Trading gain (loss), net_20260529",,,,12100,303P,D23060,ARB00188_USD,,,,,3174.5,,,,,C00186,,,,
23,,GJ,5/29/2026,,"Wedbush_Trading gain (loss), net_20260529",,,,12100,303P,D23300,ARB00193_USD,,,,,9124.0,,,,,C00193,,,,
24,,GJ,5/29/2026,,"Wedbush_Trading gain (loss), net_20260529",,,,12100,303P,D23300,ARB00194_USD,,,,32314.4,,,,,,C00194,,,,
25,,GJ,5/29/2026,,"Wedbush_Trading gain (loss), net_20260529",,,,12100,303P,D22000,ARB00203_USD,,,,10.0,,,,,,C00203,,,,
26,,GJ,5/29/2026,,"Wedbush_Trading gain (loss), net_20260529",,,,12100,303P,D22000,ARB00214_USD,,,,4832.6,,,,,,C00214,,,,
27,,GJ,5/29/2026,,"Wedbush_Trading gain (loss), net_20260529",,,,12100,303P,D22000,ARB00215_USD,,,,18840.26,,,,,,C00215,,,,
28,,GJ,5/29/2026,,"Wedbush_Trading gain (loss), net_20260529",,,,12100,303P,D22000,ARB00220_USD,,,,9827.9,,,,,,C00220,,,,
29,,GJ,5/29/2026,,"Wedbush_Trading gain (loss), net_20260529",,,,12100,303P,D22000,ARB00257_USD,,,,17382.84,,,,,,C00257,,,,
30,,GJ,5/29/2026,,"Wedbush_Trading gain (loss), net_20260529",,,,12100,303P,D22000,ARB00267_USD,,,,6908.769999999997,,,,,,C00267,,,,
31,,GJ,5/29/2026,,"Wedbush_Trading gain (loss), net_20260529",,,,12100,ATGN,D21300,ARB00311_USD,,,,4157.74,,,,,,C00011,,,,
32,,GJ,5/29/2026,,"Wedbush_Trading gain (loss), net_20260529",,,,12100,ATGN,D24300,ARB00320_EUR,,,,4825.0,,,,,,C00020,,,,
33,,GJ,5/29/2026,,"Wedbush_Trading gain (loss), net_20260529",,,,12100,ATGN,D24300,ARB00320_GBP,,,,4850.0,,,,,,C00020,,,,
34,,GJ,5/29/2026,,"Wedbush_Trading gain (loss), net_20260529",,,,12100,ATGN,D21300,ARB00354_USD,,,,3092.8,,,,,,C00054,,,,
35,,GJ,5/29/2026,,"Wedbush_Trading gain (loss), net_20260529",,,,12100,ATGN,D21300,ARB00355_EUR,,,,687.5,,,,,,C00054,,,,
36,,GJ,5/29/2026,,"Wedbush_Trading gain (loss), net_20260529",,,,12100,ATGN,D21300,ARB00355_GBP,,,,500.0,,,,,,C00054,,,,
37,,GJ,5/29/2026,,"Wedbush_Trading gain (loss), net_20260529",,,,12100,ATGN,D21300,ARB00390_CAD,,,,,1450.0,,,,,C00090,,,,
38,,GJ,5/29/2026,,"Wedbush_Trading gain (loss), net_20260529",,,,12100,ATGN,D21300,ARB00390_USD,,,,,130040.0,,,,,C00090,,,,
39,,GJ,5/29/2026,,"Wedbush_Trading gain (loss), net_20260529",,,,12100,ATGN,D23300,ARB00410_EUR,,,,,0.0,,,,,C00110,,,,
40,,GJ,5/29/2026,,"Wedbush_Trading gain (loss), net_20260529",,,,12100,ATGN,D23300,ARB00410_GBP,,,,35.0,,,,,,C00110,,,,
41,,GJ,5/29/2026,,"Wedbush_Trading gain (loss), net_20260529",,,,12100,ATGN,D23300,ARB00412_EUR,,,,900.0,,,,,,C00112,,,,
42,,GJ,5/29/2026,,"Wedbush_Trading gain (loss), net_20260529",,,,12100,ATGN,D23300,ARB00412_GBP,,,,,2085.0,,,,,C00112,,,,
43,,GJ,5/29/2026,,"Wedbush_Trading gain (loss), net_20260529",,,,12100,ATGN,D23300,ARB00412_USD,,,,1120.0,,,,,,C00112,,,,
44,,GJ,5/29/2026,,"Wedbush_Trading gain (loss), net_20260529",,,,12100,ATGN,D23300,ARB00422_EUR,,,,,0.0,,,,,C00122,,,,
45,,GJ,5/29/2026,,"Wedbush_Trading gain (loss), net_20260529",,,,12100,ATGN,D23300,ARB00422_GBP,,,,,160.0,,,,,C00122,,,,
46,,GJ,5/29/2026,,"Wedbush_Trading gain (loss), net_20260529",,,,12100,ATGN,D23300,ARB00422_USD,,,,14081.1,,,,,,C00122,,,,
47,,GJ,5/29/2026,,"Wedbush_Trading gain (loss), net_20260529",,,,12100,ATGN,D23080,ARB00423_CAD,,,,,4864.0,,,,,C01231,,,,
48,,GJ,5/29/2026,,"Wedbush_Trading gain (loss), net_20260529",,,,12100,ATGN,D23080,ARB00423_EUR,,,,,0.0,,,,,C01231,,,,
49,,GJ,5/29/2026,,"Wedbush_Trading gain (loss), net_20260529",,,,12100,ATGN,D23080,ARB00423_GBP,,,,,0.0,,,,,C01231,,,,
50,,GJ,5/29/2026,,"Wedbush_Trading gain (loss), net_20260529",,,,12100,ATGN,D23080,ARB00423_USD,,,,8003.949999999997,,,,,,C01231,,,,
51,,GJ,5/29/2026,,"Wedbush_Trading gain (loss), net_20260529",,,,12100,ATGN,D23020,ARB00424_CAD,,,,,2600.0,,,,,C00124,,,,
52,,GJ,5/29/2026,,"Wedbush_Trading gain (loss), net_20260529",,,,12100,ATGN,D23020,ARB00424_EUR,,,,,0.0,,,,,C00124,,,,
53,,GJ,5/29/2026,,"Wedbush_Trading gain (loss), net_20260529",,,,12100,ATGN,D23020,ARB00424_GBP,,,,,8480.0,,,,,C00124,,,,
54,,GJ,5/29/2026,,"Wedbush_Trading gain (loss), net_20260529",,,,12100,ATGN,D23020,ARB00424_USD,,,,36345.75,,,,,,C00124,,,,
55,,GJ,5/29/2026,,"Wedbush_Trading gain (loss), net_20260529",,,,12100,ATGN,D23020,ARB00425_EUR,,,,,0.0,,,,,C00125,,,,
56,,GJ,5/29/2026,,"Wedbush_Trading gain (loss), net_20260529",,,,12100,ATGN,D23020,ARB00425_GBP,,,,7390.0,,,,,,C00125,,,,
57,,GJ,5/29/2026,,"Wedbush_Trading gain (loss), net_20260529",,,,12100,ATGN,D23020,ARB00425_USD,,,,6245.5999999999985,,,,,,C00125,,,,
58,,GJ,5/29/2026,,"Wedbush_Trading gain (loss), net_20260529",,,,12100,ATGN,D23020,ARB00426_EUR,,,,,0.0,,,,,C00426,,,,
59,,GJ,5/29/2026,,"Wedbush_Trading gain (loss), net_20260529",,,,12100,ATGN,D23020,ARB00426_GBP,,,,2650.0,,,,,,C00426,,,,
60,,GJ,5/29/2026,,"Wedbush_Trading gain (loss), net_20260529",,,,12100,ATGN,D23020,ARB00426_USD,,,,14215.799999999988,,,,,,C00426,,,,
61,,GJ,5/29/2026,,"Wedbush_Trading gain (loss), net_20260529",,,,12100,ATGN,D23300,ARB00432_EUR,,,,6012.5,,,,,,C00132,,,,
62,,GJ,5/29/2026,,"Wedbush_Trading gain (loss), net_20260529",,,,12100,ATGN,D23300,ARB00432_GBP,,,,,875.0,,,,,C00132,,,,
63,,GJ,5/29/2026,,"Wedbush_Trading gain (loss), net_20260529",,,,12100,ATGN,D23300,ARB00432_USD,,,,760.0,,,,,,C00132,,,,
64,,GJ,5/29/2026,,"Wedbush_Trading gain (loss), net_20260529",,,,12100,ATGN,D23300,ARB00435_EUR,,,,,0.0,,,,,C00135,,,,
65,,GJ,5/29/2026,,"Wedbush_Trading gain (loss), net_20260529",,,,12100,ATGN,D23300,ARB00435_GBP,,,,,0.0,,,,,C00135,,,,
66,,GJ,5/29/2026,,"Wedbush_Trading gain (loss), net_20260529",,,,12100,ATGN,D23300,ARB00435_USD,,,,27311.2,,,,,,C00135,,,,
67,,GJ,5/29/2026,,"Wedbush_Trading gain (loss), net_20260529",,,,12100,ATGN,D23020,ARB00442_USD,,,,,2316.0,,,,,C00124,,,,
68,,GJ,5/29/2026,,"Wedbush_Trading gain (loss), net_20260529",,,,12100,ATGN,D23020,ARB00443_USD,,,,,2060.8,,,,,C00125,,,,
69,,GJ,5/29/2026,,"Wedbush_Trading gain (loss), net_20260529",,,,12100,ATGN,D23020,ARB00446_EUR,,,,,0.0,,,,,C00146,,,,
70,,GJ,5/29/2026,,"Wedbush_Trading gain (loss), net_20260529",,,,12100,ATGN,D23020,ARB00446_GBP,,,,,630.0,,,,,C00146,,,,
71,,GJ,5/29/2026,,"Wedbush_Trading gain (loss), net_20260529",,,,12100,ATGN,D23020,ARB00446_USD,,,,,1133.9999999999927,,,,,C00146,,,,
72,,GJ,5/29/2026,,"Wedbush_Trading gain (loss), net_20260529",,,,12100,ATGN,D23300,ARB00449_EUR,,,,,0.0,,,,,C00149,,,,
73,,GJ,5/29/2026,,"Wedbush_Trading gain (loss), net_20260529",,,,12100,ATGN,D23300,ARB00449_GBP,,,,280.0,,,,,,C00149,,,,
74,,GJ,5/29/2026,,"Wedbush_Trading gain (loss), net_20260529",,,,12100,ATGN,D23300,ARB00449_USD,,,,10479.399999999994,,,,,,C00149,,,,
75,,GJ,5/29/2026,,"Wedbush_Trading gain (loss), net_20260529",,,,12100,ATGN,D23300,ARB00456_EUR,,,,562.5,,,,,,C00156,,,,
76,,GJ,5/29/2026,,"Wedbush_Trading gain (loss), net_20260529",,,,12100,ATGN,D23300,ARB00456_GBP,,,,,7012.5,,,,,C00156,,,,
77,,GJ,5/29/2026,,"Wedbush_Trading gain (loss), net_20260529",,,,12100,ATGN,D23300,ARB00456_USD,,,,13831.2,,,,,,C00156,,,,
78,,GJ,5/29/2026,,"Wedbush_Trading gain (loss), net_20260529",,,,12100,ATGN,D23010,ARB00460_CAD,,,,,4532.0,,,,,C00160,,,,
79,,GJ,5/29/2026,,"Wedbush_Trading gain (loss), net_20260529",,,,12100,ATGN,D23010,ARB00460_USD,,,,4560.0,,,,,,C00160,,,,
80,,GJ,5/29/2026,,"Wedbush_Trading gain (loss), net_20260529",,,,12100,ATGN,D23010,ARB00461_CAD,,,,5662.0,,,,,,C00161,,,,
81,,GJ,5/29/2026,,"Wedbush_Trading gain (loss), net_20260529",,,,12100,ATGN,D23010,ARB00461_USD,,,,,2442.5,,,,,C00161,,,,
82,,GJ,5/29/2026,,"Wedbush_Trading gain (loss), net_20260529",,,,12100,ATGN,D23010,ARB00469_CAD,,,,19850.0,,,,,,C00469,,,,
83,,GJ,5/29/2026,,"Wedbush_Trading gain (loss), net_20260529",,,,12100,ATGN,D23010,ARB00469_EUR,,,,,0.0,,,,,C00469,,,,
84,,GJ,5/29/2026,,"Wedbush_Trading gain (loss), net_20260529",,,,12100,ATGN,D23010,ARB00469_GBP,,,,,6100.0,,,,,C00469,,,,
85,,GJ,5/29/2026,,"Wedbush_Trading gain (loss), net_20260529",,,,12100,ATGN,D23010,ARB00469_USD,,,,25137.5,,,,,,C00469,,,,
86,,GJ,5/29/2026,,"Wedbush_Trading gain (loss), net_20260529",,,,12100,ATGN,D23060,ARB00486_EUR,,,,,0.0,,,,,C00186,,,,
87,,GJ,5/29/2026,,"Wedbush_Trading gain (loss), net_20260529",,,,12100,ATGN,D23060,ARB00486_GBP,,,,,0.0,,,,,C00186,,,,
88,,GJ,5/29/2026,,"Wedbush_Trading gain (loss), net_20260529",,,,12100,ATGN,D23060,ARB00486_USD,,,,,10413.75,,,,,C00186,,,,
89,,GJ,5/29/2026,,"Wedbush_Trading gain (loss), net_20260529",,,,12100,ATGN,D23060,ARB00488_USD,,,,,1215.0,,,,,C00186,,,,
90,,GJ,5/29/2026,,"Wedbush_Trading gain (loss), net_20260529",,,,12100,ATGN,D23300,ARB00493_CAD,,,,2452.0,,,,,,C00193,,,,
91,,GJ,5/29/2026,,"Wedbush_Trading gain (loss), net_20260529",,,,12100,ATGN,D23300,ARB00493_EUR,,,,,0.0,,,,,C00193,,,,
92,,GJ,5/29/2026,,"Wedbush_Trading gain (loss), net_20260529",,,,12100,ATGN,D23300,ARB00493_GBP,,,,,320.0,,,,,C00193,,,,
93,,GJ,5/29/2026,,"Wedbush_Trading gain (loss), net_20260529",,,,12100,ATGN,D23300,ARB00493_USD,,,,14415.599999999991,,,,,,C00193,,,,
94,,GJ,5/29/2026,,"Wedbush_Trading gain (loss), net_20260529",,,,12100,ATGN,D23300,ARB00494_CAD,,,,,2552.0,,,,,C00194,,,,
95,,GJ,5/29/2026,,"Wedbush_Trading gain (loss), net_20260529",,,,12100,ATGN,D23300,ARB00494_EUR,,,,,0.0,,,,,C00194,,,,
96,,GJ,5/29/2026,,"Wedbush_Trading gain (loss), net_20260529",,,,12100,ATGN,D23300,ARB00494_GBP,,,,3040.0,,,,,,C00194,,,,
97,,GJ,5/29/2026,,"Wedbush_Trading gain (loss), net_20260529",,,,12100,ATGN,D23300,ARB00494_USD,,,,33934.0,,,,,,C00194,,,,
98,,GJ,5/29/2026,,"Wedbush_Trading gain (loss), net_20260529",,,,12100,ATGN,D22000,ARB00503_EUR,,,,,0.0,,,,,C00203,,,,
99,,GJ,5/29/2026,,"Wedbush_Trading gain (loss), net_20260529",,,,12100,ATGN,D22000,ARB00503_GBP,,,,200.0,,,,,,C00203,,,,
100,,GJ,5/29/2026,,"Wedbush_Trading gain (loss), net_20260529",,,,12100,ATGN,D22000,ARB00503_USD,,,,5448.5999999999985,,,,,,C00203,,,,
101,,GJ,5/29/2026,,"Wedbush_Trading gain (loss), net_20260529",,,,12100,ATGN,D22000,ARB00514_EUR,,,,,0.0,,,,,C00214,,,,
102,,GJ,5/29/2026,,"Wedbush_Trading gain (loss), net_20260529",,,,12100,ATGN,D22000,ARB00514_GBP,,,,112.0,,,,,,C00214,,,,
103,,GJ,5/29/2026,,"Wedbush_Trading gain (loss), net_20260529",,,,12100,ATGN,D22000,ARB00520_EUR,,,,,0.0,,,,,C00220,,,,
104,,GJ,5/29/2026,,"Wedbush_Trading gain (loss), net_20260529",,,,12100,ATGN,D22000,ARB00520_GBP,,,,300.0,,,,,,C00220,,,,
105,,GJ,5/29/2026,,"Wedbush_Trading gain (loss), net_20260529",,,,12100,ATGN,D22000,ARB00520_USD,,,,,50.0,,,,,C00220,,,,
106,,GJ,5/29/2026,,"Wedbush_Trading gain (loss), net_20260529",,,,12100,ATGN,D22000,ARB00557_EUR,,,,,0.0,,,,,C00257,,,,
107,,GJ,5/29/2026,,"Wedbush_Trading gain (loss), net_20260529",,,,12100,ATGN,D22000,ARB00557_GBP,,,,,0.0,,,,,C00257,,,,
108,,GJ,5/29/2026,,"Wedbush_Trading gain (loss), net_20260529",,,,12100,ATGN,D22000,ARB00567_EUR,,,,,0.0,,,,,C00267,,,,
109,,GJ,5/29/2026,,"Wedbush_Trading gain (loss), net_20260529",,,,12100,ATGN,D22000,ARB00567_GBP,,,,750.0,,,,,,C00267,,,,
110,,GJ,5/29/2026,,"Wedbush_Trading gain (loss), net_20260529",,,,12100,ATGN,D22000,ARB00567_USD,,,,5705.099999999999,,,,,,C00267,,,,
111,,GJ,5/29/2026,,"Wedbush_Trading gain (loss), net_20260529",,,,12100,303S,D21300,ARB00754_USD,,,,37187.479999974516,,,,,,C00754,,,,
112,,GJ,5/29/2026,,"Wedbush_Trading gain (loss), net_20260529",,,,12100,303S,D21030,ARB00765_USD,,,,29801.76000000112,,,,,,C00765,,,,
113,,GJ,5/29/2026,,"Wedbush_Trading gain (loss), net_20260529",,,,12100,303P,D21030,ARB01002_USD,,,,42631.159999999996,,,,,,C01064,,,,
114,,GJ,5/29/2026,,"Wedbush_Trading gain (loss), net_20260529",,,,12100,303P,D21300,ARB01057_MXN,,,,265555.0,,,,,,C01057,,,,
115,,GJ,5/29/2026,,"Wedbush_Trading gain (loss), net_20260529",,,,12100,303P,D21300,ARB01057_USD,,,,,18750.11000000208,,,,,C01057,,,,
116,,GJ,5/29/2026,,"Wedbush_Trading gain (loss), net_20260529",,,,12100,303P,D21030,ARB01063_USD,,,,7777.889999999999,,,,,,C01063,,,,
117,,GJ,5/29/2026,,"Wedbush_Trading gain (loss), net_20260529",,,,12100,303P,D21030,ARB01064_USD,,,,,366.1600000000003,,,,,C01064,,,,
118,,GJ,5/29/2026,,"Wedbush_Trading gain (loss), net_20260529",,,,12100,303P,D21030,ARB01065_USD,,,,14272.970000000001,,,,,,C01065,,,,
119,,GJ,5/29/2026,,"Wedbush_Trading gain (loss), net_20260529",,,,12100,303P,D21030,ARB01066_USD,,,,179.70000000000005,,,,,,C01066,,,,
120,,GJ,5/29/2026,,"Wedbush_Trading gain (loss), net_20260529",,,,12100,303P,D21030,ARB01067_USD,,,,1180.0,,,,,,C01067,,,,
121,,GJ,5/29/2026,,"Wedbush_Trading gain (loss), net_20260529",,,,12100,303P,D21030,ARB01071_USD,,,,5429.580000000002,,,,,,C01071,,,,
122,,GJ,5/29/2026,,"Wedbush_Trading gain (loss), net_20260529",,,,12100,303P,D21030,ARB01073_USD,,,,,1616.2700000000007,,,,,C01073,,,,
123,,GJ,5/29/2026,,"Wedbush_Trading gain (loss), net_20260529",,,,12100,303P,D21030,ARB01076_USD,,,,17335.469999999998,,,,,,C01076,,,,
124,,GJ,5/29/2026,,"Wedbush_Trading gain (loss), net_20260529",,,,12100,303P,D21030,ARB01078_USD,,,,33173.02,,,,,,C01078,,,,
125,,GJ,5/29/2026,,"Wedbush_Trading gain (loss), net_20260529",,,,12100,303P,D21030,ARB01092_USD,,,,62414.6799999997,,,,,,C01092,,,,
126,,GJ,5/29/2026,,"Wedbush_Trading gain (loss), net_20260529",,,,12100,303P,D23020,ARB01100_USD,,,,,3426.0,,,,,C00146,,,,
127,,GJ,5/29/2026,,"Wedbush_Trading gain (loss), net_20260529",,,,12100,303P,D23020,ARB01117_USD,,,,,750.0,,,,,C01117,,,,
128,,GJ,5/29/2026,,"Wedbush_Trading gain (loss), net_20260529",,,,12100,303P,D23300,ARB01129_USD,,,,,2650.0,,,,,C00149,,,,
129,,GJ,5/29/2026,,"Wedbush_Trading gain (loss), net_20260529",,,,12100,303P,D23300,ARB01145_USD,,,,34447.75,,,,,,C01145,,,,
130,,GJ,5/29/2026,,"Wedbush_Trading gain (loss), net_20260529",,,,12100,303P,D23010,ARB01157_USD,,,,11987.5,,,,,,C01157,,,,
131,,GJ,5/29/2026,,"Wedbush_Trading gain (loss), net_20260529",,,,12100,303P,D23010,ARB01158_USD,,,,138770.45,,,,,,C01158,,,,
132,,GJ,5/29/2026,,"Wedbush_Trading gain (loss), net_20260529",,,,12100,303P,D23010,ARB01166_USD,,,,,12247.5,,,,,C01166,,,,
133,,GJ,5/29/2026,,"Wedbush_Trading gain (loss), net_20260529",,,,12100,303P,D23010,ARB01172_USD,,,,,14233.0,,,,,C01172,,,,
134,,GJ,5/29/2026,,"Wedbush_Trading gain (loss), net_20260529",,,,12100,303P,D23010,ARB01176_USD,,,,26349.5,,,,,,C01176,,,,
135,,GJ,5/29/2026,,"Wedbush_Trading gain (loss), net_20260529",,,,12100,303P,D23010,ARB01177_USD,,,,,2331.25,,,,,C00469,,,,
136,,GJ,5/29/2026,,"Wedbush_Trading gain (loss), net_20260529",,,,12100,303P,D23300,ARB01195_USD,,,,,2990.0,,,,,C00193,,,,
137,,GJ,5/29/2026,,"Wedbush_Trading gain (loss), net_20260529",,,,12100,ATGN,D21300,ARB01357_CHF,,,,,3068.75,,,,,C01057,,,,
138,,GJ,5/29/2026,,"Wedbush_Trading gain (loss), net_20260529",,,,12100,ATGN,D21300,ARB01357_EUR,,,,32995.85000002384,,,,,,C01057,,,,
139,,GJ,5/29/2026,,"Wedbush_Trading gain (loss), net_20260529",,,,12100,ATGN,D21300,ARB01357_GBP,,,,30589.699999994016,,,,,,C01057,,,,
140,,GJ,5/29/2026,,"Wedbush_Trading gain (loss), net_20260529",,,,12100,ATGN,D21300,ARB01357_USD,,,,101375.0,,,,,,C01057,,,,
141,,GJ,5/29/2026,,"Wedbush_Trading gain (loss), net_20260529",,,,12100,ATGN,D23020,ARB01400_EUR,,,,,0.0,,,,,C00146,,,,
142,,GJ,5/29/2026,,"Wedbush_Trading gain (loss), net_20260529",,,,12100,ATGN,D23020,ARB01400_GBP,,,,,0.0,,,,,C00146,,,,
143,,GJ,5/29/2026,,"Wedbush_Trading gain (loss), net_20260529",,,,12100,ATGN,D23020,ARB01400_USD,,,,8406.400000000001,,,,,,C00146,,,,
144,,GJ,5/29/2026,,"Wedbush_Trading gain (loss), net_20260529",,,,12100,ATGN,D23020,ARB01417_EUR,,,,,0.0,,,,,C01117,,,,
145,,GJ,5/29/2026,,"Wedbush_Trading gain (loss), net_20260529",,,,12100,ATGN,D23020,ARB01417_GBP,,,,2150.0,,,,,,C01117,,,,
146,,GJ,5/29/2026,,"Wedbush_Trading gain (loss), net_20260529",,,,12100,ATGN,D23020,ARB01417_USD,,,,,3369.6000000000004,,,,,C01117,,,,
147,,GJ,5/29/2026,,"Wedbush_Trading gain (loss), net_20260529",,,,12100,ATGN,D23300,ARB01445_EUR,,,,14037.5,,,,,,C01145,,,,
148,,GJ,5/29/2026,,"Wedbush_Trading gain (loss), net_20260529",,,,12100,ATGN,D23300,ARB01445_GBP,,,,8387.5,,,,,,C01145,,,,
149,,GJ,5/29/2026,,"Wedbush_Trading gain (loss), net_20260529",,,,12100,ATGN,D23010,ARB01457_CAD,,,,1114.0,,,,,,C01157,,,,
150,,GJ,5/29/2026,,"Wedbush_Trading gain (loss), net_20260529",,,,12100,ATGN,D23010,ARB01457_USD,,,,12635.0,,,,,,C01157,,,,
151,,GJ,5/29/2026,,"Wedbush_Trading gain (loss), net_20260529",,,,12100,ATGN,D23010,ARB01458_CAD,,,,,1558.0,,,,,C01158,,,,
152,,GJ,5/29/2026,,"Wedbush_Trading gain (loss), net_20260529",,,,12100,ATGN,D23010,ARB01458_USD,,,,12750.0,,,,,,C01158,,,,
153,,GJ,5/29/2026,,"Wedbush_Trading gain (loss), net_20260529",,,,12100,ATGN,D23010,ARB01466_CAD,,,,2178.0,,,,,,C01166,,,,
154,,GJ,5/29/2026,,"Wedbush_Trading gain (loss), net_20260529",,,,12100,ATGN,D23010,ARB01466_USD,,,,,390.0,,,,,C01166,,,,
155,,GJ,5/29/2026,,"Wedbush_Trading gain (loss), net_20260529",,,,12100,ATGN,D23010,ARB01472_CAD,,,,1598.0,,,,,,C01172,,,,
156,,GJ,5/29/2026,,"Wedbush_Trading gain (loss), net_20260529",,,,12100,ATGN,D23010,ARB01472_USD,,,,65.0,,,,,,C01172,,,,
157,,GJ,5/29/2026,,"Wedbush_Trading gain (loss), net_20260529",,,,12100,ATGN,D23010,ARB01476_USD,,,,,8019.0,,,,,C01176,,,,
158,,GJ,5/29/2026,,"Wedbush_Trading gain (loss), net_20260529",,,,12100,303P,D21300,ARB01602_USD,,,,,81.25,,,,,C01602,,,,
159,,GJ,5/29/2026,,"Wedbush_Trading gain (loss), net_20260529",,,,12100,303P,D21300,ARB01606_USD,,,,,0.0,,,,,C01606,,,,
160,,GJ,5/29/2026,,"Wedbush_Trading gain (loss), net_20260529",,,,12100,303P,D21300,ARB02012_USD,,,,76135.0,,,,,,C02012,,,,
161,,GJ,5/29/2026,,"Wedbush_Trading gain (loss), net_20260529",,,,12100,303P,D21300,ARB02040_USD,,,,3765.63,,,,,,C02040,,,,
162,,GJ,5/29/2026,,"Wedbush_Trading gain (loss), net_20260529",,,,12100,303P,D21300,ARB02043_USD,,,,247609.04000000004,,,,,,C02520,,,,
163,,GJ,5/29/2026,,"Wedbush_Trading gain (loss), net_20260529",,,,12100,303P,D21300,ARB02044_USD,,,,307045.87,,,,,,C02044,,,,
164,,GJ,5/29/2026,,"Wedbush_Trading gain (loss), net_20260529",,,,12100,303P,D21300,ARB02045_USD,,,,,12187.609999999999,,,,,C02045,,,,
165,,GJ,5/29/2026,,"Wedbush_Trading gain (loss), net_20260529",,,,12100,303P,D21030,ARB02047_USD,,,,23780.5,,,,,,C01092,,,,
166,,GJ,5/29/2026,,"Wedbush_Trading gain (loss), net_20260529",,,,12100,303P,D21030,ARB02052_USD,,,,,34789.25,,,,,C01078,,,,
167,,GJ,5/29/2026,,"Wedbush_Trading gain (loss), net_20260529",,,,12100,303P,D21300,ARB02055_USD,,,,3167.17,,,,,,C00054,,,,
168,,GJ,5/29/2026,,"Wedbush_Trading gain (loss), net_20260529",,,,12100,303P,D21300,ARB02076_USD,,,,135090.94,,,,,,C02076,,,,
169,,GJ,5/29/2026,,"Wedbush_Trading gain (loss), net_20260529",,,,12100,303P,D23010,ARB02102_USD,,,,2425.0,,,,,,C02102,,,,
170,,GJ,5/29/2026,,"Wedbush_Trading gain (loss), net_20260529",,,,12100,303P,D23010,ARB02103_USD,,,,86165.0,,,,,,C00163,,,,
171,,GJ,5/29/2026,,"Wedbush_Trading gain (loss), net_20260529",,,,12100,303P,D23080,ARB02116_USD,,,,,8484.25,,,,,C02116,,,,
172,,GJ,5/29/2026,,"Wedbush_Trading gain (loss), net_20260529",,,,12100,303P,D23080,ARB02118_USD,,,,4458.0,,,,,,C01234,,,,
173,,GJ,5/29/2026,,"Wedbush_Trading gain (loss), net_20260529",,,,12100,303P,D23300,ARB02121_USD,,,,1043.7799999999997,,,,,,C02121,,,,
174,,GJ,5/29/2026,,"Wedbush_Trading gain (loss), net_20260529",,,,12100,303P,D23020,ARB02129_USD,,,,,2121.5999999999985,,,,,C02129,,,,
175,,GJ,5/29/2026,,"Wedbush_Trading gain (loss), net_20260529",,,,12100,303P,D23010,ARB02132_USD,,,,,77622.5,,,,,C02132,,,,
176,,GJ,5/29/2026,,"Wedbush_Trading gain (loss), net_20260529",,,,12100,303P,D23010,ARB02135_USD,,,,,29533.25,,,,,C02135,,,,
177,,GJ,5/29/2026,,"Wedbush_Trading gain (loss), net_20260529",,,,12100,303P,D23010,ARB02136_USD,,,,5065.0,,,,,,C02136,,,,
178,,GJ,5/29/2026,,"Wedbush_Trading gain (loss), net_20260529",,,,12100,303P,D23010,ARB02145_USD,,,,,1059.0,,,,,C02145,,,,
179,,GJ,5/29/2026,,"Wedbush_Trading gain (loss), net_20260529",,,,12100,303P,D23010,ARB02147_USD,,,,56624.5,,,,,,C02147,,,,
180,,GJ,5/29/2026,,"Wedbush_Trading gain (loss), net_20260529",,,,12100,303P,D23010,ARB02149_USD,,,,281.0,,,,,,C02149,,,,
181,,GJ,5/29/2026,,"Wedbush_Trading gain (loss), net_20260529",,,,12100,303P,D23060,ARB02152_USD,,,,2390.0,,,,,,C00186,,,,
182,,GJ,5/29/2026,,"Wedbush_Trading gain (loss), net_20260529",,,,12100,303P,D23300,ARB02154_USD,,,,,54767.5,,,,,C00149,,,,
183,,GJ,5/29/2026,,"Wedbush_Trading gain (loss), net_20260529",,,,12100,303P,D23020,ARB02156_USD,,,,150.0,,,,,,C02156,,,,
184,,GJ,5/29/2026,,"Wedbush_Trading gain (loss), net_20260529",,,,12100,303P,D23300,ARB02158_USD,,,,9236.25,,,,,,C01145,,,,
185,,GJ,5/29/2026,,"Wedbush_Trading gain (loss), net_20260529",,,,12100,303P,D23300,ARB02167_USD,,,,,124581.5,,,,,C00118,,,,
186,,GJ,5/29/2026,,"Wedbush_Trading gain (loss), net_20260529",,,,12100,303P,D23300,ARB02168_USD,,,,180.0,,,,,,C00194,,,,
187,,GJ,5/29/2026,,"Wedbush_Trading gain (loss), net_20260529",,,,12100,303P,D23010,ARB02173_USD,,,,30867.5,,,,,,C00463,,,,
188,,GJ,5/29/2026,,"Wedbush_Trading gain (loss), net_20260529",,,,12100,303P,D23010,ARB02176_USD,,,,174332.5,,,,,,C00463,,,,
189,,GJ,5/29/2026,,"Wedbush_Trading gain (loss), net_20260529",,,,12100,303P,D23010,ARB02177_USD,,,,7743.5,,,,,,C02177,,,,
190,,GJ,5/29/2026,,"Wedbush_Trading gain (loss), net_20260529",,,,12100,303P,D23010,ARB02179_USD,,,,24894.5,,,,,,C02179,,,,
191,,GJ,5/29/2026,,"Wedbush_Trading gain (loss), net_20260529",,,,12100,303P,D23010,ARB02180_USD,,,,32462.5,,,,,,C02180,,,,
192,,GJ,5/29/2026,,"Wedbush_Trading gain (loss), net_20260529",,,,12100,303P,D23010,ARB02181_USD,,,,59960.61,,,,,,C02181,,,,
193,,GJ,5/29/2026,,"Wedbush_Trading gain (loss), net_20260529",,,,12100,303P,D23010,ARB02182_USD,,,,14527.5,,,,,,C02182,,,,
194,,GJ,5/29/2026,,"Wedbush_Trading gain (loss), net_20260529",,,,12100,303P,D23010,ARB02183_USD,,,,37457.0,,,,,,C02183,,,,
195,,GJ,5/29/2026,,"Wedbush_Trading gain (loss), net_20260529",,,,12100,303P,D23010,ARB02184_USD,,,,120703.5,,,,,,C02184,,,,
196,,GJ,5/29/2026,,"Wedbush_Trading gain (loss), net_20260529",,,,12100,303P,D23010,ARB02185_USD,,,,2653.5,,,,,,C02185,,,,
197,,GJ,5/29/2026,,"Wedbush_Trading gain (loss), net_20260529",,,,12100,303P,D23010,ARB02187_USD,,,,,5952.0,,,,,C02187,,,,
198,,GJ,5/29/2026,,"Wedbush_Trading gain (loss), net_20260529",,,,12100,303P,D23010,ARB02188_USD,,,,4820.0,,,,,,C02188,,,,
199,,GJ,5/29/2026,,"Wedbush_Trading gain (loss), net_20260529",,,,12100,303P,D23010,ARB02190_USD,,,,,878.0,,,,,C02147,,,,
200,,GJ,5/29/2026,,"Wedbush_Trading gain (loss), net_20260529",,,,12100,303P,D23010,ARB02191_USD,,,,216.0,,,,,,C00469,,,,
201,,GJ,5/29/2026,,"Wedbush_Trading gain (loss), net_20260529",,,,12100,303P,D23010,ARB02196_USD,,,,125.0,,,,,,C02132,,,,
202,,GJ,5/29/2026,,"Wedbush_Trading gain (loss), net_20260529",,,,12100,ATGN,D21300,ARB02342_EUR,,,,,0.0,,,,,C02042,,,,
203,,GJ,5/29/2026,,"Wedbush_Trading gain (loss), net_20260529",,,,12100,ATGN,D21300,ARB02342_GBP,,,,170.0,,,,,,C02042,,,,
204,,GJ,5/29/2026,,"Wedbush_Trading gain (loss), net_20260529",,,,12100,ATGN,D21300,ARB02343_EUR,,,,189300.0,,,,,,C02520,,,,
205,,GJ,5/29/2026,,"Wedbush_Trading gain (loss), net_20260529",,,,12100,ATGN,D21300,ARB02343_GBP,,,,,175170.0,,,,,C02520,,,,
206,,GJ,5/29/2026,,"Wedbush_Trading gain (loss), net_20260529",,,,12100,ATGN,D21300,ARB02343_USD,,,,53019.75,,,,,,C02520,,,,
207,,GJ,5/29/2026,,"Wedbush_Trading gain (loss), net_20260529",,,,12100,ATGN,D21300,ARB02345_EUR,,,,,0.0,,,,,C02045,,,,
208,,GJ,5/29/2026,,"Wedbush_Trading gain (loss), net_20260529",,,,12100,ATGN,D21300,ARB02345_GBP,,,,,4970.0,,,,,C02045,,,,
209,,GJ,5/29/2026,,"Wedbush_Trading gain (loss), net_20260529",,,,12100,ATGN,D21300,ARB02355_USD,,,,1710.9,,,,,,C00054,,,,
210,,GJ,5/29/2026,,"Wedbush_Trading gain (loss), net_20260529",,,,12100,ATGN,D21300,ARB02376_EUR,,,,,0.0,,,,,C02076,,,,
211,,GJ,5/29/2026,,"Wedbush_Trading gain (loss), net_20260529",,,,12100,ATGN,D21300,ARB02376_GBP,,,,18310.0,,,,,,C02076,,,,
212,,GJ,5/29/2026,,"Wedbush_Trading gain (loss), net_20260529",,,,12100,ATGN,D23010,ARB02402_USD,,,,1840.0,,,,,,C02102,,,,
213,,GJ,5/29/2026,,"Wedbush_Trading gain (loss), net_20260529",,,,12100,ATGN,D23080,ARB02416_EUR,,,,,0.0,,,,,C02116,,,,
214,,GJ,5/29/2026,,"Wedbush_Trading gain (loss), net_20260529",,,,12100,ATGN,D23080,ARB02416_GBP,,,,730.0,,,,,,C02116,,,,
215,,GJ,5/29/2026,,"Wedbush_Trading gain (loss), net_20260529",,,,12100,ATGN,D23080,ARB02416_USD,,,,4428.600000000002,,,,,,C02116,,,,
216,,GJ,5/29/2026,,"Wedbush_Trading gain (loss), net_20260529",,,,12100,ATGN,D23080,ARB02418_EUR,,,,,0.0,,,,,C01234,,,,
217,,GJ,5/29/2026,,"Wedbush_Trading gain (loss), net_20260529",,,,12100,ATGN,D23080,ARB02418_GBP,,,,2290.0,,,,,,C01234,,,,
218,,GJ,5/29/2026,,"Wedbush_Trading gain (loss), net_20260529",,,,12100,ATGN,D23080,ARB02418_USD,,,,12080.800000000001,,,,,,C01234,,,,
219,,GJ,5/29/2026,,"Wedbush_Trading gain (loss), net_20260529",,,,12100,ATGN,D23300,ARB02421_EUR,,,,425.0,,,,,,C02121,,,,
220,,GJ,5/29/2026,,"Wedbush_Trading gain (loss), net_20260529",,,,12100,ATGN,D23300,ARB02421_GBP,,,,,675.0,,,,,C02121,,,,
221,,GJ,5/29/2026,,"Wedbush_Trading gain (loss), net_20260529",,,,12100,ATGN,D23300,ARB02421_USD,,,,,119.19999999999982,,,,,C02121,,,,
222,,GJ,5/29/2026,,"Wedbush_Trading gain (loss), net_20260529",,,,12100,ATGN,D23020,ARB02429_CAD,,,,,2366.0,,,,,C02129,,,,
223,,GJ,5/29/2026,,"Wedbush_Trading gain (loss), net_20260529",,,,12100,ATGN,D23020,ARB02429_EUR,,,,,0.0,,,,,C02129,,,,
224,,GJ,5/29/2026,,"Wedbush_Trading gain (loss), net_20260529",,,,12100,ATGN,D23020,ARB02429_GBP,,,,,8710.0,,,,,C02129,,,,
225,,GJ,5/29/2026,,"Wedbush_Trading gain (loss), net_20260529",,,,12100,ATGN,D23020,ARB02429_USD,,,,19240.59999999999,,,,,,C02129,,,,
226,,GJ,5/29/2026,,"Wedbush_Trading gain (loss), net_20260529",,,,12100,ATGN,D23010,ARB02432_CAD,,,,,5012.0,,,,,C02132,,,,
227,,GJ,5/29/2026,,"Wedbush_Trading gain (loss), net_20260529",,,,12100,ATGN,D23010,ARB02432_USD,,,,,480.6,,,,,C02132,,,,
228,,GJ,5/29/2026,,"Wedbush_Trading gain (loss), net_20260529",,,,12100,ATGN,D23010,ARB02435_CAD,,,,5720.0,,,,,,C02135,,,,
229,,GJ,5/29/2026,,"Wedbush_Trading gain (loss), net_20260529",,,,12100,ATGN,D23010,ARB02435_USD,,,,,390.0,,,,,C02135,,,,
230,,GJ,5/29/2026,,"Wedbush_Trading gain (loss), net_20260529",,,,12100,ATGN,D23010,ARB02436_EUR,,,,,0.0,,,,,C02136,,,,
231,,GJ,5/29/2026,,"Wedbush_Trading gain (loss), net_20260529",,,,12100,ATGN,D23010,ARB02436_GBP,,,,3530.0,,,,,,C02136,,,,
232,,GJ,5/29/2026,,"Wedbush_Trading gain (loss), net_20260529",,,,12100,ATGN,D23010,ARB02436_USD,,,,10607.199999999999,,,,,,C02136,,,,
233,,GJ,5/29/2026,,"Wedbush_Trading gain (loss), net_20260529",,,,12100,ATGN,D23010,ARB02445_USD,,,,685.0,,,,,,C02145,,,,
234,,GJ,5/29/2026,,"Wedbush_Trading gain (loss), net_20260529",,,,12100,ATGN,D23010,ARB02447_CAD,,,,,388.0,,,,,C02147,,,,
235,,GJ,5/29/2026,,"Wedbush_Trading gain (loss), net_20260529",,,,12100,ATGN,D23010,ARB02447_USD,,,,560.0,,,,,,C02147,,,,
236,,GJ,5/29/2026,,"Wedbush_Trading gain (loss), net_20260529",,,,12100,ATGN,D23010,ARB02449_EUR,,,,,0.0,,,,,C02149,,,,
237,,GJ,5/29/2026,,"Wedbush_Trading gain (loss), net_20260529",,,,12100,ATGN,D23010,ARB02449_GBP,,,,490.0,,,,,,C02149,,,,
238,,GJ,5/29/2026,,"Wedbush_Trading gain (loss), net_20260529",,,,12100,ATGN,D23010,ARB02449_USD,,,,15813.050000000001,,,,,,C02149,,,,
239,,GJ,5/29/2026,,"Wedbush_Trading gain (loss), net_20260529",,,,12100,ATGN,D23060,ARB02452_USD,,,,,1070.0,,,,,C00186,,,,
240,,GJ,5/29/2026,,"Wedbush_Trading gain (loss), net_20260529",,,,12100,ATGN,D23300,ARB02454_EUR,,,,,0.0,,,,,C00149,,,,
241,,GJ,5/29/2026,,"Wedbush_Trading gain (loss), net_20260529",,,,12100,ATGN,D23300,ARB02454_GBP,,,,,1040.0,,,,,C00149,,,,
242,,GJ,5/29/2026,,"Wedbush_Trading gain (loss), net_20260529",,,,12100,ATGN,D23300,ARB02454_USD,,,,,6569.399999999994,,,,,C00149,,,,
243,,GJ,5/29/2026,,"Wedbush_Trading gain (loss), net_20260529",,,,12100,ATGN,D23020,ARB02456_EUR,,,,,0.0,,,,,C02156,,,,
244,,GJ,5/29/2026,,"Wedbush_Trading gain (loss), net_20260529",,,,12100,ATGN,D23020,ARB02456_GBP,,,,,20.0,,,,,C02156,,,,
245,,GJ,5/29/2026,,"Wedbush_Trading gain (loss), net_20260529",,,,12100,ATGN,D23020,ARB02456_USD,,,,8346.349999999999,,,,,,C02156,,,,
246,,GJ,5/29/2026,,"Wedbush_Trading gain (loss), net_20260529",,,,12100,ATGN,D23300,ARB02458_USD,,,,,18390.6,,,,,C01145,,,,
247,,GJ,5/29/2026,,"Wedbush_Trading gain (loss), net_20260529",,,,12100,ATGN,D23080,ARB02463_USD,,,,,603.9999999999927,,,,,C01231,,,,
248,,GJ,5/29/2026,,"Wedbush_Trading gain (loss), net_20260529",,,,12100,ATGN,D23010,ARB02473_EUR,,,,,300.0,,,,,C00463,,,,
249,,GJ,5/29/2026,,"Wedbush_Trading gain (loss), net_20260529",,,,12100,ATGN,D23010,ARB02473_GBP,,,,,1425.0,,,,,C00463,,,,
250,,GJ,5/29/2026,,"Wedbush_Trading gain (loss), net_20260529",,,,12100,ATGN,D23010,ARB02473_USD,,,,,4670.0,,,,,C00463,,,,
251,,GJ,5/29/2026,,"Wedbush_Trading gain (loss), net_20260529",,,,12100,ATGN,D23010,ARB02476_EUR,,,,1250.0,,,,,,C00463,,,,
252,,GJ,5/29/2026,,"Wedbush_Trading gain (loss), net_20260529",,,,12100,ATGN,D23010,ARB02476_GBP,,,,,72812.5,,,,,C00463,,,,
253,,GJ,5/29/2026,,"Wedbush_Trading gain (loss), net_20260529",,,,12100,ATGN,D23010,ARB02476_USD,,,,316540.0,,,,,,C00463,,,,
254,,GJ,5/29/2026,,"Wedbush_Trading gain (loss), net_20260529",,,,12100,ATGN,D23010,ARB02477_CAD,,,,362.0,,,,,,C02177,,,,
255,,GJ,5/29/2026,,"Wedbush_Trading gain (loss), net_20260529",,,,12100,ATGN,D23010,ARB02477_USD,,,,,760.0,,,,,C02177,,,,
256,,GJ,5/29/2026,,"Wedbush_Trading gain (loss), net_20260529",,,,12100,ATGN,D23010,ARB02479_CAD,,,,,194.0,,,,,C02179,,,,
257,,GJ,5/29/2026,,"Wedbush_Trading gain (loss), net_20260529",,,,12100,ATGN,D23010,ARB02479_USD,,,,939.1999999999971,,,,,,C02179,,,,
258,,GJ,5/29/2026,,"Wedbush_Trading gain (loss), net_20260529",,,,12100,ATGN,D23010,ARB02480_CAD,,,,,3786.0,,,,,C02180,,,,
259,,GJ,5/29/2026,,"Wedbush_Trading gain (loss), net_20260529",,,,12100,ATGN,D23010,ARB02480_USD,,,,7540.0,,,,,,C02180,,,,
260,,GJ,5/29/2026,,"Wedbush_Trading gain (loss), net_20260529",,,,12100,ATGN,D23010,ARB02481_CAD,,,,2978.0,,,,,,C02181,,,,
261,,GJ,5/29/2026,,"Wedbush_Trading gain (loss), net_20260529",,,,12100,ATGN,D23010,ARB02481_USD,,,,800.0,,,,,,C02181,,,,
262,,GJ,5/29/2026,,"Wedbush_Trading gain (loss), net_20260529",,,,12100,ATGN,D23010,ARB02482_CAD,,,,362.0,,,,,,C02182,,,,
263,,GJ,5/29/2026,,"Wedbush_Trading gain (loss), net_20260529",,,,12100,ATGN,D23010,ARB02482_USD,,,,,0.0,,,,,C02182,,,,
264,,GJ,5/29/2026,,"Wedbush_Trading gain (loss), net_20260529",,,,12100,ATGN,D23010,ARB02483_CAD,,,,5616.0,,,,,,C02183,,,,
265,,GJ,5/29/2026,,"Wedbush_Trading gain (loss), net_20260529",,,,12100,ATGN,D23010,ARB02483_USD,,,,1040.0,,,,,,C02183,,,,
266,,GJ,5/29/2026,,"Wedbush_Trading gain (loss), net_20260529",,,,12100,ATGN,D23010,ARB02484_CAD,,,,,18036.0,,,,,C02184,,,,
267,,GJ,5/29/2026,,"Wedbush_Trading gain (loss), net_20260529",,,,12100,ATGN,D23010,ARB02484_EUR,,,,,0.0,,,,,C02184,,,,
268,,GJ,5/29/2026,,"Wedbush_Trading gain (loss), net_20260529",,,,12100,ATGN,D23010,ARB02484_GBP,,,,100.0,,,,,,C02184,,,,
269,,GJ,5/29/2026,,"Wedbush_Trading gain (loss), net_20260529",,,,12100,ATGN,D23010,ARB02484_USD,,,,,26800.0,,,,,C02184,,,,
270,,GJ,5/29/2026,,"Wedbush_Trading gain (loss), net_20260529",,,,12100,ATGN,D23010,ARB02485_EUR,,,,,0.0,,,,,C02185,,,,
271,,GJ,5/29/2026,,"Wedbush_Trading gain (loss), net_20260529",,,,12100,ATGN,D23010,ARB02485_GBP,,,,4960.0,,,,,,C02185,,,,
272,,GJ,5/29/2026,,"Wedbush_Trading gain (loss), net_20260529",,,,12100,ATGN,D23010,ARB02485_USD,,,,22398.15,,,,,,C02185,,,,
273,,GJ,5/29/2026,,"Wedbush_Trading gain (loss), net_20260529",,,,12100,ATGN,D23010,ARB02488_USD,,,,18345.0,,,,,,C02188,,,,
274,,GJ,5/29/2026,,"Wedbush_Trading gain (loss), net_20260529",,,,12100,ATGN,D23010,ARB02491_CAD,,,,258.0,,,,,,C00469,,,,
275,,GJ,5/29/2026,,"Wedbush_Trading gain (loss), net_20260529",,,,12100,ATGN,D23010,ARB02491_EUR,,,,,0.0,,,,,C00469,,,,
276,,GJ,5/29/2026,,"Wedbush_Trading gain (loss), net_20260529",,,,12100,ATGN,D23010,ARB02491_GBP,,,,1660.0,,,,,,C00469,,,,
277,,GJ,5/29/2026,,"Wedbush_Trading gain (loss), net_20260529",,,,12100,ATGN,D23010,ARB02491_USD,,,,,1969.45,,,,,C00469,,,,
278,,GJ,5/29/2026,,"Wedbush_Trading gain (loss), net_20260529",,,,12100,303P,D21300,ARB03003_USD,,,,,12800.0,,,,,C03003,,,,
279,,GJ,5/29/2026,,"Wedbush_Trading gain (loss), net_20260529",,,,12100,303P,D21300,ARB03022_USD,,,,78965.0,,,,,,C00034,,,,
280,,GJ,5/29/2026,,"Wedbush_Trading gain (loss), net_20260529",,,,12100,303P,D21300,ARB03032_USD,,,,1006.25,,,,,,C00049,,,,
281,,GJ,5/29/2026,,"Wedbush_Trading gain (loss), net_20260529",,,,12100,303P,D21300,ARB03033_USD,,,,5512.5,,,,,,C00049,,,,
282,,GJ,5/29/2026,,"Wedbush_Trading gain (loss), net_20260529",,,,12100,303P,D21300,ARB03035_USD,,,,80.25,,,,,,C00049,,,,
283,,GJ,5/29/2026,,"Wedbush_Trading gain (loss), net_20260529",,,,12100,303P,D21300,ARB03037_USD,,,,60876.01,,,,,,C03037,,,,
284,,GJ,5/29/2026,,"Wedbush_Trading gain (loss), net_20260529",,,,12100,303P,D21300,ARB03038_USD,,,,10250.0,,,,,,C03038,,,,
285,,GJ,5/29/2026,,"Wedbush_Trading gain (loss), net_20260529",,,,12100,303P,D21300,ARB03042_USD,,,,,428.8399999999999,,,,,C03040,,,,
286,,GJ,5/29/2026,,"Wedbush_Trading gain (loss), net_20260529",,,,12100,303P,D21300,ARB03043_USD,,,,247.25000000000182,,,,,,C03040,,,,
287,,GJ,5/29/2026,,"Wedbush_Trading gain (loss), net_20260529",,,,12100,303P,D21300,ARB03046_USD,,,,1379.5299999999988,,,,,,C03040,,,,
288,,GJ,5/29/2026,,"Wedbush_Trading gain (loss), net_20260529",,,,12100,303P,D21300,ARB03052_USD,,,,19430.1,,,,,,C03071,,,,
289,,GJ,5/29/2026,,"Wedbush_Trading gain (loss), net_20260529",,,,12100,303P,D21300,ARB03057_USD,,,,,0.0,,,,,C01057,,,,
290,,GJ,5/29/2026,,"Wedbush_Trading gain (loss), net_20260529",,,,12100,303P,D21300,ARB03060_USD,,,,,135598.75,,,,,C03060,,,,
291,,GJ,5/29/2026,,"Wedbush_Trading gain (loss), net_20260529",,,,12100,303P,D21300,ARB03062_USD,,,,118055.0,,,,,,C03062,,,,
292,,GJ,5/29/2026,,"Wedbush_Trading gain (loss), net_20260529",,,,12100,303P,D21300,ARB03064_USD,,,,4570.0,,,,,,C03064,,,,
293,,GJ,5/29/2026,,"Wedbush_Trading gain (loss), net_20260529",,,,12100,303P,D21300,ARB03065_USD,,,,67225.0,,,,,,C03065,,,,
294,,GJ,5/29/2026,,"Wedbush_Trading gain (loss), net_20260529",,,,12100,303P,D21300,ARB03072_USD,,,,12825.0,,,,,,C03072,,,,
295,,GJ,5/29/2026,,"Wedbush_Trading gain (loss), net_20260529",,,,12100,303P,D21300,ARB03073_USD,,,,26453.78,,,,,,C03073,,,,
296,,GJ,5/29/2026,,"Wedbush_Trading gain (loss), net_20260529",,,,12100,303P,D21300,ARB03078_USD,,,,14990.0,,,,,,C03078,,,,
297,,GJ,5/29/2026,,"Wedbush_Trading gain (loss), net_20260529",,,,12100,303P,D21300,ARB03079_USD,,,,,76352.0,,,,,C03078,,,,
298,,GJ,5/29/2026,,"Wedbush_Trading gain (loss), net_20260529",,,,12100,303P,D21300,ARB03080_USD,,,,,67320.0,,,,,C03078,,,,
299,,GJ,5/29/2026,,"Wedbush_Trading gain (loss), net_20260529",,,,12100,303P,D21030,ARB03084_USD,,,,3438.54,,,,,,C03084,,,,
300,,GJ,5/29/2026,,"Wedbush_Trading gain (loss), net_20260529",,,,12100,303P,D21300,ARB03088_USD,,,,940.0,,,,,,C03088,,,,
301,,GJ,5/29/2026,,"Wedbush_Trading gain (loss), net_20260529",,,,12100,303P,D21300,ARB03090_USD,,,,,12922.0,,,,,C03090,,,,
302,,GJ,5/29/2026,,"Wedbush_Trading gain (loss), net_20260529",,,,12100,303P,D21300,ARB03093_USD,,,,,4572.5,,,,,C03093,,,,
303,,GJ,5/29/2026,,"Wedbush_Trading gain (loss), net_20260529",,,,12100,303P,D21300,ARB03096_USD,,,,,48.75,,,,,C03096,,,,
304,,GJ,5/29/2026,,"Wedbush_Trading gain (loss), net_20260529",,,,12100,303P,D23300,ARB03100_USD,,,,230.0,,,,,,C03100,,,,
305,,GJ,5/29/2026,,"Wedbush_Trading gain (loss), net_20260529",,,,12100,303P,D23080,ARB03102_USD,,,,,12257.0,,,,,C03102,,,,
306,,GJ,5/29/2026,,"Wedbush_Trading gain (loss), net_20260529",,,,12100,303P,D23300,ARB03103_USD,,,,23920.900000000023,,,,,,CX3103,,,,
307,,GJ,5/29/2026,,"Wedbush_Trading gain (loss), net_20260529",,,,12100,303P,D23300,ARB03104_USD,,,,9092.5,,,,,,C03104,,,,
308,,GJ,5/29/2026,,"Wedbush_Trading gain (loss), net_20260529",,,,12100,303P,D23300,ARB03105_USD,,,,,154768.55,,,,,C00310,,,,
309,,GJ,5/29/2026,,"Wedbush_Trading gain (loss), net_20260529",,,,12100,303P,D23300,ARB03106_USD,,,,,76939.25999999995,,,,,C00310,,,,
310,,GJ,5/29/2026,,"Wedbush_Trading gain (loss), net_20260529",,,,12100,303P,D23300,ARB03107_USD,,,,148962.5,,,,,,C03107,,,,
311,,GJ,5/29/2026,,"Wedbush_Trading gain (loss), net_20260529",,,,12100,303P,D23300,ARB03108_USD,,,,128691.80000000005,,,,,,C00311,,,,
312,,GJ,5/29/2026,,"Wedbush_Trading gain (loss), net_20260529",,,,12100,303P,D23300,ARB03109_USD,,,,,243789.0,,,,,C00311,,,,
313,,GJ,5/29/2026,,"Wedbush_Trading gain (loss), net_20260529",,,,12100,303P,D23300,ARB03110_USD,,,,,41977.5,,,,,C00311,,,,
314,,GJ,5/29/2026,,"Wedbush_Trading gain (loss), net_20260529",,,,12100,303P,D23300,ARB03112_USD,,,,18887.3,,,,,,C00310,,,,
315,,GJ,5/29/2026,,"Wedbush_Trading gain (loss), net_20260529",,,,12100,303P,D23300,ARB03113_USD,,,,,8003.690000000001,,,,,C03113,,,,
316,,GJ,5/29/2026,,"Wedbush_Trading gain (loss), net_20260529",,,,12100,303P,D23300,ARB03115_USD,,,,,0.0,,,,,CX3115,,,,
317,,GJ,5/29/2026,,"Wedbush_Trading gain (loss), net_20260529",,,,12100,303P,D23020,ARB03116_USD,,,,,5631.0,,,,,C02129,,,,
318,,GJ,5/29/2026,,"Wedbush_Trading gain (loss), net_20260529",,,,12100,303P,D23300,ARB03122_USD,,,,10918.5,,,,,,C03122,,,,
319,,GJ,5/29/2026,,"Wedbush_Trading gain (loss), net_20260529",,,,12100,303P,D23300,ARB03125_USD,,,,,18397.5,,,,,CX3125,,,,
320,,GJ,5/29/2026,,"Wedbush_Trading gain (loss), net_20260529",,,,12100,303P,D23300,ARB03133_USD,,,,40777.399999999965,,,,,,C03133,,,,
321,,GJ,5/29/2026,,"Wedbush_Trading gain (loss), net_20260529",,,,12100,303P,D23300,ARB03134_USD,,,,1907.5,,,,,,C03134,,,,
322,,GJ,5/29/2026,,"Wedbush_Trading gain (loss), net_20260529",,,,12100,303P,D23300,ARB03136_USD,,,,730.0,,,,,,CX3136,,,,
323,,GJ,5/29/2026,,"Wedbush_Trading gain (loss), net_20260529",,,,12100,303P,D23300,ARB03139_USD,,,,,169612.5,,,,,C00311,,,,
324,,GJ,5/29/2026,,"Wedbush_Trading gain (loss), net_20260529",,,,12100,303P,D23300,ARB03141_USD,,,,,15881.960000000001,,,,,C03141,,,,
325,,GJ,5/29/2026,,"Wedbush_Trading gain (loss), net_20260529",,,,12100,303P,D23300,ARB03142_USD,,,,,7580.200000000004,,,,,C00310,,,,
326,,GJ,5/29/2026,,"Wedbush_Trading gain (loss), net_20260529",,,,12100,303P,D23300,ARB03143_USD,,,,,6737.899999999994,,,,,C00310,,,,
327,,GJ,5/29/2026,,"Wedbush_Trading gain (loss), net_20260529",,,,12100,303P,D23300,ARB03144_USD,,,,3769.0,,,,,,CX3144,,,,
328,,GJ,5/29/2026,,"Wedbush_Trading gain (loss), net_20260529",,,,12100,303P,D23300,ARB03146_USD,,,,4927.5,,,,,,CX3136,,,,
329,,GJ,5/29/2026,,"Wedbush_Trading gain (loss), net_20260529",,,,12100,303P,D23090,ARB03154_USD,,,,395.86,,,,,,C03154,,,,
330,,GJ,5/29/2026,,"Wedbush_Trading gain (loss), net_20260529",,,,12100,303P,D23100,ARB03156_USD,,,,5495.3099999999995,,,,,,C03156,,,,
331,,GJ,5/29/2026,,"Wedbush_Trading gain (loss), net_20260529",,,,12100,303P,D23100,ARB03157_USD,,,,50.580000000001746,,,,,,C03157,,,,
332,,GJ,5/29/2026,,"Wedbush_Trading gain (loss), net_20260529",,,,12100,303P,D23100,ARB03159_USD,,,,2209.189999999995,,,,,,C03159,,,,
333,,GJ,5/29/2026,,"Wedbush_Trading gain (loss), net_20260529",,,,12100,303P,D23010,ARB03168_USD,,,,,3833.5,,,,,C03168,,,,
334,,GJ,5/29/2026,,"Wedbush_Trading gain (loss), net_20260529",,,,12100,303P,D23100,ARB03174_USD,,,,2681.829999999998,,,,,,C03174,,,,
335,,GJ,5/29/2026,,"Wedbush_Trading gain (loss), net_20260529",,,,12100,303P,D23100,ARB03175_USD,,,,1347.8100000000013,,,,,,C03175,,,,
336,,GJ,5/29/2026,,"Wedbush_Trading gain (loss), net_20260529",,,,12100,303P,D23100,ARB03176_USD,,,,2238.24000000002,,,,,,C03176,,,,
337,,GJ,5/29/2026,,"Wedbush_Trading gain (loss), net_20260529",,,,12100,303P,D23100,ARB03185_USD,,,,1487.5,,,,,,C03185,,,,
338,,GJ,5/29/2026,,"Wedbush_Trading gain (loss), net_20260529",,,,12100,303P,D23300,ARB03192_USD,,,,664.5,,,,,,C03163,,,,
339,,GJ,5/29/2026,,"Wedbush_Trading gain (loss), net_20260529",,,,12100,ATGN,D21300,ARB03360_EUR,,,,181475.0,,,,,,C03060,,,,
340,,GJ,5/29/2026,,"Wedbush_Trading gain (loss), net_20260529",,,,12100,ATGN,D21300,ARB03360_GBP,,,,128487.5,,,,,,C03060,,,,
341,,GJ,5/29/2026,,"Wedbush_Trading gain (loss), net_20260529",,,,12100,ATGN,D21300,ARB03362_EUR,,,,,10925.0,,,,,C03062,,,,
342,,GJ,5/29/2026,,"Wedbush_Trading gain (loss), net_20260529",,,,12100,ATGN,D21300,ARB03362_GBP,,,,7525.0,,,,,,C03062,,,,
343,,GJ,5/29/2026,,"Wedbush_Trading gain (loss), net_20260529",,,,12100,ATGN,D21300,ARB03362_USD,,,,37800.0,,,,,,C03062,,,,
344,,GJ,5/29/2026,,"Wedbush_Trading gain (loss), net_20260529",,,,12100,ATGN,D21300,ARB03364_EUR,,,,,0.0,,,,,C03064,,,,
345,,GJ,5/29/2026,,"Wedbush_Trading gain (loss), net_20260529",,,,12100,ATGN,D21300,ARB03364_GBP,,,,,0.0,,,,,C03064,,,,
346,,GJ,5/29/2026,,"Wedbush_Trading gain (loss), net_20260529",,,,12100,ATGN,D21300,ARB03372_USD,,,,1315.2,,,,,,C03072,,,,
347,,GJ,5/29/2026,,"Wedbush_Trading gain (loss), net_20260529",,,,12100,ATGN,D21300,ARB03373_USD,,,,,146.7,,,,,C03073,,,,
348,,GJ,5/29/2026,,"Wedbush_Trading gain (loss), net_20260529",,,,12100,ATGN,D21300,ARB03378_USD,,,,38130.0,,,,,,C03078,,,,
349,,GJ,5/29/2026,,"Wedbush_Trading gain (loss), net_20260529",,,,12100,ATGN,D23300,ARB03400_EUR,,,,,0.0,,,,,C03100,,,,
350,,GJ,5/29/2026,,"Wedbush_Trading gain (loss), net_20260529",,,,12100,ATGN,D23300,ARB03400_GBP,,,,690.0,,,,,,C03100,,,,
351,,GJ,5/29/2026,,"Wedbush_Trading gain (loss), net_20260529",,,,12100,ATGN,D23300,ARB03400_USD,,,,,4398.75,,,,,C03100,,,,
352,,GJ,5/29/2026,,"Wedbush_Trading gain (loss), net_20260529",,,,12100,ATGN,D23080,ARB03402_EUR,,,,,0.0,,,,,C03102,,,,
353,,GJ,5/29/2026,,"Wedbush_Trading gain (loss), net_20260529",,,,12100,ATGN,D23080,ARB03402_GBP,,,,,100.0,,,,,C03102,,,,
354,,GJ,5/29/2026,,"Wedbush_Trading gain (loss), net_20260529",,,,12100,ATGN,D23080,ARB03402_USD,,,,,225.59999999999854,,,,,C03102,,,,
355,,GJ,5/29/2026,,"Wedbush_Trading gain (loss), net_20260529",,,,12100,ATGN,D23300,ARB03403_CAD,,,,5844.0,,,,,,CX3103,,,,
356,,GJ,5/29/2026,,"Wedbush_Trading gain (loss), net_20260529",,,,12100,ATGN,D23300,ARB03403_USD,,,,27704.2,,,,,,CX3103,,,,
357,,GJ,5/29/2026,,"Wedbush_Trading gain (loss), net_20260529",,,,12100,ATGN,D23300,ARB03404_CAD,,,,84.0,,,,,,C03104,,,,
358,,GJ,5/29/2026,,"Wedbush_Trading gain (loss), net_20260529",,,,12100,ATGN,D23300,ARB03404_EUR,,,,,0.0,,,,,C03104,,,,
359,,GJ,5/29/2026,,"Wedbush_Trading gain (loss), net_20260529",,,,12100,ATGN,D23300,ARB03404_GBP,,,,180.0,,,,,,C03104,,,,
360,,GJ,5/29/2026,,"Wedbush_Trading gain (loss), net_20260529",,,,12100,ATGN,D23300,ARB03404_USD,,,,4178.899999999998,,,,,,C03104,,,,
361,,GJ,5/29/2026,,"Wedbush_Trading gain (loss), net_20260529",,,,12100,ATGN,D23300,ARB03405_CAD,,,,,686.0,,,,,C00310,,,,
362,,GJ,5/29/2026,,"Wedbush_Trading gain (loss), net_20260529",,,,12100,ATGN,D23300,ARB03405_EUR,,,,,0.0,,,,,C00310,,,,
363,,GJ,5/29/2026,,"Wedbush_Trading gain (loss), net_20260529",,,,12100,ATGN,D23300,ARB03405_GBP,,,,16050.0,,,,,,C00310,,,,
364,,GJ,5/29/2026,,"Wedbush_Trading gain (loss), net_20260529",,,,12100,ATGN,D23300,ARB03405_USD,,,,161224.5,,,,,,C00310,,,,
365,,GJ,5/29/2026,,"Wedbush_Trading gain (loss), net_20260529",,,,12100,ATGN,D23300,ARB03406_CAD,,,,,4616.0,,,,,C00310,,,,
366,,GJ,5/29/2026,,"Wedbush_Trading gain (loss), net_20260529",,,,12100,ATGN,D23300,ARB03406_EUR,,,,,0.0,,,,,C00310,,,,
367,,GJ,5/29/2026,,"Wedbush_Trading gain (loss), net_20260529",,,,12100,ATGN,D23300,ARB03406_GBP,,,,,4040.0,,,,,C00310,,,,
368,,GJ,5/29/2026,,"Wedbush_Trading gain (loss), net_20260529",,,,12100,ATGN,D23300,ARB03406_USD,,,,18752.559999999998,,,,,,C00310,,,,
369,,GJ,5/29/2026,,"Wedbush_Trading gain (loss), net_20260529",,,,12100,ATGN,D23300,ARB03407_USD,,,,40050.0,,,,,,C03107,,,,
370,,GJ,5/29/2026,,"Wedbush_Trading gain (loss), net_20260529",,,,12100,ATGN,D23300,ARB03408_CAD,,,,,6472.0,,,,,C00311,,,,
371,,GJ,5/29/2026,,"Wedbush_Trading gain (loss), net_20260529",,,,12100,ATGN,D23300,ARB03408_EUR,,,,,0.0,,,,,C00311,,,,
372,,GJ,5/29/2026,,"Wedbush_Trading gain (loss), net_20260529",,,,12100,ATGN,D23300,ARB03408_GBP,,,,710.0,,,,,,C00311,,,,
373,,GJ,5/29/2026,,"Wedbush_Trading gain (loss), net_20260529",,,,12100,ATGN,D23300,ARB03408_USD,,,,500920.25,,,,,,C00311,,,,
374,,GJ,5/29/2026,,"Wedbush_Trading gain (loss), net_20260529",,,,12100,ATGN,D23300,ARB03409_EUR,,,,,0.0,,,,,C00311,,,,
375,,GJ,5/29/2026,,"Wedbush_Trading gain (loss), net_20260529",,,,12100,ATGN,D23300,ARB03409_GBP,,,,5000.0,,,,,,C00311,,,,
376,,GJ,5/29/2026,,"Wedbush_Trading gain (loss), net_20260529",,,,12100,ATGN,D23300,ARB03409_USD,,,,21678.6,,,,,,C00311,,,,
377,,GJ,5/29/2026,,"Wedbush_Trading gain (loss), net_20260529",,,,12100,ATGN,D23300,ARB03410_USD,,,,96050.0,,,,,,C00311,,,,
378,,GJ,5/29/2026,,"Wedbush_Trading gain (loss), net_20260529",,,,12100,ATGN,D23300,ARB03412_EUR,,,,,0.0,,,,,C00310,,,,
379,,GJ,5/29/2026,,"Wedbush_Trading gain (loss), net_20260529",,,,12100,ATGN,D23300,ARB03412_GBP,,,,,0.0,,,,,C00310,,,,
380,,GJ,5/29/2026,,"Wedbush_Trading gain (loss), net_20260529",,,,12100,ATGN,D23300,ARB03412_USD,,,,42856.200000000004,,,,,,C00310,,,,
381,,GJ,5/29/2026,,"Wedbush_Trading gain (loss), net_20260529",,,,12100,ATGN,D23300,ARB03413_USD,,,,1350.0,,,,,,C03113,,,,
382,,GJ,5/29/2026,,"Wedbush_Trading gain (loss), net_20260529",,,,12100,ATGN,D23300,ARB03422_CAD,,,,1550.0,,,,,,C03122,,,,
383,,GJ,5/29/2026,,"Wedbush_Trading gain (loss), net_20260529",,,,12100,ATGN,D23300,ARB03422_USD,,,,1921.25,,,,,,C03122,,,,
384,,GJ,5/29/2026,,"Wedbush_Trading gain (loss), net_20260529",,,,12100,ATGN,D23080,ARB03427_USD,,,,22.400000000000006,,,,,,C01234,,,,
385,,GJ,5/29/2026,,"Wedbush_Trading gain (loss), net_20260529",,,,12100,ATGN,D23300,ARB03433_EUR,,,,,0.0,,,,,C03133,,,,
386,,GJ,5/29/2026,,"Wedbush_Trading gain (loss), net_20260529",,,,12100,ATGN,D23300,ARB03433_GBP,,,,200.0,,,,,,C03133,,,,
387,,GJ,5/29/2026,,"Wedbush_Trading gain (loss), net_20260529",,,,12100,ATGN,D23300,ARB03433_USD,,,,10582.05,,,,,,C03133,,,,
388,,GJ,5/29/2026,,"Wedbush_Trading gain (loss), net_20260529",,,,12100,ATGN,D23300,ARB03434_USD,,,,2498.7999999999997,,,,,,C03134,,,,
389,,GJ,5/29/2026,,"Wedbush_Trading gain (loss), net_20260529",,,,12100,ATGN,D23300,ARB03435_USD,,,,305.0,,,,,,C00310,,,,
390,,GJ,5/29/2026,,"Wedbush_Trading gain (loss), net_20260529",,,,12100,ATGN,D23300,ARB03436_CAD,,,,970.0,,,,,,CX3136,,,,
391,,GJ,5/29/2026,,"Wedbush_Trading gain (loss), net_20260529",,,,12100,ATGN,D23300,ARB03436_EUR,,,,,0.0,,,,,CX3136,,,,
392,,GJ,5/29/2026,,"Wedbush_Trading gain (loss), net_20260529",,,,12100,ATGN,D23300,ARB03436_GBP,,,,,460.0,,,,,CX3136,,,,
393,,GJ,5/29/2026,,"Wedbush_Trading gain (loss), net_20260529",,,,12100,ATGN,D23300,ARB03436_USD,,,,3168.0,,,,,,CX3136,,,,
394,,GJ,5/29/2026,,"Wedbush_Trading gain (loss), net_20260529",,,,12100,ATGN,D23300,ARB03439_USD,,,,119592.5,,,,,,C00311,,,,
395,,GJ,5/29/2026,,"Wedbush_Trading gain (loss), net_20260529",,,,12100,ATGN,D23300,ARB03441_EUR,,,,,875.0,,,,,C03141,,,,
396,,GJ,5/29/2026,,"Wedbush_Trading gain (loss), net_20260529",,,,12100,ATGN,D23300,ARB03441_GBP,,,,,625.0,,,,,C03141,,,,
397,,GJ,5/29/2026,,"Wedbush_Trading gain (loss), net_20260529",,,,12100,ATGN,D23300,ARB03442_USD,,,,3945.0,,,,,,C00310,,,,
398,,GJ,5/29/2026,,"Wedbush_Trading gain (loss), net_20260529",,,,12100,ATGN,D23300,ARB03443_CAD,,,,,908.0,,,,,C00310,,,,
399,,GJ,5/29/2026,,"Wedbush_Trading gain (loss), net_20260529",,,,12100,ATGN,D23300,ARB03443_EUR,,,,,0.0,,,,,C00310,,,,
400,,GJ,5/29/2026,,"Wedbush_Trading gain (loss), net_20260529",,,,12100,ATGN,D23300,ARB03443_GBP,,,,500.0,,,,,,C00310,,,,
401,,GJ,5/29/2026,,"Wedbush_Trading gain (loss), net_20260529",,,,12100,ATGN,D23300,ARB03443_USD,,,,8945.0,,,,,,C00310,,,,
402,,GJ,5/29/2026,,"Wedbush_Trading gain (loss), net_20260529",,,,12100,ATGN,D23300,ARB03446_EUR,,,,,0.0,,,,,CX3136,,,,
403,,GJ,5/29/2026,,"Wedbush_Trading gain (loss), net_20260529",,,,12100,ATGN,D23300,ARB03446_GBP,,,,680.0,,,,,,CX3136,,,,
404,,GJ,5/29/2026,,"Wedbush_Trading gain (loss), net_20260529",,,,12100,ATGN,D23300,ARB03446_USD,,,,848.0999999999999,,,,,,CX3136,,,,
405,,GJ,5/29/2026,,"Wedbush_Trading gain (loss), net_20260529",,,,12100,ATGN,D23090,ARB03454_EUR,,,,,125.0,,,,,C03154,,,,
406,,GJ,5/29/2026,,"Wedbush_Trading gain (loss), net_20260529",,,,12100,ATGN,D23090,ARB03454_GBP,,,,,0.0,,,,,C03154,,,,
407,,GJ,5/29/2026,,"Wedbush_Trading gain (loss), net_20260529",,,,12100,ATGN,D23090,ARB03454_USD,,,,990.0,,,,,,C03154,,,,
408,,GJ,5/29/2026,,"Wedbush_Trading gain (loss), net_20260529",,,,12100,ATGN,D23100,ARB03457_EUR,,,,887.5,,,,,,C03157,,,,
409,,GJ,5/29/2026,,"Wedbush_Trading gain (loss), net_20260529",,,,12100,ATGN,D23100,ARB03457_GBP,,,,,375.0,,,,,C03157,,,,
410,,GJ,5/29/2026,,"Wedbush_Trading gain (loss), net_20260529",,,,12100,ATGN,D23100,ARB03457_USD,,,,1106.6000000000004,,,,,,C03157,,,,
411,,GJ,5/29/2026,,"Wedbush_Trading gain (loss), net_20260529",,,,12100,ATGN,D23100,ARB03459_CHF,,,,,687.5,,,,,C03159,,,,
412,,GJ,5/29/2026,,"Wedbush_Trading gain (loss), net_20260529",,,,12100,ATGN,D23100,ARB03459_EUR,,,,1825.0,,,,,,C03159,,,,
413,,GJ,5/29/2026,,"Wedbush_Trading gain (loss), net_20260529",,,,12100,ATGN,D23100,ARB03459_GBP,,,,,525.0,,,,,C03159,,,,
414,,GJ,5/29/2026,,"Wedbush_Trading gain (loss), net_20260529",,,,12100,ATGN,D23100,ARB03459_USD,,,,,1149.0,,,,,C03159,,,,
415,,GJ,5/29/2026,,"Wedbush_Trading gain (loss), net_20260529",,,,12100,ATGN,D23300,ARB03460_EUR,,,,,0.0,,,,,C03160,,,,
416,,GJ,5/29/2026,,"Wedbush_Trading gain (loss), net_20260529",,,,12100,ATGN,D23300,ARB03460_GBP,,,,110.0,,,,,,C03160,,,,
417,,GJ,5/29/2026,,"Wedbush_Trading gain (loss), net_20260529",,,,12100,ATGN,D23300,ARB03460_USD,,,,418.0,,,,,,C03160,,,,
418,,GJ,5/29/2026,,"Wedbush_Trading gain (loss), net_20260529",,,,12100,ATGN,D23300,ARB03463_USD,,,,1340.0,,,,,,C03163,,,,
419,,GJ,5/29/2026,,"Wedbush_Trading gain (loss), net_20260529",,,,12100,ATGN,D23010,ARB03468_CAD,,,,,1306.0,,,,,C03168,,,,
420,,GJ,5/29/2026,,"Wedbush_Trading gain (loss), net_20260529",,,,12100,ATGN,D23010,ARB03468_USD,,,,,0.0,,,,,C03168,,,,
421,,GJ,5/29/2026,,"Wedbush_Trading gain (loss), net_20260529",,,,12100,ATGN,D23100,ARB03474_EUR,,,,475.0,,,,,,C03174,,,,
422,,GJ,5/29/2026,,"Wedbush_Trading gain (loss), net_20260529",,,,12100,ATGN,D23100,ARB03474_GBP,,,,,0.0,,,,,C03174,,,,
423,,GJ,5/29/2026,,"Wedbush_Trading gain (loss), net_20260529",,,,12100,ATGN,D23100,ARB03475_EUR,,,,1337.5,,,,,,C03175,,,,
424,,GJ,5/29/2026,,"Wedbush_Trading gain (loss), net_20260529",,,,12100,ATGN,D23100,ARB03475_GBP,,,,,0.0,,,,,C03175,,,,
425,,GJ,5/29/2026,,"Wedbush_Trading gain (loss), net_20260529",,,,12100,ATGN,D23100,ARB03476_EUR,,,,650.0,,,,,,C03176,,,,
426,,GJ,5/29/2026,,"Wedbush_Trading gain (loss), net_20260529",,,,12100,ATGN,D23100,ARB03476_GBP,,,,,0.0,,,,,C03176,,,,
427,,GJ,5/29/2026,,"Wedbush_Trading gain (loss), net_20260529",,,,12100,ATGN,D23100,ARB03485_EUR,,,,125.0,,,,,,C03185,,,,
428,,GJ,5/29/2026,,"Wedbush_Trading gain (loss), net_20260529",,,,12100,ATGN,D23100,ARB03485_GBP,,,,75.0,,,,,,C03185,,,,
429,,GJ,5/29/2026,,"Wedbush_Trading gain (loss), net_20260529",,,,12100,ATGN,D23100,ARB03485_USD,,,,1479.4,,,,,,C03185,,,,
430,,GJ,5/29/2026,,"Wedbush_Trading gain (loss), net_20260529",,,,12100,ATGN,D23300,ARB03489_EUR,,,,,0.0,,,,,C03160,,,,
431,,GJ,5/29/2026,,"Wedbush_Trading gain (loss), net_20260529",,,,12100,ATGN,D23300,ARB03489_GBP,,,,280.0,,,,,,C03160,,,,
432,,GJ,5/29/2026,,"Wedbush_Trading gain (loss), net_20260529",,,,12100,ATGN,D23300,ARB03489_USD,,,,2889.3999999999996,,,,,,C03160,,,,
433,,GJ,5/29/2026,,"Wedbush_Trading gain (loss), net_20260529",,,,12100,ATGN,D23300,ARB03492_CAD,,,,,144.0,,,,,C03163,,,,
434,,GJ,5/29/2026,,"Wedbush_Trading gain (loss), net_20260529",,,,12100,ATGN,D23300,ARB03492_EUR,,,,,0.0,,,,,C03163,,,,
435,,GJ,5/29/2026,,"Wedbush_Trading gain (loss), net_20260529",,,,12100,ATGN,D23300,ARB03492_GBP,,,,,3910.0,,,,,C03163,,,,
436,,GJ,5/29/2026,,"Wedbush_Trading gain (loss), net_20260529",,,,12100,ATGN,D23300,ARB03492_USD,,,,3695.600000000002,,,,,,C03163,,,,
437,,GJ,5/29/2026,,"Wedbush_Trading gain (loss), net_20260529",,,,12100,303P,D21030,ARB04021_USD,,,,15228.5,,,,,,C03084,,,,
438,,GJ,5/29/2026,,"Wedbush_Trading gain (loss), net_20260529",,,,12100,303P,D21030,ARB04023_USD,,,,18150.0,,,,,,C04023,,,,
439,,GJ,5/29/2026,,"Wedbush_Trading gain (loss), net_20260529",,,,12100,303P,D21300,ARB04024_USD,,,,,3930.0,,,,,C04024,,,,
440,,GJ,5/29/2026,,"Wedbush_Trading gain (loss), net_20260529",,,,12100,303P,D21300,ARB04029_USD,,,,75900.45000000001,,,,,,C04029,,,,
441,,GJ,5/29/2026,,"Wedbush_Trading gain (loss), net_20260529",,,,12100,303P,D21030,ARB04031_USD,,,,180468.76000000024,,,,,,C04031,,,,
442,,GJ,5/29/2026,,"Wedbush_Trading gain (loss), net_20260529",,,,12100,303P,D21300,ARB04038_USD,,,,11105.779999999999,,,,,,C04038,,,,
443,,GJ,5/29/2026,,"Wedbush_Trading gain (loss), net_20260529",,,,12100,303P,D21300,ARB04042_USD,,,,29046.73,,,,,,C02044,,,,
444,,GJ,5/29/2026,,"Wedbush_Trading gain (loss), net_20260529",,,,12100,303P,D21300,ARB04047_USD,,,,36057.5,,,,,,C04033,,,,
445,,GJ,5/29/2026,,"Wedbush_Trading gain (loss), net_20260529",,,,12100,303P,D21300,ARB04048_USD,,,,,508145.55000000005,,,,,C04048,,,,
446,,GJ,5/29/2026,,"Wedbush_Trading gain (loss), net_20260529",,,,12100,303P,D21030,ARB04049_USD,,,,,1365.0,,,,,C04050,,,,
447,,GJ,5/29/2026,,"Wedbush_Trading gain (loss), net_20260529",,,,12100,303P,D21300,ARB04052_USD,,,,,8912.5,,,,,C04052,,,,
448,,GJ,5/29/2026,,"Wedbush_Trading gain (loss), net_20260529",,,,12100,303P,D21300,ARB04053_EUR,,,,13132.5,,,,,,C04053,,,,
449,,GJ,5/29/2026,,"Wedbush_Trading gain (loss), net_20260529",,,,12100,303P,D21300,ARB04053_GBP,,,,15950.0,,,,,,C04053,,,,
450,,GJ,5/29/2026,,"Wedbush_Trading gain (loss), net_20260529",,,,12100,303P,D21300,ARB04053_USD,,,,5079.319999999994,,,,,,C04053,,,,
451,,GJ,5/29/2026,,"Wedbush_Trading gain (loss), net_20260529",,,,12100,303P,D21300,ARB04054_USD,,,,2173.5,,,,,,C04054,,,,
452,,GJ,5/29/2026,,"Wedbush_Trading gain (loss), net_20260529",,,,12100,303P,D21300,ARB04055_USD,,,,36458.6,,,,,,C04054,,,,
453,,GJ,5/29/2026,,"Wedbush_Trading gain (loss), net_20260529",,,,12100,303P,D21300,ARB04057_USD,,,,,202.5,,,,,C01057,,,,
454,,GJ,5/29/2026,,"Wedbush_Trading gain (loss), net_20260529",,,,12100,303P,D21300,ARB04059_USD,,,,,34857.5,,,,,C04059,,,,
455,,GJ,5/29/2026,,"Wedbush_Trading gain (loss), net_20260529",,,,12100,303P,D21300,ARB04062_USD,,,,,0.0,,,,,C03029,,,,
456,,GJ,5/29/2026,,"Wedbush_Trading gain (loss), net_20260529",,,,12100,303P,D21300,ARB04065_USD,,,,,25262.5,,,,,C00675,,,,
457,,GJ,5/29/2026,,"Wedbush_Trading gain (loss), net_20260529",,,,12100,303P,D21300,ARB04066_USD,,,,,14385.0,,,,,C00675,,,,
458,,GJ,5/29/2026,,"Wedbush_Trading gain (loss), net_20260529",,,,12100,303P,D21300,ARB04067_USD,,,,,6570.0,,,,,C00675,,,,
459,,GJ,5/29/2026,,"Wedbush_Trading gain (loss), net_20260529",,,,12100,303P,D21300,ARB04068_USD,,,,,2012.5,,,,,C00675,,,,
460,,GJ,5/29/2026,,"Wedbush_Trading gain (loss), net_20260529",,,,12100,303P,D21300,ARB04069_USD,,,,24850.0,,,,,,C00675,,,,
461,,GJ,5/29/2026,,"Wedbush_Trading gain (loss), net_20260529",,,,12100,303P,D21300,ARB04070_USD,,,,12812.5,,,,,,C00675,,,,
462,,GJ,5/29/2026,,"Wedbush_Trading gain (loss), net_20260529",,,,12100,303P,D21300,ARB04073_USD,,,,,6284.2,,,,,C04073,,,,
463,,GJ,5/29/2026,,"Wedbush_Trading gain (loss), net_20260529",,,,12100,303P,D21030,ARB04074_USD,,,,16812.43,,,,,,C04074,,,,
464,,GJ,5/29/2026,,"Wedbush_Trading gain (loss), net_20260529",,,,12100,303P,D21300,ARB04075_USD,,,,5967.57,,,,,,C04075,,,,
465,,GJ,5/29/2026,,"Wedbush_Trading gain (loss), net_20260529",,,,12100,303P,D21300,ARB04077_USD,,,,2420.0,,,,,,C03095,,,,
466,,GJ,5/29/2026,,"Wedbush_Trading gain (loss), net_20260529",,,,12100,303P,D21300,ARB04079_USD,,,,2190.0,,,,,,C03064,,,,
467,,GJ,5/29/2026,,"Wedbush_Trading gain (loss), net_20260529",,,,12100,303P,D21030,ARB04080_USD,,,,4222.499999999964,,,,,,C02048,,,,
468,,GJ,5/29/2026,,"Wedbush_Trading gain (loss), net_20260529",,,,12100,303P,D21300,ARB04081_USD,,,,,6250.0,,,,,C04081,,,,
469,,GJ,5/29/2026,,"Wedbush_Trading gain (loss), net_20260529",,,,12100,303P,D21300,ARB04082_USD,,,,,1829.05,,,,,C04082,,,,
470,,GJ,5/29/2026,,"Wedbush_Trading gain (loss), net_20260529",,,,12100,303P,D21300,ARB04083_USD,,,,,2772.25,,,,,C04083,,,,
471,,GJ,5/29/2026,,"Wedbush_Trading gain (loss), net_20260529",,,,12100,303P,D12000,ARB04085_USD,,,,,7884.75,,,,,C02502,,,,
472,,GJ,5/29/2026,,"Wedbush_Trading gain (loss), net_20260529",,,,12100,303P,D21030,ARB04086_USD,,,,52655.67,,,,,,C04086,,,,
473,,GJ,5/29/2026,,"Wedbush_Trading gain (loss), net_20260529",,,,12100,303P,D21030,ARB04087_USD,,,,,11049.26,,,,,C04022,,,,
474,,GJ,5/29/2026,,"Wedbush_Trading gain (loss), net_20260529",,,,12100,303P,D20000,ARB04088_USD,,,,9350.0,,,,,,C00001,,,,
475,,GJ,5/29/2026,,"Wedbush_Trading gain (loss), net_20260529",,,,12100,303P,D23300,ARB04101_USD,,,,,662.7999999999993,,,,,C04101,,,,
476,,GJ,5/29/2026,,"Wedbush_Trading gain (loss), net_20260529",,,,12100,303P,D23300,ARB04102_USD,,,,,80496.40000000001,,,,,C04102,,,,
477,,GJ,5/29/2026,,"Wedbush_Trading gain (loss), net_20260529",,,,12100,303P,D23300,ARB04103_USD,,,,4816.0,,,,,,C04103,,,,
478,,GJ,5/29/2026,,"Wedbush_Trading gain (loss), net_20260529",,,,12100,303P,D23300,ARB04104_USD,,,,,7002.499999999998,,,,,C04104,,,,
479,,GJ,5/29/2026,,"Wedbush_Trading gain (loss), net_20260529",,,,12100,303P,D23020,ARB04105_USD,,,,19972.5,,,,,,C04105,,,,
480,,GJ,5/29/2026,,"Wedbush_Trading gain (loss), net_20260529",,,,12100,303P,D23020,ARB04106_USD,,,,17279.0,,,,,,C04105,,,,
481,,GJ,5/29/2026,,"Wedbush_Trading gain (loss), net_20260529",,,,12100,303P,D23300,ARB04108_USD,,,,25973.330000000482,,,,,,C04108,,,,
482,,GJ,5/29/2026,,"Wedbush_Trading gain (loss), net_20260529",,,,12100,303P,D23300,ARB04110_USD,,,,,6085.25,,,,,C04110,,,,
483,,GJ,5/29/2026,,"Wedbush_Trading gain (loss), net_20260529",,,,12100,303P,D23300,ARB04111_USD,,,,,43962.740000000005,,,,,C04111,,,,
484,,GJ,5/29/2026,,"Wedbush_Trading gain (loss), net_20260529",,,,12100,303P,D23300,ARB04112_USD,,,,,15550.75,,,,,C04112,,,,
485,,GJ,5/29/2026,,"Wedbush_Trading gain (loss), net_20260529",,,,12100,303P,D23300,ARB04113_USD,,,,,6179.0,,,,,C03122,,,,
486,,GJ,5/29/2026,,"Wedbush_Trading gain (loss), net_20260529",,,,12100,303P,D23090,ARB04114_USD,,,,14405.389999998919,,,,,,C04114,,,,
487,,GJ,5/29/2026,,"Wedbush_Trading gain (loss), net_20260529",,,,12100,303P,D23300,ARB04116_USD,,,,32161.75,,,,,,C04101,,,,
488,,GJ,5/29/2026,,"Wedbush_Trading gain (loss), net_20260529",,,,12100,303P,D23300,ARB04117_USD,,,,71350.0,,,,,,C04102,,,,
489,,GJ,5/29/2026,,"Wedbush_Trading gain (loss), net_20260529",,,,12100,303P,D23300,ARB04118_USD,,,,10269.8,,,,,,C04118,,,,
490,,GJ,5/29/2026,,"Wedbush_Trading gain (loss), net_20260529",,,,12100,303P,D23300,ARB04119_USD,,,,2170.0,,,,,,C04110,,,,
491,,GJ,5/29/2026,,"Wedbush_Trading gain (loss), net_20260529",,,,12100,303P,D23010,ARB04157_USD,,,,25.0,,,,,,C01268,,,,
492,,GJ,5/29/2026,,"Wedbush_Trading gain (loss), net_20260529",,,,12100,303P,D23010,ARB04158_USD,,,,25.0,,,,,,C01269,,,,
493,,GJ,5/29/2026,,"Wedbush_Trading gain (loss), net_20260529",,,,12100,303P,D23010,ARB04159_USD,,,,,87.5,,,,,C01270,,,,
494,,GJ,5/29/2026,,"Wedbush_Trading gain (loss), net_20260529",,,,12100,303P,D23010,ARB04160_USD,,,,,587.5,,,,,C01271,,,,
495,,GJ,5/29/2026,,"Wedbush_Trading gain (loss), net_20260529",,,,12100,303P,D23010,ARB04161_USD,,,,,1882.5,,,,,C01272,,,,
496,,GJ,5/29/2026,,"Wedbush_Trading gain (loss), net_20260529",,,,12100,303P,D23010,ARB04162_USD,,,,100.0,,,,,,C01273,,,,
497,,GJ,5/29/2026,,"Wedbush_Trading gain (loss), net_20260529",,,,12100,303P,D23100,ARB04164_USD,,,,,1802.3199999999997,,,,,C01275,,,,
498,,GJ,5/29/2026,,"Wedbush_Trading gain (loss), net_20260529",,,,12100,303P,D23100,ARB04165_USD,,,,2695.94999999999,,,,,,C01276,,,,
499,,GJ,5/29/2026,,"Wedbush_Trading gain (loss), net_20260529",,,,12100,303P,D23100,ARB04166_USD,,,,,1500.119999999999,,,,,C01277,,,,
500,,GJ,5/29/2026,,"Wedbush_Trading gain (loss), net_20260529",,,,12100,303P,D23100,ARB04167_USD,,,,824.9799999999996,,,,,,C01278,,,,
501,,GJ,5/29/2026,,"Wedbush_Trading gain (loss), net_20260529",,,,12100,303P,D23100,ARB04168_USD,,,,,14.5900000000006,,,,,C01279,,,,
502,,GJ,5/29/2026,,"Wedbush_Trading gain (loss), net_20260529",,,,12100,ATGN,D24010,ARB04336_USD,,,,,6.13,,,,,C00650,,,,
503,,GJ,5/29/2026,,"Wedbush_Trading gain (loss), net_20260529",,,,12100,ATGN,D24010,ARB04345_USD,,,,,6747.4,,,,,C00650,,,,
504,,GJ,5/29/2026,,"Wedbush_Trading gain (loss), net_20260529",,,,12100,ATGN,D21300,ARB04348_EUR,,,,,0.0,,,,,C04048,,,,
505,,GJ,5/29/2026,,"Wedbush_Trading gain (loss), net_20260529",,,,12100,ATGN,D21300,ARB04348_GBP,,,,,67710.0,,,,,C04048,,,,
506,,GJ,5/29/2026,,"Wedbush_Trading gain (loss), net_20260529",,,,12100,ATGN,D21300,ARB04348_USD,,,,135238.0,,,,,,C04048,,,,
507,,GJ,5/29/2026,,"Wedbush_Trading gain (loss), net_20260529",,,,12100,ATGN,D21300,ARB04357_EUR,,,,1087.5,,,,,,C01057,,,,
508,,GJ,5/29/2026,,"Wedbush_Trading gain (loss), net_20260529",,,,12100,ATGN,D21300,ARB04357_GBP,,,,,0.0,,,,,C01057,,,,
509,,GJ,5/29/2026,,"Wedbush_Trading gain (loss), net_20260529",,,,12100,ATGN,D21300,ARB04384_EUR,,,,675.0,,,,,,C03073,,,,
510,,GJ,5/29/2026,,"Wedbush_Trading gain (loss), net_20260529",,,,12100,ATGN,D21300,ARB04384_GBP,,,,412.5,,,,,,C03073,,,,
511,,GJ,5/29/2026,,"Wedbush_Trading gain (loss), net_20260529",,,,12100,ATGN,D21300,ARB04384_USD,,,,1754.6,,,,,,C03073,,,,
512,,GJ,5/29/2026,,"Wedbush_Trading gain (loss), net_20260529",,,,12100,ATGN,D20000,ARB04388_USD,,,,,34913.5,,,,,C00001,,,,
513,,GJ,5/29/2026,,"Wedbush_Trading gain (loss), net_20260529",,,,12100,ATGN,D23300,ARB04401_USD,,,,7213.3,,,,,,C04101,,,,
514,,GJ,5/29/2026,,"Wedbush_Trading gain (loss), net_20260529",,,,12100,ATGN,D23300,ARB04402_USD,,,,8625.0,,,,,,C04102,,,,
515,,GJ,5/29/2026,,"Wedbush_Trading gain (loss), net_20260529",,,,12100,ATGN,D23300,ARB04403_USD,,,,,1503.1999999999998,,,,,C04103,,,,
516,,GJ,5/29/2026,,"Wedbush_Trading gain (loss), net_20260529",,,,12100,ATGN,D23300,ARB04404_EUR,,,,,0.0,,,,,C04104,,,,
517,,GJ,5/29/2026,,"Wedbush_Trading gain (loss), net_20260529",,,,12100,ATGN,D23300,ARB04404_GBP,,,,320.0,,,,,,C04104,,,,
518,,GJ,5/29/2026,,"Wedbush_Trading gain (loss), net_20260529",,,,12100,ATGN,D23300,ARB04404_USD,,,,,7936.799999999996,,,,,C04104,,,,
519,,GJ,5/29/2026,,"Wedbush_Trading gain (loss), net_20260529",,,,12100,ATGN,D23020,ARB04405_CAD,,,,,8164.0,,,,,C04105,,,,
520,,GJ,5/29/2026,,"Wedbush_Trading gain (loss), net_20260529",,,,12100,ATGN,D23020,ARB04405_USD,,,,,3405.6000000000004,,,,,C04105,,,,
521,,GJ,5/29/2026,,"Wedbush_Trading gain (loss), net_20260529",,,,12100,ATGN,D23020,ARB04406_CAD,,,,,6176.0,,,,,C04105,,,,
522,,GJ,5/29/2026,,"Wedbush_Trading gain (loss), net_20260529",,,,12100,ATGN,D23020,ARB04406_EUR,,,,,0.0,,,,,C04105,,,,
523,,GJ,5/29/2026,,"Wedbush_Trading gain (loss), net_20260529",,,,12100,ATGN,D23020,ARB04406_GBP,,,,,620.0,,,,,C04105,,,,
524,,GJ,5/29/2026,,"Wedbush_Trading gain (loss), net_20260529",,,,12100,ATGN,D23020,ARB04406_USD,,,,5040.0,,,,,,C04105,,,,
525,,GJ,5/29/2026,,"Wedbush_Trading gain (loss), net_20260529",,,,12100,ATGN,D23300,ARB04408_EUR,,,,5575.0,,,,,,C04108,,,,
526,,GJ,5/29/2026,,"Wedbush_Trading gain (loss), net_20260529",,,,12100,ATGN,D23300,ARB04408_GBP,,,,,2725.0,,,,,C04108,,,,
527,,GJ,5/29/2026,,"Wedbush_Trading gain (loss), net_20260529",,,,12100,ATGN,D23300,ARB04410_USD,,,,19285.0,,,,,,C04110,,,,
528,,GJ,5/29/2026,,"Wedbush_Trading gain (loss), net_20260529",,,,12100,ATGN,D23300,ARB04413_EUR,,,,,0.0,,,,,C03122,,,,
529,,GJ,5/29/2026,,"Wedbush_Trading gain (loss), net_20260529",,,,12100,ATGN,D23300,ARB04413_GBP,,,,140.0,,,,,,C03122,,,,
530,,GJ,5/29/2026,,"Wedbush_Trading gain (loss), net_20260529",,,,12100,ATGN,D23300,ARB04413_USD,,,,1343.6000000000004,,,,,,C03122,,,,
531,,GJ,5/29/2026,,"Wedbush_Trading gain (loss), net_20260529",,,,12100,ATGN,D23300,ARB04418_USD,,,,7290.0,,,,,,C04118,,,,
532,,GJ,5/29/2026,,"Wedbush_Trading gain (loss), net_20260529",,,,12100,ATGN,D23020,ARB04451_EUR,,,,,0.0,,,,,C01266,,,,
533,,GJ,5/29/2026,,"Wedbush_Trading gain (loss), net_20260529",,,,12100,ATGN,D23020,ARB04451_GBP,,,,2740.0,,,,,,C01266,,,,
534,,GJ,5/29/2026,,"Wedbush_Trading gain (loss), net_20260529",,,,12100,ATGN,D23020,ARB04451_USD,,,,2782.0,,,,,,C01266,,,,
535,,GJ,5/29/2026,,"Wedbush_Trading gain (loss), net_20260529",,,,12100,ATGN,D23020,ARB04452_EUR,,,,,0.0,,,,,C01265,,,,
536,,GJ,5/29/2026,,"Wedbush_Trading gain (loss), net_20260529",,,,12100,ATGN,D23020,ARB04452_GBP,,,,30.0,,,,,,C01265,,,,
537,,GJ,5/29/2026,,"Wedbush_Trading gain (loss), net_20260529",,,,12100,ATGN,D23020,ARB04452_USD,,,,2032.0,,,,,,C01265,,,,
538,,GJ,5/29/2026,,"Wedbush_Trading gain (loss), net_20260529",,,,12100,ATGN,D23020,ARB04454_EUR,,,,,0.0,,,,,C01261,,,,
539,,GJ,5/29/2026,,"Wedbush_Trading gain (loss), net_20260529",,,,12100,ATGN,D23020,ARB04454_GBP,,,,660.0,,,,,,C01261,,,,
540,,GJ,5/29/2026,,"Wedbush_Trading gain (loss), net_20260529",,,,12100,ATGN,D23020,ARB04454_USD,,,,,4538.0,,,,,C01261,,,,
541,,GJ,5/29/2026,,"Wedbush_Trading gain (loss), net_20260529",,,,12100,ATGN,D23010,ARB04459_CAD,,,,,160.0,,,,,C01270,,,,
542,,GJ,5/29/2026,,"Wedbush_Trading gain (loss), net_20260529",,,,12100,ATGN,D23010,ARB04459_USD,,,,,0.0,,,,,C01270,,,,
543,,GJ,5/29/2026,,"Wedbush_Trading gain (loss), net_20260529",,,,12100,303P,D21300,ARB05057_EUR,,,,,235300.0,,,,,C01057,,,,
544,,GJ,5/29/2026,,"Wedbush_Trading gain (loss), net_20260529",,,,12100,303P,D21300,ARB05057_USD,,,,,0.0,,,,,C01057,,,,
545,,GJ,5/29/2026,,"Wedbush_Trading gain (loss), net_20260529",,,,12100,ATGN,D21300,ARB05357_EUR,,,,,402005.0,,,,,C01057,,,,
546,,GJ,5/29/2026,,"Wedbush_Trading gain (loss), net_20260529",,,,12100,ATGN,D21300,ARB05357_GBP,,,,,0.0,,,,,C01057,,,,
547,,GJ,5/29/2026,,"Wedbush_Trading gain (loss), net_20260529",,,,12100,303P,D21300,ARB06057_USD,,,,30100.470000000438,,,,,,C01057,,,,
548,,GJ,5/29/2026,,"Wedbush_Trading gain (loss), net_20260529",,,,12100,ATGN,D21300,ARB06357_USD,,,,15430.0,,,,,,C01057,,,,
549,,GJ,5/29/2026,,"Wedbush_Trading gain (loss), net_20260529",,,,40050,303P,D24300,ARB00020_USD,,,,,35066.1,,,,,C00020,,,,
550,,GJ,5/29/2026,,"Wedbush_Trading gain (loss), net_20260529",,,,40050,303P,D21300,ARB00054_USD,,,,,10815.0,,,,,C00054,,,,
551,,GJ,5/29/2026,,"Wedbush_Trading gain (loss), net_20260529",,,,40050,303P,D21300,ARB00055_USD,,,,5929.850000000006,,,,,,C00054,,,,
552,,GJ,5/29/2026,,"Wedbush_Trading gain (loss), net_20260529",,,,40050,303P,D21300,ARB00068_USD,,,,32102.5,,,,,,C03068,,,,
553,,GJ,5/29/2026,,"Wedbush_Trading gain (loss), net_20260529",,,,40050,303P,D21300,ARB00090_USD,,,,9640.5,,,,,,C00090,,,,
554,,GJ,5/29/2026,,"Wedbush_Trading gain (loss), net_20260529",,,,40050,303P,D23300,ARB00110_USD,,,,,167.5,,,,,C00110,,,,
555,,GJ,5/29/2026,,"Wedbush_Trading gain (loss), net_20260529",,,,40050,303P,D23300,ARB00112_USD,,,,,2582.5,,,,,C00112,,,,
556,,GJ,5/29/2026,,"Wedbush_Trading gain (loss), net_20260529",,,,40050,303P,D23300,ARB00113_USD,,,,,27.819999999999936,,,,,C00112,,,,
557,,GJ,5/29/2026,,"Wedbush_Trading gain (loss), net_20260529",,,,40050,303P,D23300,ARB00122_USD,,,,9630.5,,,,,,C00122,,,,
558,,GJ,5/29/2026,,"Wedbush_Trading gain (loss), net_20260529",,,,40050,303P,D23080,ARB00123_USD,,,,70240.0,,,,,,C01231,,,,
559,,GJ,5/29/2026,,"Wedbush_Trading gain (loss), net_20260529",,,,40050,303P,D23020,ARB00124_USD,,,,16162.0,,,,,,C00124,,,,
560,,GJ,5/29/2026,,"Wedbush_Trading gain (loss), net_20260529",,,,40050,303P,D23020,ARB00126_USD,,,,,1426.5,,,,,C00426,,,,
561,,GJ,5/29/2026,,"Wedbush_Trading gain (loss), net_20260529",,,,40050,303P,D23300,ARB00132_USD,,,,,9352.5,,,,,C00132,,,,
562,,GJ,5/29/2026,,"Wedbush_Trading gain (loss), net_20260529",,,,40050,303P,D23300,ARB00135_USD,,,,5582.5,,,,,,C00135,,,,
563,,GJ,5/29/2026,,"Wedbush_Trading gain (loss), net_20260529",,,,40050,303P,D23020,ARB00143_USD,,,,,3019.0,,,,,C00125,,,,
564,,GJ,5/29/2026,,"Wedbush_Trading gain (loss), net_20260529",,,,40050,303P,D23020,ARB00146_USD,,,,7880.0,,,,,,C00146,,,,
565,,GJ,5/29/2026,,"Wedbush_Trading gain (loss), net_20260529",,,,40050,303P,D23300,ARB00149_USD,,,,3872.500000000002,,,,,,C00149,,,,
566,,GJ,5/29/2026,,"Wedbush_Trading gain (loss), net_20260529",,,,40050,303P,D23300,ARB00156_USD,,,,,89320.75,,,,,C00156,,,,
567,,GJ,5/29/2026,,"Wedbush_Trading gain (loss), net_20260529",,,,40050,303P,D23010,ARB00160_USD,,,,1905.5,,,,,,C00160,,,,
568,,GJ,5/29/2026,,"Wedbush_Trading gain (loss), net_20260529",,,,40050,303P,D23010,ARB00161_USD,,,,12772.75,,,,,,C00161,,,,
569,,GJ,5/29/2026,,"Wedbush_Trading gain (loss), net_20260529",,,,40050,303P,D23010,ARB00169_USD,,,,,18904.520000000004,,,,,C00469,,,,
570,,GJ,5/29/2026,,"Wedbush_Trading gain (loss), net_20260529",,,,40050,303P,D23060,ARB00186_USD,,,,85.59999999999854,,,,,,C00186,,,,
571,,GJ,5/29/2026,,"Wedbush_Trading gain (loss), net_20260529",,,,40050,303P,D23060,ARB00188_USD,,,,3174.5,,,,,,C00186,,,,
572,,GJ,5/29/2026,,"Wedbush_Trading gain (loss), net_20260529",,,,40050,303P,D23300,ARB00193_USD,,,,9124.0,,,,,,C00193,,,,
573,,GJ,5/29/2026,,"Wedbush_Trading gain (loss), net_20260529",,,,40050,303P,D23300,ARB00194_USD,,,,,32314.4,,,,,C00194,,,,
574,,GJ,5/29/2026,,"Wedbush_Trading gain (loss), net_20260529",,,,40050,303P,D22000,ARB00203_USD,,,,,10.0,,,,,C00203,,,,
575,,GJ,5/29/2026,,"Wedbush_Trading gain (loss), net_20260529",,,,40050,303P,D22000,ARB00214_USD,,,,,4832.6,,,,,C00214,,,,
576,,GJ,5/29/2026,,"Wedbush_Trading gain (loss), net_20260529",,,,40050,303P,D22000,ARB00215_USD,,,,,18840.26,,,,,C00215,,,,
577,,GJ,5/29/2026,,"Wedbush_Trading gain (loss), net_20260529",,,,40050,303P,D22000,ARB00220_USD,,,,,9827.9,,,,,C00220,,,,
578,,GJ,5/29/2026,,"Wedbush_Trading gain (loss), net_20260529",,,,40050,303P,D22000,ARB00257_USD,,,,,17382.84,,,,,C00257,,,,
579,,GJ,5/29/2026,,"Wedbush_Trading gain (loss), net_20260529",,,,40050,303P,D22000,ARB00267_USD,,,,,6908.769999999997,,,,,C00267,,,,
580,,GJ,5/29/2026,,"Wedbush_Trading gain (loss), net_20260529",,,,40050,ATGN,D21300,ARB00311_USD,,,,,4157.74,,,,,C00011,,,,
581,,GJ,5/29/2026,,"Wedbush_Trading gain (loss), net_20260529",,,,40050,ATGN,D24300,ARB00320_EUR,,,,,4825.0,,,,,C00020,,,,
582,,GJ,5/29/2026,,"Wedbush_Trading gain (loss), net_20260529",,,,40050,ATGN,D24300,ARB00320_GBP,,,,,4850.0,,,,,C00020,,,,
583,,GJ,5/29/2026,,"Wedbush_Trading gain (loss), net_20260529",,,,40050,ATGN,D21300,ARB00354_USD,,,,,3092.8,,,,,C00054,,,,
584,,GJ,5/29/2026,,"Wedbush_Trading gain (loss), net_20260529",,,,40050,ATGN,D21300,ARB00355_EUR,,,,,687.5,,,,,C00054,,,,
585,,GJ,5/29/2026,,"Wedbush_Trading gain (loss), net_20260529",,,,40050,ATGN,D21300,ARB00355_GBP,,,,,500.0,,,,,C00054,,,,
586,,GJ,5/29/2026,,"Wedbush_Trading gain (loss), net_20260529",,,,40050,ATGN,D21300,ARB00390_CAD,,,,1450.0,,,,,,C00090,,,,
587,,GJ,5/29/2026,,"Wedbush_Trading gain (loss), net_20260529",,,,40050,ATGN,D21300,ARB00390_USD,,,,130040.0,,,,,,C00090,,,,
588,,GJ,5/29/2026,,"Wedbush_Trading gain (loss), net_20260529",,,,40050,ATGN,D23300,ARB00410_EUR,,,,0.0,,,,,,C00110,,,,
589,,GJ,5/29/2026,,"Wedbush_Trading gain (loss), net_20260529",,,,40050,ATGN,D23300,ARB00410_GBP,,,,,35.0,,,,,C00110,,,,
590,,GJ,5/29/2026,,"Wedbush_Trading gain (loss), net_20260529",,,,40050,ATGN,D23300,ARB00412_EUR,,,,,900.0,,,,,C00112,,,,
591,,GJ,5/29/2026,,"Wedbush_Trading gain (loss), net_20260529",,,,40050,ATGN,D23300,ARB00412_GBP,,,,2085.0,,,,,,C00112,,,,
592,,GJ,5/29/2026,,"Wedbush_Trading gain (loss), net_20260529",,,,40050,ATGN,D23300,ARB00412_USD,,,,,1120.0,,,,,C00112,,,,
593,,GJ,5/29/2026,,"Wedbush_Trading gain (loss), net_20260529",,,,40050,ATGN,D23300,ARB00422_EUR,,,,0.0,,,,,,C00122,,,,
594,,GJ,5/29/2026,,"Wedbush_Trading gain (loss), net_20260529",,,,40050,ATGN,D23300,ARB00422_GBP,,,,160.0,,,,,,C00122,,,,
595,,GJ,5/29/2026,,"Wedbush_Trading gain (loss), net_20260529",,,,40050,ATGN,D23300,ARB00422_USD,,,,,14081.1,,,,,C00122,,,,
596,,GJ,5/29/2026,,"Wedbush_Trading gain (loss), net_20260529",,,,40050,ATGN,D23080,ARB00423_CAD,,,,4864.0,,,,,,C01231,,,,
597,,GJ,5/29/2026,,"Wedbush_Trading gain (loss), net_20260529",,,,40050,ATGN,D23080,ARB00423_EUR,,,,0.0,,,,,,C01231,,,,
598,,GJ,5/29/2026,,"Wedbush_Trading gain (loss), net_20260529",,,,40050,ATGN,D23080,ARB00423_GBP,,,,0.0,,,,,,C01231,,,,
599,,GJ,5/29/2026,,"Wedbush_Trading gain (loss), net_20260529",,,,40050,ATGN,D23080,ARB00423_USD,,,,,8003.949999999997,,,,,C01231,,,,
600,,GJ,5/29/2026,,"Wedbush_Trading gain (loss), net_20260529",,,,40050,ATGN,D23020,ARB00424_CAD,,,,2600.0,,,,,,C00124,,,,
601,,GJ,5/29/2026,,"Wedbush_Trading gain (loss), net_20260529",,,,40050,ATGN,D23020,ARB00424_EUR,,,,0.0,,,,,,C00124,,,,
602,,GJ,5/29/2026,,"Wedbush_Trading gain (loss), net_20260529",,,,40050,ATGN,D23020,ARB00424_GBP,,,,8480.0,,,,,,C00124,,,,
603,,GJ,5/29/2026,,"Wedbush_Trading gain (loss), net_20260529",,,,40050,ATGN,D23020,ARB00424_USD,,,,,36345.75,,,,,C00124,,,,
604,,GJ,5/29/2026,,"Wedbush_Trading gain (loss), net_20260529",,,,40050,ATGN,D23020,ARB00425_EUR,,,,0.0,,,,,,C00125,,,,
605,,GJ,5/29/2026,,"Wedbush_Trading gain (loss), net_20260529",,,,40050,ATGN,D23020,ARB00425_GBP,,,,,7390.0,,,,,C00125,,,,
606,,GJ,5/29/2026,,"Wedbush_Trading gain (loss), net_20260529",,,,40050,ATGN,D23020,ARB00425_USD,,,,,6245.5999999999985,,,,,C00125,,,,
607,,GJ,5/29/2026,,"Wedbush_Trading gain (loss), net_20260529",,,,40050,ATGN,D23020,ARB00426_EUR,,,,0.0,,,,,,C00426,,,,
608,,GJ,5/29/2026,,"Wedbush_Trading gain (loss), net_20260529",,,,40050,ATGN,D23020,ARB00426_GBP,,,,,2650.0,,,,,C00426,,,,
609,,GJ,5/29/2026,,"Wedbush_Trading gain (loss), net_20260529",,,,40050,ATGN,D23020,ARB00426_USD,,,,,14215.799999999988,,,,,C00426,,,,
610,,GJ,5/29/2026,,"Wedbush_Trading gain (loss), net_20260529",,,,40050,ATGN,D23300,ARB00432_EUR,,,,,6012.5,,,,,C00132,,,,
611,,GJ,5/29/2026,,"Wedbush_Trading gain (loss), net_20260529",,,,40050,ATGN,D23300,ARB00432_GBP,,,,875.0,,,,,,C00132,,,,
612,,GJ,5/29/2026,,"Wedbush_Trading gain (loss), net_20260529",,,,40050,ATGN,D23300,ARB00432_USD,,,,,760.0,,,,,C00132,,,,
613,,GJ,5/29/2026,,"Wedbush_Trading gain (loss), net_20260529",,,,40050,ATGN,D23300,ARB00435_EUR,,,,0.0,,,,,,C00135,,,,
614,,GJ,5/29/2026,,"Wedbush_Trading gain (loss), net_20260529",,,,40050,ATGN,D23300,ARB00435_GBP,,,,0.0,,,,,,C00135,,,,
615,,GJ,5/29/2026,,"Wedbush_Trading gain (loss), net_20260529",,,,40050,ATGN,D23300,ARB00435_USD,,,,,27311.2,,,,,C00135,,,,
616,,GJ,5/29/2026,,"Wedbush_Trading gain (loss), net_20260529",,,,40050,ATGN,D23020,ARB00442_USD,,,,2316.0,,,,,,C00124,,,,
617,,GJ,5/29/2026,,"Wedbush_Trading gain (loss), net_20260529",,,,40050,ATGN,D23020,ARB00443_USD,,,,2060.8,,,,,,C00125,,,,
618,,GJ,5/29/2026,,"Wedbush_Trading gain (loss), net_20260529",,,,40050,ATGN,D23020,ARB00446_EUR,,,,0.0,,,,,,C00146,,,,
619,,GJ,5/29/2026,,"Wedbush_Trading gain (loss), net_20260529",,,,40050,ATGN,D23020,ARB00446_GBP,,,,630.0,,,,,,C00146,,,,
620,,GJ,5/29/2026,,"Wedbush_Trading gain (loss), net_20260529",,,,40050,ATGN,D23020,ARB00446_USD,,,,1133.9999999999927,,,,,,C00146,,,,
621,,GJ,5/29/2026,,"Wedbush_Trading gain (loss), net_20260529",,,,40050,ATGN,D23300,ARB00449_EUR,,,,0.0,,,,,,C00149,,,,
622,,GJ,5/29/2026,,"Wedbush_Trading gain (loss), net_20260529",,,,40050,ATGN,D23300,ARB00449_GBP,,,,,280.0,,,,,C00149,,,,
623,,GJ,5/29/2026,,"Wedbush_Trading gain (loss), net_20260529",,,,40050,ATGN,D23300,ARB00449_USD,,,,,10479.399999999994,,,,,C00149,,,,
624,,GJ,5/29/2026,,"Wedbush_Trading gain (loss), net_20260529",,,,40050,ATGN,D23300,ARB00456_EUR,,,,,562.5,,,,,C00156,,,,
625,,GJ,5/29/2026,,"Wedbush_Trading gain (loss), net_20260529",,,,40050,ATGN,D23300,ARB00456_GBP,,,,7012.5,,,,,,C00156,,,,
626,,GJ,5/29/2026,,"Wedbush_Trading gain (loss), net_20260529",,,,40050,ATGN,D23300,ARB00456_USD,,,,,13831.2,,,,,C00156,,,,
627,,GJ,5/29/2026,,"Wedbush_Trading gain (loss), net_20260529",,,,40050,ATGN,D23010,ARB00460_CAD,,,,4532.0,,,,,,C00160,,,,
628,,GJ,5/29/2026,,"Wedbush_Trading gain (loss), net_20260529",,,,40050,ATGN,D23010,ARB00460_USD,,,,,4560.0,,,,,C00160,,,,
629,,GJ,5/29/2026,,"Wedbush_Trading gain (loss), net_20260529",,,,40050,ATGN,D23010,ARB00461_CAD,,,,,5662.0,,,,,C00161,,,,
630,,GJ,5/29/2026,,"Wedbush_Trading gain (loss), net_20260529",,,,40050,ATGN,D23010,ARB00461_USD,,,,2442.5,,,,,,C00161,,,,
631,,GJ,5/29/2026,,"Wedbush_Trading gain (loss), net_20260529",,,,40050,ATGN,D23010,ARB00469_CAD,,,,,19850.0,,,,,C00469,,,,
632,,GJ,5/29/2026,,"Wedbush_Trading gain (loss), net_20260529",,,,40050,ATGN,D23010,ARB00469_EUR,,,,0.0,,,,,,C00469,,,,
633,,GJ,5/29/2026,,"Wedbush_Trading gain (loss), net_20260529",,,,40050,ATGN,D23010,ARB00469_GBP,,,,6100.0,,,,,,C00469,,,,
634,,GJ,5/29/2026,,"Wedbush_Trading gain (loss), net_20260529",,,,40050,ATGN,D23010,ARB00469_USD,,,,,25137.5,,,,,C00469,,,,
635,,GJ,5/29/2026,,"Wedbush_Trading gain (loss), net_20260529",,,,40050,ATGN,D23060,ARB00486_EUR,,,,0.0,,,,,,C00186,,,,
636,,GJ,5/29/2026,,"Wedbush_Trading gain (loss), net_20260529",,,,40050,ATGN,D23060,ARB00486_GBP,,,,0.0,,,,,,C00186,,,,
637,,GJ,5/29/2026,,"Wedbush_Trading gain (loss), net_20260529",,,,40050,ATGN,D23060,ARB00486_USD,,,,10413.75,,,,,,C00186,,,,
638,,GJ,5/29/2026,,"Wedbush_Trading gain (loss), net_20260529",,,,40050,ATGN,D23060,ARB00488_USD,,,,1215.0,,,,,,C00186,,,,
639,,GJ,5/29/2026,,"Wedbush_Trading gain (loss), net_20260529",,,,40050,ATGN,D23300,ARB00493_CAD,,,,,2452.0,,,,,C00193,,,,
640,,GJ,5/29/2026,,"Wedbush_Trading gain (loss), net_20260529",,,,40050,ATGN,D23300,ARB00493_EUR,,,,0.0,,,,,,C00193,,,,
641,,GJ,5/29/2026,,"Wedbush_Trading gain (loss), net_20260529",,,,40050,ATGN,D23300,ARB00493_GBP,,,,320.0,,,,,,C00193,,,,
642,,GJ,5/29/2026,,"Wedbush_Trading gain (loss), net_20260529",,,,40050,ATGN,D23300,ARB00493_USD,,,,,14415.599999999991,,,,,C00193,,,,
643,,GJ,5/29/2026,,"Wedbush_Trading gain (loss), net_20260529",,,,40050,ATGN,D23300,ARB00494_CAD,,,,2552.0,,,,,,C00194,,,,
644,,GJ,5/29/2026,,"Wedbush_Trading gain (loss), net_20260529",,,,40050,ATGN,D23300,ARB00494_EUR,,,,0.0,,,,,,C00194,,,,
645,,GJ,5/29/2026,,"Wedbush_Trading gain (loss), net_20260529",,,,40050,ATGN,D23300,ARB00494_GBP,,,,,3040.0,,,,,C00194,,,,
646,,GJ,5/29/2026,,"Wedbush_Trading gain (loss), net_20260529",,,,40050,ATGN,D23300,ARB00494_USD,,,,,33934.0,,,,,C00194,,,,
647,,GJ,5/29/2026,,"Wedbush_Trading gain (loss), net_20260529",,,,40050,ATGN,D22000,ARB00503_EUR,,,,0.0,,,,,,C00203,,,,
648,,GJ,5/29/2026,,"Wedbush_Trading gain (loss), net_20260529",,,,40050,ATGN,D22000,ARB00503_GBP,,,,,200.0,,,,,C00203,,,,
649,,GJ,5/29/2026,,"Wedbush_Trading gain (loss), net_20260529",,,,40050,ATGN,D22000,ARB00503_USD,,,,,5448.5999999999985,,,,,C00203,,,,
650,,GJ,5/29/2026,,"Wedbush_Trading gain (loss), net_20260529",,,,40050,ATGN,D22000,ARB00514_EUR,,,,0.0,,,,,,C00214,,,,
651,,GJ,5/29/2026,,"Wedbush_Trading gain (loss), net_20260529",,,,40050,ATGN,D22000,ARB00514_GBP,,,,,112.0,,,,,C00214,,,,
652,,GJ,5/29/2026,,"Wedbush_Trading gain (loss), net_20260529",,,,40050,ATGN,D22000,ARB00520_EUR,,,,0.0,,,,,,C00220,,,,
653,,GJ,5/29/2026,,"Wedbush_Trading gain (loss), net_20260529",,,,40050,ATGN,D22000,ARB00520_GBP,,,,,300.0,,,,,C00220,,,,
654,,GJ,5/29/2026,,"Wedbush_Trading gain (loss), net_20260529",,,,40050,ATGN,D22000,ARB00520_USD,,,,50.0,,,,,,C00220,,,,
655,,GJ,5/29/2026,,"Wedbush_Trading gain (loss), net_20260529",,,,40050,ATGN,D22000,ARB00557_EUR,,,,0.0,,,,,,C00257,,,,
656,,GJ,5/29/2026,,"Wedbush_Trading gain (loss), net_20260529",,,,40050,ATGN,D22000,ARB00557_GBP,,,,0.0,,,,,,C00257,,,,
657,,GJ,5/29/2026,,"Wedbush_Trading gain (loss), net_20260529",,,,40050,ATGN,D22000,ARB00567_EUR,,,,0.0,,,,,,C00267,,,,
658,,GJ,5/29/2026,,"Wedbush_Trading gain (loss), net_20260529",,,,40050,ATGN,D22000,ARB00567_GBP,,,,,750.0,,,,,C00267,,,,
659,,GJ,5/29/2026,,"Wedbush_Trading gain (loss), net_20260529",,,,40050,ATGN,D22000,ARB00567_USD,,,,,5705.099999999999,,,,,C00267,,,,
660,,GJ,5/29/2026,,"Wedbush_Trading gain (loss), net_20260529",,,,40050,303S,D21300,ARB00754_USD,,,,,37187.479999974516,,,,,C00754,,,,
661,,GJ,5/29/2026,,"Wedbush_Trading gain (loss), net_20260529",,,,40050,303S,D21030,ARB00765_USD,,,,,29801.76000000112,,,,,C00765,,,,
662,,GJ,5/29/2026,,"Wedbush_Trading gain (loss), net_20260529",,,,40050,303P,D21030,ARB01002_USD,,,,,42631.159999999996,,,,,C01064,,,,
663,,GJ,5/29/2026,,"Wedbush_Trading gain (loss), net_20260529",,,,40050,303P,D21300,ARB01057_MXN,,,,,265555.0,,,,,C01057,,,,
664,,GJ,5/29/2026,,"Wedbush_Trading gain (loss), net_20260529",,,,40050,303P,D21300,ARB01057_USD,,,,18750.11000000208,,,,,,C01057,,,,
665,,GJ,5/29/2026,,"Wedbush_Trading gain (loss), net_20260529",,,,40050,303P,D21030,ARB01063_USD,,,,,7777.889999999999,,,,,C01063,,,,
666,,GJ,5/29/2026,,"Wedbush_Trading gain (loss), net_20260529",,,,40050,303P,D21030,ARB01064_USD,,,,366.1600000000003,,,,,,C01064,,,,
667,,GJ,5/29/2026,,"Wedbush_Trading gain (loss), net_20260529",,,,40050,303P,D21030,ARB01065_USD,,,,,14272.970000000001,,,,,C01065,,,,
668,,GJ,5/29/2026,,"Wedbush_Trading gain (loss), net_20260529",,,,40050,303P,D21030,ARB01066_USD,,,,,179.70000000000005,,,,,C01066,,,,
669,,GJ,5/29/2026,,"Wedbush_Trading gain (loss), net_20260529",,,,40050,303P,D21030,ARB01067_USD,,,,,1180.0,,,,,C01067,,,,
670,,GJ,5/29/2026,,"Wedbush_Trading gain (loss), net_20260529",,,,40050,303P,D21030,ARB01071_USD,,,,,5429.580000000002,,,,,C01071,,,,
671,,GJ,5/29/2026,,"Wedbush_Trading gain (loss), net_20260529",,,,40050,303P,D21030,ARB01073_USD,,,,1616.2700000000007,,,,,,C01073,,,,
672,,GJ,5/29/2026,,"Wedbush_Trading gain (loss), net_20260529",,,,40050,303P,D21030,ARB01076_USD,,,,,17335.469999999998,,,,,C01076,,,,
673,,GJ,5/29/2026,,"Wedbush_Trading gain (loss), net_20260529",,,,40050,303P,D21030,ARB01078_USD,,,,,33173.02,,,,,C01078,,,,
674,,GJ,5/29/2026,,"Wedbush_Trading gain (loss), net_20260529",,,,40050,303P,D21030,ARB01092_USD,,,,,62414.6799999997,,,,,C01092,,,,
675,,GJ,5/29/2026,,"Wedbush_Trading gain (loss), net_20260529",,,,40050,303P,D23020,ARB01100_USD,,,,3426.0,,,,,,C00146,,,,
676,,GJ,5/29/2026,,"Wedbush_Trading gain (loss), net_20260529",,,,40050,303P,D23020,ARB01117_USD,,,,750.0,,,,,,C01117,,,,
677,,GJ,5/29/2026,,"Wedbush_Trading gain (loss), net_20260529",,,,40050,303P,D23300,ARB01129_USD,,,,2650.0,,,,,,C00149,,,,
678,,GJ,5/29/2026,,"Wedbush_Trading gain (loss), net_20260529",,,,40050,303P,D23300,ARB01145_USD,,,,,34447.75,,,,,C01145,,,,
679,,GJ,5/29/2026,,"Wedbush_Trading gain (loss), net_20260529",,,,40050,303P,D23010,ARB01157_USD,,,,,11987.5,,,,,C01157,,,,
680,,GJ,5/29/2026,,"Wedbush_Trading gain (loss), net_20260529",,,,40050,303P,D23010,ARB01158_USD,,,,,138770.45,,,,,C01158,,,,
681,,GJ,5/29/2026,,"Wedbush_Trading gain (loss), net_20260529",,,,40050,303P,D23010,ARB01166_USD,,,,12247.5,,,,,,C01166,,,,
682,,GJ,5/29/2026,,"Wedbush_Trading gain (loss), net_20260529",,,,40050,303P,D23010,ARB01172_USD,,,,14233.0,,,,,,C01172,,,,
683,,GJ,5/29/2026,,"Wedbush_Trading gain (loss), net_20260529",,,,40050,303P,D23010,ARB01176_USD,,,,,26349.5,,,,,C01176,,,,
684,,GJ,5/29/2026,,"Wedbush_Trading gain (loss), net_20260529",,,,40050,303P,D23010,ARB01177_USD,,,,2331.25,,,,,,C00469,,,,
685,,GJ,5/29/2026,,"Wedbush_Trading gain (loss), net_20260529",,,,40050,303P,D23300,ARB01195_USD,,,,2990.0,,,,,,C00193,,,,
686,,GJ,5/29/2026,,"Wedbush_Trading gain (loss), net_20260529",,,,40050,ATGN,D21300,ARB01357_CHF,,,,3068.75,,,,,,C01057,,,,
687,,GJ,5/29/2026,,"Wedbush_Trading gain (loss), net_20260529",,,,40050,ATGN,D21300,ARB01357_EUR,,,,,32995.85000002384,,,,,C01057,,,,
688,,GJ,5/29/2026,,"Wedbush_Trading gain (loss), net_20260529",,,,40050,ATGN,D21300,ARB01357_GBP,,,,,30589.699999994016,,,,,C01057,,,,
689,,GJ,5/29/2026,,"Wedbush_Trading gain (loss), net_20260529",,,,40050,ATGN,D21300,ARB01357_USD,,,,,101375.0,,,,,C01057,,,,
690,,GJ,5/29/2026,,"Wedbush_Trading gain (loss), net_20260529",,,,40050,ATGN,D23020,ARB01400_EUR,,,,0.0,,,,,,C00146,,,,
691,,GJ,5/29/2026,,"Wedbush_Trading gain (loss), net_20260529",,,,40050,ATGN,D23020,ARB01400_GBP,,,,0.0,,,,,,C00146,,,,
692,,GJ,5/29/2026,,"Wedbush_Trading gain (loss), net_20260529",,,,40050,ATGN,D23020,ARB01400_USD,,,,,8406.400000000001,,,,,C00146,,,,
693,,GJ,5/29/2026,,"Wedbush_Trading gain (loss), net_20260529",,,,40050,ATGN,D23020,ARB01417_EUR,,,,0.0,,,,,,C01117,,,,
694,,GJ,5/29/2026,,"Wedbush_Trading gain (loss), net_20260529",,,,40050,ATGN,D23020,ARB01417_GBP,,,,,2150.0,,,,,C01117,,,,
695,,GJ,5/29/2026,,"Wedbush_Trading gain (loss), net_20260529",,,,40050,ATGN,D23020,ARB01417_USD,,,,3369.6000000000004,,,,,,C01117,,,,
696,,GJ,5/29/2026,,"Wedbush_Trading gain (loss), net_20260529",,,,40050,ATGN,D23300,ARB01445_EUR,,,,,14037.5,,,,,C01145,,,,
697,,GJ,5/29/2026,,"Wedbush_Trading gain (loss), net_20260529",,,,40050,ATGN,D23300,ARB01445_GBP,,,,,8387.5,,,,,C01145,,,,
698,,GJ,5/29/2026,,"Wedbush_Trading gain (loss), net_20260529",,,,40050,ATGN,D23010,ARB01457_CAD,,,,,1114.0,,,,,C01157,,,,
699,,GJ,5/29/2026,,"Wedbush_Trading gain (loss), net_20260529",,,,40050,ATGN,D23010,ARB01457_USD,,,,,12635.0,,,,,C01157,,,,
700,,GJ,5/29/2026,,"Wedbush_Trading gain (loss), net_20260529",,,,40050,ATGN,D23010,ARB01458_CAD,,,,1558.0,,,,,,C01158,,,,
701,,GJ,5/29/2026,,"Wedbush_Trading gain (loss), net_20260529",,,,40050,ATGN,D23010,ARB01458_USD,,,,,12750.0,,,,,C01158,,,,
702,,GJ,5/29/2026,,"Wedbush_Trading gain (loss), net_20260529",,,,40050,ATGN,D23010,ARB01466_CAD,,,,,2178.0,,,,,C01166,,,,
703,,GJ,5/29/2026,,"Wedbush_Trading gain (loss), net_20260529",,,,40050,ATGN,D23010,ARB01466_USD,,,,390.0,,,,,,C01166,,,,
704,,GJ,5/29/2026,,"Wedbush_Trading gain (loss), net_20260529",,,,40050,ATGN,D23010,ARB01472_CAD,,,,,1598.0,,,,,C01172,,,,
705,,GJ,5/29/2026,,"Wedbush_Trading gain (loss), net_20260529",,,,40050,ATGN,D23010,ARB01472_USD,,,,,65.0,,,,,C01172,,,,
706,,GJ,5/29/2026,,"Wedbush_Trading gain (loss), net_20260529",,,,40050,ATGN,D23010,ARB01476_USD,,,,8019.0,,,,,,C01176,,,,
707,,GJ,5/29/2026,,"Wedbush_Trading gain (loss), net_20260529",,,,40050,303P,D21300,ARB01602_USD,,,,81.25,,,,,,C01602,,,,
708,,GJ,5/29/2026,,"Wedbush_Trading gain (loss), net_20260529",,,,40050,303P,D21300,ARB01606_USD,,,,0.0,,,,,,C01606,,,,
709,,GJ,5/29/2026,,"Wedbush_Trading gain (loss), net_20260529",,,,40050,303P,D21300,ARB02012_USD,,,,,76135.0,,,,,C02012,,,,
710,,GJ,5/29/2026,,"Wedbush_Trading gain (loss), net_20260529",,,,40050,303P,D21300,ARB02040_USD,,,,,3765.63,,,,,C02040,,,,
711,,GJ,5/29/2026,,"Wedbush_Trading gain (loss), net_20260529",,,,40050,303P,D21300,ARB02043_USD,,,,,247609.04000000004,,,,,C02520,,,,
712,,GJ,5/29/2026,,"Wedbush_Trading gain (loss), net_20260529",,,,40050,303P,D21300,ARB02044_USD,,,,,307045.87,,,,,C02044,,,,
713,,GJ,5/29/2026,,"Wedbush_Trading gain (loss), net_20260529",,,,40050,303P,D21300,ARB02045_USD,,,,12187.609999999999,,,,,,C02045,,,,
714,,GJ,5/29/2026,,"Wedbush_Trading gain (loss), net_20260529",,,,40050,303P,D21030,ARB02047_USD,,,,,23780.5,,,,,C01092,,,,
715,,GJ,5/29/2026,,"Wedbush_Trading gain (loss), net_20260529",,,,40050,303P,D21030,ARB02052_USD,,,,34789.25,,,,,,C01078,,,,
716,,GJ,5/29/2026,,"Wedbush_Trading gain (loss), net_20260529",,,,40050,303P,D21300,ARB02055_USD,,,,,3167.17,,,,,C00054,,,,
717,,GJ,5/29/2026,,"Wedbush_Trading gain (loss), net_20260529",,,,40050,303P,D21300,ARB02076_USD,,,,,135090.94,,,,,C02076,,,,
718,,GJ,5/29/2026,,"Wedbush_Trading gain (loss), net_20260529",,,,40050,303P,D23010,ARB02102_USD,,,,,2425.0,,,,,C02102,,,,
719,,GJ,5/29/2026,,"Wedbush_Trading gain (loss), net_20260529",,,,40050,303P,D23010,ARB02103_USD,,,,,86165.0,,,,,C00163,,,,
720,,GJ,5/29/2026,,"Wedbush_Trading gain (loss), net_20260529",,,,40050,303P,D23080,ARB02116_USD,,,,8484.25,,,,,,C02116,,,,
721,,GJ,5/29/2026,,"Wedbush_Trading gain (loss), net_20260529",,,,40050,303P,D23080,ARB02118_USD,,,,,4458.0,,,,,C01234,,,,
722,,GJ,5/29/2026,,"Wedbush_Trading gain (loss), net_20260529",,,,40050,303P,D23300,ARB02121_USD,,,,,1043.7799999999997,,,,,C02121,,,,
723,,GJ,5/29/2026,,"Wedbush_Trading gain (loss), net_20260529",,,,40050,303P,D23020,ARB02129_USD,,,,2121.5999999999985,,,,,,C02129,,,,
724,,GJ,5/29/2026,,"Wedbush_Trading gain (loss), net_20260529",,,,40050,303P,D23010,ARB02132_USD,,,,77622.5,,,,,,C02132,,,,
725,,GJ,5/29/2026,,"Wedbush_Trading gain (loss), net_20260529",,,,40050,303P,D23010,ARB02135_USD,,,,29533.25,,,,,,C02135,,,,
726,,GJ,5/29/2026,,"Wedbush_Trading gain (loss), net_20260529",,,,40050,303P,D23010,ARB02136_USD,,,,,5065.0,,,,,C02136,,,,
727,,GJ,5/29/2026,,"Wedbush_Trading gain (loss), net_20260529",,,,40050,303P,D23010,ARB02145_USD,,,,1059.0,,,,,,C02145,,,,
728,,GJ,5/29/2026,,"Wedbush_Trading gain (loss), net_20260529",,,,40050,303P,D23010,ARB02147_USD,,,,,56624.5,,,,,C02147,,,,
729,,GJ,5/29/2026,,"Wedbush_Trading gain (loss), net_20260529",,,,40050,303P,D23010,ARB02149_USD,,,,,281.0,,,,,C02149,,,,
730,,GJ,5/29/2026,,"Wedbush_Trading gain (loss), net_20260529",,,,40050,303P,D23060,ARB02152_USD,,,,,2390.0,,,,,C00186,,,,
731,,GJ,5/29/2026,,"Wedbush_Trading gain (loss), net_20260529",,,,40050,303P,D23300,ARB02154_USD,,,,54767.5,,,,,,C00149,,,,
732,,GJ,5/29/2026,,"Wedbush_Trading gain (loss), net_20260529",,,,40050,303P,D23020,ARB02156_USD,,,,,150.0,,,,,C02156,,,,
733,,GJ,5/29/2026,,"Wedbush_Trading gain (loss), net_20260529",,,,40050,303P,D23300,ARB02158_USD,,,,,9236.25,,,,,C01145,,,,
734,,GJ,5/29/2026,,"Wedbush_Trading gain (loss), net_20260529",,,,40050,303P,D23300,ARB02167_USD,,,,124581.5,,,,,,C00118,,,,
735,,GJ,5/29/2026,,"Wedbush_Trading gain (loss), net_20260529",,,,40050,303P,D23300,ARB02168_USD,,,,,180.0,,,,,C00194,,,,
736,,GJ,5/29/2026,,"Wedbush_Trading gain (loss), net_20260529",,,,40050,303P,D23010,ARB02173_USD,,,,,30867.5,,,,,C00463,,,,
737,,GJ,5/29/2026,,"Wedbush_Trading gain (loss), net_20260529",,,,40050,303P,D23010,ARB02176_USD,,,,,174332.5,,,,,C00463,,,,
738,,GJ,5/29/2026,,"Wedbush_Trading gain (loss), net_20260529",,,,40050,303P,D23010,ARB02177_USD,,,,,7743.5,,,,,C02177,,,,
739,,GJ,5/29/2026,,"Wedbush_Trading gain (loss), net_20260529",,,,40050,303P,D23010,ARB02179_USD,,,,,24894.5,,,,,C02179,,,,
740,,GJ,5/29/2026,,"Wedbush_Trading gain (loss), net_20260529",,,,40050,303P,D23010,ARB02180_USD,,,,,32462.5,,,,,C02180,,,,
741,,GJ,5/29/2026,,"Wedbush_Trading gain (loss), net_20260529",,,,40050,303P,D23010,ARB02181_USD,,,,,59960.61,,,,,C02181,,,,
742,,GJ,5/29/2026,,"Wedbush_Trading gain (loss), net_20260529",,,,40050,303P,D23010,ARB02182_USD,,,,,14527.5,,,,,C02182,,,,
743,,GJ,5/29/2026,,"Wedbush_Trading gain (loss), net_20260529",,,,40050,303P,D23010,ARB02183_USD,,,,,37457.0,,,,,C02183,,,,
744,,GJ,5/29/2026,,"Wedbush_Trading gain (loss), net_20260529",,,,40050,303P,D23010,ARB02184_USD,,,,,120703.5,,,,,C02184,,,,
745,,GJ,5/29/2026,,"Wedbush_Trading gain (loss), net_20260529",,,,40050,303P,D23010,ARB02185_USD,,,,,2653.5,,,,,C02185,,,,
746,,GJ,5/29/2026,,"Wedbush_Trading gain (loss), net_20260529",,,,40050,303P,D23010,ARB02187_USD,,,,5952.0,,,,,,C02187,,,,
747,,GJ,5/29/2026,,"Wedbush_Trading gain (loss), net_20260529",,,,40050,303P,D23010,ARB02188_USD,,,,,4820.0,,,,,C02188,,,,
748,,GJ,5/29/2026,,"Wedbush_Trading gain (loss), net_20260529",,,,40050,303P,D23010,ARB02190_USD,,,,878.0,,,,,,C02147,,,,
749,,GJ,5/29/2026,,"Wedbush_Trading gain (loss), net_20260529",,,,40050,303P,D23010,ARB02191_USD,,,,,216.0,,,,,C00469,,,,
750,,GJ,5/29/2026,,"Wedbush_Trading gain (loss), net_20260529",,,,40050,303P,D23010,ARB02196_USD,,,,,125.0,,,,,C02132,,,,
751,,GJ,5/29/2026,,"Wedbush_Trading gain (loss), net_20260529",,,,40050,ATGN,D21300,ARB02342_EUR,,,,0.0,,,,,,C02042,,,,
752,,GJ,5/29/2026,,"Wedbush_Trading gain (loss), net_20260529",,,,40050,ATGN,D21300,ARB02342_GBP,,,,,170.0,,,,,C02042,,,,
753,,GJ,5/29/2026,,"Wedbush_Trading gain (loss), net_20260529",,,,40050,ATGN,D21300,ARB02343_EUR,,,,,189300.0,,,,,C02520,,,,
754,,GJ,5/29/2026,,"Wedbush_Trading gain (loss), net_20260529",,,,40050,ATGN,D21300,ARB02343_GBP,,,,175170.0,,,,,,C02520,,,,
755,,GJ,5/29/2026,,"Wedbush_Trading gain (loss), net_20260529",,,,40050,ATGN,D21300,ARB02343_USD,,,,,53019.75,,,,,C02520,,,,
756,,GJ,5/29/2026,,"Wedbush_Trading gain (loss), net_20260529",,,,40050,ATGN,D21300,ARB02345_EUR,,,,0.0,,,,,,C02045,,,,
757,,GJ,5/29/2026,,"Wedbush_Trading gain (loss), net_20260529",,,,40050,ATGN,D21300,ARB02345_GBP,,,,4970.0,,,,,,C02045,,,,
758,,GJ,5/29/2026,,"Wedbush_Trading gain (loss), net_20260529",,,,40050,ATGN,D21300,ARB02355_USD,,,,,1710.9,,,,,C00054,,,,
759,,GJ,5/29/2026,,"Wedbush_Trading gain (loss), net_20260529",,,,40050,ATGN,D21300,ARB02376_EUR,,,,0.0,,,,,,C02076,,,,
760,,GJ,5/29/2026,,"Wedbush_Trading gain (loss), net_20260529",,,,40050,ATGN,D21300,ARB02376_GBP,,,,,18310.0,,,,,C02076,,,,
761,,GJ,5/29/2026,,"Wedbush_Trading gain (loss), net_20260529",,,,40050,ATGN,D23010,ARB02402_USD,,,,,1840.0,,,,,C02102,,,,
762,,GJ,5/29/2026,,"Wedbush_Trading gain (loss), net_20260529",,,,40050,ATGN,D23080,ARB02416_EUR,,,,0.0,,,,,,C02116,,,,
763,,GJ,5/29/2026,,"Wedbush_Trading gain (loss), net_20260529",,,,40050,ATGN,D23080,ARB02416_GBP,,,,,730.0,,,,,C02116,,,,
764,,GJ,5/29/2026,,"Wedbush_Trading gain (loss), net_20260529",,,,40050,ATGN,D23080,ARB02416_USD,,,,,4428.600000000002,,,,,C02116,,,,
765,,GJ,5/29/2026,,"Wedbush_Trading gain (loss), net_20260529",,,,40050,ATGN,D23080,ARB02418_EUR,,,,0.0,,,,,,C01234,,,,
766,,GJ,5/29/2026,,"Wedbush_Trading gain (loss), net_20260529",,,,40050,ATGN,D23080,ARB02418_GBP,,,,,2290.0,,,,,C01234,,,,
767,,GJ,5/29/2026,,"Wedbush_Trading gain (loss), net_20260529",,,,40050,ATGN,D23080,ARB02418_USD,,,,,12080.800000000001,,,,,C01234,,,,
768,,GJ,5/29/2026,,"Wedbush_Trading gain (loss), net_20260529",,,,40050,ATGN,D23300,ARB02421_EUR,,,,,425.0,,,,,C02121,,,,
769,,GJ,5/29/2026,,"Wedbush_Trading gain (loss), net_20260529",,,,40050,ATGN,D23300,ARB02421_GBP,,,,675.0,,,,,,C02121,,,,
770,,GJ,5/29/2026,,"Wedbush_Trading gain (loss), net_20260529",,,,40050,ATGN,D23300,ARB02421_USD,,,,119.19999999999982,,,,,,C02121,,,,
771,,GJ,5/29/2026,,"Wedbush_Trading gain (loss), net_20260529",,,,40050,ATGN,D23020,ARB02429_CAD,,,,2366.0,,,,,,C02129,,,,
772,,GJ,5/29/2026,,"Wedbush_Trading gain (loss), net_20260529",,,,40050,ATGN,D23020,ARB02429_EUR,,,,0.0,,,,,,C02129,,,,
773,,GJ,5/29/2026,,"Wedbush_Trading gain (loss), net_20260529",,,,40050,ATGN,D23020,ARB02429_GBP,,,,8710.0,,,,,,C02129,,,,
774,,GJ,5/29/2026,,"Wedbush_Trading gain (loss), net_20260529",,,,40050,ATGN,D23020,ARB02429_USD,,,,,19240.59999999999,,,,,C02129,,,,
775,,GJ,5/29/2026,,"Wedbush_Trading gain (loss), net_20260529",,,,40050,ATGN,D23010,ARB02432_CAD,,,,5012.0,,,,,,C02132,,,,
776,,GJ,5/29/2026,,"Wedbush_Trading gain (loss), net_20260529",,,,40050,ATGN,D23010,ARB02432_USD,,,,480.6,,,,,,C02132,,,,
777,,GJ,5/29/2026,,"Wedbush_Trading gain (loss), net_20260529",,,,40050,ATGN,D23010,ARB02435_CAD,,,,,5720.0,,,,,C02135,,,,
778,,GJ,5/29/2026,,"Wedbush_Trading gain (loss), net_20260529",,,,40050,ATGN,D23010,ARB02435_USD,,,,390.0,,,,,,C02135,,,,
779,,GJ,5/29/2026,,"Wedbush_Trading gain (loss), net_20260529",,,,40050,ATGN,D23010,ARB02436_EUR,,,,0.0,,,,,,C02136,,,,
780,,GJ,5/29/2026,,"Wedbush_Trading gain (loss), net_20260529",,,,40050,ATGN,D23010,ARB02436_GBP,,,,,3530.0,,,,,C02136,,,,
781,,GJ,5/29/2026,,"Wedbush_Trading gain (loss), net_20260529",,,,40050,ATGN,D23010,ARB02436_USD,,,,,10607.199999999999,,,,,C02136,,,,
782,,GJ,5/29/2026,,"Wedbush_Trading gain (loss), net_20260529",,,,40050,ATGN,D23010,ARB02445_USD,,,,,685.0,,,,,C02145,,,,
783,,GJ,5/29/2026,,"Wedbush_Trading gain (loss), net_20260529",,,,40050,ATGN,D23010,ARB02447_CAD,,,,388.0,,,,,,C02147,,,,
784,,GJ,5/29/2026,,"Wedbush_Trading gain (loss), net_20260529",,,,40050,ATGN,D23010,ARB02447_USD,,,,,560.0,,,,,C02147,,,,
785,,GJ,5/29/2026,,"Wedbush_Trading gain (loss), net_20260529",,,,40050,ATGN,D23010,ARB02449_EUR,,,,0.0,,,,,,C02149,,,,
786,,GJ,5/29/2026,,"Wedbush_Trading gain (loss), net_20260529",,,,40050,ATGN,D23010,ARB02449_GBP,,,,,490.0,,,,,C02149,,,,
787,,GJ,5/29/2026,,"Wedbush_Trading gain (loss), net_20260529",,,,40050,ATGN,D23010,ARB02449_USD,,,,,15813.050000000001,,,,,C02149,,,,
788,,GJ,5/29/2026,,"Wedbush_Trading gain (loss), net_20260529",,,,40050,ATGN,D23060,ARB02452_USD,,,,1070.0,,,,,,C00186,,,,
789,,GJ,5/29/2026,,"Wedbush_Trading gain (loss), net_20260529",,,,40050,ATGN,D23300,ARB02454_EUR,,,,0.0,,,,,,C00149,,,,
790,,GJ,5/29/2026,,"Wedbush_Trading gain (loss), net_20260529",,,,40050,ATGN,D23300,ARB02454_GBP,,,,1040.0,,,,,,C00149,,,,
791,,GJ,5/29/2026,,"Wedbush_Trading gain (loss), net_20260529",,,,40050,ATGN,D23300,ARB02454_USD,,,,6569.399999999994,,,,,,C00149,,,,
792,,GJ,5/29/2026,,"Wedbush_Trading gain (loss), net_20260529",,,,40050,ATGN,D23020,ARB02456_EUR,,,,0.0,,,,,,C02156,,,,
793,,GJ,5/29/2026,,"Wedbush_Trading gain (loss), net_20260529",,,,40050,ATGN,D23020,ARB02456_GBP,,,,20.0,,,,,,C02156,,,,
794,,GJ,5/29/2026,,"Wedbush_Trading gain (loss), net_20260529",,,,40050,ATGN,D23020,ARB02456_USD,,,,,8346.349999999999,,,,,C02156,,,,
795,,GJ,5/29/2026,,"Wedbush_Trading gain (loss), net_20260529",,,,40050,ATGN,D23300,ARB02458_USD,,,,18390.6,,,,,,C01145,,,,
796,,GJ,5/29/2026,,"Wedbush_Trading gain (loss), net_20260529",,,,40050,ATGN,D23080,ARB02463_USD,,,,603.9999999999927,,,,,,C01231,,,,
797,,GJ,5/29/2026,,"Wedbush_Trading gain (loss), net_20260529",,,,40050,ATGN,D23010,ARB02473_EUR,,,,300.0,,,,,,C00463,,,,
798,,GJ,5/29/2026,,"Wedbush_Trading gain (loss), net_20260529",,,,40050,ATGN,D23010,ARB02473_GBP,,,,1425.0,,,,,,C00463,,,,
799,,GJ,5/29/2026,,"Wedbush_Trading gain (loss), net_20260529",,,,40050,ATGN,D23010,ARB02473_USD,,,,4670.0,,,,,,C00463,,,,
800,,GJ,5/29/2026,,"Wedbush_Trading gain (loss), net_20260529",,,,40050,ATGN,D23010,ARB02476_EUR,,,,,1250.0,,,,,C00463,,,,
801,,GJ,5/29/2026,,"Wedbush_Trading gain (loss), net_20260529",,,,40050,ATGN,D23010,ARB02476_GBP,,,,72812.5,,,,,,C00463,,,,
802,,GJ,5/29/2026,,"Wedbush_Trading gain (loss), net_20260529",,,,40050,ATGN,D23010,ARB02476_USD,,,,,316540.0,,,,,C00463,,,,
803,,GJ,5/29/2026,,"Wedbush_Trading gain (loss), net_20260529",,,,40050,ATGN,D23010,ARB02477_CAD,,,,,362.0,,,,,C02177,,,,
804,,GJ,5/29/2026,,"Wedbush_Trading gain (loss), net_20260529",,,,40050,ATGN,D23010,ARB02477_USD,,,,760.0,,,,,,C02177,,,,
805,,GJ,5/29/2026,,"Wedbush_Trading gain (loss), net_20260529",,,,40050,ATGN,D23010,ARB02479_CAD,,,,194.0,,,,,,C02179,,,,
806,,GJ,5/29/2026,,"Wedbush_Trading gain (loss), net_20260529",,,,40050,ATGN,D23010,ARB02479_USD,,,,,939.1999999999971,,,,,C02179,,,,
807,,GJ,5/29/2026,,"Wedbush_Trading gain (loss), net_20260529",,,,40050,ATGN,D23010,ARB02480_CAD,,,,3786.0,,,,,,C02180,,,,
808,,GJ,5/29/2026,,"Wedbush_Trading gain (loss), net_20260529",,,,40050,ATGN,D23010,ARB02480_USD,,,,,7540.0,,,,,C02180,,,,
809,,GJ,5/29/2026,,"Wedbush_Trading gain (loss), net_20260529",,,,40050,ATGN,D23010,ARB02481_CAD,,,,,2978.0,,,,,C02181,,,,
810,,GJ,5/29/2026,,"Wedbush_Trading gain (loss), net_20260529",,,,40050,ATGN,D23010,ARB02481_USD,,,,,800.0,,,,,C02181,,,,
811,,GJ,5/29/2026,,"Wedbush_Trading gain (loss), net_20260529",,,,40050,ATGN,D23010,ARB02482_CAD,,,,,362.0,,,,,C02182,,,,
812,,GJ,5/29/2026,,"Wedbush_Trading gain (loss), net_20260529",,,,40050,ATGN,D23010,ARB02482_USD,,,,0.0,,,,,,C02182,,,,
813,,GJ,5/29/2026,,"Wedbush_Trading gain (loss), net_20260529",,,,40050,ATGN,D23010,ARB02483_CAD,,,,,5616.0,,,,,C02183,,,,
814,,GJ,5/29/2026,,"Wedbush_Trading gain (loss), net_20260529",,,,40050,ATGN,D23010,ARB02483_USD,,,,,1040.0,,,,,C02183,,,,
815,,GJ,5/29/2026,,"Wedbush_Trading gain (loss), net_20260529",,,,40050,ATGN,D23010,ARB02484_CAD,,,,18036.0,,,,,,C02184,,,,
816,,GJ,5/29/2026,,"Wedbush_Trading gain (loss), net_20260529",,,,40050,ATGN,D23010,ARB02484_EUR,,,,0.0,,,,,,C02184,,,,
817,,GJ,5/29/2026,,"Wedbush_Trading gain (loss), net_20260529",,,,40050,ATGN,D23010,ARB02484_GBP,,,,,100.0,,,,,C02184,,,,
818,,GJ,5/29/2026,,"Wedbush_Trading gain (loss), net_20260529",,,,40050,ATGN,D23010,ARB02484_USD,,,,26800.0,,,,,,C02184,,,,
819,,GJ,5/29/2026,,"Wedbush_Trading gain (loss), net_20260529",,,,40050,ATGN,D23010,ARB02485_EUR,,,,0.0,,,,,,C02185,,,,
820,,GJ,5/29/2026,,"Wedbush_Trading gain (loss), net_20260529",,,,40050,ATGN,D23010,ARB02485_GBP,,,,,4960.0,,,,,C02185,,,,
821,,GJ,5/29/2026,,"Wedbush_Trading gain (loss), net_20260529",,,,40050,ATGN,D23010,ARB02485_USD,,,,,22398.15,,,,,C02185,,,,
822,,GJ,5/29/2026,,"Wedbush_Trading gain (loss), net_20260529",,,,40050,ATGN,D23010,ARB02488_USD,,,,,18345.0,,,,,C02188,,,,
823,,GJ,5/29/2026,,"Wedbush_Trading gain (loss), net_20260529",,,,40050,ATGN,D23010,ARB02491_CAD,,,,,258.0,,,,,C00469,,,,
824,,GJ,5/29/2026,,"Wedbush_Trading gain (loss), net_20260529",,,,40050,ATGN,D23010,ARB02491_EUR,,,,0.0,,,,,,C00469,,,,
825,,GJ,5/29/2026,,"Wedbush_Trading gain (loss), net_20260529",,,,40050,ATGN,D23010,ARB02491_GBP,,,,,1660.0,,,,,C00469,,,,
826,,GJ,5/29/2026,,"Wedbush_Trading gain (loss), net_20260529",,,,40050,ATGN,D23010,ARB02491_USD,,,,1969.45,,,,,,C00469,,,,
827,,GJ,5/29/2026,,"Wedbush_Trading gain (loss), net_20260529",,,,40050,303P,D21300,ARB03003_USD,,,,12800.0,,,,,,C03003,,,,
828,,GJ,5/29/2026,,"Wedbush_Trading gain (loss), net_20260529",,,,40050,303P,D21300,ARB03022_USD,,,,,78965.0,,,,,C00034,,,,
829,,GJ,5/29/2026,,"Wedbush_Trading gain (loss), net_20260529",,,,40050,303P,D21300,ARB03032_USD,,,,,1006.25,,,,,C00049,,,,
830,,GJ,5/29/2026,,"Wedbush_Trading gain (loss), net_20260529",,,,40050,303P,D21300,ARB03033_USD,,,,,5512.5,,,,,C00049,,,,
831,,GJ,5/29/2026,,"Wedbush_Trading gain (loss), net_20260529",,,,40050,303P,D21300,ARB03035_USD,,,,,80.25,,,,,C00049,,,,
832,,GJ,5/29/2026,,"Wedbush_Trading gain (loss), net_20260529",,,,40050,303P,D21300,ARB03037_USD,,,,,60876.01,,,,,C03037,,,,
833,,GJ,5/29/2026,,"Wedbush_Trading gain (loss), net_20260529",,,,40050,303P,D21300,ARB03038_USD,,,,,10250.0,,,,,C03038,,,,
834,,GJ,5/29/2026,,"Wedbush_Trading gain (loss), net_20260529",,,,40050,303P,D21300,ARB03042_USD,,,,428.8399999999999,,,,,,C03040,,,,
835,,GJ,5/29/2026,,"Wedbush_Trading gain (loss), net_20260529",,,,40050,303P,D21300,ARB03043_USD,,,,,247.25000000000182,,,,,C03040,,,,
836,,GJ,5/29/2026,,"Wedbush_Trading gain (loss), net_20260529",,,,40050,303P,D21300,ARB03046_USD,,,,,1379.5299999999988,,,,,C03040,,,,
837,,GJ,5/29/2026,,"Wedbush_Trading gain (loss), net_20260529",,,,40050,303P,D21300,ARB03052_USD,,,,,19430.1,,,,,C03071,,,,
838,,GJ,5/29/2026,,"Wedbush_Trading gain (loss), net_20260529",,,,40050,303P,D21300,ARB03057_USD,,,,0.0,,,,,,C01057,,,,
839,,GJ,5/29/2026,,"Wedbush_Trading gain (loss), net_20260529",,,,40050,303P,D21300,ARB03060_USD,,,,135598.75,,,,,,C03060,,,,
840,,GJ,5/29/2026,,"Wedbush_Trading gain (loss), net_20260529",,,,40050,303P,D21300,ARB03062_USD,,,,,118055.0,,,,,C03062,,,,
841,,GJ,5/29/2026,,"Wedbush_Trading gain (loss), net_20260529",,,,40050,303P,D21300,ARB03064_USD,,,,,4570.0,,,,,C03064,,,,
842,,GJ,5/29/2026,,"Wedbush_Trading gain (loss), net_20260529",,,,40050,303P,D21300,ARB03065_USD,,,,,67225.0,,,,,C03065,,,,
843,,GJ,5/29/2026,,"Wedbush_Trading gain (loss), net_20260529",,,,40050,303P,D21300,ARB03072_USD,,,,,12825.0,,,,,C03072,,,,
844,,GJ,5/29/2026,,"Wedbush_Trading gain (loss), net_20260529",,,,40050,303P,D21300,ARB03073_USD,,,,,26453.78,,,,,C03073,,,,
845,,GJ,5/29/2026,,"Wedbush_Trading gain (loss), net_20260529",,,,40050,303P,D21300,ARB03078_USD,,,,,14990.0,,,,,C03078,,,,
846,,GJ,5/29/2026,,"Wedbush_Trading gain (loss), net_20260529",,,,40050,303P,D21300,ARB03079_USD,,,,76352.0,,,,,,C03078,,,,
847,,GJ,5/29/2026,,"Wedbush_Trading gain (loss), net_20260529",,,,40050,303P,D21300,ARB03080_USD,,,,67320.0,,,,,,C03078,,,,
848,,GJ,5/29/2026,,"Wedbush_Trading gain (loss), net_20260529",,,,40050,303P,D21030,ARB03084_USD,,,,,3438.54,,,,,C03084,,,,
849,,GJ,5/29/2026,,"Wedbush_Trading gain (loss), net_20260529",,,,40050,303P,D21300,ARB03088_USD,,,,,940.0,,,,,C03088,,,,
850,,GJ,5/29/2026,,"Wedbush_Trading gain (loss), net_20260529",,,,40050,303P,D21300,ARB03090_USD,,,,12922.0,,,,,,C03090,,,,
851,,GJ,5/29/2026,,"Wedbush_Trading gain (loss), net_20260529",,,,40050,303P,D21300,ARB03093_USD,,,,4572.5,,,,,,C03093,,,,
852,,GJ,5/29/2026,,"Wedbush_Trading gain (loss), net_20260529",,,,40050,303P,D21300,ARB03096_USD,,,,48.75,,,,,,C03096,,,,
853,,GJ,5/29/2026,,"Wedbush_Trading gain (loss), net_20260529",,,,40050,303P,D23300,ARB03100_USD,,,,,230.0,,,,,C03100,,,,
854,,GJ,5/29/2026,,"Wedbush_Trading gain (loss), net_20260529",,,,40050,303P,D23080,ARB03102_USD,,,,12257.0,,,,,,C03102,,,,
855,,GJ,5/29/2026,,"Wedbush_Trading gain (loss), net_20260529",,,,40050,303P,D23300,ARB03103_USD,,,,,23920.900000000023,,,,,CX3103,,,,
856,,GJ,5/29/2026,,"Wedbush_Trading gain (loss), net_20260529",,,,40050,303P,D23300,ARB03104_USD,,,,,9092.5,,,,,C03104,,,,
857,,GJ,5/29/2026,,"Wedbush_Trading gain (loss), net_20260529",,,,40050,303P,D23300,ARB03105_USD,,,,154768.55,,,,,,C00310,,,,
858,,GJ,5/29/2026,,"Wedbush_Trading gain (loss), net_20260529",,,,40050,303P,D23300,ARB03106_USD,,,,76939.25999999995,,,,,,C00310,,,,
859,,GJ,5/29/2026,,"Wedbush_Trading gain (loss), net_20260529",,,,40050,303P,D23300,ARB03107_USD,,,,,148962.5,,,,,C03107,,,,
860,,GJ,5/29/2026,,"Wedbush_Trading gain (loss), net_20260529",,,,40050,303P,D23300,ARB03108_USD,,,,,128691.80000000005,,,,,C00311,,,,
861,,GJ,5/29/2026,,"Wedbush_Trading gain (loss), net_20260529",,,,40050,303P,D23300,ARB03109_USD,,,,243789.0,,,,,,C00311,,,,
862,,GJ,5/29/2026,,"Wedbush_Trading gain (loss), net_20260529",,,,40050,303P,D23300,ARB03110_USD,,,,41977.5,,,,,,C00311,,,,
863,,GJ,5/29/2026,,"Wedbush_Trading gain (loss), net_20260529",,,,40050,303P,D23300,ARB03112_USD,,,,,18887.3,,,,,C00310,,,,
864,,GJ,5/29/2026,,"Wedbush_Trading gain (loss), net_20260529",,,,40050,303P,D23300,ARB03113_USD,,,,8003.690000000001,,,,,,C03113,,,,
865,,GJ,5/29/2026,,"Wedbush_Trading gain (loss), net_20260529",,,,40050,303P,D23300,ARB03115_USD,,,,0.0,,,,,,CX3115,,,,
866,,GJ,5/29/2026,,"Wedbush_Trading gain (loss), net_20260529",,,,40050,303P,D23020,ARB03116_USD,,,,5631.0,,,,,,C02129,,,,
867,,GJ,5/29/2026,,"Wedbush_Trading gain (loss), net_20260529",,,,40050,303P,D23300,ARB03122_USD,,,,,10918.5,,,,,C03122,,,,
868,,GJ,5/29/2026,,"Wedbush_Trading gain (loss), net_20260529",,,,40050,303P,D23300,ARB03125_USD,,,,18397.5,,,,,,CX3125,,,,
869,,GJ,5/29/2026,,"Wedbush_Trading gain (loss), net_20260529",,,,40050,303P,D23300,ARB03133_USD,,,,,40777.399999999965,,,,,C03133,,,,
870,,GJ,5/29/2026,,"Wedbush_Trading gain (loss), net_20260529",,,,40050,303P,D23300,ARB03134_USD,,,,,1907.5,,,,,C03134,,,,
871,,GJ,5/29/2026,,"Wedbush_Trading gain (loss), net_20260529",,,,40050,303P,D23300,ARB03136_USD,,,,,730.0,,,,,CX3136,,,,
872,,GJ,5/29/2026,,"Wedbush_Trading gain (loss), net_20260529",,,,40050,303P,D23300,ARB03139_USD,,,,169612.5,,,,,,C00311,,,,
873,,GJ,5/29/2026,,"Wedbush_Trading gain (loss), net_20260529",,,,40050,303P,D23300,ARB03141_USD,,,,15881.960000000001,,,,,,C03141,,,,
874,,GJ,5/29/2026,,"Wedbush_Trading gain (loss), net_20260529",,,,40050,303P,D23300,ARB03142_USD,,,,7580.200000000004,,,,,,C00310,,,,
875,,GJ,5/29/2026,,"Wedbush_Trading gain (loss), net_20260529",,,,40050,303P,D23300,ARB03143_USD,,,,6737.899999999994,,,,,,C00310,,,,
876,,GJ,5/29/2026,,"Wedbush_Trading gain (loss), net_20260529",,,,40050,303P,D23300,ARB03144_USD,,,,,3769.0,,,,,CX3144,,,,
877,,GJ,5/29/2026,,"Wedbush_Trading gain (loss), net_20260529",,,,40050,303P,D23300,ARB03146_USD,,,,,4927.5,,,,,CX3136,,,,
878,,GJ,5/29/2026,,"Wedbush_Trading gain (loss), net_20260529",,,,40050,303P,D23090,ARB03154_USD,,,,,395.86,,,,,C03154,,,,
879,,GJ,5/29/2026,,"Wedbush_Trading gain (loss), net_20260529",,,,40050,303P,D23100,ARB03156_USD,,,,,5495.3099999999995,,,,,C03156,,,,
880,,GJ,5/29/2026,,"Wedbush_Trading gain (loss), net_20260529",,,,40050,303P,D23100,ARB03157_USD,,,,,50.580000000001746,,,,,C03157,,,,
881,,GJ,5/29/2026,,"Wedbush_Trading gain (loss), net_20260529",,,,40050,303P,D23100,ARB03159_USD,,,,,2209.189999999995,,,,,C03159,,,,
882,,GJ,5/29/2026,,"Wedbush_Trading gain (loss), net_20260529",,,,40050,303P,D23010,ARB03168_USD,,,,3833.5,,,,,,C03168,,,,
883,,GJ,5/29/2026,,"Wedbush_Trading gain (loss), net_20260529",,,,40050,303P,D23100,ARB03174_USD,,,,,2681.829999999998,,,,,C03174,,,,
884,,GJ,5/29/2026,,"Wedbush_Trading gain (loss), net_20260529",,,,40050,303P,D23100,ARB03175_USD,,,,,1347.8100000000013,,,,,C03175,,,,
885,,GJ,5/29/2026,,"Wedbush_Trading gain (loss), net_20260529",,,,40050,303P,D23100,ARB03176_USD,,,,,2238.24000000002,,,,,C03176,,,,
886,,GJ,5/29/2026,,"Wedbush_Trading gain (loss), net_20260529",,,,40050,303P,D23100,ARB03185_USD,,,,,1487.5,,,,,C03185,,,,
887,,GJ,5/29/2026,,"Wedbush_Trading gain (loss), net_20260529",,,,40050,303P,D23300,ARB03192_USD,,,,,664.5,,,,,C03163,,,,
888,,GJ,5/29/2026,,"Wedbush_Trading gain (loss), net_20260529",,,,40050,ATGN,D21300,ARB03360_EUR,,,,,181475.0,,,,,C03060,,,,
889,,GJ,5/29/2026,,"Wedbush_Trading gain (loss), net_20260529",,,,40050,ATGN,D21300,ARB03360_GBP,,,,,128487.5,,,,,C03060,,,,
890,,GJ,5/29/2026,,"Wedbush_Trading gain (loss), net_20260529",,,,40050,ATGN,D21300,ARB03362_EUR,,,,10925.0,,,,,,C03062,,,,
891,,GJ,5/29/2026,,"Wedbush_Trading gain (loss), net_20260529",,,,40050,ATGN,D21300,ARB03362_GBP,,,,,7525.0,,,,,C03062,,,,
892,,GJ,5/29/2026,,"Wedbush_Trading gain (loss), net_20260529",,,,40050,ATGN,D21300,ARB03362_USD,,,,,37800.0,,,,,C03062,,,,
893,,GJ,5/29/2026,,"Wedbush_Trading gain (loss), net_20260529",,,,40050,ATGN,D21300,ARB03364_EUR,,,,0.0,,,,,,C03064,,,,
894,,GJ,5/29/2026,,"Wedbush_Trading gain (loss), net_20260529",,,,40050,ATGN,D21300,ARB03364_GBP,,,,0.0,,,,,,C03064,,,,
895,,GJ,5/29/2026,,"Wedbush_Trading gain (loss), net_20260529",,,,40050,ATGN,D21300,ARB03372_USD,,,,,1315.2,,,,,C03072,,,,
896,,GJ,5/29/2026,,"Wedbush_Trading gain (loss), net_20260529",,,,40050,ATGN,D21300,ARB03373_USD,,,,146.7,,,,,,C03073,,,,
897,,GJ,5/29/2026,,"Wedbush_Trading gain (loss), net_20260529",,,,40050,ATGN,D21300,ARB03378_USD,,,,,38130.0,,,,,C03078,,,,
898,,GJ,5/29/2026,,"Wedbush_Trading gain (loss), net_20260529",,,,40050,ATGN,D23300,ARB03400_EUR,,,,0.0,,,,,,C03100,,,,
899,,GJ,5/29/2026,,"Wedbush_Trading gain (loss), net_20260529",,,,40050,ATGN,D23300,ARB03400_GBP,,,,,690.0,,,,,C03100,,,,
900,,GJ,5/29/2026,,"Wedbush_Trading gain (loss), net_20260529",,,,40050,ATGN,D23300,ARB03400_USD,,,,4398.75,,,,,,C03100,,,,
901,,GJ,5/29/2026,,"Wedbush_Trading gain (loss), net_20260529",,,,40050,ATGN,D23080,ARB03402_EUR,,,,0.0,,,,,,C03102,,,,
902,,GJ,5/29/2026,,"Wedbush_Trading gain (loss), net_20260529",,,,40050,ATGN,D23080,ARB03402_GBP,,,,100.0,,,,,,C03102,,,,
903,,GJ,5/29/2026,,"Wedbush_Trading gain (loss), net_20260529",,,,40050,ATGN,D23080,ARB03402_USD,,,,225.59999999999854,,,,,,C03102,,,,
904,,GJ,5/29/2026,,"Wedbush_Trading gain (loss), net_20260529",,,,40050,ATGN,D23300,ARB03403_CAD,,,,,5844.0,,,,,CX3103,,,,
905,,GJ,5/29/2026,,"Wedbush_Trading gain (loss), net_20260529",,,,40050,ATGN,D23300,ARB03403_USD,,,,,27704.2,,,,,CX3103,,,,
906,,GJ,5/29/2026,,"Wedbush_Trading gain (loss), net_20260529",,,,40050,ATGN,D23300,ARB03404_CAD,,,,,84.0,,,,,C03104,,,,
907,,GJ,5/29/2026,,"Wedbush_Trading gain (loss), net_20260529",,,,40050,ATGN,D23300,ARB03404_EUR,,,,0.0,,,,,,C03104,,,,
908,,GJ,5/29/2026,,"Wedbush_Trading gain (loss), net_20260529",,,,40050,ATGN,D23300,ARB03404_GBP,,,,,180.0,,,,,C03104,,,,
909,,GJ,5/29/2026,,"Wedbush_Trading gain (loss), net_20260529",,,,40050,ATGN,D23300,ARB03404_USD,,,,,4178.899999999998,,,,,C03104,,,,
910,,GJ,5/29/2026,,"Wedbush_Trading gain (loss), net_20260529",,,,40050,ATGN,D23300,ARB03405_CAD,,,,686.0,,,,,,C00310,,,,
911,,GJ,5/29/2026,,"Wedbush_Trading gain (loss), net_20260529",,,,40050,ATGN,D23300,ARB03405_EUR,,,,0.0,,,,,,C00310,,,,
912,,GJ,5/29/2026,,"Wedbush_Trading gain (loss), net_20260529",,,,40050,ATGN,D23300,ARB03405_GBP,,,,,16050.0,,,,,C00310,,,,
913,,GJ,5/29/2026,,"Wedbush_Trading gain (loss), net_20260529",,,,40050,ATGN,D23300,ARB03405_USD,,,,,161224.5,,,,,C00310,,,,
914,,GJ,5/29/2026,,"Wedbush_Trading gain (loss), net_20260529",,,,40050,ATGN,D23300,ARB03406_CAD,,,,4616.0,,,,,,C00310,,,,
915,,GJ,5/29/2026,,"Wedbush_Trading gain (loss), net_20260529",,,,40050,ATGN,D23300,ARB03406_EUR,,,,0.0,,,,,,C00310,,,,
916,,GJ,5/29/2026,,"Wedbush_Trading gain (loss), net_20260529",,,,40050,ATGN,D23300,ARB03406_GBP,,,,4040.0,,,,,,C00310,,,,
917,,GJ,5/29/2026,,"Wedbush_Trading gain (loss), net_20260529",,,,40050,ATGN,D23300,ARB03406_USD,,,,,18752.559999999998,,,,,C00310,,,,
918,,GJ,5/29/2026,,"Wedbush_Trading gain (loss), net_20260529",,,,40050,ATGN,D23300,ARB03407_USD,,,,,40050.0,,,,,C03107,,,,
919,,GJ,5/29/2026,,"Wedbush_Trading gain (loss), net_20260529",,,,40050,ATGN,D23300,ARB03408_CAD,,,,6472.0,,,,,,C00311,,,,
920,,GJ,5/29/2026,,"Wedbush_Trading gain (loss), net_20260529",,,,40050,ATGN,D23300,ARB03408_EUR,,,,0.0,,,,,,C00311,,,,
921,,GJ,5/29/2026,,"Wedbush_Trading gain (loss), net_20260529",,,,40050,ATGN,D23300,ARB03408_GBP,,,,,710.0,,,,,C00311,,,,
922,,GJ,5/29/2026,,"Wedbush_Trading gain (loss), net_20260529",,,,40050,ATGN,D23300,ARB03408_USD,,,,,500920.25,,,,,C00311,,,,
923,,GJ,5/29/2026,,"Wedbush_Trading gain (loss), net_20260529",,,,40050,ATGN,D23300,ARB03409_EUR,,,,0.0,,,,,,C00311,,,,
924,,GJ,5/29/2026,,"Wedbush_Trading gain (loss), net_20260529",,,,40050,ATGN,D23300,ARB03409_GBP,,,,,5000.0,,,,,C00311,,,,
925,,GJ,5/29/2026,,"Wedbush_Trading gain (loss), net_20260529",,,,40050,ATGN,D23300,ARB03409_USD,,,,,21678.6,,,,,C00311,,,,
926,,GJ,5/29/2026,,"Wedbush_Trading gain (loss), net_20260529",,,,40050,ATGN,D23300,ARB03410_USD,,,,,96050.0,,,,,C00311,,,,
927,,GJ,5/29/2026,,"Wedbush_Trading gain (loss), net_20260529",,,,40050,ATGN,D23300,ARB03412_EUR,,,,0.0,,,,,,C00310,,,,
928,,GJ,5/29/2026,,"Wedbush_Trading gain (loss), net_20260529",,,,40050,ATGN,D23300,ARB03412_GBP,,,,0.0,,,,,,C00310,,,,
929,,GJ,5/29/2026,,"Wedbush_Trading gain (loss), net_20260529",,,,40050,ATGN,D23300,ARB03412_USD,,,,,42856.200000000004,,,,,C00310,,,,
930,,GJ,5/29/2026,,"Wedbush_Trading gain (loss), net_20260529",,,,40050,ATGN,D23300,ARB03413_USD,,,,,1350.0,,,,,C03113,,,,
931,,GJ,5/29/2026,,"Wedbush_Trading gain (loss), net_20260529",,,,40050,ATGN,D23300,ARB03422_CAD,,,,,1550.0,,,,,C03122,,,,
932,,GJ,5/29/2026,,"Wedbush_Trading gain (loss), net_20260529",,,,40050,ATGN,D23300,ARB03422_USD,,,,,1921.25,,,,,C03122,,,,
933,,GJ,5/29/2026,,"Wedbush_Trading gain (loss), net_20260529",,,,40050,ATGN,D23080,ARB03427_USD,,,,,22.400000000000006,,,,,C01234,,,,
934,,GJ,5/29/2026,,"Wedbush_Trading gain (loss), net_20260529",,,,40050,ATGN,D23300,ARB03433_EUR,,,,0.0,,,,,,C03133,,,,
935,,GJ,5/29/2026,,"Wedbush_Trading gain (loss), net_20260529",,,,40050,ATGN,D23300,ARB03433_GBP,,,,,200.0,,,,,C03133,,,,
936,,GJ,5/29/2026,,"Wedbush_Trading gain (loss), net_20260529",,,,40050,ATGN,D23300,ARB03433_USD,,,,,10582.05,,,,,C03133,,,,
937,,GJ,5/29/2026,,"Wedbush_Trading gain (loss), net_20260529",,,,40050,ATGN,D23300,ARB03434_USD,,,,,2498.7999999999997,,,,,C03134,,,,
938,,GJ,5/29/2026,,"Wedbush_Trading gain (loss), net_20260529",,,,40050,ATGN,D23300,ARB03435_USD,,,,,305.0,,,,,C00310,,,,
939,,GJ,5/29/2026,,"Wedbush_Trading gain (loss), net_20260529",,,,40050,ATGN,D23300,ARB03436_CAD,,,,,970.0,,,,,CX3136,,,,
940,,GJ,5/29/2026,,"Wedbush_Trading gain (loss), net_20260529",,,,40050,ATGN,D23300,ARB03436_EUR,,,,0.0,,,,,,CX3136,,,,
941,,GJ,5/29/2026,,"Wedbush_Trading gain (loss), net_20260529",,,,40050,ATGN,D23300,ARB03436_GBP,,,,460.0,,,,,,CX3136,,,,
942,,GJ,5/29/2026,,"Wedbush_Trading gain (loss), net_20260529",,,,40050,ATGN,D23300,ARB03436_USD,,,,,3168.0,,,,,CX3136,,,,
943,,GJ,5/29/2026,,"Wedbush_Trading gain (loss), net_20260529",,,,40050,ATGN,D23300,ARB03439_USD,,,,,119592.5,,,,,C00311,,,,
944,,GJ,5/29/2026,,"Wedbush_Trading gain (loss), net_20260529",,,,40050,ATGN,D23300,ARB03441_EUR,,,,875.0,,,,,,C03141,,,,
945,,GJ,5/29/2026,,"Wedbush_Trading gain (loss), net_20260529",,,,40050,ATGN,D23300,ARB03441_GBP,,,,625.0,,,,,,C03141,,,,
946,,GJ,5/29/2026,,"Wedbush_Trading gain (loss), net_20260529",,,,40050,ATGN,D23300,ARB03442_USD,,,,,3945.0,,,,,C00310,,,,
947,,GJ,5/29/2026,,"Wedbush_Trading gain (loss), net_20260529",,,,40050,ATGN,D23300,ARB03443_CAD,,,,908.0,,,,,,C00310,,,,
948,,GJ,5/29/2026,,"Wedbush_Trading gain (loss), net_20260529",,,,40050,ATGN,D23300,ARB03443_EUR,,,,0.0,,,,,,C00310,,,,
949,,GJ,5/29/2026,,"Wedbush_Trading gain (loss), net_20260529",,,,40050,ATGN,D23300,ARB03443_GBP,,,,,500.0,,,,,C00310,,,,
950,,GJ,5/29/2026,,"Wedbush_Trading gain (loss), net_20260529",,,,40050,ATGN,D23300,ARB03443_USD,,,,,8945.0,,,,,C00310,,,,
951,,GJ,5/29/2026,,"Wedbush_Trading gain (loss), net_20260529",,,,40050,ATGN,D23300,ARB03446_EUR,,,,0.0,,,,,,CX3136,,,,
952,,GJ,5/29/2026,,"Wedbush_Trading gain (loss), net_20260529",,,,40050,ATGN,D23300,ARB03446_GBP,,,,,680.0,,,,,CX3136,,,,
953,,GJ,5/29/2026,,"Wedbush_Trading gain (loss), net_20260529",,,,40050,ATGN,D23300,ARB03446_USD,,,,,848.0999999999999,,,,,CX3136,,,,
954,,GJ,5/29/2026,,"Wedbush_Trading gain (loss), net_20260529",,,,40050,ATGN,D23090,ARB03454_EUR,,,,125.0,,,,,,C03154,,,,
955,,GJ,5/29/2026,,"Wedbush_Trading gain (loss), net_20260529",,,,40050,ATGN,D23090,ARB03454_GBP,,,,0.0,,,,,,C03154,,,,
956,,GJ,5/29/2026,,"Wedbush_Trading gain (loss), net_20260529",,,,40050,ATGN,D23090,ARB03454_USD,,,,,990.0,,,,,C03154,,,,
957,,GJ,5/29/2026,,"Wedbush_Trading gain (loss), net_20260529",,,,40050,ATGN,D23100,ARB03457_EUR,,,,,887.5,,,,,C03157,,,,
958,,GJ,5/29/2026,,"Wedbush_Trading gain (loss), net_20260529",,,,40050,ATGN,D23100,ARB03457_GBP,,,,375.0,,,,,,C03157,,,,
959,,GJ,5/29/2026,,"Wedbush_Trading gain (loss), net_20260529",,,,40050,ATGN,D23100,ARB03457_USD,,,,,1106.6000000000004,,,,,C03157,,,,
960,,GJ,5/29/2026,,"Wedbush_Trading gain (loss), net_20260529",,,,40050,ATGN,D23100,ARB03459_CHF,,,,687.5,,,,,,C03159,,,,
961,,GJ,5/29/2026,,"Wedbush_Trading gain (loss), net_20260529",,,,40050,ATGN,D23100,ARB03459_EUR,,,,,1825.0,,,,,C03159,,,,
962,,GJ,5/29/2026,,"Wedbush_Trading gain (loss), net_20260529",,,,40050,ATGN,D23100,ARB03459_GBP,,,,525.0,,,,,,C03159,,,,
963,,GJ,5/29/2026,,"Wedbush_Trading gain (loss), net_20260529",,,,40050,ATGN,D23100,ARB03459_USD,,,,1149.0,,,,,,C03159,,,,
964,,GJ,5/29/2026,,"Wedbush_Trading gain (loss), net_20260529",,,,40050,ATGN,D23300,ARB03460_EUR,,,,0.0,,,,,,C03160,,,,
965,,GJ,5/29/2026,,"Wedbush_Trading gain (loss), net_20260529",,,,40050,ATGN,D23300,ARB03460_GBP,,,,,110.0,,,,,C03160,,,,
966,,GJ,5/29/2026,,"Wedbush_Trading gain (loss), net_20260529",,,,40050,ATGN,D23300,ARB03460_USD,,,,,418.0,,,,,C03160,,,,
967,,GJ,5/29/2026,,"Wedbush_Trading gain (loss), net_20260529",,,,40050,ATGN,D23300,ARB03463_USD,,,,,1340.0,,,,,C03163,,,,
968,,GJ,5/29/2026,,"Wedbush_Trading gain (loss), net_20260529",,,,40050,ATGN,D23010,ARB03468_CAD,,,,1306.0,,,,,,C03168,,,,
969,,GJ,5/29/2026,,"Wedbush_Trading gain (loss), net_20260529",,,,40050,ATGN,D23010,ARB03468_USD,,,,0.0,,,,,,C03168,,,,
970,,GJ,5/29/2026,,"Wedbush_Trading gain (loss), net_20260529",,,,40050,ATGN,D23100,ARB03474_EUR,,,,,475.0,,,,,C03174,,,,
971,,GJ,5/29/2026,,"Wedbush_Trading gain (loss), net_20260529",,,,40050,ATGN,D23100,ARB03474_GBP,,,,0.0,,,,,,C03174,,,,
972,,GJ,5/29/2026,,"Wedbush_Trading gain (loss), net_20260529",,,,40050,ATGN,D23100,ARB03475_EUR,,,,,1337.5,,,,,C03175,,,,
973,,GJ,5/29/2026,,"Wedbush_Trading gain (loss), net_20260529",,,,40050,ATGN,D23100,ARB03475_GBP,,,,0.0,,,,,,C03175,,,,
974,,GJ,5/29/2026,,"Wedbush_Trading gain (loss), net_20260529",,,,40050,ATGN,D23100,ARB03476_EUR,,,,,650.0,,,,,C03176,,,,
975,,GJ,5/29/2026,,"Wedbush_Trading gain (loss), net_20260529",,,,40050,ATGN,D23100,ARB03476_GBP,,,,0.0,,,,,,C03176,,,,
976,,GJ,5/29/2026,,"Wedbush_Trading gain (loss), net_20260529",,,,40050,ATGN,D23100,ARB03485_EUR,,,,,125.0,,,,,C03185,,,,
977,,GJ,5/29/2026,,"Wedbush_Trading gain (loss), net_20260529",,,,40050,ATGN,D23100,ARB03485_GBP,,,,,75.0,,,,,C03185,,,,
978,,GJ,5/29/2026,,"Wedbush_Trading gain (loss), net_20260529",,,,40050,ATGN,D23100,ARB03485_USD,,,,,1479.4,,,,,C03185,,,,
979,,GJ,5/29/2026,,"Wedbush_Trading gain (loss), net_20260529",,,,40050,ATGN,D23300,ARB03489_EUR,,,,0.0,,,,,,C03160,,,,
980,,GJ,5/29/2026,,"Wedbush_Trading gain (loss), net_20260529",,,,40050,ATGN,D23300,ARB03489_GBP,,,,,280.0,,,,,C03160,,,,
981,,GJ,5/29/2026,,"Wedbush_Trading gain (loss), net_20260529",,,,40050,ATGN,D23300,ARB03489_USD,,,,,2889.3999999999996,,,,,C03160,,,,
982,,GJ,5/29/2026,,"Wedbush_Trading gain (loss), net_20260529",,,,40050,ATGN,D23300,ARB03492_CAD,,,,144.0,,,,,,C03163,,,,
983,,GJ,5/29/2026,,"Wedbush_Trading gain (loss), net_20260529",,,,40050,ATGN,D23300,ARB03492_EUR,,,,0.0,,,,,,C03163,,,,
984,,GJ,5/29/2026,,"Wedbush_Trading gain (loss), net_20260529",,,,40050,ATGN,D23300,ARB03492_GBP,,,,3910.0,,,,,,C03163,,,,
985,,GJ,5/29/2026,,"Wedbush_Trading gain (loss), net_20260529",,,,40050,ATGN,D23300,ARB03492_USD,,,,,3695.600000000002,,,,,C03163,,,,
986,,GJ,5/29/2026,,"Wedbush_Trading gain (loss), net_20260529",,,,40050,303P,D21030,ARB04021_USD,,,,,15228.5,,,,,C03084,,,,
987,,GJ,5/29/2026,,"Wedbush_Trading gain (loss), net_20260529",,,,40050,303P,D21030,ARB04023_USD,,,,,18150.0,,,,,C04023,,,,
988,,GJ,5/29/2026,,"Wedbush_Trading gain (loss), net_20260529",,,,40050,303P,D21300,ARB04024_USD,,,,3930.0,,,,,,C04024,,,,
989,,GJ,5/29/2026,,"Wedbush_Trading gain (loss), net_20260529",,,,40050,303P,D21300,ARB04029_USD,,,,,75900.45000000001,,,,,C04029,,,,
990,,GJ,5/29/2026,,"Wedbush_Trading gain (loss), net_20260529",,,,40050,303P,D21030,ARB04031_USD,,,,,180468.76000000024,,,,,C04031,,,,
991,,GJ,5/29/2026,,"Wedbush_Trading gain (loss), net_20260529",,,,40050,303P,D21300,ARB04038_USD,,,,,11105.779999999999,,,,,C04038,,,,
992,,GJ,5/29/2026,,"Wedbush_Trading gain (loss), net_20260529",,,,40050,303P,D21300,ARB04042_USD,,,,,29046.73,,,,,C02044,,,,
993,,GJ,5/29/2026,,"Wedbush_Trading gain (loss), net_20260529",,,,40050,303P,D21300,ARB04047_USD,,,,,36057.5,,,,,C04033,,,,
994,,GJ,5/29/2026,,"Wedbush_Trading gain (loss), net_20260529",,,,40050,303P,D21300,ARB04048_USD,,,,508145.55000000005,,,,,,C04048,,,,
995,,GJ,5/29/2026,,"Wedbush_Trading gain (loss), net_20260529",,,,40050,303P,D21030,ARB04049_USD,,,,1365.0,,,,,,C04050,,,,
996,,GJ,5/29/2026,,"Wedbush_Trading gain (loss), net_20260529",,,,40050,303P,D21300,ARB04052_USD,,,,8912.5,,,,,,C04052,,,,
997,,GJ,5/29/2026,,"Wedbush_Trading gain (loss), net_20260529",,,,40050,303P,D21300,ARB04053_EUR,,,,,13132.5,,,,,C04053,,,,
998,,GJ,5/29/2026,,"Wedbush_Trading gain (loss), net_20260529",,,,40050,303P,D21300,ARB04053_GBP,,,,,15950.0,,,,,C04053,,,,
999,,GJ,5/29/2026,,"Wedbush_Trading gain (loss), net_20260529",,,,40050,303P,D21300,ARB04053_USD,,,,,5079.319999999994,,,,,C04053,,,,
1000,,GJ,5/29/2026,,"Wedbush_Trading gain (loss), net_20260529",,,,40050,303P,D21300,ARB04054_USD,,,,,2173.5,,,,,C04054,,,,
1001,,GJ,5/29/2026,,"Wedbush_Trading gain (loss), net_20260529",,,,40050,303P,D21300,ARB04055_USD,,,,,36458.6,,,,,C04054,,,,
1002,,GJ,5/29/2026,,"Wedbush_Trading gain (loss), net_20260529",,,,40050,303P,D21300,ARB04057_USD,,,,202.5,,,,,,C01057,,,,
1003,,GJ,5/29/2026,,"Wedbush_Trading gain (loss), net_20260529",,,,40050,303P,D21300,ARB04059_USD,,,,34857.5,,,,,,C04059,,,,
1004,,GJ,5/29/2026,,"Wedbush_Trading gain (loss), net_20260529",,,,40050,303P,D21300,ARB04062_USD,,,,0.0,,,,,,C03029,,,,
1005,,GJ,5/29/2026,,"Wedbush_Trading gain (loss), net_20260529",,,,40050,303P,D21300,ARB04065_USD,,,,25262.5,,,,,,C00675,,,,
1006,,GJ,5/29/2026,,"Wedbush_Trading gain (loss), net_20260529",,,,40050,303P,D21300,ARB04066_USD,,,,14385.0,,,,,,C00675,,,,
1007,,GJ,5/29/2026,,"Wedbush_Trading gain (loss), net_20260529",,,,40050,303P,D21300,ARB04067_USD,,,,6570.0,,,,,,C00675,,,,
1008,,GJ,5/29/2026,,"Wedbush_Trading gain (loss), net_20260529",,,,40050,303P,D21300,ARB04068_USD,,,,2012.5,,,,,,C00675,,,,
1009,,GJ,5/29/2026,,"Wedbush_Trading gain (loss), net_20260529",,,,40050,303P,D21300,ARB04069_USD,,,,,24850.0,,,,,C00675,,,,
1010,,GJ,5/29/2026,,"Wedbush_Trading gain (loss), net_20260529",,,,40050,303P,D21300,ARB04070_USD,,,,,12812.5,,,,,C00675,,,,
1011,,GJ,5/29/2026,,"Wedbush_Trading gain (loss), net_20260529",,,,40050,303P,D21300,ARB04073_USD,,,,6284.2,,,,,,C04073,,,,
1012,,GJ,5/29/2026,,"Wedbush_Trading gain (loss), net_20260529",,,,40050,303P,D21030,ARB04074_USD,,,,,16812.43,,,,,C04074,,,,
1013,,GJ,5/29/2026,,"Wedbush_Trading gain (loss), net_20260529",,,,40050,303P,D21300,ARB04075_USD,,,,,5967.57,,,,,C04075,,,,
1014,,GJ,5/29/2026,,"Wedbush_Trading gain (loss), net_20260529",,,,40050,303P,D21300,ARB04077_USD,,,,,2420.0,,,,,C03095,,,,
1015,,GJ,5/29/2026,,"Wedbush_Trading gain (loss), net_20260529",,,,40050,303P,D21300,ARB04079_USD,,,,,2190.0,,,,,C03064,,,,
1016,,GJ,5/29/2026,,"Wedbush_Trading gain (loss), net_20260529",,,,40050,303P,D21030,ARB04080_USD,,,,,4222.499999999964,,,,,C02048,,,,
1017,,GJ,5/29/2026,,"Wedbush_Trading gain (loss), net_20260529",,,,40050,303P,D21300,ARB04081_USD,,,,6250.0,,,,,,C04081,,,,
1018,,GJ,5/29/2026,,"Wedbush_Trading gain (loss), net_20260529",,,,40050,303P,D21300,ARB04082_USD,,,,1829.05,,,,,,C04082,,,,
1019,,GJ,5/29/2026,,"Wedbush_Trading gain (loss), net_20260529",,,,40050,303P,D21300,ARB04083_USD,,,,2772.25,,,,,,C04083,,,,
1020,,GJ,5/29/2026,,"Wedbush_Trading gain (loss), net_20260529",,,,40050,303P,D12000,ARB04085_USD,,,,7884.75,,,,,,C02502,,,,
1021,,GJ,5/29/2026,,"Wedbush_Trading gain (loss), net_20260529",,,,40050,303P,D21030,ARB04086_USD,,,,,52655.67,,,,,C04086,,,,
1022,,GJ,5/29/2026,,"Wedbush_Trading gain (loss), net_20260529",,,,40050,303P,D21030,ARB04087_USD,,,,11049.26,,,,,,C04022,,,,
1023,,GJ,5/29/2026,,"Wedbush_Trading gain (loss), net_20260529",,,,40050,303P,D20000,ARB04088_USD,,,,,9350.0,,,,,C00001,,,,
1024,,GJ,5/29/2026,,"Wedbush_Trading gain (loss), net_20260529",,,,40050,303P,D23300,ARB04101_USD,,,,662.7999999999993,,,,,,C04101,,,,
1025,,GJ,5/29/2026,,"Wedbush_Trading gain (loss), net_20260529",,,,40050,303P,D23300,ARB04102_USD,,,,80496.40000000001,,,,,,C04102,,,,
1026,,GJ,5/29/2026,,"Wedbush_Trading gain (loss), net_20260529",,,,40050,303P,D23300,ARB04103_USD,,,,,4816.0,,,,,C04103,,,,
1027,,GJ,5/29/2026,,"Wedbush_Trading gain (loss), net_20260529",,,,40050,303P,D23300,ARB04104_USD,,,,7002.499999999998,,,,,,C04104,,,,
1028,,GJ,5/29/2026,,"Wedbush_Trading gain (loss), net_20260529",,,,40050,303P,D23020,ARB04105_USD,,,,,19972.5,,,,,C04105,,,,
1029,,GJ,5/29/2026,,"Wedbush_Trading gain (loss), net_20260529",,,,40050,303P,D23020,ARB04106_USD,,,,,17279.0,,,,,C04105,,,,
1030,,GJ,5/29/2026,,"Wedbush_Trading gain (loss), net_20260529",,,,40050,303P,D23300,ARB04108_USD,,,,,25973.330000000482,,,,,C04108,,,,
1031,,GJ,5/29/2026,,"Wedbush_Trading gain (loss), net_20260529",,,,40050,303P,D23300,ARB04110_USD,,,,6085.25,,,,,,C04110,,,,
1032,,GJ,5/29/2026,,"Wedbush_Trading gain (loss), net_20260529",,,,40050,303P,D23300,ARB04111_USD,,,,43962.740000000005,,,,,,C04111,,,,
1033,,GJ,5/29/2026,,"Wedbush_Trading gain (loss), net_20260529",,,,40050,303P,D23300,ARB04112_USD,,,,15550.75,,,,,,C04112,,,,
1034,,GJ,5/29/2026,,"Wedbush_Trading gain (loss), net_20260529",,,,40050,303P,D23300,ARB04113_USD,,,,6179.0,,,,,,C03122,,,,
1035,,GJ,5/29/2026,,"Wedbush_Trading gain (loss), net_20260529",,,,40050,303P,D23090,ARB04114_USD,,,,,14405.389999998919,,,,,C04114,,,,
1036,,GJ,5/29/2026,,"Wedbush_Trading gain (loss), net_20260529",,,,40050,303P,D23300,ARB04116_USD,,,,,32161.75,,,,,C04101,,,,
1037,,GJ,5/29/2026,,"Wedbush_Trading gain (loss), net_20260529",,,,40050,303P,D23300,ARB04117_USD,,,,,71350.0,,,,,C04102,,,,
1038,,GJ,5/29/2026,,"Wedbush_Trading gain (loss), net_20260529",,,,40050,303P,D23300,ARB04118_USD,,,,,10269.8,,,,,C04118,,,,
1039,,GJ,5/29/2026,,"Wedbush_Trading gain (loss), net_20260529",,,,40050,303P,D23300,ARB04119_USD,,,,,2170.0,,,,,C04110,,,,
1040,,GJ,5/29/2026,,"Wedbush_Trading gain (loss), net_20260529",,,,40050,303P,D23010,ARB04157_USD,,,,,25.0,,,,,C01268,,,,
1041,,GJ,5/29/2026,,"Wedbush_Trading gain (loss), net_20260529",,,,40050,303P,D23010,ARB04158_USD,,,,,25.0,,,,,C01269,,,,
1042,,GJ,5/29/2026,,"Wedbush_Trading gain (loss), net_20260529",,,,40050,303P,D23010,ARB04159_USD,,,,87.5,,,,,,C01270,,,,
1043,,GJ,5/29/2026,,"Wedbush_Trading gain (loss), net_20260529",,,,40050,303P,D23010,ARB04160_USD,,,,587.5,,,,,,C01271,,,,
1044,,GJ,5/29/2026,,"Wedbush_Trading gain (loss), net_20260529",,,,40050,303P,D23010,ARB04161_USD,,,,1882.5,,,,,,C01272,,,,
1045,,GJ,5/29/2026,,"Wedbush_Trading gain (loss), net_20260529",,,,40050,303P,D23010,ARB04162_USD,,,,,100.0,,,,,C01273,,,,
1046,,GJ,5/29/2026,,"Wedbush_Trading gain (loss), net_20260529",,,,40050,303P,D23100,ARB04164_USD,,,,1802.3199999999997,,,,,,C01275,,,,
1047,,GJ,5/29/2026,,"Wedbush_Trading gain (loss), net_20260529",,,,40050,303P,D23100,ARB04165_USD,,,,,2695.94999999999,,,,,C01276,,,,
1048,,GJ,5/29/2026,,"Wedbush_Trading gain (loss), net_20260529",,,,40050,303P,D23100,ARB04166_USD,,,,1500.119999999999,,,,,,C01277,,,,
1049,,GJ,5/29/2026,,"Wedbush_Trading gain (loss), net_20260529",,,,40050,303P,D23100,ARB04167_USD,,,,,824.9799999999996,,,,,C01278,,,,
1050,,GJ,5/29/2026,,"Wedbush_Trading gain (loss), net_20260529",,,,40050,303P,D23100,ARB04168_USD,,,,14.5900000000006,,,,,,C01279,,,,
1051,,GJ,5/29/2026,,"Wedbush_Trading gain (loss), net_20260529",,,,40050,ATGN,D24010,ARB04336_USD,,,,6.13,,,,,,C00650,,,,
1052,,GJ,5/29/2026,,"Wedbush_Trading gain (loss), net_20260529",,,,40050,ATGN,D24010,ARB04345_USD,,,,6747.4,,,,,,C00650,,,,
1053,,GJ,5/29/2026,,"Wedbush_Trading gain (loss), net_20260529",,,,40050,ATGN,D21300,ARB04348_EUR,,,,0.0,,,,,,C04048,,,,
1054,,GJ,5/29/2026,,"Wedbush_Trading gain (loss), net_20260529",,,,40050,ATGN,D21300,ARB04348_GBP,,,,67710.0,,,,,,C04048,,,,
1055,,GJ,5/29/2026,,"Wedbush_Trading gain (loss), net_20260529",,,,40050,ATGN,D21300,ARB04348_USD,,,,,135238.0,,,,,C04048,,,,
1056,,GJ,5/29/2026,,"Wedbush_Trading gain (loss), net_20260529",,,,40050,ATGN,D21300,ARB04357_EUR,,,,,1087.5,,,,,C01057,,,,
1057,,GJ,5/29/2026,,"Wedbush_Trading gain (loss), net_20260529",,,,40050,ATGN,D21300,ARB04357_GBP,,,,0.0,,,,,,C01057,,,,
1058,,GJ,5/29/2026,,"Wedbush_Trading gain (loss), net_20260529",,,,40050,ATGN,D21300,ARB04384_EUR,,,,,675.0,,,,,C03073,,,,
1059,,GJ,5/29/2026,,"Wedbush_Trading gain (loss), net_20260529",,,,40050,ATGN,D21300,ARB04384_GBP,,,,,412.5,,,,,C03073,,,,
1060,,GJ,5/29/2026,,"Wedbush_Trading gain (loss), net_20260529",,,,40050,ATGN,D21300,ARB04384_USD,,,,,1754.6,,,,,C03073,,,,
1061,,GJ,5/29/2026,,"Wedbush_Trading gain (loss), net_20260529",,,,40050,ATGN,D20000,ARB04388_USD,,,,34913.5,,,,,,C00001,,,,
1062,,GJ,5/29/2026,,"Wedbush_Trading gain (loss), net_20260529",,,,40050,ATGN,D23300,ARB04401_USD,,,,,7213.3,,,,,C04101,,,,
1063,,GJ,5/29/2026,,"Wedbush_Trading gain (loss), net_20260529",,,,40050,ATGN,D23300,ARB04402_USD,,,,,8625.0,,,,,C04102,,,,
1064,,GJ,5/29/2026,,"Wedbush_Trading gain (loss), net_20260529",,,,40050,ATGN,D23300,ARB04403_USD,,,,1503.1999999999998,,,,,,C04103,,,,
1065,,GJ,5/29/2026,,"Wedbush_Trading gain (loss), net_20260529",,,,40050,ATGN,D23300,ARB04404_EUR,,,,0.0,,,,,,C04104,,,,
1066,,GJ,5/29/2026,,"Wedbush_Trading gain (loss), net_20260529",,,,40050,ATGN,D23300,ARB04404_GBP,,,,,320.0,,,,,C04104,,,,
1067,,GJ,5/29/2026,,"Wedbush_Trading gain (loss), net_20260529",,,,40050,ATGN,D23300,ARB04404_USD,,,,7936.799999999996,,,,,,C04104,,,,
1068,,GJ,5/29/2026,,"Wedbush_Trading gain (loss), net_20260529",,,,40050,ATGN,D23020,ARB04405_CAD,,,,8164.0,,,,,,C04105,,,,
1069,,GJ,5/29/2026,,"Wedbush_Trading gain (loss), net_20260529",,,,40050,ATGN,D23020,ARB04405_USD,,,,3405.6000000000004,,,,,,C04105,,,,
1070,,GJ,5/29/2026,,"Wedbush_Trading gain (loss), net_20260529",,,,40050,ATGN,D23020,ARB04406_CAD,,,,6176.0,,,,,,C04105,,,,
1071,,GJ,5/29/2026,,"Wedbush_Trading gain (loss), net_20260529",,,,40050,ATGN,D23020,ARB04406_EUR,,,,0.0,,,,,,C04105,,,,
1072,,GJ,5/29/2026,,"Wedbush_Trading gain (loss), net_20260529",,,,40050,ATGN,D23020,ARB04406_GBP,,,,620.0,,,,,,C04105,,,,
1073,,GJ,5/29/2026,,"Wedbush_Trading gain (loss), net_20260529",,,,40050,ATGN,D23020,ARB04406_USD,,,,,5040.0,,,,,C04105,,,,
1074,,GJ,5/29/2026,,"Wedbush_Trading gain (loss), net_20260529",,,,40050,ATGN,D23300,ARB04408_EUR,,,,,5575.0,,,,,C04108,,,,
1075,,GJ,5/29/2026,,"Wedbush_Trading gain (loss), net_20260529",,,,40050,ATGN,D23300,ARB04408_GBP,,,,2725.0,,,,,,C04108,,,,
1076,,GJ,5/29/2026,,"Wedbush_Trading gain (loss), net_20260529",,,,40050,ATGN,D23300,ARB04410_USD,,,,,19285.0,,,,,C04110,,,,
1077,,GJ,5/29/2026,,"Wedbush_Trading gain (loss), net_20260529",,,,40050,ATGN,D23300,ARB04413_EUR,,,,0.0,,,,,,C03122,,,,
1078,,GJ,5/29/2026,,"Wedbush_Trading gain (loss), net_20260529",,,,40050,ATGN,D23300,ARB04413_GBP,,,,,140.0,,,,,C03122,,,,
1079,,GJ,5/29/2026,,"Wedbush_Trading gain (loss), net_20260529",,,,40050,ATGN,D23300,ARB04413_USD,,,,,1343.6000000000004,,,,,C03122,,,,
1080,,GJ,5/29/2026,,"Wedbush_Trading gain (loss), net_20260529",,,,40050,ATGN,D23300,ARB04418_USD,,,,,7290.0,,,,,C04118,,,,
1081,,GJ,5/29/2026,,"Wedbush_Trading gain (loss), net_20260529",,,,40050,ATGN,D23020,ARB04451_EUR,,,,0.0,,,,,,C01266,,,,
1082,,GJ,5/29/2026,,"Wedbush_Trading gain (loss), net_20260529",,,,40050,ATGN,D23020,ARB04451_GBP,,,,,2740.0,,,,,C01266,,,,
1083,,GJ,5/29/2026,,"Wedbush_Trading gain (loss), net_20260529",,,,40050,ATGN,D23020,ARB04451_USD,,,,,2782.0,,,,,C01266,,,,
1084,,GJ,5/29/2026,,"Wedbush_Trading gain (loss), net_20260529",,,,40050,ATGN,D23020,ARB04452_EUR,,,,0.0,,,,,,C01265,,,,
1085,,GJ,5/29/2026,,"Wedbush_Trading gain (loss), net_20260529",,,,40050,ATGN,D23020,ARB04452_GBP,,,,,30.0,,,,,C01265,,,,
1086,,GJ,5/29/2026,,"Wedbush_Trading gain (loss), net_20260529",,,,40050,ATGN,D23020,ARB04452_USD,,,,,2032.0,,,,,C01265,,,,
1087,,GJ,5/29/2026,,"Wedbush_Trading gain (loss), net_20260529",,,,40050,ATGN,D23020,ARB04454_EUR,,,,0.0,,,,,,C01261,,,,
1088,,GJ,5/29/2026,,"Wedbush_Trading gain (loss), net_20260529",,,,40050,ATGN,D23020,ARB04454_GBP,,,,,660.0,,,,,C01261,,,,
1089,,GJ,5/29/2026,,"Wedbush_Trading gain (loss), net_20260529",,,,40050,ATGN,D23020,ARB04454_USD,,,,4538.0,,,,,,C01261,,,,
1090,,GJ,5/29/2026,,"Wedbush_Trading gain (loss), net_20260529",,,,40050,ATGN,D23010,ARB04459_CAD,,,,160.0,,,,,,C01270,,,,
1091,,GJ,5/29/2026,,"Wedbush_Trading gain (loss), net_20260529",,,,40050,ATGN,D23010,ARB04459_USD,,,,0.0,,,,,,C01270,,,,
1092,,GJ,5/29/2026,,"Wedbush_Trading gain (loss), net_20260529",,,,40050,303P,D21300,ARB05057_EUR,,,,235300.0,,,,,,C01057,,,,
1093,,GJ,5/29/2026,,"Wedbush_Trading gain (loss), net_20260529",,,,40050,303P,D21300,ARB05057_USD,,,,0.0,,,,,,C01057,,,,
1094,,GJ,5/29/2026,,"Wedbush_Trading gain (loss), net_20260529",,,,40050,ATGN,D21300,ARB05357_EUR,,,,402005.0,,,,,,C01057,,,,
1095,,GJ,5/29/2026,,"Wedbush_Trading gain (loss), net_20260529",,,,40050,ATGN,D21300,ARB05357_GBP,,,,0.0,,,,,,C01057,,,,
1096,,GJ,5/29/2026,,"Wedbush_Trading gain (loss), net_20260529",,,,40050,303P,D21300,ARB06057_USD,,,,,30100.470000000438,,,,,C01057,,,,
1097,,GJ,5/29/2026,,"Wedbush_Trading gain (loss), net_20260529",,,,40050,ATGN,D21300,ARB06357_USD,,,,,15430.0,,,,,C01057,,,,
1098,,GJ,5/29/2026,,Wedbush_Brokerage Commissions_20260529,,,,12100,303P,D24300,ARB00020_USD,,,,,1519.8,,,,,C00020,,,,
1099,,GJ,5/29/2026,,Wedbush_Brokerage Commissions_20260529,,,,12100,303P,D21300,ARB00054_USD,,,,,4223.25,,,,,C00054,,,,
1100,,GJ,5/29/2026,,Wedbush_Brokerage Commissions_20260529,,,,12100,303P,D21300,ARB00055_USD,,,,,126.0,,,,,C00054,,,,
1101,,GJ,5/29/2026,,Wedbush_Brokerage Commissions_20260529,,,,12100,303P,D21300,ARB00068_USD,,,,,2046.75,,,,,C03068,,,,
1102,,GJ,5/29/2026,,Wedbush_Brokerage Commissions_20260529,,,,12100,303P,D21300,ARB00090_USD,,,,,408.0,,,,,C00090,,,,
1103,,GJ,5/29/2026,,Wedbush_Brokerage Commissions_20260529,,,,12100,303P,D23300,ARB00110_USD,,,,,265.8,,,,,C00110,,,,
1104,,GJ,5/29/2026,,Wedbush_Brokerage Commissions_20260529,,,,12100,303P,D23300,ARB00112_USD,,,,,352.5,,,,,C00112,,,,
1105,,GJ,5/29/2026,,Wedbush_Brokerage Commissions_20260529,,,,12100,303P,D23300,ARB00113_USD,,,,,232.65,,,,,C00112,,,,
1106,,GJ,5/29/2026,,Wedbush_Brokerage Commissions_20260529,,,,12100,303P,D23300,ARB00122_USD,,,,,53.550000000000004,,,,,C00122,,,,
1107,,GJ,5/29/2026,,Wedbush_Brokerage Commissions_20260529,,,,12100,303P,D23080,ARB00123_USD,,,,,98.1,,,,,C01231,,,,
1108,,GJ,5/29/2026,,Wedbush_Brokerage Commissions_20260529,,,,12100,303P,D23020,ARB00124_USD,,,,,192.45,,,,,C00124,,,,
1109,,GJ,5/29/2026,,Wedbush_Brokerage Commissions_20260529,,,,12100,303P,D23020,ARB00126_USD,,,,,13.35,,,,,C00426,,,,
1110,,GJ,5/29/2026,,Wedbush_Brokerage Commissions_20260529,,,,12100,303P,D23300,ARB00132_USD,,,,,1245.15,,,,,C00132,,,,
1111,,GJ,5/29/2026,,Wedbush_Brokerage Commissions_20260529,,,,12100,303P,D23300,ARB00135_USD,,,,,33.0,,,,,C00135,,,,
1112,,GJ,5/29/2026,,Wedbush_Brokerage Commissions_20260529,,,,12100,303P,D23020,ARB00143_USD,,,,,74.55,,,,,C00125,,,,
1113,,GJ,5/29/2026,,Wedbush_Brokerage Commissions_20260529,,,,12100,303P,D23020,ARB00146_USD,,,,,38.1,,,,,C00146,,,,
1114,,GJ,5/29/2026,,Wedbush_Brokerage Commissions_20260529,,,,12100,303P,D23300,ARB00149_USD,,,,,142.5,,,,,C00149,,,,
1115,,GJ,5/29/2026,,Wedbush_Brokerage Commissions_20260529,,,,12100,303P,D23300,ARB00156_USD,,,,,5238.6,,,,,C00156,,,,
1116,,GJ,5/29/2026,,Wedbush_Brokerage Commissions_20260529,,,,12100,303P,D23010,ARB00160_USD,,,,,180.29999999999998,,,,,C00160,,,,
1117,,GJ,5/29/2026,,Wedbush_Brokerage Commissions_20260529,,,,12100,303P,D23010,ARB00161_USD,,,,,717.45,,,,,C00161,,,,
1118,,GJ,5/29/2026,,Wedbush_Brokerage Commissions_20260529,,,,12100,303P,D23010,ARB00169_USD,,,,,2500.05,,,,,C00469,,,,
1119,,GJ,5/29/2026,,Wedbush_Brokerage Commissions_20260529,,,,12100,303P,D23060,ARB00186_USD,,,,,357.6,,,,,C00186,,,,
1120,,GJ,5/29/2026,,Wedbush_Brokerage Commissions_20260529,,,,12100,303P,D23060,ARB00188_USD,,,,,37.35,,,,,C00186,,,,
1121,,GJ,5/29/2026,,Wedbush_Brokerage Commissions_20260529,,,,12100,303P,D23300,ARB00193_USD,,,,,1731.15,,,,,C00193,,,,
1122,,GJ,5/29/2026,,Wedbush_Brokerage Commissions_20260529,,,,12100,303P,D23300,ARB00194_USD,,,,,2089.35,,,,,C00194,,,,
1123,,GJ,5/29/2026,,Wedbush_Brokerage Commissions_20260529,,,,12100,303P,D22000,ARB00203_USD,,,,,1.2,,,,,C00203,,,,
1124,,GJ,5/29/2026,,Wedbush_Brokerage Commissions_20260529,,,,12100,303P,D22000,ARB00214_USD,,,,,440.1,,,,,C00214,,,,
1125,,GJ,5/29/2026,,Wedbush_Brokerage Commissions_20260529,,,,12100,303P,D22000,ARB00215_USD,,,,,3222.0000000000005,,,,,C00215,,,,
1126,,GJ,5/29/2026,,Wedbush_Brokerage Commissions_20260529,,,,12100,303P,D22000,ARB00220_USD,,,,,550.5,,,,,C00220,,,,
1127,,GJ,5/29/2026,,Wedbush_Brokerage Commissions_20260529,,,,12100,303P,D22000,ARB00257_USD,,,,,1810.8,,,,,C00257,,,,
1128,,GJ,5/29/2026,,Wedbush_Brokerage Commissions_20260529,,,,12100,303P,D22000,ARB00267_USD,,,,,211.8,,,,,C00267,,,,
1129,,GJ,5/29/2026,,Wedbush_Brokerage Commissions_20260529,,,,12100,ATGN,D21300,ARB00311_USD,,,,12.0,,,,,,C00011,,,,
1130,,GJ,5/29/2026,,Wedbush_Brokerage Commissions_20260529,,,,12100,ATGN,D24300,ARB00320_EUR,,,,,787.2,,,,,C00020,,,,
1131,,GJ,5/29/2026,,Wedbush_Brokerage Commissions_20260529,,,,12100,ATGN,D24300,ARB00320_GBP,,,,,0.0,,,,,C00020,,,,
1132,,GJ,5/29/2026,,Wedbush_Brokerage Commissions_20260529,,,,12100,ATGN,D21300,ARB00354_USD,,,,,249.6,,,,,C00054,,,,
1133,,GJ,5/29/2026,,Wedbush_Brokerage Commissions_20260529,,,,12100,ATGN,D21300,ARB00355_EUR,,,,,16.2,,,,,C00054,,,,
1134,,GJ,5/29/2026,,Wedbush_Brokerage Commissions_20260529,,,,12100,ATGN,D21300,ARB00355_GBP,,,,,0.0,,,,,C00054,,,,
1135,,GJ,5/29/2026,,Wedbush_Brokerage Commissions_20260529,,,,12100,ATGN,D21300,ARB00390_CAD,,,,,0.0,,,,,C00090,,,,
1136,,GJ,5/29/2026,,Wedbush_Brokerage Commissions_20260529,,,,12100,ATGN,D21300,ARB00390_USD,,,,,567.6,,,,,C00090,,,,
1137,,GJ,5/29/2026,,Wedbush_Brokerage Commissions_20260529,,,,12100,ATGN,D23300,ARB00410_EUR,,,,,3.0,,,,,C00110,,,,
1138,,GJ,5/29/2026,,Wedbush_Brokerage Commissions_20260529,,,,12100,ATGN,D23300,ARB00410_GBP,,,,,0.0,,,,,C00110,,,,
1139,,GJ,5/29/2026,,Wedbush_Brokerage Commissions_20260529,,,,12100,ATGN,D23300,ARB00412_EUR,,,,,141.9,,,,,C00112,,,,
1140,,GJ,5/29/2026,,Wedbush_Brokerage Commissions_20260529,,,,12100,ATGN,D23300,ARB00412_GBP,,,,,0.0,,,,,C00112,,,,
1141,,GJ,5/29/2026,,Wedbush_Brokerage Commissions_20260529,,,,12100,ATGN,D23300,ARB00412_USD,,,,,108.0,,,,,C00112,,,,
1142,,GJ,5/29/2026,,Wedbush_Brokerage Commissions_20260529,,,,12100,ATGN,D23300,ARB00422_EUR,,,,,4.8,,,,,C00122,,,,
1143,,GJ,5/29/2026,,Wedbush_Brokerage Commissions_20260529,,,,12100,ATGN,D23300,ARB00422_GBP,,,,,0.0,,,,,C00122,,,,
1144,,GJ,5/29/2026,,Wedbush_Brokerage Commissions_20260529,,,,12100,ATGN,D23300,ARB00422_USD,,,,,733.65,,,,,C00122,,,,
1145,,GJ,5/29/2026,,Wedbush_Brokerage Commissions_20260529,,,,12100,ATGN,D23080,ARB00423_CAD,,,,,0.0,,,,,C01231,,,,
1146,,GJ,5/29/2026,,Wedbush_Brokerage Commissions_20260529,,,,12100,ATGN,D23080,ARB00423_EUR,,,,,10.8,,,,,C01231,,,,
1147,,GJ,5/29/2026,,Wedbush_Brokerage Commissions_20260529,,,,12100,ATGN,D23080,ARB00423_GBP,,,,,0.0,,,,,C01231,,,,
1148,,GJ,5/29/2026,,Wedbush_Brokerage Commissions_20260529,,,,12100,ATGN,D23080,ARB00423_USD,,,,,3086.2499999999995,,,,,C01231,,,,
1149,,GJ,5/29/2026,,Wedbush_Brokerage Commissions_20260529,,,,12100,ATGN,D23020,ARB00424_CAD,,,,,0.0,,,,,C00124,,,,
1150,,GJ,5/29/2026,,Wedbush_Brokerage Commissions_20260529,,,,12100,ATGN,D23020,ARB00424_EUR,,,,,98.4,,,,,C00124,,,,
1151,,GJ,5/29/2026,,Wedbush_Brokerage Commissions_20260529,,,,12100,ATGN,D23020,ARB00424_GBP,,,,,0.0,,,,,C00124,,,,
1152,,GJ,5/29/2026,,Wedbush_Brokerage Commissions_20260529,,,,12100,ATGN,D23020,ARB00424_USD,,,,,2299.2,,,,,C00124,,,,
1153,,GJ,5/29/2026,,Wedbush_Brokerage Commissions_20260529,,,,12100,ATGN,D23020,ARB00425_EUR,,,,,104.1,,,,,C00125,,,,
1154,,GJ,5/29/2026,,Wedbush_Brokerage Commissions_20260529,,,,12100,ATGN,D23020,ARB00425_GBP,,,,,0.0,,,,,C00125,,,,
1155,,GJ,5/29/2026,,Wedbush_Brokerage Commissions_20260529,,,,12100,ATGN,D23020,ARB00425_USD,,,,,3111.0,,,,,C00125,,,,
1156,,GJ,5/29/2026,,Wedbush_Brokerage Commissions_20260529,,,,12100,ATGN,D23020,ARB00426_EUR,,,,,34.050000000000004,,,,,C00426,,,,
1157,,GJ,5/29/2026,,Wedbush_Brokerage Commissions_20260529,,,,12100,ATGN,D23020,ARB00426_GBP,,,,,0.0,,,,,C00426,,,,
1158,,GJ,5/29/2026,,Wedbush_Brokerage Commissions_20260529,,,,12100,ATGN,D23020,ARB00426_USD,,,,,1009.8,,,,,C00426,,,,
1159,,GJ,5/29/2026,,Wedbush_Brokerage Commissions_20260529,,,,12100,ATGN,D23300,ARB00432_EUR,,,,,439.8,,,,,C00132,,,,
1160,,GJ,5/29/2026,,Wedbush_Brokerage Commissions_20260529,,,,12100,ATGN,D23300,ARB00432_GBP,,,,,0.0,,,,,C00132,,,,
1161,,GJ,5/29/2026,,Wedbush_Brokerage Commissions_20260529,,,,12100,ATGN,D23300,ARB00432_USD,,,,,13.8,,,,,C00132,,,,
1162,,GJ,5/29/2026,,Wedbush_Brokerage Commissions_20260529,,,,12100,ATGN,D23300,ARB00435_EUR,,,,,4.95,,,,,C00135,,,,
1163,,GJ,5/29/2026,,Wedbush_Brokerage Commissions_20260529,,,,12100,ATGN,D23300,ARB00435_GBP,,,,,0.0,,,,,C00135,,,,
1164,,GJ,5/29/2026,,Wedbush_Brokerage Commissions_20260529,,,,12100,ATGN,D23300,ARB00435_USD,,,,,2100.75,,,,,C00135,,,,
1165,,GJ,5/29/2026,,Wedbush_Brokerage Commissions_20260529,,,,12100,ATGN,D23020,ARB00442_USD,,,,,30.0,,,,,C00124,,,,
1166,,GJ,5/29/2026,,Wedbush_Brokerage Commissions_20260529,,,,12100,ATGN,D23020,ARB00443_USD,,,,,30.0,,,,,C00125,,,,
1167,,GJ,5/29/2026,,Wedbush_Brokerage Commissions_20260529,,,,12100,ATGN,D23020,ARB00446_EUR,,,,,88.5,,,,,C00146,,,,
1168,,GJ,5/29/2026,,Wedbush_Brokerage Commissions_20260529,,,,12100,ATGN,D23020,ARB00446_GBP,,,,,0.0,,,,,C00146,,,,
1169,,GJ,5/29/2026,,Wedbush_Brokerage Commissions_20260529,,,,12100,ATGN,D23020,ARB00446_USD,,,,,859.5,,,,,C00146,,,,
1170,,GJ,5/29/2026,,Wedbush_Brokerage Commissions_20260529,,,,12100,ATGN,D23300,ARB00449_EUR,,,,,15.0,,,,,C00149,,,,
1171,,GJ,5/29/2026,,Wedbush_Brokerage Commissions_20260529,,,,12100,ATGN,D23300,ARB00449_GBP,,,,,0.0,,,,,C00149,,,,
1172,,GJ,5/29/2026,,Wedbush_Brokerage Commissions_20260529,,,,12100,ATGN,D23300,ARB00449_USD,,,,,468.15,,,,,C00149,,,,
1173,,GJ,5/29/2026,,Wedbush_Brokerage Commissions_20260529,,,,12100,ATGN,D23300,ARB00456_EUR,,,,,71.1,,,,,C00156,,,,
1174,,GJ,5/29/2026,,Wedbush_Brokerage Commissions_20260529,,,,12100,ATGN,D23300,ARB00456_GBP,,,,,0.0,,,,,C00156,,,,
1175,,GJ,5/29/2026,,Wedbush_Brokerage Commissions_20260529,,,,12100,ATGN,D23300,ARB00456_USD,,,,,442.8,,,,,C00156,,,,
1176,,GJ,5/29/2026,,Wedbush_Brokerage Commissions_20260529,,,,12100,ATGN,D23010,ARB00460_CAD,,,,,0.0,,,,,C00160,,,,
1177,,GJ,5/29/2026,,Wedbush_Brokerage Commissions_20260529,,,,12100,ATGN,D23010,ARB00460_USD,,,,,287.1,,,,,C00160,,,,
1178,,GJ,5/29/2026,,Wedbush_Brokerage Commissions_20260529,,,,12100,ATGN,D23010,ARB00461_CAD,,,,,0.0,,,,,C00161,,,,
1179,,GJ,5/29/2026,,Wedbush_Brokerage Commissions_20260529,,,,12100,ATGN,D23010,ARB00461_USD,,,,,249.89999999999998,,,,,C00161,,,,
1180,,GJ,5/29/2026,,Wedbush_Brokerage Commissions_20260529,,,,12100,ATGN,D23010,ARB00469_CAD,,,,,0.0,,,,,C00469,,,,
1181,,GJ,5/29/2026,,Wedbush_Brokerage Commissions_20260529,,,,12100,ATGN,D23010,ARB00469_EUR,,,,,51.6,,,,,C00469,,,,
1182,,GJ,5/29/2026,,Wedbush_Brokerage Commissions_20260529,,,,12100,ATGN,D23010,ARB00469_GBP,,,,,0.0,,,,,C00469,,,,
1183,,GJ,5/29/2026,,Wedbush_Brokerage Commissions_20260529,,,,12100,ATGN,D23010,ARB00469_USD,,,,,1661.85,,,,,C00469,,,,
1184,,GJ,5/29/2026,,Wedbush_Brokerage Commissions_20260529,,,,12100,ATGN,D23060,ARB00486_EUR,,,,,1.5,,,,,C00186,,,,
1185,,GJ,5/29/2026,,Wedbush_Brokerage Commissions_20260529,,,,12100,ATGN,D23060,ARB00486_GBP,,,,,0.0,,,,,C00186,,,,
1186,,GJ,5/29/2026,,Wedbush_Brokerage Commissions_20260529,,,,12100,ATGN,D23060,ARB00486_USD,,,,,93.30000000000001,,,,,C00186,,,,
1187,,GJ,5/29/2026,,Wedbush_Brokerage Commissions_20260529,,,,12100,ATGN,D23060,ARB00488_USD,,,,,16.8,,,,,C00186,,,,
1188,,GJ,5/29/2026,,Wedbush_Brokerage Commissions_20260529,,,,12100,ATGN,D23300,ARB00493_CAD,,,,,0.0,,,,,C00193,,,,
1189,,GJ,5/29/2026,,Wedbush_Brokerage Commissions_20260529,,,,12100,ATGN,D23300,ARB00493_EUR,,,,,42.15,,,,,C00193,,,,
1190,,GJ,5/29/2026,,Wedbush_Brokerage Commissions_20260529,,,,12100,ATGN,D23300,ARB00493_GBP,,,,,0.0,,,,,C00193,,,,
1191,,GJ,5/29/2026,,Wedbush_Brokerage Commissions_20260529,,,,12100,ATGN,D23300,ARB00493_USD,,,,,467.4,,,,,C00193,,,,
1192,,GJ,5/29/2026,,Wedbush_Brokerage Commissions_20260529,,,,12100,ATGN,D23300,ARB00494_CAD,,,,,0.0,,,,,C00194,,,,
1193,,GJ,5/29/2026,,Wedbush_Brokerage Commissions_20260529,,,,12100,ATGN,D23300,ARB00494_EUR,,,,,31.65,,,,,C00194,,,,
1194,,GJ,5/29/2026,,Wedbush_Brokerage Commissions_20260529,,,,12100,ATGN,D23300,ARB00494_GBP,,,,,0.0,,,,,C00194,,,,
1195,,GJ,5/29/2026,,Wedbush_Brokerage Commissions_20260529,,,,12100,ATGN,D23300,ARB00494_USD,,,,,2117.25,,,,,C00194,,,,
1196,,GJ,5/29/2026,,Wedbush_Brokerage Commissions_20260529,,,,12100,ATGN,D22000,ARB00503_EUR,,,,,26.700000000000003,,,,,C00203,,,,
1197,,GJ,5/29/2026,,Wedbush_Brokerage Commissions_20260529,,,,12100,ATGN,D22000,ARB00503_GBP,,,,,0.0,,,,,C00203,,,,
1198,,GJ,5/29/2026,,Wedbush_Brokerage Commissions_20260529,,,,12100,ATGN,D22000,ARB00503_USD,,,,,111.6,,,,,C00203,,,,
1199,,GJ,5/29/2026,,Wedbush_Brokerage Commissions_20260529,,,,12100,ATGN,D22000,ARB00514_EUR,,,,,12.0,,,,,C00214,,,,
1200,,GJ,5/29/2026,,Wedbush_Brokerage Commissions_20260529,,,,12100,ATGN,D22000,ARB00514_GBP,,,,,0.0,,,,,C00214,,,,
1201,,GJ,5/29/2026,,Wedbush_Brokerage Commissions_20260529,,,,12100,ATGN,D22000,ARB00520_EUR,,,,,18.0,,,,,C00220,,,,
1202,,GJ,5/29/2026,,Wedbush_Brokerage Commissions_20260529,,,,12100,ATGN,D22000,ARB00520_GBP,,,,,0.0,,,,,C00220,,,,
1203,,GJ,5/29/2026,,Wedbush_Brokerage Commissions_20260529,,,,12100,ATGN,D22000,ARB00520_USD,,,,,0.6,,,,,C00220,,,,
1204,,GJ,5/29/2026,,Wedbush_Brokerage Commissions_20260529,,,,12100,ATGN,D22000,ARB00557_EUR,,,,,6.0,,,,,C00257,,,,
1205,,GJ,5/29/2026,,Wedbush_Brokerage Commissions_20260529,,,,12100,ATGN,D22000,ARB00557_GBP,,,,,0.0,,,,,C00257,,,,
1206,,GJ,5/29/2026,,Wedbush_Brokerage Commissions_20260529,,,,12100,ATGN,D22000,ARB00567_EUR,,,,,63.900000000000006,,,,,C00267,,,,
1207,,GJ,5/29/2026,,Wedbush_Brokerage Commissions_20260529,,,,12100,ATGN,D22000,ARB00567_GBP,,,,,0.0,,,,,C00267,,,,
1208,,GJ,5/29/2026,,Wedbush_Brokerage Commissions_20260529,,,,12100,ATGN,D22000,ARB00567_USD,,,,,179.4,,,,,C00267,,,,
1209,,GJ,5/29/2026,,Wedbush_Brokerage Commissions_20260529,,,,12100,303S,D21300,ARB00754_USD,,,,,1485.45,,,,,C00754,,,,
1210,,GJ,5/29/2026,,Wedbush_Brokerage Commissions_20260529,,,,12100,303S,D21030,ARB00765_USD,,,,,128.70000000000002,,,,,C00765,,,,
1211,,GJ,5/29/2026,,Wedbush_Brokerage Commissions_20260529,,,,12100,303P,D21030,ARB01002_USD,,,,,329.7,,,,,C01064,,,,
1212,,GJ,5/29/2026,,Wedbush_Brokerage Commissions_20260529,,,,12100,303P,D21300,ARB01057_MXN,,,,,0.0,,,,,C01057,,,,
1213,,GJ,5/29/2026,,Wedbush_Brokerage Commissions_20260529,,,,12100,303P,D21300,ARB01057_USD,,,,,537.45,,,,,C01057,,,,
1214,,GJ,5/29/2026,,Wedbush_Brokerage Commissions_20260529,,,,12100,303P,D21030,ARB01063_USD,,,,,6963.6,,,,,C01063,,,,
1215,,GJ,5/29/2026,,Wedbush_Brokerage Commissions_20260529,,,,12100,303P,D21030,ARB01064_USD,,,,,1368.15,,,,,C01064,,,,
1216,,GJ,5/29/2026,,Wedbush_Brokerage Commissions_20260529,,,,12100,303P,D21030,ARB01065_USD,,,,,714.0,,,,,C01065,,,,
1217,,GJ,5/29/2026,,Wedbush_Brokerage Commissions_20260529,,,,12100,303P,D21030,ARB01066_USD,,,,,130.8,,,,,C01066,,,,
1218,,GJ,5/29/2026,,Wedbush_Brokerage Commissions_20260529,,,,12100,303P,D21030,ARB01067_USD,,,,,4.2,,,,,C01067,,,,
1219,,GJ,5/29/2026,,Wedbush_Brokerage Commissions_20260529,,,,12100,303P,D21030,ARB01071_USD,,,,,3687.0,,,,,C01071,,,,
1220,,GJ,5/29/2026,,Wedbush_Brokerage Commissions_20260529,,,,12100,303P,D21030,ARB01073_USD,,,,,3255.75,,,,,C01073,,,,
1221,,GJ,5/29/2026,,Wedbush_Brokerage Commissions_20260529,,,,12100,303P,D21030,ARB01076_USD,,,,,7218.450000000001,,,,,C01076,,,,
1222,,GJ,5/29/2026,,Wedbush_Brokerage Commissions_20260529,,,,12100,303P,D21030,ARB01078_USD,,,,,1377.9,,,,,C01078,,,,
1223,,GJ,5/29/2026,,Wedbush_Brokerage Commissions_20260529,,,,12100,303P,D21030,ARB01092_USD,,,,,19804.05,,,,,C01092,,,,
1224,,GJ,5/29/2026,,Wedbush_Brokerage Commissions_20260529,,,,12100,303P,D23020,ARB01100_USD,,,,,29.7,,,,,C00146,,,,
1225,,GJ,5/29/2026,,Wedbush_Brokerage Commissions_20260529,,,,12100,303P,D23020,ARB01117_USD,,,,,6.6,,,,,C01117,,,,
1226,,GJ,5/29/2026,,Wedbush_Brokerage Commissions_20260529,,,,12100,303P,D23300,ARB01129_USD,,,,,1.8,,,,,C00149,,,,
1227,,GJ,5/29/2026,,Wedbush_Brokerage Commissions_20260529,,,,12100,303P,D23300,ARB01145_USD,,,,,4319.7,,,,,C01145,,,,
1228,,GJ,5/29/2026,,Wedbush_Brokerage Commissions_20260529,,,,12100,303P,D23010,ARB01157_USD,,,,,625.65,,,,,C01157,,,,
1229,,GJ,5/29/2026,,Wedbush_Brokerage Commissions_20260529,,,,12100,303P,D23010,ARB01158_USD,,,,,12519.900000000001,,,,,C01158,,,,
1230,,GJ,5/29/2026,,Wedbush_Brokerage Commissions_20260529,,,,12100,303P,D23010,ARB01166_USD,,,,,287.55,,,,,C01166,,,,
1231,,GJ,5/29/2026,,Wedbush_Brokerage Commissions_20260529,,,,12100,303P,D23010,ARB01172_USD,,,,,811.8000000000001,,,,,C01172,,,,
1232,,GJ,5/29/2026,,Wedbush_Brokerage Commissions_20260529,,,,12100,303P,D23010,ARB01176_USD,,,,,1212.9,,,,,C01176,,,,
1233,,GJ,5/29/2026,,Wedbush_Brokerage Commissions_20260529,,,,12100,303P,D23010,ARB01177_USD,,,,,12.0,,,,,C00469,,,,
1234,,GJ,5/29/2026,,Wedbush_Brokerage Commissions_20260529,,,,12100,303P,D23300,ARB01195_USD,,,,,15.3,,,,,C00193,,,,
1235,,GJ,5/29/2026,,Wedbush_Brokerage Commissions_20260529,,,,12100,ATGN,D21300,ARB01357_CHF,,,,,0.0,,,,,C01057,,,,
1236,,GJ,5/29/2026,,Wedbush_Brokerage Commissions_20260529,,,,12100,ATGN,D21300,ARB01357_EUR,,,,,10900.95,,,,,C01057,,,,
1237,,GJ,5/29/2026,,Wedbush_Brokerage Commissions_20260529,,,,12100,ATGN,D21300,ARB01357_GBP,,,,,0.0,,,,,C01057,,,,
1238,,GJ,5/29/2026,,Wedbush_Brokerage Commissions_20260529,,,,12100,ATGN,D21300,ARB01357_USD,,,,,2436.0,,,,,C01057,,,,
1239,,GJ,5/29/2026,,Wedbush_Brokerage Commissions_20260529,,,,12100,ATGN,D23020,ARB01400_EUR,,,,,201.3,,,,,C00146,,,,
1240,,GJ,5/29/2026,,Wedbush_Brokerage Commissions_20260529,,,,12100,ATGN,D23020,ARB01400_GBP,,,,,0.0,,,,,C00146,,,,
1241,,GJ,5/29/2026,,Wedbush_Brokerage Commissions_20260529,,,,12100,ATGN,D23020,ARB01400_USD,,,,,579.9,,,,,C00146,,,,
1242,,GJ,5/29/2026,,Wedbush_Brokerage Commissions_20260529,,,,12100,ATGN,D23020,ARB01417_EUR,,,,,111.0,,,,,C01117,,,,
1243,,GJ,5/29/2026,,Wedbush_Brokerage Commissions_20260529,,,,12100,ATGN,D23020,ARB01417_GBP,,,,,0.0,,,,,C01117,,,,
1244,,GJ,5/29/2026,,Wedbush_Brokerage Commissions_20260529,,,,12100,ATGN,D23020,ARB01417_USD,,,,,2048.85,,,,,C01117,,,,
1245,,GJ,5/29/2026,,Wedbush_Brokerage Commissions_20260529,,,,12100,ATGN,D23300,ARB01445_EUR,,,,,897.9000000000001,,,,,C01145,,,,
1246,,GJ,5/29/2026,,Wedbush_Brokerage Commissions_20260529,,,,12100,ATGN,D23300,ARB01445_GBP,,,,,0.0,,,,,C01145,,,,
1247,,GJ,5/29/2026,,Wedbush_Brokerage Commissions_20260529,,,,12100,ATGN,D23010,ARB01457_CAD,,,,,0.0,,,,,C01157,,,,
1248,,GJ,5/29/2026,,Wedbush_Brokerage Commissions_20260529,,,,12100,ATGN,D23010,ARB01457_USD,,,,,127.05,,,,,C01157,,,,
1249,,GJ,5/29/2026,,Wedbush_Brokerage Commissions_20260529,,,,12100,ATGN,D23010,ARB01458_CAD,,,,,0.0,,,,,C01158,,,,
1250,,GJ,5/29/2026,,Wedbush_Brokerage Commissions_20260529,,,,12100,ATGN,D23010,ARB01458_USD,,,,,768.45,,,,,C01158,,,,
1251,,GJ,5/29/2026,,Wedbush_Brokerage Commissions_20260529,,,,12100,ATGN,D23010,ARB01466_CAD,,,,,0.0,,,,,C01166,,,,
1252,,GJ,5/29/2026,,Wedbush_Brokerage Commissions_20260529,,,,12100,ATGN,D23010,ARB01466_USD,,,,,81.3,,,,,C01166,,,,
1253,,GJ,5/29/2026,,Wedbush_Brokerage Commissions_20260529,,,,12100,ATGN,D23010,ARB01472_CAD,,,,,0.0,,,,,C01172,,,,
1254,,GJ,5/29/2026,,Wedbush_Brokerage Commissions_20260529,,,,12100,ATGN,D23010,ARB01472_USD,,,,,32.7,,,,,C01172,,,,
1255,,GJ,5/29/2026,,Wedbush_Brokerage Commissions_20260529,,,,12100,ATGN,D23010,ARB01476_USD,,,,,181.05,,,,,C01176,,,,
1256,,GJ,5/29/2026,,Wedbush_Brokerage Commissions_20260529,,,,12100,303P,D21300,ARB01602_USD,,,,,0.6,,,,,C01602,,,,
1257,,GJ,5/29/2026,,Wedbush_Brokerage Commissions_20260529,,,,12100,303P,D21300,ARB01606_USD,,,,,0.0,,,,,C01606,,,,
1258,,GJ,5/29/2026,,Wedbush_Brokerage Commissions_20260529,,,,12100,303P,D21300,ARB02012_USD,,,,,7151.7,,,,,C02012,,,,
1259,,GJ,5/29/2026,,Wedbush_Brokerage Commissions_20260529,,,,12100,303P,D21300,ARB02040_USD,,,,,89.7,,,,,C02040,,,,
1260,,GJ,5/29/2026,,Wedbush_Brokerage Commissions_20260529,,,,12100,303P,D21300,ARB02043_USD,,,,,2268.45,,,,,C02520,,,,
1261,,GJ,5/29/2026,,Wedbush_Brokerage Commissions_20260529,,,,12100,303P,D21300,ARB02044_USD,,,,,1693.2,,,,,C02044,,,,
1262,,GJ,5/29/2026,,Wedbush_Brokerage Commissions_20260529,,,,12100,303P,D21300,ARB02045_USD,,,,,30.6,,,,,C02045,,,,
1263,,GJ,5/29/2026,,Wedbush_Brokerage Commissions_20260529,,,,12100,303P,D21030,ARB02047_USD,,,,,924.3,,,,,C01092,,,,
1264,,GJ,5/29/2026,,Wedbush_Brokerage Commissions_20260529,,,,12100,303P,D21030,ARB02052_USD,,,,,146.4,,,,,C01078,,,,
1265,,GJ,5/29/2026,,Wedbush_Brokerage Commissions_20260529,,,,12100,303P,D21300,ARB02055_USD,,,,,282.75,,,,,C00054,,,,
1266,,GJ,5/29/2026,,Wedbush_Brokerage Commissions_20260529,,,,12100,303P,D21300,ARB02076_USD,,,,,123562.8,,,,,C02076,,,,
1267,,GJ,5/29/2026,,Wedbush_Brokerage Commissions_20260529,,,,12100,303P,D23010,ARB02102_USD,,,,,819.6,,,,,C02102,,,,
1268,,GJ,5/29/2026,,Wedbush_Brokerage Commissions_20260529,,,,12100,303P,D23010,ARB02103_USD,,,,,1594.3500000000001,,,,,C00163,,,,
1269,,GJ,5/29/2026,,Wedbush_Brokerage Commissions_20260529,,,,12100,303P,D23080,ARB02116_USD,,,,,352.95,,,,,C02116,,,,
1270,,GJ,5/29/2026,,Wedbush_Brokerage Commissions_20260529,,,,12100,303P,D23080,ARB02118_USD,,,,,497.84999999999997,,,,,C01234,,,,
1271,,GJ,5/29/2026,,Wedbush_Brokerage Commissions_20260529,,,,12100,303P,D23300,ARB02121_USD,,,,,285.0,,,,,C02121,,,,
1272,,GJ,5/29/2026,,Wedbush_Brokerage Commissions_20260529,,,,12100,303P,D23020,ARB02129_USD,,,,,1472.4,,,,,C02129,,,,
1273,,GJ,5/29/2026,,Wedbush_Brokerage Commissions_20260529,,,,12100,303P,D23010,ARB02132_USD,,,,,158.4,,,,,C02132,,,,
1274,,GJ,5/29/2026,,Wedbush_Brokerage Commissions_20260529,,,,12100,303P,D23010,ARB02135_USD,,,,,186.60000000000002,,,,,C02135,,,,
1275,,GJ,5/29/2026,,Wedbush_Brokerage Commissions_20260529,,,,12100,303P,D23010,ARB02136_USD,,,,,246.3,,,,,C02136,,,,
1276,,GJ,5/29/2026,,Wedbush_Brokerage Commissions_20260529,,,,12100,303P,D23010,ARB02145_USD,,,,,151.8,,,,,C02145,,,,
1277,,GJ,5/29/2026,,Wedbush_Brokerage Commissions_20260529,,,,12100,303P,D23010,ARB02147_USD,,,,,2308.05,,,,,C02147,,,,
1278,,GJ,5/29/2026,,Wedbush_Brokerage Commissions_20260529,,,,12100,303P,D23010,ARB02149_USD,,,,,271.5,,,,,C02149,,,,
1279,,GJ,5/29/2026,,Wedbush_Brokerage Commissions_20260529,,,,12100,303P,D23060,ARB02152_USD,,,,,203.4,,,,,C00186,,,,
1280,,GJ,5/29/2026,,Wedbush_Brokerage Commissions_20260529,,,,12100,303P,D23300,ARB02154_USD,,,,,252.0,,,,,C00149,,,,
1281,,GJ,5/29/2026,,Wedbush_Brokerage Commissions_20260529,,,,12100,303P,D23020,ARB02156_USD,,,,,1.8,,,,,C02156,,,,
1282,,GJ,5/29/2026,,Wedbush_Brokerage Commissions_20260529,,,,12100,303P,D23300,ARB02158_USD,,,,,1424.1,,,,,C01145,,,,
1283,,GJ,5/29/2026,,Wedbush_Brokerage Commissions_20260529,,,,12100,303P,D23300,ARB02167_USD,,,,,1027.2,,,,,C00118,,,,
1284,,GJ,5/29/2026,,Wedbush_Brokerage Commissions_20260529,,,,12100,303P,D23300,ARB02168_USD,,,,,7.2,,,,,C00194,,,,
1285,,GJ,5/29/2026,,Wedbush_Brokerage Commissions_20260529,,,,12100,303P,D23010,ARB02173_USD,,,,,1098.75,,,,,C00463,,,,
1286,,GJ,5/29/2026,,Wedbush_Brokerage Commissions_20260529,,,,12100,303P,D23010,ARB02176_USD,,,,,8513.1,,,,,C00463,,,,
1287,,GJ,5/29/2026,,Wedbush_Brokerage Commissions_20260529,,,,12100,303P,D23010,ARB02177_USD,,,,,1441.35,,,,,C02177,,,,
1288,,GJ,5/29/2026,,Wedbush_Brokerage Commissions_20260529,,,,12100,303P,D23010,ARB02179_USD,,,,,3652.8,,,,,C02179,,,,
1289,,GJ,5/29/2026,,Wedbush_Brokerage Commissions_20260529,,,,12100,303P,D23010,ARB02180_USD,,,,,2119.35,,,,,C02180,,,,
1290,,GJ,5/29/2026,,Wedbush_Brokerage Commissions_20260529,,,,12100,303P,D23010,ARB02181_USD,,,,,5393.7,,,,,C02181,,,,
1291,,GJ,5/29/2026,,Wedbush_Brokerage Commissions_20260529,,,,12100,303P,D23010,ARB02182_USD,,,,,1726.8000000000002,,,,,C02182,,,,
1292,,GJ,5/29/2026,,Wedbush_Brokerage Commissions_20260529,,,,12100,303P,D23010,ARB02183_USD,,,,,3769.95,,,,,C02183,,,,
1293,,GJ,5/29/2026,,Wedbush_Brokerage Commissions_20260529,,,,12100,303P,D23010,ARB02184_USD,,,,,7524.6,,,,,C02184,,,,
1294,,GJ,5/29/2026,,Wedbush_Brokerage Commissions_20260529,,,,12100,303P,D23010,ARB02185_USD,,,,,73.5,,,,,C02185,,,,
1295,,GJ,5/29/2026,,Wedbush_Brokerage Commissions_20260529,,,,12100,303P,D23010,ARB02187_USD,,,,,16.65,,,,,C02187,,,,
1296,,GJ,5/29/2026,,Wedbush_Brokerage Commissions_20260529,,,,12100,303P,D23010,ARB02188_USD,,,,,84.0,,,,,C02188,,,,
1297,,GJ,5/29/2026,,Wedbush_Brokerage Commissions_20260529,,,,12100,303P,D23010,ARB02190_USD,,,,,78.6,,,,,C02147,,,,
1298,,GJ,5/29/2026,,Wedbush_Brokerage Commissions_20260529,,,,12100,303P,D23010,ARB02191_USD,,,,,102.60000000000001,,,,,C00469,,,,
1299,,GJ,5/29/2026,,Wedbush_Brokerage Commissions_20260529,,,,12100,303P,D23010,ARB02196_USD,,,,,18.0,,,,,C02132,,,,
1300,,GJ,5/29/2026,,Wedbush_Brokerage Commissions_20260529,,,,12100,ATGN,D21300,ARB02342_EUR,,,,,11.7,,,,,C02042,,,,
1301,,GJ,5/29/2026,,Wedbush_Brokerage Commissions_20260529,,,,12100,ATGN,D21300,ARB02342_GBP,,,,,0.0,,,,,C02042,,,,
1302,,GJ,5/29/2026,,Wedbush_Brokerage Commissions_20260529,,,,12100,ATGN,D21300,ARB02343_EUR,,,,,644.07,,,,,C02520,,,,
1303,,GJ,5/29/2026,,Wedbush_Brokerage Commissions_20260529,,,,12100,ATGN,D21300,ARB02343_GBP,,,,,0.0,,,,,C02520,,,,
1304,,GJ,5/29/2026,,Wedbush_Brokerage Commissions_20260529,,,,12100,ATGN,D21300,ARB02343_USD,,,,,128.4,,,,,C02520,,,,
1305,,GJ,5/29/2026,,Wedbush_Brokerage Commissions_20260529,,,,12100,ATGN,D21300,ARB02345_EUR,,,,,6.9,,,,,C02045,,,,
1306,,GJ,5/29/2026,,Wedbush_Brokerage Commissions_20260529,,,,12100,ATGN,D21300,ARB02345_GBP,,,,,0.0,,,,,C02045,,,,
1307,,GJ,5/29/2026,,Wedbush_Brokerage Commissions_20260529,,,,12100,ATGN,D21300,ARB02355_USD,,,,,60.0,,,,,C00054,,,,
1308,,GJ,5/29/2026,,Wedbush_Brokerage Commissions_20260529,,,,12100,ATGN,D21300,ARB02376_EUR,,,,,4554.6,,,,,C02076,,,,
1309,,GJ,5/29/2026,,Wedbush_Brokerage Commissions_20260529,,,,12100,ATGN,D21300,ARB02376_GBP,,,,,0.0,,,,,C02076,,,,
1310,,GJ,5/29/2026,,Wedbush_Brokerage Commissions_20260529,,,,12100,ATGN,D23010,ARB02402_USD,,,,,125.1,,,,,C02102,,,,
1311,,GJ,5/29/2026,,Wedbush_Brokerage Commissions_20260529,,,,12100,ATGN,D23080,ARB02416_EUR,,,,,22.5,,,,,C02116,,,,
1312,,GJ,5/29/2026,,Wedbush_Brokerage Commissions_20260529,,,,12100,ATGN,D23080,ARB02416_GBP,,,,,0.0,,,,,C02116,,,,
1313,,GJ,5/29/2026,,Wedbush_Brokerage Commissions_20260529,,,,12100,ATGN,D23080,ARB02416_USD,,,,,185.25,,,,,C02116,,,,
1314,,GJ,5/29/2026,,Wedbush_Brokerage Commissions_20260529,,,,12100,ATGN,D23080,ARB02418_EUR,,,,,113.85,,,,,C01234,,,,
1315,,GJ,5/29/2026,,Wedbush_Brokerage Commissions_20260529,,,,12100,ATGN,D23080,ARB02418_GBP,,,,,0.0,,,,,C01234,,,,
1316,,GJ,5/29/2026,,Wedbush_Brokerage Commissions_20260529,,,,12100,ATGN,D23080,ARB02418_USD,,,,,1366.1999999999998,,,,,C01234,,,,
1317,,GJ,5/29/2026,,Wedbush_Brokerage Commissions_20260529,,,,12100,ATGN,D23300,ARB02421_EUR,,,,,119.1,,,,,C02121,,,,
1318,,GJ,5/29/2026,,Wedbush_Brokerage Commissions_20260529,,,,12100,ATGN,D23300,ARB02421_GBP,,,,,0.0,,,,,C02121,,,,
1319,,GJ,5/29/2026,,Wedbush_Brokerage Commissions_20260529,,,,12100,ATGN,D23300,ARB02421_USD,,,,,100.5,,,,,C02121,,,,
1320,,GJ,5/29/2026,,Wedbush_Brokerage Commissions_20260529,,,,12100,ATGN,D23020,ARB02429_CAD,,,,,0.0,,,,,C02129,,,,
1321,,GJ,5/29/2026,,Wedbush_Brokerage Commissions_20260529,,,,12100,ATGN,D23020,ARB02429_EUR,,,,,10.95,,,,,C02129,,,,
1322,,GJ,5/29/2026,,Wedbush_Brokerage Commissions_20260529,,,,12100,ATGN,D23020,ARB02429_GBP,,,,,0.0,,,,,C02129,,,,
1323,,GJ,5/29/2026,,Wedbush_Brokerage Commissions_20260529,,,,12100,ATGN,D23020,ARB02429_USD,,,,,402.3,,,,,C02129,,,,
1324,,GJ,5/29/2026,,Wedbush_Brokerage Commissions_20260529,,,,12100,ATGN,D23010,ARB02432_CAD,,,,,0.0,,,,,C02132,,,,
1325,,GJ,5/29/2026,,Wedbush_Brokerage Commissions_20260529,,,,12100,ATGN,D23010,ARB02432_USD,,,,,117.3,,,,,C02132,,,,
1326,,GJ,5/29/2026,,Wedbush_Brokerage Commissions_20260529,,,,12100,ATGN,D23010,ARB02435_CAD,,,,,0.0,,,,,C02135,,,,
1327,,GJ,5/29/2026,,Wedbush_Brokerage Commissions_20260529,,,,12100,ATGN,D23010,ARB02435_USD,,,,,81.60000000000001,,,,,C02135,,,,
1328,,GJ,5/29/2026,,Wedbush_Brokerage Commissions_20260529,,,,12100,ATGN,D23010,ARB02436_EUR,,,,,436.05,,,,,C02136,,,,
1329,,GJ,5/29/2026,,Wedbush_Brokerage Commissions_20260529,,,,12100,ATGN,D23010,ARB02436_GBP,,,,,0.0,,,,,C02136,,,,
1330,,GJ,5/29/2026,,Wedbush_Brokerage Commissions_20260529,,,,12100,ATGN,D23010,ARB02436_USD,,,,,822.6,,,,,C02136,,,,
1331,,GJ,5/29/2026,,Wedbush_Brokerage Commissions_20260529,,,,12100,ATGN,D23010,ARB02445_USD,,,,,984.3,,,,,C02145,,,,
1332,,GJ,5/29/2026,,Wedbush_Brokerage Commissions_20260529,,,,12100,ATGN,D23010,ARB02447_CAD,,,,,0.0,,,,,C02147,,,,
1333,,GJ,5/29/2026,,Wedbush_Brokerage Commissions_20260529,,,,12100,ATGN,D23010,ARB02447_USD,,,,,102.75,,,,,C02147,,,,
1334,,GJ,5/29/2026,,Wedbush_Brokerage Commissions_20260529,,,,12100,ATGN,D23010,ARB02449_EUR,,,,,65.1,,,,,C02149,,,,
1335,,GJ,5/29/2026,,Wedbush_Brokerage Commissions_20260529,,,,12100,ATGN,D23010,ARB02449_GBP,,,,,0.0,,,,,C02149,,,,
1336,,GJ,5/29/2026,,Wedbush_Brokerage Commissions_20260529,,,,12100,ATGN,D23010,ARB02449_USD,,,,,534.3,,,,,C02149,,,,
1337,,GJ,5/29/2026,,Wedbush_Brokerage Commissions_20260529,,,,12100,ATGN,D23060,ARB02452_USD,,,,,37.199999999999996,,,,,C00186,,,,
1338,,GJ,5/29/2026,,Wedbush_Brokerage Commissions_20260529,,,,12100,ATGN,D23300,ARB02454_EUR,,,,,47.400000000000006,,,,,C00149,,,,
1339,,GJ,5/29/2026,,Wedbush_Brokerage Commissions_20260529,,,,12100,ATGN,D23300,ARB02454_GBP,,,,,0.0,,,,,C00149,,,,
1340,,GJ,5/29/2026,,Wedbush_Brokerage Commissions_20260529,,,,12100,ATGN,D23300,ARB02454_USD,,,,,107.1,,,,,C00149,,,,
1341,,GJ,5/29/2026,,Wedbush_Brokerage Commissions_20260529,,,,12100,ATGN,D23020,ARB02456_EUR,,,,,10.65,,,,,C02156,,,,
1342,,GJ,5/29/2026,,Wedbush_Brokerage Commissions_20260529,,,,12100,ATGN,D23020,ARB02456_GBP,,,,,0.0,,,,,C02156,,,,
1343,,GJ,5/29/2026,,Wedbush_Brokerage Commissions_20260529,,,,12100,ATGN,D23020,ARB02456_USD,,,,,77.39999999999999,,,,,C02156,,,,
1344,,GJ,5/29/2026,,Wedbush_Brokerage Commissions_20260529,,,,12100,ATGN,D23300,ARB02458_USD,,,,,115.5,,,,,C01145,,,,
1345,,GJ,5/29/2026,,Wedbush_Brokerage Commissions_20260529,,,,12100,ATGN,D23080,ARB02463_USD,,,,,199.65,,,,,C01231,,,,
1346,,GJ,5/29/2026,,Wedbush_Brokerage Commissions_20260529,,,,12100,ATGN,D23010,ARB02473_EUR,,,,,13.35,,,,,C00463,,,,
1347,,GJ,5/29/2026,,Wedbush_Brokerage Commissions_20260529,,,,12100,ATGN,D23010,ARB02473_GBP,,,,,0.0,,,,,C00463,,,,
1348,,GJ,5/29/2026,,Wedbush_Brokerage Commissions_20260529,,,,12100,ATGN,D23010,ARB02473_USD,,,,,518.7,,,,,C00463,,,,
1349,,GJ,5/29/2026,,Wedbush_Brokerage Commissions_20260529,,,,12100,ATGN,D23010,ARB02476_EUR,,,,,1132.8,,,,,C00463,,,,
1350,,GJ,5/29/2026,,Wedbush_Brokerage Commissions_20260529,,,,12100,ATGN,D23010,ARB02476_GBP,,,,,0.0,,,,,C00463,,,,
1351,,GJ,5/29/2026,,Wedbush_Brokerage Commissions_20260529,,,,12100,ATGN,D23010,ARB02476_USD,,,,,8445.3,,,,,C00463,,,,
1352,,GJ,5/29/2026,,Wedbush_Brokerage Commissions_20260529,,,,12100,ATGN,D23010,ARB02477_CAD,,,,,0.0,,,,,C02177,,,,
1353,,GJ,5/29/2026,,Wedbush_Brokerage Commissions_20260529,,,,12100,ATGN,D23010,ARB02477_USD,,,,,21.299999999999997,,,,,C02177,,,,
1354,,GJ,5/29/2026,,Wedbush_Brokerage Commissions_20260529,,,,12100,ATGN,D23010,ARB02479_CAD,,,,,0.0,,,,,C02179,,,,
1355,,GJ,5/29/2026,,Wedbush_Brokerage Commissions_20260529,,,,12100,ATGN,D23010,ARB02479_USD,,,,,361.2,,,,,C02179,,,,
1356,,GJ,5/29/2026,,Wedbush_Brokerage Commissions_20260529,,,,12100,ATGN,D23010,ARB02480_CAD,,,,,0.0,,,,,C02180,,,,
1357,,GJ,5/29/2026,,Wedbush_Brokerage Commissions_20260529,,,,12100,ATGN,D23010,ARB02480_USD,,,,,271.95,,,,,C02180,,,,
1358,,GJ,5/29/2026,,Wedbush_Brokerage Commissions_20260529,,,,12100,ATGN,D23010,ARB02481_CAD,,,,,0.0,,,,,C02181,,,,
1359,,GJ,5/29/2026,,Wedbush_Brokerage Commissions_20260529,,,,12100,ATGN,D23010,ARB02481_USD,,,,,449.40000000000003,,,,,C02181,,,,
1360,,GJ,5/29/2026,,Wedbush_Brokerage Commissions_20260529,,,,12100,ATGN,D23010,ARB02482_CAD,,,,,0.0,,,,,C02182,,,,
1361,,GJ,5/29/2026,,Wedbush_Brokerage Commissions_20260529,,,,12100,ATGN,D23010,ARB02482_USD,,,,,65.1,,,,,C02182,,,,
1362,,GJ,5/29/2026,,Wedbush_Brokerage Commissions_20260529,,,,12100,ATGN,D23010,ARB02483_CAD,,,,,0.0,,,,,C02183,,,,
1363,,GJ,5/29/2026,,Wedbush_Brokerage Commissions_20260529,,,,12100,ATGN,D23010,ARB02483_USD,,,,,342.6,,,,,C02183,,,,
1364,,GJ,5/29/2026,,Wedbush_Brokerage Commissions_20260529,,,,12100,ATGN,D23010,ARB02484_CAD,,,,,0.0,,,,,C02184,,,,
1365,,GJ,5/29/2026,,Wedbush_Brokerage Commissions_20260529,,,,12100,ATGN,D23010,ARB02484_EUR,,,,,0.3,,,,,C02184,,,,
1366,,GJ,5/29/2026,,Wedbush_Brokerage Commissions_20260529,,,,12100,ATGN,D23010,ARB02484_GBP,,,,,0.0,,,,,C02184,,,,
1367,,GJ,5/29/2026,,Wedbush_Brokerage Commissions_20260529,,,,12100,ATGN,D23010,ARB02484_USD,,,,,889.05,,,,,C02184,,,,
1368,,GJ,5/29/2026,,Wedbush_Brokerage Commissions_20260529,,,,12100,ATGN,D23010,ARB02485_EUR,,,,,155.85,,,,,C02185,,,,
1369,,GJ,5/29/2026,,Wedbush_Brokerage Commissions_20260529,,,,12100,ATGN,D23010,ARB02485_GBP,,,,,0.0,,,,,C02185,,,,
1370,,GJ,5/29/2026,,Wedbush_Brokerage Commissions_20260529,,,,12100,ATGN,D23010,ARB02485_USD,,,,,1322.4,,,,,C02185,,,,
1371,,GJ,5/29/2026,,Wedbush_Brokerage Commissions_20260529,,,,12100,ATGN,D23010,ARB02488_USD,,,,,762.9,,,,,C02188,,,,
1372,,GJ,5/29/2026,,Wedbush_Brokerage Commissions_20260529,,,,12100,ATGN,D23010,ARB02491_CAD,,,,,0.0,,,,,C00469,,,,
1373,,GJ,5/29/2026,,Wedbush_Brokerage Commissions_20260529,,,,12100,ATGN,D23010,ARB02491_EUR,,,,,39.3,,,,,C00469,,,,
1374,,GJ,5/29/2026,,Wedbush_Brokerage Commissions_20260529,,,,12100,ATGN,D23010,ARB02491_GBP,,,,,0.0,,,,,C00469,,,,
1375,,GJ,5/29/2026,,Wedbush_Brokerage Commissions_20260529,,,,12100,ATGN,D23010,ARB02491_USD,,,,,3.9,,,,,C00469,,,,
1376,,GJ,5/29/2026,,Wedbush_Brokerage Commissions_20260529,,,,12100,303P,D21300,ARB03003_USD,,,,,360.0,,,,,C03003,,,,
1377,,GJ,5/29/2026,,Wedbush_Brokerage Commissions_20260529,,,,12100,303P,D21300,ARB03022_USD,,,,,5667.75,,,,,C00034,,,,
1378,,GJ,5/29/2026,,Wedbush_Brokerage Commissions_20260529,,,,12100,303P,D21300,ARB03032_USD,,,,,1039.2,,,,,C00049,,,,
1379,,GJ,5/29/2026,,Wedbush_Brokerage Commissions_20260529,,,,12100,303P,D21300,ARB03033_USD,,,,,623.1,,,,,C00049,,,,
1380,,GJ,5/29/2026,,Wedbush_Brokerage Commissions_20260529,,,,12100,303P,D21300,ARB03035_USD,,,,,3.75,,,,,C00049,,,,
1381,,GJ,5/29/2026,,Wedbush_Brokerage Commissions_20260529,,,,12100,303P,D21300,ARB03037_USD,,,,,274.05,,,,,C03037,,,,
1382,,GJ,5/29/2026,,Wedbush_Brokerage Commissions_20260529,,,,12100,303P,D21300,ARB03038_USD,,,,,106.95,,,,,C03038,,,,
1383,,GJ,5/29/2026,,Wedbush_Brokerage Commissions_20260529,,,,12100,303P,D21300,ARB03042_USD,,,,,2.7,,,,,C03040,,,,
1384,,GJ,5/29/2026,,Wedbush_Brokerage Commissions_20260529,,,,12100,303P,D21300,ARB03043_USD,,,,,16.200000000000003,,,,,C03040,,,,
1385,,GJ,5/29/2026,,Wedbush_Brokerage Commissions_20260529,,,,12100,303P,D21300,ARB03046_USD,,,,,38.7,,,,,C03040,,,,
1386,,GJ,5/29/2026,,Wedbush_Brokerage Commissions_20260529,,,,12100,303P,D21300,ARB03052_USD,,,,,539.25,,,,,C03071,,,,
1387,,GJ,5/29/2026,,Wedbush_Brokerage Commissions_20260529,,,,12100,303P,D21300,ARB03057_USD,,,,,0.0,,,,,C01057,,,,
1388,,GJ,5/29/2026,,Wedbush_Brokerage Commissions_20260529,,,,12100,303P,D21300,ARB03060_USD,,,,,1400.1,,,,,C03060,,,,
1389,,GJ,5/29/2026,,Wedbush_Brokerage Commissions_20260529,,,,12100,303P,D21300,ARB03062_USD,,,,,842.7,,,,,C03062,,,,
1390,,GJ,5/29/2026,,Wedbush_Brokerage Commissions_20260529,,,,12100,303P,D21300,ARB03064_USD,,,,,131.7,,,,,C03064,,,,
1391,,GJ,5/29/2026,,Wedbush_Brokerage Commissions_20260529,,,,12100,303P,D21300,ARB03065_USD,,,,,10755.15,,,,,C03065,,,,
1392,,GJ,5/29/2026,,Wedbush_Brokerage Commissions_20260529,,,,12100,303P,D21300,ARB03072_USD,,,,,4023.15,,,,,C03072,,,,
1393,,GJ,5/29/2026,,Wedbush_Brokerage Commissions_20260529,,,,12100,303P,D21300,ARB03073_USD,,,,,6246.45,,,,,C03073,,,,
1394,,GJ,5/29/2026,,Wedbush_Brokerage Commissions_20260529,,,,12100,303P,D21300,ARB03078_USD,,,,,42.3,,,,,C03078,,,,
1395,,GJ,5/29/2026,,Wedbush_Brokerage Commissions_20260529,,,,12100,303P,D21300,ARB03079_USD,,,,,459.0,,,,,C03078,,,,
1396,,GJ,5/29/2026,,Wedbush_Brokerage Commissions_20260529,,,,12100,303P,D21300,ARB03080_USD,,,,,153.6,,,,,C03078,,,,
1397,,GJ,5/29/2026,,Wedbush_Brokerage Commissions_20260529,,,,12100,303P,D21030,ARB03084_USD,,,,,299.7,,,,,C03084,,,,
1398,,GJ,5/29/2026,,Wedbush_Brokerage Commissions_20260529,,,,12100,303P,D21300,ARB03088_USD,,,,,22.2,,,,,C03088,,,,
1399,,GJ,5/29/2026,,Wedbush_Brokerage Commissions_20260529,,,,12100,303P,D21300,ARB03090_USD,,,,,72.6,,,,,C03090,,,,
1400,,GJ,5/29/2026,,Wedbush_Brokerage Commissions_20260529,,,,12100,303P,D21300,ARB03093_USD,,,,,75.15,,,,,C03093,,,,
1401,,GJ,5/29/2026,,Wedbush_Brokerage Commissions_20260529,,,,12100,303P,D21300,ARB03096_USD,,,,,7.199999999999999,,,,,C03096,,,,
1402,,GJ,5/29/2026,,Wedbush_Brokerage Commissions_20260529,,,,12100,303P,D23300,ARB03100_USD,,,,,50.4,,,,,C03100,,,,
1403,,GJ,5/29/2026,,Wedbush_Brokerage Commissions_20260529,,,,12100,303P,D23080,ARB03102_USD,,,,,295.8,,,,,C03102,,,,
1404,,GJ,5/29/2026,,Wedbush_Brokerage Commissions_20260529,,,,12100,303P,D23300,ARB03103_USD,,,,,1737.75,,,,,CX3103,,,,
1405,,GJ,5/29/2026,,Wedbush_Brokerage Commissions_20260529,,,,12100,303P,D23300,ARB03104_USD,,,,,1517.4,,,,,C03104,,,,
1406,,GJ,5/29/2026,,Wedbush_Brokerage Commissions_20260529,,,,12100,303P,D23300,ARB03105_USD,,,,,1551.1499999999999,,,,,C00310,,,,
1407,,GJ,5/29/2026,,Wedbush_Brokerage Commissions_20260529,,,,12100,303P,D23300,ARB03106_USD,,,,,845.25,,,,,C00310,,,,
1408,,GJ,5/29/2026,,Wedbush_Brokerage Commissions_20260529,,,,12100,303P,D23300,ARB03107_USD,,,,,3469.95,,,,,C03107,,,,
1409,,GJ,5/29/2026,,Wedbush_Brokerage Commissions_20260529,,,,12100,303P,D23300,ARB03108_USD,,,,,2464.8,,,,,C00311,,,,
1410,,GJ,5/29/2026,,Wedbush_Brokerage Commissions_20260529,,,,12100,303P,D23300,ARB03109_USD,,,,,1900.3500000000001,,,,,C00311,,,,
1411,,GJ,5/29/2026,,Wedbush_Brokerage Commissions_20260529,,,,12100,303P,D23300,ARB03110_USD,,,,,42.0,,,,,C00311,,,,
1412,,GJ,5/29/2026,,Wedbush_Brokerage Commissions_20260529,,,,12100,303P,D23300,ARB03112_USD,,,,,186.75,,,,,C00310,,,,
1413,,GJ,5/29/2026,,Wedbush_Brokerage Commissions_20260529,,,,12100,303P,D23300,ARB03113_USD,,,,,111.3,,,,,C03113,,,,
1414,,GJ,5/29/2026,,Wedbush_Brokerage Commissions_20260529,,,,12100,303P,D23300,ARB03115_USD,,,,,0.0,,,,,CX3115,,,,
1415,,GJ,5/29/2026,,Wedbush_Brokerage Commissions_20260529,,,,12100,303P,D23020,ARB03116_USD,,,,,231.0,,,,,C02129,,,,
1416,,GJ,5/29/2026,,Wedbush_Brokerage Commissions_20260529,,,,12100,303P,D23300,ARB03122_USD,,,,,372.45,,,,,C03122,,,,
1417,,GJ,5/29/2026,,Wedbush_Brokerage Commissions_20260529,,,,12100,303P,D23300,ARB03125_USD,,,,,96.3,,,,,CX3125,,,,
1418,,GJ,5/29/2026,,Wedbush_Brokerage Commissions_20260529,,,,12100,303P,D23300,ARB03133_USD,,,,,1460.55,,,,,C03133,,,,
1419,,GJ,5/29/2026,,Wedbush_Brokerage Commissions_20260529,,,,12100,303P,D23300,ARB03134_USD,,,,,85.5,,,,,C03134,,,,
1420,,GJ,5/29/2026,,Wedbush_Brokerage Commissions_20260529,,,,12100,303P,D23300,ARB03136_USD,,,,,7.8,,,,,CX3136,,,,
1421,,GJ,5/29/2026,,Wedbush_Brokerage Commissions_20260529,,,,12100,303P,D23300,ARB03139_USD,,,,,125.7,,,,,C00311,,,,
1422,,GJ,5/29/2026,,Wedbush_Brokerage Commissions_20260529,,,,12100,303P,D23300,ARB03141_USD,,,,,2271.9,,,,,C03141,,,,
1423,,GJ,5/29/2026,,Wedbush_Brokerage Commissions_20260529,,,,12100,303P,D23300,ARB03142_USD,,,,,447.3,,,,,C00310,,,,
1424,,GJ,5/29/2026,,Wedbush_Brokerage Commissions_20260529,,,,12100,303P,D23300,ARB03143_USD,,,,,435.9,,,,,C00310,,,,
1425,,GJ,5/29/2026,,Wedbush_Brokerage Commissions_20260529,,,,12100,303P,D23300,ARB03144_USD,,,,,194.85,,,,,CX3144,,,,
1426,,GJ,5/29/2026,,Wedbush_Brokerage Commissions_20260529,,,,12100,303P,D23300,ARB03146_USD,,,,,456.6,,,,,CX3136,,,,
1427,,GJ,5/29/2026,,Wedbush_Brokerage Commissions_20260529,,,,12100,303P,D23090,ARB03154_USD,,,,,103.8,,,,,C03154,,,,
1428,,GJ,5/29/2026,,Wedbush_Brokerage Commissions_20260529,,,,12100,303P,D23100,ARB03156_USD,,,,,590.8499999999999,,,,,C03156,,,,
1429,,GJ,5/29/2026,,Wedbush_Brokerage Commissions_20260529,,,,12100,303P,D23100,ARB03157_USD,,,,,450.6,,,,,C03157,,,,
1430,,GJ,5/29/2026,,Wedbush_Brokerage Commissions_20260529,,,,12100,303P,D23100,ARB03159_USD,,,,,489.90000000000003,,,,,C03159,,,,
1431,,GJ,5/29/2026,,Wedbush_Brokerage Commissions_20260529,,,,12100,303P,D23010,ARB03168_USD,,,,,95.25,,,,,C03168,,,,
1432,,GJ,5/29/2026,,Wedbush_Brokerage Commissions_20260529,,,,12100,303P,D23100,ARB03174_USD,,,,,242.4,,,,,C03174,,,,
1433,,GJ,5/29/2026,,Wedbush_Brokerage Commissions_20260529,,,,12100,303P,D23100,ARB03175_USD,,,,,424.2,,,,,C03175,,,,
1434,,GJ,5/29/2026,,Wedbush_Brokerage Commissions_20260529,,,,12100,303P,D23100,ARB03176_USD,,,,,576.3,,,,,C03176,,,,
1435,,GJ,5/29/2026,,Wedbush_Brokerage Commissions_20260529,,,,12100,303P,D23100,ARB03185_USD,,,,,159.6,,,,,C03185,,,,
1436,,GJ,5/29/2026,,Wedbush_Brokerage Commissions_20260529,,,,12100,303P,D23300,ARB03192_USD,,,,,402.59999999999997,,,,,C03163,,,,
1437,,GJ,5/29/2026,,Wedbush_Brokerage Commissions_20260529,,,,12100,ATGN,D21300,ARB03360_EUR,,,,,4868.85,,,,,C03060,,,,
1438,,GJ,5/29/2026,,Wedbush_Brokerage Commissions_20260529,,,,12100,ATGN,D21300,ARB03360_GBP,,,,,0.0,,,,,C03060,,,,
1439,,GJ,5/29/2026,,Wedbush_Brokerage Commissions_20260529,,,,12100,ATGN,D21300,ARB03362_EUR,,,,,660.6,,,,,C03062,,,,
1440,,GJ,5/29/2026,,Wedbush_Brokerage Commissions_20260529,,,,12100,ATGN,D21300,ARB03362_GBP,,,,,0.0,,,,,C03062,,,,
1441,,GJ,5/29/2026,,Wedbush_Brokerage Commissions_20260529,,,,12100,ATGN,D21300,ARB03362_USD,,,,,288.9,,,,,C03062,,,,
1442,,GJ,5/29/2026,,Wedbush_Brokerage Commissions_20260529,,,,12100,ATGN,D21300,ARB03364_EUR,,,,,12.0,,,,,C03064,,,,
1443,,GJ,5/29/2026,,Wedbush_Brokerage Commissions_20260529,,,,12100,ATGN,D21300,ARB03364_GBP,,,,,0.0,,,,,C03064,,,,
1444,,GJ,5/29/2026,,Wedbush_Brokerage Commissions_20260529,,,,12100,ATGN,D21300,ARB03372_USD,,,,,241.2,,,,,C03072,,,,
1445,,GJ,5/29/2026,,Wedbush_Brokerage Commissions_20260529,,,,12100,ATGN,D21300,ARB03373_USD,,,,,22.8,,,,,C03073,,,,
1446,,GJ,5/29/2026,,Wedbush_Brokerage Commissions_20260529,,,,12100,ATGN,D21300,ARB03378_USD,,,,,178.8,,,,,C03078,,,,
1447,,GJ,5/29/2026,,Wedbush_Brokerage Commissions_20260529,,,,12100,ATGN,D23300,ARB03400_EUR,,,,,104.39999999999999,,,,,C03100,,,,
1448,,GJ,5/29/2026,,Wedbush_Brokerage Commissions_20260529,,,,12100,ATGN,D23300,ARB03400_GBP,,,,,0.0,,,,,C03100,,,,
1449,,GJ,5/29/2026,,Wedbush_Brokerage Commissions_20260529,,,,12100,ATGN,D23300,ARB03400_USD,,,,,814.2,,,,,C03100,,,,
1450,,GJ,5/29/2026,,Wedbush_Brokerage Commissions_20260529,,,,12100,ATGN,D23080,ARB03402_EUR,,,,,55.5,,,,,C03102,,,,
1451,,GJ,5/29/2026,,Wedbush_Brokerage Commissions_20260529,,,,12100,ATGN,D23080,ARB03402_GBP,,,,,0.0,,,,,C03102,,,,
1452,,GJ,5/29/2026,,Wedbush_Brokerage Commissions_20260529,,,,12100,ATGN,D23080,ARB03402_USD,,,,,1541.3999999999999,,,,,C03102,,,,
1453,,GJ,5/29/2026,,Wedbush_Brokerage Commissions_20260529,,,,12100,ATGN,D23300,ARB03403_CAD,,,,,0.0,,,,,CX3103,,,,
1454,,GJ,5/29/2026,,Wedbush_Brokerage Commissions_20260529,,,,12100,ATGN,D23300,ARB03403_USD,,,,,444.45000000000005,,,,,CX3103,,,,
1455,,GJ,5/29/2026,,Wedbush_Brokerage Commissions_20260529,,,,12100,ATGN,D23300,ARB03404_CAD,,,,,0.0,,,,,C03104,,,,
1456,,GJ,5/29/2026,,Wedbush_Brokerage Commissions_20260529,,,,12100,ATGN,D23300,ARB03404_EUR,,,,,12.899999999999999,,,,,C03104,,,,
1457,,GJ,5/29/2026,,Wedbush_Brokerage Commissions_20260529,,,,12100,ATGN,D23300,ARB03404_GBP,,,,,0.0,,,,,C03104,,,,
1458,,GJ,5/29/2026,,Wedbush_Brokerage Commissions_20260529,,,,12100,ATGN,D23300,ARB03404_USD,,,,,408.59999999999997,,,,,C03104,,,,
1459,,GJ,5/29/2026,,Wedbush_Brokerage Commissions_20260529,,,,12100,ATGN,D23300,ARB03405_CAD,,,,,0.0,,,,,C00310,,,,
1460,,GJ,5/29/2026,,Wedbush_Brokerage Commissions_20260529,,,,12100,ATGN,D23300,ARB03405_EUR,,,,,86.10000000000001,,,,,C00310,,,,
1461,,GJ,5/29/2026,,Wedbush_Brokerage Commissions_20260529,,,,12100,ATGN,D23300,ARB03405_GBP,,,,,0.0,,,,,C00310,,,,
1462,,GJ,5/29/2026,,Wedbush_Brokerage Commissions_20260529,,,,12100,ATGN,D23300,ARB03405_USD,,,,,595.0500000000001,,,,,C00310,,,,
1463,,GJ,5/29/2026,,Wedbush_Brokerage Commissions_20260529,,,,12100,ATGN,D23300,ARB03406_CAD,,,,,0.0,,,,,C00310,,,,
1464,,GJ,5/29/2026,,Wedbush_Brokerage Commissions_20260529,,,,12100,ATGN,D23300,ARB03406_EUR,,,,,52.800000000000004,,,,,C00310,,,,
1465,,GJ,5/29/2026,,Wedbush_Brokerage Commissions_20260529,,,,12100,ATGN,D23300,ARB03406_GBP,,,,,0.0,,,,,C00310,,,,
1466,,GJ,5/29/2026,,Wedbush_Brokerage Commissions_20260529,,,,12100,ATGN,D23300,ARB03406_USD,,,,,862.05,,,,,C00310,,,,
1467,,GJ,5/29/2026,,Wedbush_Brokerage Commissions_20260529,,,,12100,ATGN,D23300,ARB03407_USD,,,,,1935.45,,,,,C03107,,,,
1468,,GJ,5/29/2026,,Wedbush_Brokerage Commissions_20260529,,,,12100,ATGN,D23300,ARB03408_CAD,,,,,0.0,,,,,C00311,,,,
1469,,GJ,5/29/2026,,Wedbush_Brokerage Commissions_20260529,,,,12100,ATGN,D23300,ARB03408_EUR,,,,,41.099999999999994,,,,,C00311,,,,
1470,,GJ,5/29/2026,,Wedbush_Brokerage Commissions_20260529,,,,12100,ATGN,D23300,ARB03408_GBP,,,,,0.0,,,,,C00311,,,,
1471,,GJ,5/29/2026,,Wedbush_Brokerage Commissions_20260529,,,,12100,ATGN,D23300,ARB03408_USD,,,,,2531.25,,,,,C00311,,,,
1472,,GJ,5/29/2026,,Wedbush_Brokerage Commissions_20260529,,,,12100,ATGN,D23300,ARB03409_EUR,,,,,83.7,,,,,C00311,,,,
1473,,GJ,5/29/2026,,Wedbush_Brokerage Commissions_20260529,,,,12100,ATGN,D23300,ARB03409_GBP,,,,,0.0,,,,,C00311,,,,
1474,,GJ,5/29/2026,,Wedbush_Brokerage Commissions_20260529,,,,12100,ATGN,D23300,ARB03409_USD,,,,,3173.4,,,,,C00311,,,,
1475,,GJ,5/29/2026,,Wedbush_Brokerage Commissions_20260529,,,,12100,ATGN,D23300,ARB03410_USD,,,,,549.3,,,,,C00311,,,,
1476,,GJ,5/29/2026,,Wedbush_Brokerage Commissions_20260529,,,,12100,ATGN,D23300,ARB03412_EUR,,,,,3.6,,,,,C00310,,,,
1477,,GJ,5/29/2026,,Wedbush_Brokerage Commissions_20260529,,,,12100,ATGN,D23300,ARB03412_GBP,,,,,0.0,,,,,C00310,,,,
1478,,GJ,5/29/2026,,Wedbush_Brokerage Commissions_20260529,,,,12100,ATGN,D23300,ARB03412_USD,,,,,384.75,,,,,C00310,,,,
1479,,GJ,5/29/2026,,Wedbush_Brokerage Commissions_20260529,,,,12100,ATGN,D23300,ARB03413_USD,,,,,315.9,,,,,C03113,,,,
1480,,GJ,5/29/2026,,Wedbush_Brokerage Commissions_20260529,,,,12100,ATGN,D23300,ARB03422_CAD,,,,,0.0,,,,,C03122,,,,
1481,,GJ,5/29/2026,,Wedbush_Brokerage Commissions_20260529,,,,12100,ATGN,D23300,ARB03422_USD,,,,,280.8,,,,,C03122,,,,
1482,,GJ,5/29/2026,,Wedbush_Brokerage Commissions_20260529,,,,12100,ATGN,D23080,ARB03427_USD,,,,,19.2,,,,,C01234,,,,
1483,,GJ,5/29/2026,,Wedbush_Brokerage Commissions_20260529,,,,12100,ATGN,D23300,ARB03433_EUR,,,,,58.2,,,,,C03133,,,,
1484,,GJ,5/29/2026,,Wedbush_Brokerage Commissions_20260529,,,,12100,ATGN,D23300,ARB03433_GBP,,,,,0.0,,,,,C03133,,,,
1485,,GJ,5/29/2026,,Wedbush_Brokerage Commissions_20260529,,,,12100,ATGN,D23300,ARB03433_USD,,,,,308.1,,,,,C03133,,,,
1486,,GJ,5/29/2026,,Wedbush_Brokerage Commissions_20260529,,,,12100,ATGN,D23300,ARB03434_USD,,,,,198.6,,,,,C03134,,,,
1487,,GJ,5/29/2026,,Wedbush_Brokerage Commissions_20260529,,,,12100,ATGN,D23300,ARB03435_USD,,,,,11.4,,,,,C00310,,,,
1488,,GJ,5/29/2026,,Wedbush_Brokerage Commissions_20260529,,,,12100,ATGN,D23300,ARB03436_CAD,,,,,0.0,,,,,CX3136,,,,
1489,,GJ,5/29/2026,,Wedbush_Brokerage Commissions_20260529,,,,12100,ATGN,D23300,ARB03436_EUR,,,,,3.3,,,,,CX3136,,,,
1490,,GJ,5/29/2026,,Wedbush_Brokerage Commissions_20260529,,,,12100,ATGN,D23300,ARB03436_GBP,,,,,0.0,,,,,CX3136,,,,
1491,,GJ,5/29/2026,,Wedbush_Brokerage Commissions_20260529,,,,12100,ATGN,D23300,ARB03436_USD,,,,,107.7,,,,,CX3136,,,,
1492,,GJ,5/29/2026,,Wedbush_Brokerage Commissions_20260529,,,,12100,ATGN,D23300,ARB03439_USD,,,,,427.65000000000003,,,,,C00311,,,,
1493,,GJ,5/29/2026,,Wedbush_Brokerage Commissions_20260529,,,,12100,ATGN,D23300,ARB03441_EUR,,,,,129.0,,,,,C03141,,,,
1494,,GJ,5/29/2026,,Wedbush_Brokerage Commissions_20260529,,,,12100,ATGN,D23300,ARB03441_GBP,,,,,0.0,,,,,C03141,,,,
1495,,GJ,5/29/2026,,Wedbush_Brokerage Commissions_20260529,,,,12100,ATGN,D23300,ARB03442_USD,,,,,449.1,,,,,C00310,,,,
1496,,GJ,5/29/2026,,Wedbush_Brokerage Commissions_20260529,,,,12100,ATGN,D23300,ARB03443_CAD,,,,,0.0,,,,,C00310,,,,
1497,,GJ,5/29/2026,,Wedbush_Brokerage Commissions_20260529,,,,12100,ATGN,D23300,ARB03443_EUR,,,,,6.0,,,,,C00310,,,,
1498,,GJ,5/29/2026,,Wedbush_Brokerage Commissions_20260529,,,,12100,ATGN,D23300,ARB03443_GBP,,,,,0.0,,,,,C00310,,,,
1499,,GJ,5/29/2026,,Wedbush_Brokerage Commissions_20260529,,,,12100,ATGN,D23300,ARB03443_USD,,,,,516.9,,,,,C00310,,,,
1500,,GJ,5/29/2026,,Wedbush_Brokerage Commissions_20260529,,,,12100,ATGN,D23300,ARB03446_EUR,,,,,10.2,,,,,CX3136,,,,
1501,,GJ,5/29/2026,,Wedbush_Brokerage Commissions_20260529,,,,12100,ATGN,D23300,ARB03446_GBP,,,,,0.0,,,,,CX3136,,,,
1502,,GJ,5/29/2026,,Wedbush_Brokerage Commissions_20260529,,,,12100,ATGN,D23300,ARB03446_USD,,,,,24.9,,,,,CX3136,,,,
1503,,GJ,5/29/2026,,Wedbush_Brokerage Commissions_20260529,,,,12100,ATGN,D23090,ARB03454_EUR,,,,,6.0,,,,,C03154,,,,
1504,,GJ,5/29/2026,,Wedbush_Brokerage Commissions_20260529,,,,12100,ATGN,D23090,ARB03454_GBP,,,,,0.0,,,,,C03154,,,,
1505,,GJ,5/29/2026,,Wedbush_Brokerage Commissions_20260529,,,,12100,ATGN,D23090,ARB03454_USD,,,,,58.8,,,,,C03154,,,,
1506,,GJ,5/29/2026,,Wedbush_Brokerage Commissions_20260529,,,,12100,ATGN,D23100,ARB03457_EUR,,,,,44.400000000000006,,,,,C03157,,,,
1507,,GJ,5/29/2026,,Wedbush_Brokerage Commissions_20260529,,,,12100,ATGN,D23100,ARB03457_GBP,,,,,0.0,,,,,C03157,,,,
1508,,GJ,5/29/2026,,Wedbush_Brokerage Commissions_20260529,,,,12100,ATGN,D23100,ARB03457_USD,,,,,76.8,,,,,C03157,,,,
1509,,GJ,5/29/2026,,Wedbush_Brokerage Commissions_20260529,,,,12100,ATGN,D23100,ARB03459_CHF,,,,,0.0,,,,,C03159,,,,
1510,,GJ,5/29/2026,,Wedbush_Brokerage Commissions_20260529,,,,12100,ATGN,D23100,ARB03459_EUR,,,,,202.5,,,,,C03159,,,,
1511,,GJ,5/29/2026,,Wedbush_Brokerage Commissions_20260529,,,,12100,ATGN,D23100,ARB03459_GBP,,,,,0.0,,,,,C03159,,,,
1512,,GJ,5/29/2026,,Wedbush_Brokerage Commissions_20260529,,,,12100,ATGN,D23100,ARB03459_USD,,,,,28.5,,,,,C03159,,,,
1513,,GJ,5/29/2026,,Wedbush_Brokerage Commissions_20260529,,,,12100,ATGN,D23300,ARB03460_EUR,,,,,7.5,,,,,C03160,,,,
1514,,GJ,5/29/2026,,Wedbush_Brokerage Commissions_20260529,,,,12100,ATGN,D23300,ARB03460_GBP,,,,,0.0,,,,,C03160,,,,
1515,,GJ,5/29/2026,,Wedbush_Brokerage Commissions_20260529,,,,12100,ATGN,D23300,ARB03460_USD,,,,,1.8,,,,,C03160,,,,
1516,,GJ,5/29/2026,,Wedbush_Brokerage Commissions_20260529,,,,12100,ATGN,D23300,ARB03463_USD,,,,,1.2,,,,,C03163,,,,
1517,,GJ,5/29/2026,,Wedbush_Brokerage Commissions_20260529,,,,12100,ATGN,D23010,ARB03468_CAD,,,,,0.0,,,,,C03168,,,,
1518,,GJ,5/29/2026,,Wedbush_Brokerage Commissions_20260529,,,,12100,ATGN,D23010,ARB03468_USD,,,,,8.4,,,,,C03168,,,,
1519,,GJ,5/29/2026,,Wedbush_Brokerage Commissions_20260529,,,,12100,ATGN,D23100,ARB03474_EUR,,,,,28.2,,,,,C03174,,,,
1520,,GJ,5/29/2026,,Wedbush_Brokerage Commissions_20260529,,,,12100,ATGN,D23100,ARB03474_GBP,,,,,0.0,,,,,C03174,,,,
1521,,GJ,5/29/2026,,Wedbush_Brokerage Commissions_20260529,,,,12100,ATGN,D23100,ARB03475_EUR,,,,,118.5,,,,,C03175,,,,
1522,,GJ,5/29/2026,,Wedbush_Brokerage Commissions_20260529,,,,12100,ATGN,D23100,ARB03475_GBP,,,,,0.0,,,,,C03175,,,,
1523,,GJ,5/29/2026,,Wedbush_Brokerage Commissions_20260529,,,,12100,ATGN,D23100,ARB03476_EUR,,,,,52.8,,,,,C03176,,,,
1524,,GJ,5/29/2026,,Wedbush_Brokerage Commissions_20260529,,,,12100,ATGN,D23100,ARB03476_GBP,,,,,0.0,,,,,C03176,,,,
1525,,GJ,5/29/2026,,Wedbush_Brokerage Commissions_20260529,,,,12100,ATGN,D23100,ARB03485_EUR,,,,,39.0,,,,,C03185,,,,
1526,,GJ,5/29/2026,,Wedbush_Brokerage Commissions_20260529,,,,12100,ATGN,D23100,ARB03485_GBP,,,,,0.0,,,,,C03185,,,,
1527,,GJ,5/29/2026,,Wedbush_Brokerage Commissions_20260529,,,,12100,ATGN,D23100,ARB03485_USD,,,,,73.8,,,,,C03185,,,,
1528,,GJ,5/29/2026,,Wedbush_Brokerage Commissions_20260529,,,,12100,ATGN,D23300,ARB03489_EUR,,,,,326.40000000000003,,,,,C03160,,,,
1529,,GJ,5/29/2026,,Wedbush_Brokerage Commissions_20260529,,,,12100,ATGN,D23300,ARB03489_GBP,,,,,0.0,,,,,C03160,,,,
1530,,GJ,5/29/2026,,Wedbush_Brokerage Commissions_20260529,,,,12100,ATGN,D23300,ARB03489_USD,,,,,746.25,,,,,C03160,,,,
1531,,GJ,5/29/2026,,Wedbush_Brokerage Commissions_20260529,,,,12100,ATGN,D23300,ARB03492_CAD,,,,,0.0,,,,,C03163,,,,
1532,,GJ,5/29/2026,,Wedbush_Brokerage Commissions_20260529,,,,12100,ATGN,D23300,ARB03492_EUR,,,,,130.5,,,,,C03163,,,,
1533,,GJ,5/29/2026,,Wedbush_Brokerage Commissions_20260529,,,,12100,ATGN,D23300,ARB03492_GBP,,,,,0.0,,,,,C03163,,,,
1534,,GJ,5/29/2026,,Wedbush_Brokerage Commissions_20260529,,,,12100,ATGN,D23300,ARB03492_USD,,,,,641.25,,,,,C03163,,,,
1535,,GJ,5/29/2026,,Wedbush_Brokerage Commissions_20260529,,,,12100,303P,D21030,ARB04021_USD,,,,,1376.1,,,,,C03084,,,,
1536,,GJ,5/29/2026,,Wedbush_Brokerage Commissions_20260529,,,,12100,303P,D21030,ARB04023_USD,,,,,23.4,,,,,C04023,,,,
1537,,GJ,5/29/2026,,Wedbush_Brokerage Commissions_20260529,,,,12100,303P,D21300,ARB04024_USD,,,,,24.0,,,,,C04024,,,,
1538,,GJ,5/29/2026,,Wedbush_Brokerage Commissions_20260529,,,,12100,303P,D21300,ARB04029_USD,,,,,22.5,,,,,C04029,,,,
1539,,GJ,5/29/2026,,Wedbush_Brokerage Commissions_20260529,,,,12100,303P,D21030,ARB04031_USD,,,,,25557.6,,,,,C04031,,,,
1540,,GJ,5/29/2026,,Wedbush_Brokerage Commissions_20260529,,,,12100,303P,D21300,ARB04038_USD,,,,,1013.25,,,,,C04038,,,,
1541,,GJ,5/29/2026,,Wedbush_Brokerage Commissions_20260529,,,,12100,303P,D21300,ARB04042_USD,,,,,196.2,,,,,C02044,,,,
1542,,GJ,5/29/2026,,Wedbush_Brokerage Commissions_20260529,,,,12100,303P,D21300,ARB04047_USD,,,,,332.1,,,,,C04033,,,,
1543,,GJ,5/29/2026,,Wedbush_Brokerage Commissions_20260529,,,,12100,303P,D21300,ARB04048_USD,,,,,998.4,,,,,C04048,,,,
1544,,GJ,5/29/2026,,Wedbush_Brokerage Commissions_20260529,,,,12100,303P,D21030,ARB04049_USD,,,,,234.3,,,,,C04050,,,,
1545,,GJ,5/29/2026,,Wedbush_Brokerage Commissions_20260529,,,,12100,303P,D21300,ARB04052_USD,,,,,384.0,,,,,C04052,,,,
1546,,GJ,5/29/2026,,Wedbush_Brokerage Commissions_20260529,,,,12100,303P,D21300,ARB04053_EUR,,,,,15.84,,,,,C04053,,,,
1547,,GJ,5/29/2026,,Wedbush_Brokerage Commissions_20260529,,,,12100,303P,D21300,ARB04053_GBP,,,,,0.0,,,,,C04053,,,,
1548,,GJ,5/29/2026,,Wedbush_Brokerage Commissions_20260529,,,,12100,303P,D21300,ARB04053_USD,,,,,14.25,,,,,C04053,,,,
1549,,GJ,5/29/2026,,Wedbush_Brokerage Commissions_20260529,,,,12100,303P,D21300,ARB04054_USD,,,,,38.7,,,,,C04054,,,,
1550,,GJ,5/29/2026,,Wedbush_Brokerage Commissions_20260529,,,,12100,303P,D21300,ARB04055_USD,,,,,327.6,,,,,C04054,,,,
1551,,GJ,5/29/2026,,Wedbush_Brokerage Commissions_20260529,,,,12100,303P,D21300,ARB04057_USD,,,,,783.6,,,,,C01057,,,,
1552,,GJ,5/29/2026,,Wedbush_Brokerage Commissions_20260529,,,,12100,303P,D21300,ARB04059_USD,,,,,521.25,,,,,C04059,,,,
1553,,GJ,5/29/2026,,Wedbush_Brokerage Commissions_20260529,,,,12100,303P,D21300,ARB04062_USD,,,,,0.0,,,,,C03029,,,,
1554,,GJ,5/29/2026,,Wedbush_Brokerage Commissions_20260529,,,,12100,303P,D21300,ARB04065_USD,,,,,574.65,,,,,C00675,,,,
1555,,GJ,5/29/2026,,Wedbush_Brokerage Commissions_20260529,,,,12100,303P,D21300,ARB04066_USD,,,,,364.5,,,,,C00675,,,,
1556,,GJ,5/29/2026,,Wedbush_Brokerage Commissions_20260529,,,,12100,303P,D21300,ARB04067_USD,,,,,223.2,,,,,C00675,,,,
1557,,GJ,5/29/2026,,Wedbush_Brokerage Commissions_20260529,,,,12100,303P,D21300,ARB04068_USD,,,,,823.5,,,,,C00675,,,,
1558,,GJ,5/29/2026,,Wedbush_Brokerage Commissions_20260529,,,,12100,303P,D21300,ARB04069_USD,,,,,268.95,,,,,C00675,,,,
1559,,GJ,5/29/2026,,Wedbush_Brokerage Commissions_20260529,,,,12100,303P,D21300,ARB04070_USD,,,,,159.0,,,,,C00675,,,,
1560,,GJ,5/29/2026,,Wedbush_Brokerage Commissions_20260529,,,,12100,303P,D21300,ARB04073_USD,,,,,33.3,,,,,C04073,,,,
1561,,GJ,5/29/2026,,Wedbush_Brokerage Commissions_20260529,,,,12100,303P,D21030,ARB04074_USD,,,,,94.94999999999999,,,,,C04074,,,,
1562,,GJ,5/29/2026,,Wedbush_Brokerage Commissions_20260529,,,,12100,303P,D21300,ARB04075_USD,,,,,26.25,,,,,C04075,,,,
1563,,GJ,5/29/2026,,Wedbush_Brokerage Commissions_20260529,,,,12100,303P,D21300,ARB04077_USD,,,,,2.1,,,,,C03095,,,,
1564,,GJ,5/29/2026,,Wedbush_Brokerage Commissions_20260529,,,,12100,303P,D21300,ARB04079_USD,,,,,5.7,,,,,C03064,,,,
1565,,GJ,5/29/2026,,Wedbush_Brokerage Commissions_20260529,,,,12100,303P,D21030,ARB04080_USD,,,,,1918.95,,,,,C02048,,,,
1566,,GJ,5/29/2026,,Wedbush_Brokerage Commissions_20260529,,,,12100,303P,D21300,ARB04081_USD,,,,,268.2,,,,,C04081,,,,
1567,,GJ,5/29/2026,,Wedbush_Brokerage Commissions_20260529,,,,12100,303P,D21300,ARB04082_USD,,,,,90.6,,,,,C04082,,,,
1568,,GJ,5/29/2026,,Wedbush_Brokerage Commissions_20260529,,,,12100,303P,D21300,ARB04083_USD,,,,,9.9,,,,,C04083,,,,
1569,,GJ,5/29/2026,,Wedbush_Brokerage Commissions_20260529,,,,12100,303P,D12000,ARB04085_USD,,,,,79.5,,,,,C02502,,,,
1570,,GJ,5/29/2026,,Wedbush_Brokerage Commissions_20260529,,,,12100,303P,D21030,ARB04086_USD,,,,,20766.0,,,,,C04086,,,,
1571,,GJ,5/29/2026,,Wedbush_Brokerage Commissions_20260529,,,,12100,303P,D21030,ARB04087_USD,,,,,4948.95,,,,,C04022,,,,
1572,,GJ,5/29/2026,,Wedbush_Brokerage Commissions_20260529,,,,12100,303P,D20000,ARB04088_USD,,,,,64.5,,,,,C00001,,,,
1573,,GJ,5/29/2026,,Wedbush_Brokerage Commissions_20260529,,,,12100,303P,D23300,ARB04101_USD,,,,,30.15,,,,,C04101,,,,
1574,,GJ,5/29/2026,,Wedbush_Brokerage Commissions_20260529,,,,12100,303P,D23300,ARB04102_USD,,,,,291.15,,,,,C04102,,,,
1575,,GJ,5/29/2026,,Wedbush_Brokerage Commissions_20260529,,,,12100,303P,D23300,ARB04103_USD,,,,,759.0,,,,,C04103,,,,
1576,,GJ,5/29/2026,,Wedbush_Brokerage Commissions_20260529,,,,12100,303P,D23300,ARB04104_USD,,,,,518.25,,,,,C04104,,,,
1577,,GJ,5/29/2026,,Wedbush_Brokerage Commissions_20260529,,,,12100,303P,D23020,ARB04105_USD,,,,,687.6,,,,,C04105,,,,
1578,,GJ,5/29/2026,,Wedbush_Brokerage Commissions_20260529,,,,12100,303P,D23020,ARB04106_USD,,,,,1111.8,,,,,C04105,,,,
1579,,GJ,5/29/2026,,Wedbush_Brokerage Commissions_20260529,,,,12100,303P,D23300,ARB04108_USD,,,,,3420.3,,,,,C04108,,,,
1580,,GJ,5/29/2026,,Wedbush_Brokerage Commissions_20260529,,,,12100,303P,D23300,ARB04110_USD,,,,,121.65,,,,,C04110,,,,
1581,,GJ,5/29/2026,,Wedbush_Brokerage Commissions_20260529,,,,12100,303P,D23300,ARB04111_USD,,,,,1775.1000000000001,,,,,C04111,,,,
1582,,GJ,5/29/2026,,Wedbush_Brokerage Commissions_20260529,,,,12100,303P,D23300,ARB04112_USD,,,,,213.3,,,,,C04112,,,,
1583,,GJ,5/29/2026,,Wedbush_Brokerage Commissions_20260529,,,,12100,303P,D23300,ARB04113_USD,,,,,300.9,,,,,C03122,,,,
1584,,GJ,5/29/2026,,Wedbush_Brokerage Commissions_20260529,,,,12100,303P,D23090,ARB04114_USD,,,,,1518.1499999999999,,,,,C04114,,,,
1585,,GJ,5/29/2026,,Wedbush_Brokerage Commissions_20260529,,,,12100,303P,D23300,ARB04116_USD,,,,,967.5,,,,,C04101,,,,
1586,,GJ,5/29/2026,,Wedbush_Brokerage Commissions_20260529,,,,12100,303P,D23300,ARB04117_USD,,,,,336.0,,,,,C04102,,,,
1587,,GJ,5/29/2026,,Wedbush_Brokerage Commissions_20260529,,,,12100,303P,D23300,ARB04118_USD,,,,,144.3,,,,,C04118,,,,
1588,,GJ,5/29/2026,,Wedbush_Brokerage Commissions_20260529,,,,12100,303P,D23300,ARB04119_USD,,,,,51.9,,,,,C04110,,,,
1589,,GJ,5/29/2026,,Wedbush_Brokerage Commissions_20260529,,,,12100,303P,D23010,ARB04157_USD,,,,,110.1,,,,,C01268,,,,
1590,,GJ,5/29/2026,,Wedbush_Brokerage Commissions_20260529,,,,12100,303P,D23010,ARB04158_USD,,,,,0.3,,,,,C01269,,,,
1591,,GJ,5/29/2026,,Wedbush_Brokerage Commissions_20260529,,,,12100,303P,D23010,ARB04159_USD,,,,,2.1,,,,,C01270,,,,
1592,,GJ,5/29/2026,,Wedbush_Brokerage Commissions_20260529,,,,12100,303P,D23010,ARB04160_USD,,,,,29.099999999999998,,,,,C01271,,,,
1593,,GJ,5/29/2026,,Wedbush_Brokerage Commissions_20260529,,,,12100,303P,D23010,ARB04161_USD,,,,,120.89999999999999,,,,,C01272,,,,
1594,,GJ,5/29/2026,,Wedbush_Brokerage Commissions_20260529,,,,12100,303P,D23010,ARB04162_USD,,,,,6.9,,,,,C01273,,,,
1595,,GJ,5/29/2026,,Wedbush_Brokerage Commissions_20260529,,,,12100,303P,D23100,ARB04164_USD,,,,,368.1,,,,,C01275,,,,
1596,,GJ,5/29/2026,,Wedbush_Brokerage Commissions_20260529,,,,12100,303P,D23100,ARB04165_USD,,,,,184.5,,,,,C01276,,,,
1597,,GJ,5/29/2026,,Wedbush_Brokerage Commissions_20260529,,,,12100,303P,D23100,ARB04166_USD,,,,,362.4,,,,,C01277,,,,
1598,,GJ,5/29/2026,,Wedbush_Brokerage Commissions_20260529,,,,12100,303P,D23100,ARB04167_USD,,,,,329.4,,,,,C01278,,,,
1599,,GJ,5/29/2026,,Wedbush_Brokerage Commissions_20260529,,,,12100,303P,D23100,ARB04168_USD,,,,,543.6,,,,,C01279,,,,
1600,,GJ,5/29/2026,,Wedbush_Brokerage Commissions_20260529,,,,12100,ATGN,D24010,ARB04336_USD,,,,,0.0,,,,,C00650,,,,
1601,,GJ,5/29/2026,,Wedbush_Brokerage Commissions_20260529,,,,12100,ATGN,D24010,ARB04345_USD,,,,,112.0,,,,,C00650,,,,
1602,,GJ,5/29/2026,,Wedbush_Brokerage Commissions_20260529,,,,12100,ATGN,D21300,ARB04348_EUR,,,,,18.9,,,,,C04048,,,,
1603,,GJ,5/29/2026,,Wedbush_Brokerage Commissions_20260529,,,,12100,ATGN,D21300,ARB04348_GBP,,,,,0.0,,,,,C04048,,,,
1604,,GJ,5/29/2026,,Wedbush_Brokerage Commissions_20260529,,,,12100,ATGN,D21300,ARB04348_USD,,,,,113.7,,,,,C04048,,,,
1605,,GJ,5/29/2026,,Wedbush_Brokerage Commissions_20260529,,,,12100,ATGN,D21300,ARB04357_EUR,,,,,55.35,,,,,C01057,,,,
1606,,GJ,5/29/2026,,Wedbush_Brokerage Commissions_20260529,,,,12100,ATGN,D21300,ARB04357_GBP,,,,,0.0,,,,,C01057,,,,
1607,,GJ,5/29/2026,,Wedbush_Brokerage Commissions_20260529,,,,12100,ATGN,D21300,ARB04384_EUR,,,,,219.9,,,,,C03073,,,,
1608,,GJ,5/29/2026,,Wedbush_Brokerage Commissions_20260529,,,,12100,ATGN,D21300,ARB04384_GBP,,,,,0.0,,,,,C03073,,,,
1609,,GJ,5/29/2026,,Wedbush_Brokerage Commissions_20260529,,,,12100,ATGN,D21300,ARB04384_USD,,,,,276.0,,,,,C03073,,,,
1610,,GJ,5/29/2026,,Wedbush_Brokerage Commissions_20260529,,,,12100,ATGN,D20000,ARB04388_USD,,,,,5.1,,,,,C00001,,,,
1611,,GJ,5/29/2026,,Wedbush_Brokerage Commissions_20260529,,,,12100,ATGN,D23300,ARB04401_USD,,,,,52.65,,,,,C04101,,,,
1612,,GJ,5/29/2026,,Wedbush_Brokerage Commissions_20260529,,,,12100,ATGN,D23300,ARB04402_USD,,,,,512.7,,,,,C04102,,,,
1613,,GJ,5/29/2026,,Wedbush_Brokerage Commissions_20260529,,,,12100,ATGN,D23300,ARB04403_USD,,,,,60.6,,,,,C04103,,,,
1614,,GJ,5/29/2026,,Wedbush_Brokerage Commissions_20260529,,,,12100,ATGN,D23300,ARB04404_EUR,,,,,4.8,,,,,C04104,,,,
1615,,GJ,5/29/2026,,Wedbush_Brokerage Commissions_20260529,,,,12100,ATGN,D23300,ARB04404_GBP,,,,,0.0,,,,,C04104,,,,
1616,,GJ,5/29/2026,,Wedbush_Brokerage Commissions_20260529,,,,12100,ATGN,D23300,ARB04404_USD,,,,,372.0,,,,,C04104,,,,
1617,,GJ,5/29/2026,,Wedbush_Brokerage Commissions_20260529,,,,12100,ATGN,D23020,ARB04405_CAD,,,,,0.0,,,,,C04105,,,,
1618,,GJ,5/29/2026,,Wedbush_Brokerage Commissions_20260529,,,,12100,ATGN,D23020,ARB04405_USD,,,,,64.8,,,,,C04105,,,,
1619,,GJ,5/29/2026,,Wedbush_Brokerage Commissions_20260529,,,,12100,ATGN,D23020,ARB04406_CAD,,,,,0.0,,,,,C04105,,,,
1620,,GJ,5/29/2026,,Wedbush_Brokerage Commissions_20260529,,,,12100,ATGN,D23020,ARB04406_EUR,,,,,2.4,,,,,C04105,,,,
1621,,GJ,5/29/2026,,Wedbush_Brokerage Commissions_20260529,,,,12100,ATGN,D23020,ARB04406_GBP,,,,,0.0,,,,,C04105,,,,
1622,,GJ,5/29/2026,,Wedbush_Brokerage Commissions_20260529,,,,12100,ATGN,D23020,ARB04406_USD,,,,,334.8,,,,,C04105,,,,
1623,,GJ,5/29/2026,,Wedbush_Brokerage Commissions_20260529,,,,12100,ATGN,D23300,ARB04408_EUR,,,,,481.2,,,,,C04108,,,,
1624,,GJ,5/29/2026,,Wedbush_Brokerage Commissions_20260529,,,,12100,ATGN,D23300,ARB04408_GBP,,,,,0.0,,,,,C04108,,,,
1625,,GJ,5/29/2026,,Wedbush_Brokerage Commissions_20260529,,,,12100,ATGN,D23300,ARB04410_USD,,,,,499.8,,,,,C04110,,,,
1626,,GJ,5/29/2026,,Wedbush_Brokerage Commissions_20260529,,,,12100,ATGN,D23300,ARB04413_EUR,,,,,2.7,,,,,C03122,,,,
1627,,GJ,5/29/2026,,Wedbush_Brokerage Commissions_20260529,,,,12100,ATGN,D23300,ARB04413_GBP,,,,,0.0,,,,,C03122,,,,
1628,,GJ,5/29/2026,,Wedbush_Brokerage Commissions_20260529,,,,12100,ATGN,D23300,ARB04413_USD,,,,,132.3,,,,,C03122,,,,
1629,,GJ,5/29/2026,,Wedbush_Brokerage Commissions_20260529,,,,12100,ATGN,D23300,ARB04418_USD,,,,,123.30000000000001,,,,,C04118,,,,
1630,,GJ,5/29/2026,,Wedbush_Brokerage Commissions_20260529,,,,12100,ATGN,D23020,ARB04451_EUR,,,,,255.9,,,,,C01266,,,,
1631,,GJ,5/29/2026,,Wedbush_Brokerage Commissions_20260529,,,,12100,ATGN,D23020,ARB04451_GBP,,,,,0.0,,,,,C01266,,,,
1632,,GJ,5/29/2026,,Wedbush_Brokerage Commissions_20260529,,,,12100,ATGN,D23020,ARB04451_USD,,,,,430.8,,,,,C01266,,,,
1633,,GJ,5/29/2026,,Wedbush_Brokerage Commissions_20260529,,,,12100,ATGN,D23020,ARB04452_EUR,,,,,226.8,,,,,C01265,,,,
1634,,GJ,5/29/2026,,Wedbush_Brokerage Commissions_20260529,,,,12100,ATGN,D23020,ARB04452_GBP,,,,,0.0,,,,,C01265,,,,
1635,,GJ,5/29/2026,,Wedbush_Brokerage Commissions_20260529,,,,12100,ATGN,D23020,ARB04452_USD,,,,,420.90000000000003,,,,,C01265,,,,
1636,,GJ,5/29/2026,,Wedbush_Brokerage Commissions_20260529,,,,12100,ATGN,D23020,ARB04454_EUR,,,,,270.0,,,,,C01261,,,,
1637,,GJ,5/29/2026,,Wedbush_Brokerage Commissions_20260529,,,,12100,ATGN,D23020,ARB04454_GBP,,,,,0.0,,,,,C01261,,,,
1638,,GJ,5/29/2026,,Wedbush_Brokerage Commissions_20260529,,,,12100,ATGN,D23020,ARB04454_USD,,,,,690.6,,,,,C01261,,,,
1639,,GJ,5/29/2026,,Wedbush_Brokerage Commissions_20260529,,,,12100,ATGN,D23010,ARB04459_CAD,,,,,0.0,,,,,C01270,,,,
1640,,GJ,5/29/2026,,Wedbush_Brokerage Commissions_20260529,,,,12100,ATGN,D23010,ARB04459_USD,,,,,2.7,,,,,C01270,,,,
1641,,GJ,5/29/2026,,Wedbush_Brokerage Commissions_20260529,,,,12100,303P,D21300,ARB05057_EUR,,,,,0.0,,,,,C01057,,,,
1642,,GJ,5/29/2026,,Wedbush_Brokerage Commissions_20260529,,,,12100,303P,D21300,ARB05057_USD,,,,,1281.45,,,,,C01057,,,,
1643,,GJ,5/29/2026,,Wedbush_Brokerage Commissions_20260529,,,,12100,ATGN,D21300,ARB05357_EUR,,,,,159553.65,,,,,C01057,,,,
1644,,GJ,5/29/2026,,Wedbush_Brokerage Commissions_20260529,,,,12100,ATGN,D21300,ARB05357_GBP,,,,,0.0,,,,,C01057,,,,
1645,,GJ,5/29/2026,,Wedbush_Brokerage Commissions_20260529,,,,12100,303P,D21300,ARB06057_USD,,,,,2733.75,,,,,C01057,,,,
1646,,GJ,5/29/2026,,Wedbush_Brokerage Commissions_20260529,,,,12100,ATGN,D21300,ARB06357_USD,,,,,809.55,,,,,C01057,,,,
1647,,GJ,5/29/2026,,Wedbush_Brokerage Commissions_20260529,,,,50110,303P,D24300,ARB00020_USD,,,,1519.8,,,,,,C00020,,,,
1648,,GJ,5/29/2026,,Wedbush_Brokerage Commissions_20260529,,,,50110,303P,D21300,ARB00054_USD,,,,4223.25,,,,,,C00054,,,,
1649,,GJ,5/29/2026,,Wedbush_Brokerage Commissions_20260529,,,,50110,303P,D21300,ARB00055_USD,,,,126.0,,,,,,C00054,,,,
1650,,GJ,5/29/2026,,Wedbush_Brokerage Commissions_20260529,,,,50110,303P,D21300,ARB00068_USD,,,,2046.75,,,,,,C03068,,,,
1651,,GJ,5/29/2026,,Wedbush_Brokerage Commissions_20260529,,,,50110,303P,D21300,ARB00090_USD,,,,408.0,,,,,,C00090,,,,
1652,,GJ,5/29/2026,,Wedbush_Brokerage Commissions_20260529,,,,50110,303P,D23300,ARB00110_USD,,,,265.8,,,,,,C00110,,,,
1653,,GJ,5/29/2026,,Wedbush_Brokerage Commissions_20260529,,,,50110,303P,D23300,ARB00112_USD,,,,352.5,,,,,,C00112,,,,
1654,,GJ,5/29/2026,,Wedbush_Brokerage Commissions_20260529,,,,50110,303P,D23300,ARB00113_USD,,,,232.65,,,,,,C00112,,,,
1655,,GJ,5/29/2026,,Wedbush_Brokerage Commissions_20260529,,,,50110,303P,D23300,ARB00122_USD,,,,53.550000000000004,,,,,,C00122,,,,
1656,,GJ,5/29/2026,,Wedbush_Brokerage Commissions_20260529,,,,50110,303P,D23080,ARB00123_USD,,,,98.1,,,,,,C01231,,,,
1657,,GJ,5/29/2026,,Wedbush_Brokerage Commissions_20260529,,,,50110,303P,D23020,ARB00124_USD,,,,192.45,,,,,,C00124,,,,
1658,,GJ,5/29/2026,,Wedbush_Brokerage Commissions_20260529,,,,50110,303P,D23020,ARB00126_USD,,,,13.35,,,,,,C00426,,,,
1659,,GJ,5/29/2026,,Wedbush_Brokerage Commissions_20260529,,,,50110,303P,D23300,ARB00132_USD,,,,1245.15,,,,,,C00132,,,,
1660,,GJ,5/29/2026,,Wedbush_Brokerage Commissions_20260529,,,,50110,303P,D23300,ARB00135_USD,,,,33.0,,,,,,C00135,,,,
1661,,GJ,5/29/2026,,Wedbush_Brokerage Commissions_20260529,,,,50110,303P,D23020,ARB00143_USD,,,,74.55,,,,,,C00125,,,,
1662,,GJ,5/29/2026,,Wedbush_Brokerage Commissions_20260529,,,,50110,303P,D23020,ARB00146_USD,,,,38.1,,,,,,C00146,,,,
1663,,GJ,5/29/2026,,Wedbush_Brokerage Commissions_20260529,,,,50110,303P,D23300,ARB00149_USD,,,,142.5,,,,,,C00149,,,,
1664,,GJ,5/29/2026,,Wedbush_Brokerage Commissions_20260529,,,,50110,303P,D23300,ARB00156_USD,,,,5238.6,,,,,,C00156,,,,
1665,,GJ,5/29/2026,,Wedbush_Brokerage Commissions_20260529,,,,50110,303P,D23010,ARB00160_USD,,,,180.29999999999998,,,,,,C00160,,,,
1666,,GJ,5/29/2026,,Wedbush_Brokerage Commissions_20260529,,,,50110,303P,D23010,ARB00161_USD,,,,717.45,,,,,,C00161,,,,
1667,,GJ,5/29/2026,,Wedbush_Brokerage Commissions_20260529,,,,50110,303P,D23010,ARB00169_USD,,,,2500.05,,,,,,C00469,,,,
1668,,GJ,5/29/2026,,Wedbush_Brokerage Commissions_20260529,,,,50110,303P,D23060,ARB00186_USD,,,,357.6,,,,,,C00186,,,,
1669,,GJ,5/29/2026,,Wedbush_Brokerage Commissions_20260529,,,,50110,303P,D23060,ARB00188_USD,,,,37.35,,,,,,C00186,,,,
1670,,GJ,5/29/2026,,Wedbush_Brokerage Commissions_20260529,,,,50110,303P,D23300,ARB00193_USD,,,,1731.15,,,,,,C00193,,,,
1671,,GJ,5/29/2026,,Wedbush_Brokerage Commissions_20260529,,,,50110,303P,D23300,ARB00194_USD,,,,2089.35,,,,,,C00194,,,,
1672,,GJ,5/29/2026,,Wedbush_Brokerage Commissions_20260529,,,,50110,303P,D22000,ARB00203_USD,,,,1.2,,,,,,C00203,,,,
1673,,GJ,5/29/2026,,Wedbush_Brokerage Commissions_20260529,,,,50110,303P,D22000,ARB00214_USD,,,,440.1,,,,,,C00214,,,,
1674,,GJ,5/29/2026,,Wedbush_Brokerage Commissions_20260529,,,,50110,303P,D22000,ARB00215_USD,,,,3222.0000000000005,,,,,,C00215,,,,
1675,,GJ,5/29/2026,,Wedbush_Brokerage Commissions_20260529,,,,50110,303P,D22000,ARB00220_USD,,,,550.5,,,,,,C00220,,,,
1676,,GJ,5/29/2026,,Wedbush_Brokerage Commissions_20260529,,,,50110,303P,D22000,ARB00257_USD,,,,1810.8,,,,,,C00257,,,,
1677,,GJ,5/29/2026,,Wedbush_Brokerage Commissions_20260529,,,,50110,303P,D22000,ARB00267_USD,,,,211.8,,,,,,C00267,,,,
1678,,GJ,5/29/2026,,Wedbush_Brokerage Commissions_20260529,,,,50110,ATGN,D21300,ARB00311_USD,,,,,12.0,,,,,C00011,,,,
1679,,GJ,5/29/2026,,Wedbush_Brokerage Commissions_20260529,,,,50110,ATGN,D24300,ARB00320_EUR,,,,787.2,,,,,,C00020,,,,
1680,,GJ,5/29/2026,,Wedbush_Brokerage Commissions_20260529,,,,50110,ATGN,D24300,ARB00320_GBP,,,,0.0,,,,,,C00020,,,,
1681,,GJ,5/29/2026,,Wedbush_Brokerage Commissions_20260529,,,,50110,ATGN,D21300,ARB00354_USD,,,,249.6,,,,,,C00054,,,,
1682,,GJ,5/29/2026,,Wedbush_Brokerage Commissions_20260529,,,,50110,ATGN,D21300,ARB00355_EUR,,,,16.2,,,,,,C00054,,,,
1683,,GJ,5/29/2026,,Wedbush_Brokerage Commissions_20260529,,,,50110,ATGN,D21300,ARB00355_GBP,,,,0.0,,,,,,C00054,,,,
1684,,GJ,5/29/2026,,Wedbush_Brokerage Commissions_20260529,,,,50110,ATGN,D21300,ARB00390_CAD,,,,0.0,,,,,,C00090,,,,
1685,,GJ,5/29/2026,,Wedbush_Brokerage Commissions_20260529,,,,50110,ATGN,D21300,ARB00390_USD,,,,567.6,,,,,,C00090,,,,
1686,,GJ,5/29/2026,,Wedbush_Brokerage Commissions_20260529,,,,50110,ATGN,D23300,ARB00410_EUR,,,,3.0,,,,,,C00110,,,,
1687,,GJ,5/29/2026,,Wedbush_Brokerage Commissions_20260529,,,,50110,ATGN,D23300,ARB00410_GBP,,,,0.0,,,,,,C00110,,,,
1688,,GJ,5/29/2026,,Wedbush_Brokerage Commissions_20260529,,,,50110,ATGN,D23300,ARB00412_EUR,,,,141.9,,,,,,C00112,,,,
1689,,GJ,5/29/2026,,Wedbush_Brokerage Commissions_20260529,,,,50110,ATGN,D23300,ARB00412_GBP,,,,0.0,,,,,,C00112,,,,
1690,,GJ,5/29/2026,,Wedbush_Brokerage Commissions_20260529,,,,50110,ATGN,D23300,ARB00412_USD,,,,108.0,,,,,,C00112,,,,
1691,,GJ,5/29/2026,,Wedbush_Brokerage Commissions_20260529,,,,50110,ATGN,D23300,ARB00422_EUR,,,,4.8,,,,,,C00122,,,,
1692,,GJ,5/29/2026,,Wedbush_Brokerage Commissions_20260529,,,,50110,ATGN,D23300,ARB00422_GBP,,,,0.0,,,,,,C00122,,,,
1693,,GJ,5/29/2026,,Wedbush_Brokerage Commissions_20260529,,,,50110,ATGN,D23300,ARB00422_USD,,,,733.65,,,,,,C00122,,,,
1694,,GJ,5/29/2026,,Wedbush_Brokerage Commissions_20260529,,,,50110,ATGN,D23080,ARB00423_CAD,,,,0.0,,,,,,C01231,,,,
1695,,GJ,5/29/2026,,Wedbush_Brokerage Commissions_20260529,,,,50110,ATGN,D23080,ARB00423_EUR,,,,10.8,,,,,,C01231,,,,
1696,,GJ,5/29/2026,,Wedbush_Brokerage Commissions_20260529,,,,50110,ATGN,D23080,ARB00423_GBP,,,,0.0,,,,,,C01231,,,,
1697,,GJ,5/29/2026,,Wedbush_Brokerage Commissions_20260529,,,,50110,ATGN,D23080,ARB00423_USD,,,,3086.2499999999995,,,,,,C01231,,,,
1698,,GJ,5/29/2026,,Wedbush_Brokerage Commissions_20260529,,,,50110,ATGN,D23020,ARB00424_CAD,,,,0.0,,,,,,C00124,,,,
1699,,GJ,5/29/2026,,Wedbush_Brokerage Commissions_20260529,,,,50110,ATGN,D23020,ARB00424_EUR,,,,98.4,,,,,,C00124,,,,
1700,,GJ,5/29/2026,,Wedbush_Brokerage Commissions_20260529,,,,50110,ATGN,D23020,ARB00424_GBP,,,,0.0,,,,,,C00124,,,,
1701,,GJ,5/29/2026,,Wedbush_Brokerage Commissions_20260529,,,,50110,ATGN,D23020,ARB00424_USD,,,,2299.2,,,,,,C00124,,,,
1702,,GJ,5/29/2026,,Wedbush_Brokerage Commissions_20260529,,,,50110,ATGN,D23020,ARB00425_EUR,,,,104.1,,,,,,C00125,,,,
1703,,GJ,5/29/2026,,Wedbush_Brokerage Commissions_20260529,,,,50110,ATGN,D23020,ARB00425_GBP,,,,0.0,,,,,,C00125,,,,
1704,,GJ,5/29/2026,,Wedbush_Brokerage Commissions_20260529,,,,50110,ATGN,D23020,ARB00425_USD,,,,3111.0,,,,,,C00125,,,,
1705,,GJ,5/29/2026,,Wedbush_Brokerage Commissions_20260529,,,,50110,ATGN,D23020,ARB00426_EUR,,,,34.050000000000004,,,,,,C00426,,,,
1706,,GJ,5/29/2026,,Wedbush_Brokerage Commissions_20260529,,,,50110,ATGN,D23020,ARB00426_GBP,,,,0.0,,,,,,C00426,,,,
1707,,GJ,5/29/2026,,Wedbush_Brokerage Commissions_20260529,,,,50110,ATGN,D23020,ARB00426_USD,,,,1009.8,,,,,,C00426,,,,
1708,,GJ,5/29/2026,,Wedbush_Brokerage Commissions_20260529,,,,50110,ATGN,D23300,ARB00432_EUR,,,,439.8,,,,,,C00132,,,,
1709,,GJ,5/29/2026,,Wedbush_Brokerage Commissions_20260529,,,,50110,ATGN,D23300,ARB00432_GBP,,,,0.0,,,,,,C00132,,,,
1710,,GJ,5/29/2026,,Wedbush_Brokerage Commissions_20260529,,,,50110,ATGN,D23300,ARB00432_USD,,,,13.8,,,,,,C00132,,,,
1711,,GJ,5/29/2026,,Wedbush_Brokerage Commissions_20260529,,,,50110,ATGN,D23300,ARB00435_EUR,,,,4.95,,,,,,C00135,,,,
1712,,GJ,5/29/2026,,Wedbush_Brokerage Commissions_20260529,,,,50110,ATGN,D23300,ARB00435_GBP,,,,0.0,,,,,,C00135,,,,
1713,,GJ,5/29/2026,,Wedbush_Brokerage Commissions_20260529,,,,50110,ATGN,D23300,ARB00435_USD,,,,2100.75,,,,,,C00135,,,,
1714,,GJ,5/29/2026,,Wedbush_Brokerage Commissions_20260529,,,,50110,ATGN,D23020,ARB00442_USD,,,,30.0,,,,,,C00124,,,,
1715,,GJ,5/29/2026,,Wedbush_Brokerage Commissions_20260529,,,,50110,ATGN,D23020,ARB00443_USD,,,,30.0,,,,,,C00125,,,,
1716,,GJ,5/29/2026,,Wedbush_Brokerage Commissions_20260529,,,,50110,ATGN,D23020,ARB00446_EUR,,,,88.5,,,,,,C00146,,,,
1717,,GJ,5/29/2026,,Wedbush_Brokerage Commissions_20260529,,,,50110,ATGN,D23020,ARB00446_GBP,,,,0.0,,,,,,C00146,,,,
1718,,GJ,5/29/2026,,Wedbush_Brokerage Commissions_20260529,,,,50110,ATGN,D23020,ARB00446_USD,,,,859.5,,,,,,C00146,,,,
1719,,GJ,5/29/2026,,Wedbush_Brokerage Commissions_20260529,,,,50110,ATGN,D23300,ARB00449_EUR,,,,15.0,,,,,,C00149,,,,
1720,,GJ,5/29/2026,,Wedbush_Brokerage Commissions_20260529,,,,50110,ATGN,D23300,ARB00449_GBP,,,,0.0,,,,,,C00149,,,,
1721,,GJ,5/29/2026,,Wedbush_Brokerage Commissions_20260529,,,,50110,ATGN,D23300,ARB00449_USD,,,,468.15,,,,,,C00149,,,,
1722,,GJ,5/29/2026,,Wedbush_Brokerage Commissions_20260529,,,,50110,ATGN,D23300,ARB00456_EUR,,,,71.1,,,,,,C00156,,,,
1723,,GJ,5/29/2026,,Wedbush_Brokerage Commissions_20260529,,,,50110,ATGN,D23300,ARB00456_GBP,,,,0.0,,,,,,C00156,,,,
1724,,GJ,5/29/2026,,Wedbush_Brokerage Commissions_20260529,,,,50110,ATGN,D23300,ARB00456_USD,,,,442.8,,,,,,C00156,,,,
1725,,GJ,5/29/2026,,Wedbush_Brokerage Commissions_20260529,,,,50110,ATGN,D23010,ARB00460_CAD,,,,0.0,,,,,,C00160,,,,
1726,,GJ,5/29/2026,,Wedbush_Brokerage Commissions_20260529,,,,50110,ATGN,D23010,ARB00460_USD,,,,287.1,,,,,,C00160,,,,
1727,,GJ,5/29/2026,,Wedbush_Brokerage Commissions_20260529,,,,50110,ATGN,D23010,ARB00461_CAD,,,,0.0,,,,,,C00161,,,,
1728,,GJ,5/29/2026,,Wedbush_Brokerage Commissions_20260529,,,,50110,ATGN,D23010,ARB00461_USD,,,,249.89999999999998,,,,,,C00161,,,,
1729,,GJ,5/29/2026,,Wedbush_Brokerage Commissions_20260529,,,,50110,ATGN,D23010,ARB00469_CAD,,,,0.0,,,,,,C00469,,,,
1730,,GJ,5/29/2026,,Wedbush_Brokerage Commissions_20260529,,,,50110,ATGN,D23010,ARB00469_EUR,,,,51.6,,,,,,C00469,,,,
1731,,GJ,5/29/2026,,Wedbush_Brokerage Commissions_20260529,,,,50110,ATGN,D23010,ARB00469_GBP,,,,0.0,,,,,,C00469,,,,
1732,,GJ,5/29/2026,,Wedbush_Brokerage Commissions_20260529,,,,50110,ATGN,D23010,ARB00469_USD,,,,1661.85,,,,,,C00469,,,,
1733,,GJ,5/29/2026,,Wedbush_Brokerage Commissions_20260529,,,,50110,ATGN,D23060,ARB00486_EUR,,,,1.5,,,,,,C00186,,,,
1734,,GJ,5/29/2026,,Wedbush_Brokerage Commissions_20260529,,,,50110,ATGN,D23060,ARB00486_GBP,,,,0.0,,,,,,C00186,,,,
1735,,GJ,5/29/2026,,Wedbush_Brokerage Commissions_20260529,,,,50110,ATGN,D23060,ARB00486_USD,,,,93.30000000000001,,,,,,C00186,,,,
1736,,GJ,5/29/2026,,Wedbush_Brokerage Commissions_20260529,,,,50110,ATGN,D23060,ARB00488_USD,,,,16.8,,,,,,C00186,,,,
1737,,GJ,5/29/2026,,Wedbush_Brokerage Commissions_20260529,,,,50110,ATGN,D23300,ARB00493_CAD,,,,0.0,,,,,,C00193,,,,
1738,,GJ,5/29/2026,,Wedbush_Brokerage Commissions_20260529,,,,50110,ATGN,D23300,ARB00493_EUR,,,,42.15,,,,,,C00193,,,,
1739,,GJ,5/29/2026,,Wedbush_Brokerage Commissions_20260529,,,,50110,ATGN,D23300,ARB00493_GBP,,,,0.0,,,,,,C00193,,,,
1740,,GJ,5/29/2026,,Wedbush_Brokerage Commissions_20260529,,,,50110,ATGN,D23300,ARB00493_USD,,,,467.4,,,,,,C00193,,,,
1741,,GJ,5/29/2026,,Wedbush_Brokerage Commissions_20260529,,,,50110,ATGN,D23300,ARB00494_CAD,,,,0.0,,,,,,C00194,,,,
1742,,GJ,5/29/2026,,Wedbush_Brokerage Commissions_20260529,,,,50110,ATGN,D23300,ARB00494_EUR,,,,31.65,,,,,,C00194,,,,
1743,,GJ,5/29/2026,,Wedbush_Brokerage Commissions_20260529,,,,50110,ATGN,D23300,ARB00494_GBP,,,,0.0,,,,,,C00194,,,,
1744,,GJ,5/29/2026,,Wedbush_Brokerage Commissions_20260529,,,,50110,ATGN,D23300,ARB00494_USD,,,,2117.25,,,,,,C00194,,,,
1745,,GJ,5/29/2026,,Wedbush_Brokerage Commissions_20260529,,,,50110,ATGN,D22000,ARB00503_EUR,,,,26.700000000000003,,,,,,C00203,,,,
1746,,GJ,5/29/2026,,Wedbush_Brokerage Commissions_20260529,,,,50110,ATGN,D22000,ARB00503_GBP,,,,0.0,,,,,,C00203,,,,
1747,,GJ,5/29/2026,,Wedbush_Brokerage Commissions_20260529,,,,50110,ATGN,D22000,ARB00503_USD,,,,111.6,,,,,,C00203,,,,
1748,,GJ,5/29/2026,,Wedbush_Brokerage Commissions_20260529,,,,50110,ATGN,D22000,ARB00514_EUR,,,,12.0,,,,,,C00214,,,,
1749,,GJ,5/29/2026,,Wedbush_Brokerage Commissions_20260529,,,,50110,ATGN,D22000,ARB00514_GBP,,,,0.0,,,,,,C00214,,,,
1750,,GJ,5/29/2026,,Wedbush_Brokerage Commissions_20260529,,,,50110,ATGN,D22000,ARB00520_EUR,,,,18.0,,,,,,C00220,,,,
1751,,GJ,5/29/2026,,Wedbush_Brokerage Commissions_20260529,,,,50110,ATGN,D22000,ARB00520_GBP,,,,0.0,,,,,,C00220,,,,
1752,,GJ,5/29/2026,,Wedbush_Brokerage Commissions_20260529,,,,50110,ATGN,D22000,ARB00520_USD,,,,0.6,,,,,,C00220,,,,
1753,,GJ,5/29/2026,,Wedbush_Brokerage Commissions_20260529,,,,50110,ATGN,D22000,ARB00557_EUR,,,,6.0,,,,,,C00257,,,,
1754,,GJ,5/29/2026,,Wedbush_Brokerage Commissions_20260529,,,,50110,ATGN,D22000,ARB00557_GBP,,,,0.0,,,,,,C00257,,,,
1755,,GJ,5/29/2026,,Wedbush_Brokerage Commissions_20260529,,,,50110,ATGN,D22000,ARB00567_EUR,,,,63.900000000000006,,,,,,C00267,,,,
1756,,GJ,5/29/2026,,Wedbush_Brokerage Commissions_20260529,,,,50110,ATGN,D22000,ARB00567_GBP,,,,0.0,,,,,,C00267,,,,
1757,,GJ,5/29/2026,,Wedbush_Brokerage Commissions_20260529,,,,50110,ATGN,D22000,ARB00567_USD,,,,179.4,,,,,,C00267,,,,
1758,,GJ,5/29/2026,,Wedbush_Brokerage Commissions_20260529,,,,50110,303S,D21300,ARB00754_USD,,,,1485.45,,,,,,C00754,,,,
1759,,GJ,5/29/2026,,Wedbush_Brokerage Commissions_20260529,,,,50110,303S,D21030,ARB00765_USD,,,,128.70000000000002,,,,,,C00765,,,,
1760,,GJ,5/29/2026,,Wedbush_Brokerage Commissions_20260529,,,,50110,303P,D21030,ARB01002_USD,,,,329.7,,,,,,C01064,,,,
1761,,GJ,5/29/2026,,Wedbush_Brokerage Commissions_20260529,,,,50110,303P,D21300,ARB01057_MXN,,,,0.0,,,,,,C01057,,,,
1762,,GJ,5/29/2026,,Wedbush_Brokerage Commissions_20260529,,,,50110,303P,D21300,ARB01057_USD,,,,537.45,,,,,,C01057,,,,
1763,,GJ,5/29/2026,,Wedbush_Brokerage Commissions_20260529,,,,50110,303P,D21030,ARB01063_USD,,,,6963.6,,,,,,C01063,,,,
1764,,GJ,5/29/2026,,Wedbush_Brokerage Commissions_20260529,,,,50110,303P,D21030,ARB01064_USD,,,,1368.15,,,,,,C01064,,,,
1765,,GJ,5/29/2026,,Wedbush_Brokerage Commissions_20260529,,,,50110,303P,D21030,ARB01065_USD,,,,714.0,,,,,,C01065,,,,
1766,,GJ,5/29/2026,,Wedbush_Brokerage Commissions_20260529,,,,50110,303P,D21030,ARB01066_USD,,,,130.8,,,,,,C01066,,,,
1767,,GJ,5/29/2026,,Wedbush_Brokerage Commissions_20260529,,,,50110,303P,D21030,ARB01067_USD,,,,4.2,,,,,,C01067,,,,
1768,,GJ,5/29/2026,,Wedbush_Brokerage Commissions_20260529,,,,50110,303P,D21030,ARB01071_USD,,,,3687.0,,,,,,C01071,,,,
1769,,GJ,5/29/2026,,Wedbush_Brokerage Commissions_20260529,,,,50110,303P,D21030,ARB01073_USD,,,,3255.75,,,,,,C01073,,,,
1770,,GJ,5/29/2026,,Wedbush_Brokerage Commissions_20260529,,,,50110,303P,D21030,ARB01076_USD,,,,7218.450000000001,,,,,,C01076,,,,
1771,,GJ,5/29/2026,,Wedbush_Brokerage Commissions_20260529,,,,50110,303P,D21030,ARB01078_USD,,,,1377.9,,,,,,C01078,,,,
1772,,GJ,5/29/2026,,Wedbush_Brokerage Commissions_20260529,,,,50110,303P,D21030,ARB01092_USD,,,,19804.05,,,,,,C01092,,,,
1773,,GJ,5/29/2026,,Wedbush_Brokerage Commissions_20260529,,,,50110,303P,D23020,ARB01100_USD,,,,29.7,,,,,,C00146,,,,
1774,,GJ,5/29/2026,,Wedbush_Brokerage Commissions_20260529,,,,50110,303P,D23020,ARB01117_USD,,,,6.6,,,,,,C01117,,,,
1775,,GJ,5/29/2026,,Wedbush_Brokerage Commissions_20260529,,,,50110,303P,D23300,ARB01129_USD,,,,1.8,,,,,,C00149,,,,
1776,,GJ,5/29/2026,,Wedbush_Brokerage Commissions_20260529,,,,50110,303P,D23300,ARB01145_USD,,,,4319.7,,,,,,C01145,,,,
1777,,GJ,5/29/2026,,Wedbush_Brokerage Commissions_20260529,,,,50110,303P,D23010,ARB01157_USD,,,,625.65,,,,,,C01157,,,,
1778,,GJ,5/29/2026,,Wedbush_Brokerage Commissions_20260529,,,,50110,303P,D23010,ARB01158_USD,,,,12519.900000000001,,,,,,C01158,,,,
1779,,GJ,5/29/2026,,Wedbush_Brokerage Commissions_20260529,,,,50110,303P,D23010,ARB01166_USD,,,,287.55,,,,,,C01166,,,,
1780,,GJ,5/29/2026,,Wedbush_Brokerage Commissions_20260529,,,,50110,303P,D23010,ARB01172_USD,,,,811.8000000000001,,,,,,C01172,,,,
1781,,GJ,5/29/2026,,Wedbush_Brokerage Commissions_20260529,,,,50110,303P,D23010,ARB01176_USD,,,,1212.9,,,,,,C01176,,,,
1782,,GJ,5/29/2026,,Wedbush_Brokerage Commissions_20260529,,,,50110,303P,D23010,ARB01177_USD,,,,12.0,,,,,,C00469,,,,
1783,,GJ,5/29/2026,,Wedbush_Brokerage Commissions_20260529,,,,50110,303P,D23300,ARB01195_USD,,,,15.3,,,,,,C00193,,,,
1784,,GJ,5/29/2026,,Wedbush_Brokerage Commissions_20260529,,,,50110,ATGN,D21300,ARB01357_CHF,,,,0.0,,,,,,C01057,,,,
1785,,GJ,5/29/2026,,Wedbush_Brokerage Commissions_20260529,,,,50110,ATGN,D21300,ARB01357_EUR,,,,10900.95,,,,,,C01057,,,,
1786,,GJ,5/29/2026,,Wedbush_Brokerage Commissions_20260529,,,,50110,ATGN,D21300,ARB01357_GBP,,,,0.0,,,,,,C01057,,,,
1787,,GJ,5/29/2026,,Wedbush_Brokerage Commissions_20260529,,,,50110,ATGN,D21300,ARB01357_USD,,,,2436.0,,,,,,C01057,,,,
1788,,GJ,5/29/2026,,Wedbush_Brokerage Commissions_20260529,,,,50110,ATGN,D23020,ARB01400_EUR,,,,201.3,,,,,,C00146,,,,
1789,,GJ,5/29/2026,,Wedbush_Brokerage Commissions_20260529,,,,50110,ATGN,D23020,ARB01400_GBP,,,,0.0,,,,,,C00146,,,,
1790,,GJ,5/29/2026,,Wedbush_Brokerage Commissions_20260529,,,,50110,ATGN,D23020,ARB01400_USD,,,,579.9,,,,,,C00146,,,,
1791,,GJ,5/29/2026,,Wedbush_Brokerage Commissions_20260529,,,,50110,ATGN,D23020,ARB01417_EUR,,,,111.0,,,,,,C01117,,,,
1792,,GJ,5/29/2026,,Wedbush_Brokerage Commissions_20260529,,,,50110,ATGN,D23020,ARB01417_GBP,,,,0.0,,,,,,C01117,,,,
1793,,GJ,5/29/2026,,Wedbush_Brokerage Commissions_20260529,,,,50110,ATGN,D23020,ARB01417_USD,,,,2048.85,,,,,,C01117,,,,
1794,,GJ,5/29/2026,,Wedbush_Brokerage Commissions_20260529,,,,50110,ATGN,D23300,ARB01445_EUR,,,,897.9000000000001,,,,,,C01145,,,,
1795,,GJ,5/29/2026,,Wedbush_Brokerage Commissions_20260529,,,,50110,ATGN,D23300,ARB01445_GBP,,,,0.0,,,,,,C01145,,,,
1796,,GJ,5/29/2026,,Wedbush_Brokerage Commissions_20260529,,,,50110,ATGN,D23010,ARB01457_CAD,,,,0.0,,,,,,C01157,,,,
1797,,GJ,5/29/2026,,Wedbush_Brokerage Commissions_20260529,,,,50110,ATGN,D23010,ARB01457_USD,,,,127.05,,,,,,C01157,,,,
1798,,GJ,5/29/2026,,Wedbush_Brokerage Commissions_20260529,,,,50110,ATGN,D23010,ARB01458_CAD,,,,0.0,,,,,,C01158,,,,
1799,,GJ,5/29/2026,,Wedbush_Brokerage Commissions_20260529,,,,50110,ATGN,D23010,ARB01458_USD,,,,768.45,,,,,,C01158,,,,
1800,,GJ,5/29/2026,,Wedbush_Brokerage Commissions_20260529,,,,50110,ATGN,D23010,ARB01466_CAD,,,,0.0,,,,,,C01166,,,,
1801,,GJ,5/29/2026,,Wedbush_Brokerage Commissions_20260529,,,,50110,ATGN,D23010,ARB01466_USD,,,,81.3,,,,,,C01166,,,,
1802,,GJ,5/29/2026,,Wedbush_Brokerage Commissions_20260529,,,,50110,ATGN,D23010,ARB01472_CAD,,,,0.0,,,,,,C01172,,,,
1803,,GJ,5/29/2026,,Wedbush_Brokerage Commissions_20260529,,,,50110,ATGN,D23010,ARB01472_USD,,,,32.7,,,,,,C01172,,,,
1804,,GJ,5/29/2026,,Wedbush_Brokerage Commissions_20260529,,,,50110,ATGN,D23010,ARB01476_USD,,,,181.05,,,,,,C01176,,,,
1805,,GJ,5/29/2026,,Wedbush_Brokerage Commissions_20260529,,,,50110,303P,D21300,ARB01602_USD,,,,0.6,,,,,,C01602,,,,
1806,,GJ,5/29/2026,,Wedbush_Brokerage Commissions_20260529,,,,50110,303P,D21300,ARB01606_USD,,,,0.0,,,,,,C01606,,,,
1807,,GJ,5/29/2026,,Wedbush_Brokerage Commissions_20260529,,,,50110,303P,D21300,ARB02012_USD,,,,7151.7,,,,,,C02012,,,,
1808,,GJ,5/29/2026,,Wedbush_Brokerage Commissions_20260529,,,,50110,303P,D21300,ARB02040_USD,,,,89.7,,,,,,C02040,,,,
1809,,GJ,5/29/2026,,Wedbush_Brokerage Commissions_20260529,,,,50110,303P,D21300,ARB02043_USD,,,,2268.45,,,,,,C02520,,,,
1810,,GJ,5/29/2026,,Wedbush_Brokerage Commissions_20260529,,,,50110,303P,D21300,ARB02044_USD,,,,1693.2,,,,,,C02044,,,,
1811,,GJ,5/29/2026,,Wedbush_Brokerage Commissions_20260529,,,,50110,303P,D21300,ARB02045_USD,,,,30.6,,,,,,C02045,,,,
1812,,GJ,5/29/2026,,Wedbush_Brokerage Commissions_20260529,,,,50110,303P,D21030,ARB02047_USD,,,,924.3,,,,,,C01092,,,,
1813,,GJ,5/29/2026,,Wedbush_Brokerage Commissions_20260529,,,,50110,303P,D21030,ARB02052_USD,,,,146.4,,,,,,C01078,,,,
1814,,GJ,5/29/2026,,Wedbush_Brokerage Commissions_20260529,,,,50110,303P,D21300,ARB02055_USD,,,,282.75,,,,,,C00054,,,,
1815,,GJ,5/29/2026,,Wedbush_Brokerage Commissions_20260529,,,,50110,303P,D21300,ARB02076_USD,,,,123562.8,,,,,,C02076,,,,
1816,,GJ,5/29/2026,,Wedbush_Brokerage Commissions_20260529,,,,50110,303P,D23010,ARB02102_USD,,,,819.6,,,,,,C02102,,,,
1817,,GJ,5/29/2026,,Wedbush_Brokerage Commissions_20260529,,,,50110,303P,D23010,ARB02103_USD,,,,1594.3500000000001,,,,,,C00163,,,,
1818,,GJ,5/29/2026,,Wedbush_Brokerage Commissions_20260529,,,,50110,303P,D23080,ARB02116_USD,,,,352.95,,,,,,C02116,,,,
1819,,GJ,5/29/2026,,Wedbush_Brokerage Commissions_20260529,,,,50110,303P,D23080,ARB02118_USD,,,,497.84999999999997,,,,,,C01234,,,,
1820,,GJ,5/29/2026,,Wedbush_Brokerage Commissions_20260529,,,,50110,303P,D23300,ARB02121_USD,,,,285.0,,,,,,C02121,,,,
1821,,GJ,5/29/2026,,Wedbush_Brokerage Commissions_20260529,,,,50110,303P,D23020,ARB02129_USD,,,,1472.4,,,,,,C02129,,,,
1822,,GJ,5/29/2026,,Wedbush_Brokerage Commissions_20260529,,,,50110,303P,D23010,ARB02132_USD,,,,158.4,,,,,,C02132,,,,
1823,,GJ,5/29/2026,,Wedbush_Brokerage Commissions_20260529,,,,50110,303P,D23010,ARB02135_USD,,,,186.60000000000002,,,,,,C02135,,,,
1824,,GJ,5/29/2026,,Wedbush_Brokerage Commissions_20260529,,,,50110,303P,D23010,ARB02136_USD,,,,246.3,,,,,,C02136,,,,
1825,,GJ,5/29/2026,,Wedbush_Brokerage Commissions_20260529,,,,50110,303P,D23010,ARB02145_USD,,,,151.8,,,,,,C02145,,,,
1826,,GJ,5/29/2026,,Wedbush_Brokerage Commissions_20260529,,,,50110,303P,D23010,ARB02147_USD,,,,2308.05,,,,,,C02147,,,,
1827,,GJ,5/29/2026,,Wedbush_Brokerage Commissions_20260529,,,,50110,303P,D23010,ARB02149_USD,,,,271.5,,,,,,C02149,,,,
1828,,GJ,5/29/2026,,Wedbush_Brokerage Commissions_20260529,,,,50110,303P,D23060,ARB02152_USD,,,,203.4,,,,,,C00186,,,,
1829,,GJ,5/29/2026,,Wedbush_Brokerage Commissions_20260529,,,,50110,303P,D23300,ARB02154_USD,,,,252.0,,,,,,C00149,,,,
1830,,GJ,5/29/2026,,Wedbush_Brokerage Commissions_20260529,,,,50110,303P,D23020,ARB02156_USD,,,,1.8,,,,,,C02156,,,,
1831,,GJ,5/29/2026,,Wedbush_Brokerage Commissions_20260529,,,,50110,303P,D23300,ARB02158_USD,,,,1424.1,,,,,,C01145,,,,
1832,,GJ,5/29/2026,,Wedbush_Brokerage Commissions_20260529,,,,50110,303P,D23300,ARB02167_USD,,,,1027.2,,,,,,C00118,,,,
1833,,GJ,5/29/2026,,Wedbush_Brokerage Commissions_20260529,,,,50110,303P,D23300,ARB02168_USD,,,,7.2,,,,,,C00194,,,,
1834,,GJ,5/29/2026,,Wedbush_Brokerage Commissions_20260529,,,,50110,303P,D23010,ARB02173_USD,,,,1098.75,,,,,,C00463,,,,
1835,,GJ,5/29/2026,,Wedbush_Brokerage Commissions_20260529,,,,50110,303P,D23010,ARB02176_USD,,,,8513.1,,,,,,C00463,,,,
1836,,GJ,5/29/2026,,Wedbush_Brokerage Commissions_20260529,,,,50110,303P,D23010,ARB02177_USD,,,,1441.35,,,,,,C02177,,,,
1837,,GJ,5/29/2026,,Wedbush_Brokerage Commissions_20260529,,,,50110,303P,D23010,ARB02179_USD,,,,3652.8,,,,,,C02179,,,,
1838,,GJ,5/29/2026,,Wedbush_Brokerage Commissions_20260529,,,,50110,303P,D23010,ARB02180_USD,,,,2119.35,,,,,,C02180,,,,
1839,,GJ,5/29/2026,,Wedbush_Brokerage Commissions_20260529,,,,50110,303P,D23010,ARB02181_USD,,,,5393.7,,,,,,C02181,,,,
1840,,GJ,5/29/2026,,Wedbush_Brokerage Commissions_20260529,,,,50110,303P,D23010,ARB02182_USD,,,,1726.8000000000002,,,,,,C02182,,,,
1841,,GJ,5/29/2026,,Wedbush_Brokerage Commissions_20260529,,,,50110,303P,D23010,ARB02183_USD,,,,3769.95,,,,,,C02183,,,,
1842,,GJ,5/29/2026,,Wedbush_Brokerage Commissions_20260529,,,,50110,303P,D23010,ARB02184_USD,,,,7524.6,,,,,,C02184,,,,
1843,,GJ,5/29/2026,,Wedbush_Brokerage Commissions_20260529,,,,50110,303P,D23010,ARB02185_USD,,,,73.5,,,,,,C02185,,,,
1844,,GJ,5/29/2026,,Wedbush_Brokerage Commissions_20260529,,,,50110,303P,D23010,ARB02187_USD,,,,16.65,,,,,,C02187,,,,
1845,,GJ,5/29/2026,,Wedbush_Brokerage Commissions_20260529,,,,50110,303P,D23010,ARB02188_USD,,,,84.0,,,,,,C02188,,,,
1846,,GJ,5/29/2026,,Wedbush_Brokerage Commissions_20260529,,,,50110,303P,D23010,ARB02190_USD,,,,78.6,,,,,,C02147,,,,
1847,,GJ,5/29/2026,,Wedbush_Brokerage Commissions_20260529,,,,50110,303P,D23010,ARB02191_USD,,,,102.60000000000001,,,,,,C00469,,,,
1848,,GJ,5/29/2026,,Wedbush_Brokerage Commissions_20260529,,,,50110,303P,D23010,ARB02196_USD,,,,18.0,,,,,,C02132,,,,
1849,,GJ,5/29/2026,,Wedbush_Brokerage Commissions_20260529,,,,50110,ATGN,D21300,ARB02342_EUR,,,,11.7,,,,,,C02042,,,,
1850,,GJ,5/29/2026,,Wedbush_Brokerage Commissions_20260529,,,,50110,ATGN,D21300,ARB02342_GBP,,,,0.0,,,,,,C02042,,,,
1851,,GJ,5/29/2026,,Wedbush_Brokerage Commissions_20260529,,,,50110,ATGN,D21300,ARB02343_EUR,,,,644.07,,,,,,C02520,,,,
1852,,GJ,5/29/2026,,Wedbush_Brokerage Commissions_20260529,,,,50110,ATGN,D21300,ARB02343_GBP,,,,0.0,,,,,,C02520,,,,
1853,,GJ,5/29/2026,,Wedbush_Brokerage Commissions_20260529,,,,50110,ATGN,D21300,ARB02343_USD,,,,128.4,,,,,,C02520,,,,
1854,,GJ,5/29/2026,,Wedbush_Brokerage Commissions_20260529,,,,50110,ATGN,D21300,ARB02345_EUR,,,,6.9,,,,,,C02045,,,,
1855,,GJ,5/29/2026,,Wedbush_Brokerage Commissions_20260529,,,,50110,ATGN,D21300,ARB02345_GBP,,,,0.0,,,,,,C02045,,,,
1856,,GJ,5/29/2026,,Wedbush_Brokerage Commissions_20260529,,,,50110,ATGN,D21300,ARB02355_USD,,,,60.0,,,,,,C00054,,,,
1857,,GJ,5/29/2026,,Wedbush_Brokerage Commissions_20260529,,,,50110,ATGN,D21300,ARB02376_EUR,,,,4554.6,,,,,,C02076,,,,
1858,,GJ,5/29/2026,,Wedbush_Brokerage Commissions_20260529,,,,50110,ATGN,D21300,ARB02376_GBP,,,,0.0,,,,,,C02076,,,,
1859,,GJ,5/29/2026,,Wedbush_Brokerage Commissions_20260529,,,,50110,ATGN,D23010,ARB02402_USD,,,,125.1,,,,,,C02102,,,,
1860,,GJ,5/29/2026,,Wedbush_Brokerage Commissions_20260529,,,,50110,ATGN,D23080,ARB02416_EUR,,,,22.5,,,,,,C02116,,,,
1861,,GJ,5/29/2026,,Wedbush_Brokerage Commissions_20260529,,,,50110,ATGN,D23080,ARB02416_GBP,,,,0.0,,,,,,C02116,,,,
1862,,GJ,5/29/2026,,Wedbush_Brokerage Commissions_20260529,,,,50110,ATGN,D23080,ARB02416_USD,,,,185.25,,,,,,C02116,,,,
1863,,GJ,5/29/2026,,Wedbush_Brokerage Commissions_20260529,,,,50110,ATGN,D23080,ARB02418_EUR,,,,113.85,,,,,,C01234,,,,
1864,,GJ,5/29/2026,,Wedbush_Brokerage Commissions_20260529,,,,50110,ATGN,D23080,ARB02418_GBP,,,,0.0,,,,,,C01234,,,,
1865,,GJ,5/29/2026,,Wedbush_Brokerage Commissions_20260529,,,,50110,ATGN,D23080,ARB02418_USD,,,,1366.1999999999998,,,,,,C01234,,,,
1866,,GJ,5/29/2026,,Wedbush_Brokerage Commissions_20260529,,,,50110,ATGN,D23300,ARB02421_EUR,,,,119.1,,,,,,C02121,,,,
1867,,GJ,5/29/2026,,Wedbush_Brokerage Commissions_20260529,,,,50110,ATGN,D23300,ARB02421_GBP,,,,0.0,,,,,,C02121,,,,
1868,,GJ,5/29/2026,,Wedbush_Brokerage Commissions_20260529,,,,50110,ATGN,D23300,ARB02421_USD,,,,100.5,,,,,,C02121,,,,
1869,,GJ,5/29/2026,,Wedbush_Brokerage Commissions_20260529,,,,50110,ATGN,D23020,ARB02429_CAD,,,,0.0,,,,,,C02129,,,,
1870,,GJ,5/29/2026,,Wedbush_Brokerage Commissions_20260529,,,,50110,ATGN,D23020,ARB02429_EUR,,,,10.95,,,,,,C02129,,,,
1871,,GJ,5/29/2026,,Wedbush_Brokerage Commissions_20260529,,,,50110,ATGN,D23020,ARB02429_GBP,,,,0.0,,,,,,C02129,,,,
1872,,GJ,5/29/2026,,Wedbush_Brokerage Commissions_20260529,,,,50110,ATGN,D23020,ARB02429_USD,,,,402.3,,,,,,C02129,,,,
1873,,GJ,5/29/2026,,Wedbush_Brokerage Commissions_20260529,,,,50110,ATGN,D23010,ARB02432_CAD,,,,0.0,,,,,,C02132,,,,
1874,,GJ,5/29/2026,,Wedbush_Brokerage Commissions_20260529,,,,50110,ATGN,D23010,ARB02432_USD,,,,117.3,,,,,,C02132,,,,
1875,,GJ,5/29/2026,,Wedbush_Brokerage Commissions_20260529,,,,50110,ATGN,D23010,ARB02435_CAD,,,,0.0,,,,,,C02135,,,,
1876,,GJ,5/29/2026,,Wedbush_Brokerage Commissions_20260529,,,,50110,ATGN,D23010,ARB02435_USD,,,,81.60000000000001,,,,,,C02135,,,,
1877,,GJ,5/29/2026,,Wedbush_Brokerage Commissions_20260529,,,,50110,ATGN,D23010,ARB02436_EUR,,,,436.05,,,,,,C02136,,,,
1878,,GJ,5/29/2026,,Wedbush_Brokerage Commissions_20260529,,,,50110,ATGN,D23010,ARB02436_GBP,,,,0.0,,,,,,C02136,,,,
1879,,GJ,5/29/2026,,Wedbush_Brokerage Commissions_20260529,,,,50110,ATGN,D23010,ARB02436_USD,,,,822.6,,,,,,C02136,,,,
1880,,GJ,5/29/2026,,Wedbush_Brokerage Commissions_20260529,,,,50110,ATGN,D23010,ARB02445_USD,,,,984.3,,,,,,C02145,,,,
1881,,GJ,5/29/2026,,Wedbush_Brokerage Commissions_20260529,,,,50110,ATGN,D23010,ARB02447_CAD,,,,0.0,,,,,,C02147,,,,
1882,,GJ,5/29/2026,,Wedbush_Brokerage Commissions_20260529,,,,50110,ATGN,D23010,ARB02447_USD,,,,102.75,,,,,,C02147,,,,
1883,,GJ,5/29/2026,,Wedbush_Brokerage Commissions_20260529,,,,50110,ATGN,D23010,ARB02449_EUR,,,,65.1,,,,,,C02149,,,,
1884,,GJ,5/29/2026,,Wedbush_Brokerage Commissions_20260529,,,,50110,ATGN,D23010,ARB02449_GBP,,,,0.0,,,,,,C02149,,,,
1885,,GJ,5/29/2026,,Wedbush_Brokerage Commissions_20260529,,,,50110,ATGN,D23010,ARB02449_USD,,,,534.3,,,,,,C02149,,,,
1886,,GJ,5/29/2026,,Wedbush_Brokerage Commissions_20260529,,,,50110,ATGN,D23060,ARB02452_USD,,,,37.199999999999996,,,,,,C00186,,,,
1887,,GJ,5/29/2026,,Wedbush_Brokerage Commissions_20260529,,,,50110,ATGN,D23300,ARB02454_EUR,,,,47.400000000000006,,,,,,C00149,,,,
1888,,GJ,5/29/2026,,Wedbush_Brokerage Commissions_20260529,,,,50110,ATGN,D23300,ARB02454_GBP,,,,0.0,,,,,,C00149,,,,
1889,,GJ,5/29/2026,,Wedbush_Brokerage Commissions_20260529,,,,50110,ATGN,D23300,ARB02454_USD,,,,107.1,,,,,,C00149,,,,
1890,,GJ,5/29/2026,,Wedbush_Brokerage Commissions_20260529,,,,50110,ATGN,D23020,ARB02456_EUR,,,,10.65,,,,,,C02156,,,,
1891,,GJ,5/29/2026,,Wedbush_Brokerage Commissions_20260529,,,,50110,ATGN,D23020,ARB02456_GBP,,,,0.0,,,,,,C02156,,,,
1892,,GJ,5/29/2026,,Wedbush_Brokerage Commissions_20260529,,,,50110,ATGN,D23020,ARB02456_USD,,,,77.39999999999999,,,,,,C02156,,,,
1893,,GJ,5/29/2026,,Wedbush_Brokerage Commissions_20260529,,,,50110,ATGN,D23300,ARB02458_USD,,,,115.5,,,,,,C01145,,,,
1894,,GJ,5/29/2026,,Wedbush_Brokerage Commissions_20260529,,,,50110,ATGN,D23080,ARB02463_USD,,,,199.65,,,,,,C01231,,,,
1895,,GJ,5/29/2026,,Wedbush_Brokerage Commissions_20260529,,,,50110,ATGN,D23010,ARB02473_EUR,,,,13.35,,,,,,C00463,,,,
1896,,GJ,5/29/2026,,Wedbush_Brokerage Commissions_20260529,,,,50110,ATGN,D23010,ARB02473_GBP,,,,0.0,,,,,,C00463,,,,
1897,,GJ,5/29/2026,,Wedbush_Brokerage Commissions_20260529,,,,50110,ATGN,D23010,ARB02473_USD,,,,518.7,,,,,,C00463,,,,
1898,,GJ,5/29/2026,,Wedbush_Brokerage Commissions_20260529,,,,50110,ATGN,D23010,ARB02476_EUR,,,,1132.8,,,,,,C00463,,,,
1899,,GJ,5/29/2026,,Wedbush_Brokerage Commissions_20260529,,,,50110,ATGN,D23010,ARB02476_GBP,,,,0.0,,,,,,C00463,,,,
1900,,GJ,5/29/2026,,Wedbush_Brokerage Commissions_20260529,,,,50110,ATGN,D23010,ARB02476_USD,,,,8445.3,,,,,,C00463,,,,
1901,,GJ,5/29/2026,,Wedbush_Brokerage Commissions_20260529,,,,50110,ATGN,D23010,ARB02477_CAD,,,,0.0,,,,,,C02177,,,,
1902,,GJ,5/29/2026,,Wedbush_Brokerage Commissions_20260529,,,,50110,ATGN,D23010,ARB02477_USD,,,,21.299999999999997,,,,,,C02177,,,,
1903,,GJ,5/29/2026,,Wedbush_Brokerage Commissions_20260529,,,,50110,ATGN,D23010,ARB02479_CAD,,,,0.0,,,,,,C02179,,,,
1904,,GJ,5/29/2026,,Wedbush_Brokerage Commissions_20260529,,,,50110,ATGN,D23010,ARB02479_USD,,,,361.2,,,,,,C02179,,,,
1905,,GJ,5/29/2026,,Wedbush_Brokerage Commissions_20260529,,,,50110,ATGN,D23010,ARB02480_CAD,,,,0.0,,,,,,C02180,,,,
1906,,GJ,5/29/2026,,Wedbush_Brokerage Commissions_20260529,,,,50110,ATGN,D23010,ARB02480_USD,,,,271.95,,,,,,C02180,,,,
1907,,GJ,5/29/2026,,Wedbush_Brokerage Commissions_20260529,,,,50110,ATGN,D23010,ARB02481_CAD,,,,0.0,,,,,,C02181,,,,
1908,,GJ,5/29/2026,,Wedbush_Brokerage Commissions_20260529,,,,50110,ATGN,D23010,ARB02481_USD,,,,449.40000000000003,,,,,,C02181,,,,
1909,,GJ,5/29/2026,,Wedbush_Brokerage Commissions_20260529,,,,50110,ATGN,D23010,ARB02482_CAD,,,,0.0,,,,,,C02182,,,,
1910,,GJ,5/29/2026,,Wedbush_Brokerage Commissions_20260529,,,,50110,ATGN,D23010,ARB02482_USD,,,,65.1,,,,,,C02182,,,,
1911,,GJ,5/29/2026,,Wedbush_Brokerage Commissions_20260529,,,,50110,ATGN,D23010,ARB02483_CAD,,,,0.0,,,,,,C02183,,,,
1912,,GJ,5/29/2026,,Wedbush_Brokerage Commissions_20260529,,,,50110,ATGN,D23010,ARB02483_USD,,,,342.6,,,,,,C02183,,,,
1913,,GJ,5/29/2026,,Wedbush_Brokerage Commissions_20260529,,,,50110,ATGN,D23010,ARB02484_CAD,,,,0.0,,,,,,C02184,,,,
1914,,GJ,5/29/2026,,Wedbush_Brokerage Commissions_20260529,,,,50110,ATGN,D23010,ARB02484_EUR,,,,0.3,,,,,,C02184,,,,
1915,,GJ,5/29/2026,,Wedbush_Brokerage Commissions_20260529,,,,50110,ATGN,D23010,ARB02484_GBP,,,,0.0,,,,,,C02184,,,,
1916,,GJ,5/29/2026,,Wedbush_Brokerage Commissions_20260529,,,,50110,ATGN,D23010,ARB02484_USD,,,,889.05,,,,,,C02184,,,,
1917,,GJ,5/29/2026,,Wedbush_Brokerage Commissions_20260529,,,,50110,ATGN,D23010,ARB02485_EUR,,,,155.85,,,,,,C02185,,,,
1918,,GJ,5/29/2026,,Wedbush_Brokerage Commissions_20260529,,,,50110,ATGN,D23010,ARB02485_GBP,,,,0.0,,,,,,C02185,,,,
1919,,GJ,5/29/2026,,Wedbush_Brokerage Commissions_20260529,,,,50110,ATGN,D23010,ARB02485_USD,,,,1322.4,,,,,,C02185,,,,
1920,,GJ,5/29/2026,,Wedbush_Brokerage Commissions_20260529,,,,50110,ATGN,D23010,ARB02488_USD,,,,762.9,,,,,,C02188,,,,
1921,,GJ,5/29/2026,,Wedbush_Brokerage Commissions_20260529,,,,50110,ATGN,D23010,ARB02491_CAD,,,,0.0,,,,,,C00469,,,,
1922,,GJ,5/29/2026,,Wedbush_Brokerage Commissions_20260529,,,,50110,ATGN,D23010,ARB02491_EUR,,,,39.3,,,,,,C00469,,,,
1923,,GJ,5/29/2026,,Wedbush_Brokerage Commissions_20260529,,,,50110,ATGN,D23010,ARB02491_GBP,,,,0.0,,,,,,C00469,,,,
1924,,GJ,5/29/2026,,Wedbush_Brokerage Commissions_20260529,,,,50110,ATGN,D23010,ARB02491_USD,,,,3.9,,,,,,C00469,,,,
1925,,GJ,5/29/2026,,Wedbush_Brokerage Commissions_20260529,,,,50110,303P,D21300,ARB03003_USD,,,,360.0,,,,,,C03003,,,,
1926,,GJ,5/29/2026,,Wedbush_Brokerage Commissions_20260529,,,,50110,303P,D21300,ARB03022_USD,,,,5667.75,,,,,,C00034,,,,
1927,,GJ,5/29/2026,,Wedbush_Brokerage Commissions_20260529,,,,50110,303P,D21300,ARB03032_USD,,,,1039.2,,,,,,C00049,,,,
1928,,GJ,5/29/2026,,Wedbush_Brokerage Commissions_20260529,,,,50110,303P,D21300,ARB03033_USD,,,,623.1,,,,,,C00049,,,,
1929,,GJ,5/29/2026,,Wedbush_Brokerage Commissions_20260529,,,,50110,303P,D21300,ARB03035_USD,,,,3.75,,,,,,C00049,,,,
1930,,GJ,5/29/2026,,Wedbush_Brokerage Commissions_20260529,,,,50110,303P,D21300,ARB03037_USD,,,,274.05,,,,,,C03037,,,,
1931,,GJ,5/29/2026,,Wedbush_Brokerage Commissions_20260529,,,,50110,303P,D21300,ARB03038_USD,,,,106.95,,,,,,C03038,,,,
1932,,GJ,5/29/2026,,Wedbush_Brokerage Commissions_20260529,,,,50110,303P,D21300,ARB03042_USD,,,,2.7,,,,,,C03040,,,,
1933,,GJ,5/29/2026,,Wedbush_Brokerage Commissions_20260529,,,,50110,303P,D21300,ARB03043_USD,,,,16.200000000000003,,,,,,C03040,,,,
1934,,GJ,5/29/2026,,Wedbush_Brokerage Commissions_20260529,,,,50110,303P,D21300,ARB03046_USD,,,,38.7,,,,,,C03040,,,,
1935,,GJ,5/29/2026,,Wedbush_Brokerage Commissions_20260529,,,,50110,303P,D21300,ARB03052_USD,,,,539.25,,,,,,C03071,,,,
1936,,GJ,5/29/2026,,Wedbush_Brokerage Commissions_20260529,,,,50110,303P,D21300,ARB03057_USD,,,,0.0,,,,,,C01057,,,,
1937,,GJ,5/29/2026,,Wedbush_Brokerage Commissions_20260529,,,,50110,303P,D21300,ARB03060_USD,,,,1400.1,,,,,,C03060,,,,
1938,,GJ,5/29/2026,,Wedbush_Brokerage Commissions_20260529,,,,50110,303P,D21300,ARB03062_USD,,,,842.7,,,,,,C03062,,,,
1939,,GJ,5/29/2026,,Wedbush_Brokerage Commissions_20260529,,,,50110,303P,D21300,ARB03064_USD,,,,131.7,,,,,,C03064,,,,
1940,,GJ,5/29/2026,,Wedbush_Brokerage Commissions_20260529,,,,50110,303P,D21300,ARB03065_USD,,,,10755.15,,,,,,C03065,,,,
1941,,GJ,5/29/2026,,Wedbush_Brokerage Commissions_20260529,,,,50110,303P,D21300,ARB03072_USD,,,,4023.15,,,,,,C03072,,,,
1942,,GJ,5/29/2026,,Wedbush_Brokerage Commissions_20260529,,,,50110,303P,D21300,ARB03073_USD,,,,6246.45,,,,,,C03073,,,,
1943,,GJ,5/29/2026,,Wedbush_Brokerage Commissions_20260529,,,,50110,303P,D21300,ARB03078_USD,,,,42.3,,,,,,C03078,,,,
1944,,GJ,5/29/2026,,Wedbush_Brokerage Commissions_20260529,,,,50110,303P,D21300,ARB03079_USD,,,,459.0,,,,,,C03078,,,,
1945,,GJ,5/29/2026,,Wedbush_Brokerage Commissions_20260529,,,,50110,303P,D21300,ARB03080_USD,,,,153.6,,,,,,C03078,,,,
1946,,GJ,5/29/2026,,Wedbush_Brokerage Commissions_20260529,,,,50110,303P,D21030,ARB03084_USD,,,,299.7,,,,,,C03084,,,,
1947,,GJ,5/29/2026,,Wedbush_Brokerage Commissions_20260529,,,,50110,303P,D21300,ARB03088_USD,,,,22.2,,,,,,C03088,,,,
1948,,GJ,5/29/2026,,Wedbush_Brokerage Commissions_20260529,,,,50110,303P,D21300,ARB03090_USD,,,,72.6,,,,,,C03090,,,,
1949,,GJ,5/29/2026,,Wedbush_Brokerage Commissions_20260529,,,,50110,303P,D21300,ARB03093_USD,,,,75.15,,,,,,C03093,,,,
1950,,GJ,5/29/2026,,Wedbush_Brokerage Commissions_20260529,,,,50110,303P,D21300,ARB03096_USD,,,,7.199999999999999,,,,,,C03096,,,,
1951,,GJ,5/29/2026,,Wedbush_Brokerage Commissions_20260529,,,,50110,303P,D23300,ARB03100_USD,,,,50.4,,,,,,C03100,,,,
1952,,GJ,5/29/2026,,Wedbush_Brokerage Commissions_20260529,,,,50110,303P,D23080,ARB03102_USD,,,,295.8,,,,,,C03102,,,,
1953,,GJ,5/29/2026,,Wedbush_Brokerage Commissions_20260529,,,,50110,303P,D23300,ARB03103_USD,,,,1737.75,,,,,,CX3103,,,,
1954,,GJ,5/29/2026,,Wedbush_Brokerage Commissions_20260529,,,,50110,303P,D23300,ARB03104_USD,,,,1517.4,,,,,,C03104,,,,
1955,,GJ,5/29/2026,,Wedbush_Brokerage Commissions_20260529,,,,50110,303P,D23300,ARB03105_USD,,,,1551.1499999999999,,,,,,C00310,,,,
1956,,GJ,5/29/2026,,Wedbush_Brokerage Commissions_20260529,,,,50110,303P,D23300,ARB03106_USD,,,,845.25,,,,,,C00310,,,,
1957,,GJ,5/29/2026,,Wedbush_Brokerage Commissions_20260529,,,,50110,303P,D23300,ARB03107_USD,,,,3469.95,,,,,,C03107,,,,
1958,,GJ,5/29/2026,,Wedbush_Brokerage Commissions_20260529,,,,50110,303P,D23300,ARB03108_USD,,,,2464.8,,,,,,C00311,,,,
1959,,GJ,5/29/2026,,Wedbush_Brokerage Commissions_20260529,,,,50110,303P,D23300,ARB03109_USD,,,,1900.3500000000001,,,,,,C00311,,,,
1960,,GJ,5/29/2026,,Wedbush_Brokerage Commissions_20260529,,,,50110,303P,D23300,ARB03110_USD,,,,42.0,,,,,,C00311,,,,
1961,,GJ,5/29/2026,,Wedbush_Brokerage Commissions_20260529,,,,50110,303P,D23300,ARB03112_USD,,,,186.75,,,,,,C00310,,,,
1962,,GJ,5/29/2026,,Wedbush_Brokerage Commissions_20260529,,,,50110,303P,D23300,ARB03113_USD,,,,111.3,,,,,,C03113,,,,
1963,,GJ,5/29/2026,,Wedbush_Brokerage Commissions_20260529,,,,50110,303P,D23300,ARB03115_USD,,,,0.0,,,,,,CX3115,,,,
1964,,GJ,5/29/2026,,Wedbush_Brokerage Commissions_20260529,,,,50110,303P,D23020,ARB03116_USD,,,,231.0,,,,,,C02129,,,,
1965,,GJ,5/29/2026,,Wedbush_Brokerage Commissions_20260529,,,,50110,303P,D23300,ARB03122_USD,,,,372.45,,,,,,C03122,,,,
1966,,GJ,5/29/2026,,Wedbush_Brokerage Commissions_20260529,,,,50110,303P,D23300,ARB03125_USD,,,,96.3,,,,,,CX3125,,,,
1967,,GJ,5/29/2026,,Wedbush_Brokerage Commissions_20260529,,,,50110,303P,D23300,ARB03133_USD,,,,1460.55,,,,,,C03133,,,,
1968,,GJ,5/29/2026,,Wedbush_Brokerage Commissions_20260529,,,,50110,303P,D23300,ARB03134_USD,,,,85.5,,,,,,C03134,,,,
1969,,GJ,5/29/2026,,Wedbush_Brokerage Commissions_20260529,,,,50110,303P,D23300,ARB03136_USD,,,,7.8,,,,,,CX3136,,,,
1970,,GJ,5/29/2026,,Wedbush_Brokerage Commissions_20260529,,,,50110,303P,D23300,ARB03139_USD,,,,125.7,,,,,,C00311,,,,
1971,,GJ,5/29/2026,,Wedbush_Brokerage Commissions_20260529,,,,50110,303P,D23300,ARB03141_USD,,,,2271.9,,,,,,C03141,,,,
1972,,GJ,5/29/2026,,Wedbush_Brokerage Commissions_20260529,,,,50110,303P,D23300,ARB03142_USD,,,,447.3,,,,,,C00310,,,,
1973,,GJ,5/29/2026,,Wedbush_Brokerage Commissions_20260529,,,,50110,303P,D23300,ARB03143_USD,,,,435.9,,,,,,C00310,,,,
1974,,GJ,5/29/2026,,Wedbush_Brokerage Commissions_20260529,,,,50110,303P,D23300,ARB03144_USD,,,,194.85,,,,,,CX3144,,,,
1975,,GJ,5/29/2026,,Wedbush_Brokerage Commissions_20260529,,,,50110,303P,D23300,ARB03146_USD,,,,456.6,,,,,,CX3136,,,,
1976,,GJ,5/29/2026,,Wedbush_Brokerage Commissions_20260529,,,,50110,303P,D23090,ARB03154_USD,,,,103.8,,,,,,C03154,,,,
1977,,GJ,5/29/2026,,Wedbush_Brokerage Commissions_20260529,,,,50110,303P,D23100,ARB03156_USD,,,,590.8499999999999,,,,,,C03156,,,,
1978,,GJ,5/29/2026,,Wedbush_Brokerage Commissions_20260529,,,,50110,303P,D23100,ARB03157_USD,,,,450.6,,,,,,C03157,,,,
1979,,GJ,5/29/2026,,Wedbush_Brokerage Commissions_20260529,,,,50110,303P,D23100,ARB03159_USD,,,,489.90000000000003,,,,,,C03159,,,,
1980,,GJ,5/29/2026,,Wedbush_Brokerage Commissions_20260529,,,,50110,303P,D23010,ARB03168_USD,,,,95.25,,,,,,C03168,,,,
1981,,GJ,5/29/2026,,Wedbush_Brokerage Commissions_20260529,,,,50110,303P,D23100,ARB03174_USD,,,,242.4,,,,,,C03174,,,,
1982,,GJ,5/29/2026,,Wedbush_Brokerage Commissions_20260529,,,,50110,303P,D23100,ARB03175_USD,,,,424.2,,,,,,C03175,,,,
1983,,GJ,5/29/2026,,Wedbush_Brokerage Commissions_20260529,,,,50110,303P,D23100,ARB03176_USD,,,,576.3,,,,,,C03176,,,,
1984,,GJ,5/29/2026,,Wedbush_Brokerage Commissions_20260529,,,,50110,303P,D23100,ARB03185_USD,,,,159.6,,,,,,C03185,,,,
1985,,GJ,5/29/2026,,Wedbush_Brokerage Commissions_20260529,,,,50110,303P,D23300,ARB03192_USD,,,,402.59999999999997,,,,,,C03163,,,,
1986,,GJ,5/29/2026,,Wedbush_Brokerage Commissions_20260529,,,,50110,ATGN,D21300,ARB03360_EUR,,,,4868.85,,,,,,C03060,,,,
1987,,GJ,5/29/2026,,Wedbush_Brokerage Commissions_20260529,,,,50110,ATGN,D21300,ARB03360_GBP,,,,0.0,,,,,,C03060,,,,
1988,,GJ,5/29/2026,,Wedbush_Brokerage Commissions_20260529,,,,50110,ATGN,D21300,ARB03362_EUR,,,,660.6,,,,,,C03062,,,,
1989,,GJ,5/29/2026,,Wedbush_Brokerage Commissions_20260529,,,,50110,ATGN,D21300,ARB03362_GBP,,,,0.0,,,,,,C03062,,,,
1990,,GJ,5/29/2026,,Wedbush_Brokerage Commissions_20260529,,,,50110,ATGN,D21300,ARB03362_USD,,,,288.9,,,,,,C03062,,,,
1991,,GJ,5/29/2026,,Wedbush_Brokerage Commissions_20260529,,,,50110,ATGN,D21300,ARB03364_EUR,,,,12.0,,,,,,C03064,,,,
1992,,GJ,5/29/2026,,Wedbush_Brokerage Commissions_20260529,,,,50110,ATGN,D21300,ARB03364_GBP,,,,0.0,,,,,,C03064,,,,
1993,,GJ,5/29/2026,,Wedbush_Brokerage Commissions_20260529,,,,50110,ATGN,D21300,ARB03372_USD,,,,241.2,,,,,,C03072,,,,
1994,,GJ,5/29/2026,,Wedbush_Brokerage Commissions_20260529,,,,50110,ATGN,D21300,ARB03373_USD,,,,22.8,,,,,,C03073,,,,
1995,,GJ,5/29/2026,,Wedbush_Brokerage Commissions_20260529,,,,50110,ATGN,D21300,ARB03378_USD,,,,178.8,,,,,,C03078,,,,
1996,,GJ,5/29/2026,,Wedbush_Brokerage Commissions_20260529,,,,50110,ATGN,D23300,ARB03400_EUR,,,,104.39999999999999,,,,,,C03100,,,,
1997,,GJ,5/29/2026,,Wedbush_Brokerage Commissions_20260529,,,,50110,ATGN,D23300,ARB03400_GBP,,,,0.0,,,,,,C03100,,,,
1998,,GJ,5/29/2026,,Wedbush_Brokerage Commissions_20260529,,,,50110,ATGN,D23300,ARB03400_USD,,,,814.2,,,,,,C03100,,,,
1999,,GJ,5/29/2026,,Wedbush_Brokerage Commissions_20260529,,,,50110,ATGN,D23080,ARB03402_EUR,,,,55.5,,,,,,C03102,,,,
2000,,GJ,5/29/2026,,Wedbush_Brokerage Commissions_20260529,,,,50110,ATGN,D23080,ARB03402_GBP,,,,0.0,,,,,,C03102,,,,
2001,,GJ,5/29/2026,,Wedbush_Brokerage Commissions_20260529,,,,50110,ATGN,D23080,ARB03402_USD,,,,1541.3999999999999,,,,,,C03102,,,,
2002,,GJ,5/29/2026,,Wedbush_Brokerage Commissions_20260529,,,,50110,ATGN,D23300,ARB03403_CAD,,,,0.0,,,,,,CX3103,,,,
2003,,GJ,5/29/2026,,Wedbush_Brokerage Commissions_20260529,,,,50110,ATGN,D23300,ARB03403_USD,,,,444.45000000000005,,,,,,CX3103,,,,
2004,,GJ,5/29/2026,,Wedbush_Brokerage Commissions_20260529,,,,50110,ATGN,D23300,ARB03404_CAD,,,,0.0,,,,,,C03104,,,,
2005,,GJ,5/29/2026,,Wedbush_Brokerage Commissions_20260529,,,,50110,ATGN,D23300,ARB03404_EUR,,,,12.899999999999999,,,,,,C03104,,,,
2006,,GJ,5/29/2026,,Wedbush_Brokerage Commissions_20260529,,,,50110,ATGN,D23300,ARB03404_GBP,,,,0.0,,,,,,C03104,,,,
2007,,GJ,5/29/2026,,Wedbush_Brokerage Commissions_20260529,,,,50110,ATGN,D23300,ARB03404_USD,,,,408.59999999999997,,,,,,C03104,,,,
2008,,GJ,5/29/2026,,Wedbush_Brokerage Commissions_20260529,,,,50110,ATGN,D23300,ARB03405_CAD,,,,0.0,,,,,,C00310,,,,
2009,,GJ,5/29/2026,,Wedbush_Brokerage Commissions_20260529,,,,50110,ATGN,D23300,ARB03405_EUR,,,,86.10000000000001,,,,,,C00310,,,,
2010,,GJ,5/29/2026,,Wedbush_Brokerage Commissions_20260529,,,,50110,ATGN,D23300,ARB03405_GBP,,,,0.0,,,,,,C00310,,,,
2011,,GJ,5/29/2026,,Wedbush_Brokerage Commissions_20260529,,,,50110,ATGN,D23300,ARB03405_USD,,,,595.0500000000001,,,,,,C00310,,,,
2012,,GJ,5/29/2026,,Wedbush_Brokerage Commissions_20260529,,,,50110,ATGN,D23300,ARB03406_CAD,,,,0.0,,,,,,C00310,,,,
2013,,GJ,5/29/2026,,Wedbush_Brokerage Commissions_20260529,,,,50110,ATGN,D23300,ARB03406_EUR,,,,52.800000000000004,,,,,,C00310,,,,
2014,,GJ,5/29/2026,,Wedbush_Brokerage Commissions_20260529,,,,50110,ATGN,D23300,ARB03406_GBP,,,,0.0,,,,,,C00310,,,,
2015,,GJ,5/29/2026,,Wedbush_Brokerage Commissions_20260529,,,,50110,ATGN,D23300,ARB03406_USD,,,,862.05,,,,,,C00310,,,,
2016,,GJ,5/29/2026,,Wedbush_Brokerage Commissions_20260529,,,,50110,ATGN,D23300,ARB03407_USD,,,,1935.45,,,,,,C03107,,,,
2017,,GJ,5/29/2026,,Wedbush_Brokerage Commissions_20260529,,,,50110,ATGN,D23300,ARB03408_CAD,,,,0.0,,,,,,C00311,,,,
2018,,GJ,5/29/2026,,Wedbush_Brokerage Commissions_20260529,,,,50110,ATGN,D23300,ARB03408_EUR,,,,41.099999999999994,,,,,,C00311,,,,
2019,,GJ,5/29/2026,,Wedbush_Brokerage Commissions_20260529,,,,50110,ATGN,D23300,ARB03408_GBP,,,,0.0,,,,,,C00311,,,,
2020,,GJ,5/29/2026,,Wedbush_Brokerage Commissions_20260529,,,,50110,ATGN,D23300,ARB03408_USD,,,,2531.25,,,,,,C00311,,,,
2021,,GJ,5/29/2026,,Wedbush_Brokerage Commissions_20260529,,,,50110,ATGN,D23300,ARB03409_EUR,,,,83.7,,,,,,C00311,,,,
2022,,GJ,5/29/2026,,Wedbush_Brokerage Commissions_20260529,,,,50110,ATGN,D23300,ARB03409_GBP,,,,0.0,,,,,,C00311,,,,
2023,,GJ,5/29/2026,,Wedbush_Brokerage Commissions_20260529,,,,50110,ATGN,D23300,ARB03409_USD,,,,3173.4,,,,,,C00311,,,,
2024,,GJ,5/29/2026,,Wedbush_Brokerage Commissions_20260529,,,,50110,ATGN,D23300,ARB03410_USD,,,,549.3,,,,,,C00311,,,,
2025,,GJ,5/29/2026,,Wedbush_Brokerage Commissions_20260529,,,,50110,ATGN,D23300,ARB03412_EUR,,,,3.6,,,,,,C00310,,,,
2026,,GJ,5/29/2026,,Wedbush_Brokerage Commissions_20260529,,,,50110,ATGN,D23300,ARB03412_GBP,,,,0.0,,,,,,C00310,,,,
2027,,GJ,5/29/2026,,Wedbush_Brokerage Commissions_20260529,,,,50110,ATGN,D23300,ARB03412_USD,,,,384.75,,,,,,C00310,,,,
2028,,GJ,5/29/2026,,Wedbush_Brokerage Commissions_20260529,,,,50110,ATGN,D23300,ARB03413_USD,,,,315.9,,,,,,C03113,,,,
2029,,GJ,5/29/2026,,Wedbush_Brokerage Commissions_20260529,,,,50110,ATGN,D23300,ARB03422_CAD,,,,0.0,,,,,,C03122,,,,
2030,,GJ,5/29/2026,,Wedbush_Brokerage Commissions_20260529,,,,50110,ATGN,D23300,ARB03422_USD,,,,280.8,,,,,,C03122,,,,
2031,,GJ,5/29/2026,,Wedbush_Brokerage Commissions_20260529,,,,50110,ATGN,D23080,ARB03427_USD,,,,19.2,,,,,,C01234,,,,
2032,,GJ,5/29/2026,,Wedbush_Brokerage Commissions_20260529,,,,50110,ATGN,D23300,ARB03433_EUR,,,,58.2,,,,,,C03133,,,,
2033,,GJ,5/29/2026,,Wedbush_Brokerage Commissions_20260529,,,,50110,ATGN,D23300,ARB03433_GBP,,,,0.0,,,,,,C03133,,,,
2034,,GJ,5/29/2026,,Wedbush_Brokerage Commissions_20260529,,,,50110,ATGN,D23300,ARB03433_USD,,,,308.1,,,,,,C03133,,,,
2035,,GJ,5/29/2026,,Wedbush_Brokerage Commissions_20260529,,,,50110,ATGN,D23300,ARB03434_USD,,,,198.6,,,,,,C03134,,,,
2036,,GJ,5/29/2026,,Wedbush_Brokerage Commissions_20260529,,,,50110,ATGN,D23300,ARB03435_USD,,,,11.4,,,,,,C00310,,,,
2037,,GJ,5/29/2026,,Wedbush_Brokerage Commissions_20260529,,,,50110,ATGN,D23300,ARB03436_CAD,,,,0.0,,,,,,CX3136,,,,
2038,,GJ,5/29/2026,,Wedbush_Brokerage Commissions_20260529,,,,50110,ATGN,D23300,ARB03436_EUR,,,,3.3,,,,,,CX3136,,,,
2039,,GJ,5/29/2026,,Wedbush_Brokerage Commissions_20260529,,,,50110,ATGN,D23300,ARB03436_GBP,,,,0.0,,,,,,CX3136,,,,
2040,,GJ,5/29/2026,,Wedbush_Brokerage Commissions_20260529,,,,50110,ATGN,D23300,ARB03436_USD,,,,107.7,,,,,,CX3136,,,,
2041,,GJ,5/29/2026,,Wedbush_Brokerage Commissions_20260529,,,,50110,ATGN,D23300,ARB03439_USD,,,,427.65000000000003,,,,,,C00311,,,,
2042,,GJ,5/29/2026,,Wedbush_Brokerage Commissions_20260529,,,,50110,ATGN,D23300,ARB03441_EUR,,,,129.0,,,,,,C03141,,,,
2043,,GJ,5/29/2026,,Wedbush_Brokerage Commissions_20260529,,,,50110,ATGN,D23300,ARB03441_GBP,,,,0.0,,,,,,C03141,,,,
2044,,GJ,5/29/2026,,Wedbush_Brokerage Commissions_20260529,,,,50110,ATGN,D23300,ARB03442_USD,,,,449.1,,,,,,C00310,,,,
2045,,GJ,5/29/2026,,Wedbush_Brokerage Commissions_20260529,,,,50110,ATGN,D23300,ARB03443_CAD,,,,0.0,,,,,,C00310,,,,
2046,,GJ,5/29/2026,,Wedbush_Brokerage Commissions_20260529,,,,50110,ATGN,D23300,ARB03443_EUR,,,,6.0,,,,,,C00310,,,,
2047,,GJ,5/29/2026,,Wedbush_Brokerage Commissions_20260529,,,,50110,ATGN,D23300,ARB03443_GBP,,,,0.0,,,,,,C00310,,,,
2048,,GJ,5/29/2026,,Wedbush_Brokerage Commissions_20260529,,,,50110,ATGN,D23300,ARB03443_USD,,,,516.9,,,,,,C00310,,,,
2049,,GJ,5/29/2026,,Wedbush_Brokerage Commissions_20260529,,,,50110,ATGN,D23300,ARB03446_EUR,,,,10.2,,,,,,CX3136,,,,
2050,,GJ,5/29/2026,,Wedbush_Brokerage Commissions_20260529,,,,50110,ATGN,D23300,ARB03446_GBP,,,,0.0,,,,,,CX3136,,,,
2051,,GJ,5/29/2026,,Wedbush_Brokerage Commissions_20260529,,,,50110,ATGN,D23300,ARB03446_USD,,,,24.9,,,,,,CX3136,,,,
2052,,GJ,5/29/2026,,Wedbush_Brokerage Commissions_20260529,,,,50110,ATGN,D23090,ARB03454_EUR,,,,6.0,,,,,,C03154,,,,
2053,,GJ,5/29/2026,,Wedbush_Brokerage Commissions_20260529,,,,50110,ATGN,D23090,ARB03454_GBP,,,,0.0,,,,,,C03154,,,,
2054,,GJ,5/29/2026,,Wedbush_Brokerage Commissions_20260529,,,,50110,ATGN,D23090,ARB03454_USD,,,,58.8,,,,,,C03154,,,,
2055,,GJ,5/29/2026,,Wedbush_Brokerage Commissions_20260529,,,,50110,ATGN,D23100,ARB03457_EUR,,,,44.400000000000006,,,,,,C03157,,,,
2056,,GJ,5/29/2026,,Wedbush_Brokerage Commissions_20260529,,,,50110,ATGN,D23100,ARB03457_GBP,,,,0.0,,,,,,C03157,,,,
2057,,GJ,5/29/2026,,Wedbush_Brokerage Commissions_20260529,,,,50110,ATGN,D23100,ARB03457_USD,,,,76.8,,,,,,C03157,,,,
2058,,GJ,5/29/2026,,Wedbush_Brokerage Commissions_20260529,,,,50110,ATGN,D23100,ARB03459_CHF,,,,0.0,,,,,,C03159,,,,
2059,,GJ,5/29/2026,,Wedbush_Brokerage Commissions_20260529,,,,50110,ATGN,D23100,ARB03459_EUR,,,,202.5,,,,,,C03159,,,,
2060,,GJ,5/29/2026,,Wedbush_Brokerage Commissions_20260529,,,,50110,ATGN,D23100,ARB03459_GBP,,,,0.0,,,,,,C03159,,,,
2061,,GJ,5/29/2026,,Wedbush_Brokerage Commissions_20260529,,,,50110,ATGN,D23100,ARB03459_USD,,,,28.5,,,,,,C03159,,,,
2062,,GJ,5/29/2026,,Wedbush_Brokerage Commissions_20260529,,,,50110,ATGN,D23300,ARB03460_EUR,,,,7.5,,,,,,C03160,,,,
2063,,GJ,5/29/2026,,Wedbush_Brokerage Commissions_20260529,,,,50110,ATGN,D23300,ARB03460_GBP,,,,0.0,,,,,,C03160,,,,
2064,,GJ,5/29/2026,,Wedbush_Brokerage Commissions_20260529,,,,50110,ATGN,D23300,ARB03460_USD,,,,1.8,,,,,,C03160,,,,
2065,,GJ,5/29/2026,,Wedbush_Brokerage Commissions_20260529,,,,50110,ATGN,D23300,ARB03463_USD,,,,1.2,,,,,,C03163,,,,
2066,,GJ,5/29/2026,,Wedbush_Brokerage Commissions_20260529,,,,50110,ATGN,D23010,ARB03468_CAD,,,,0.0,,,,,,C03168,,,,
2067,,GJ,5/29/2026,,Wedbush_Brokerage Commissions_20260529,,,,50110,ATGN,D23010,ARB03468_USD,,,,8.4,,,,,,C03168,,,,
2068,,GJ,5/29/2026,,Wedbush_Brokerage Commissions_20260529,,,,50110,ATGN,D23100,ARB03474_EUR,,,,28.2,,,,,,C03174,,,,
2069,,GJ,5/29/2026,,Wedbush_Brokerage Commissions_20260529,,,,50110,ATGN,D23100,ARB03474_GBP,,,,0.0,,,,,,C03174,,,,
2070,,GJ,5/29/2026,,Wedbush_Brokerage Commissions_20260529,,,,50110,ATGN,D23100,ARB03475_EUR,,,,118.5,,,,,,C03175,,,,
2071,,GJ,5/29/2026,,Wedbush_Brokerage Commissions_20260529,,,,50110,ATGN,D23100,ARB03475_GBP,,,,0.0,,,,,,C03175,,,,
2072,,GJ,5/29/2026,,Wedbush_Brokerage Commissions_20260529,,,,50110,ATGN,D23100,ARB03476_EUR,,,,52.8,,,,,,C03176,,,,
2073,,GJ,5/29/2026,,Wedbush_Brokerage Commissions_20260529,,,,50110,ATGN,D23100,ARB03476_GBP,,,,0.0,,,,,,C03176,,,,
2074,,GJ,5/29/2026,,Wedbush_Brokerage Commissions_20260529,,,,50110,ATGN,D23100,ARB03485_EUR,,,,39.0,,,,,,C03185,,,,
2075,,GJ,5/29/2026,,Wedbush_Brokerage Commissions_20260529,,,,50110,ATGN,D23100,ARB03485_GBP,,,,0.0,,,,,,C03185,,,,
2076,,GJ,5/29/2026,,Wedbush_Brokerage Commissions_20260529,,,,50110,ATGN,D23100,ARB03485_USD,,,,73.8,,,,,,C03185,,,,
2077,,GJ,5/29/2026,,Wedbush_Brokerage Commissions_20260529,,,,50110,ATGN,D23300,ARB03489_EUR,,,,326.40000000000003,,,,,,C03160,,,,
2078,,GJ,5/29/2026,,Wedbush_Brokerage Commissions_20260529,,,,50110,ATGN,D23300,ARB03489_GBP,,,,0.0,,,,,,C03160,,,,
2079,,GJ,5/29/2026,,Wedbush_Brokerage Commissions_20260529,,,,50110,ATGN,D23300,ARB03489_USD,,,,746.25,,,,,,C03160,,,,
2080,,GJ,5/29/2026,,Wedbush_Brokerage Commissions_20260529,,,,50110,ATGN,D23300,ARB03492_CAD,,,,0.0,,,,,,C03163,,,,
2081,,GJ,5/29/2026,,Wedbush_Brokerage Commissions_20260529,,,,50110,ATGN,D23300,ARB03492_EUR,,,,130.5,,,,,,C03163,,,,
2082,,GJ,5/29/2026,,Wedbush_Brokerage Commissions_20260529,,,,50110,ATGN,D23300,ARB03492_GBP,,,,0.0,,,,,,C03163,,,,
2083,,GJ,5/29/2026,,Wedbush_Brokerage Commissions_20260529,,,,50110,ATGN,D23300,ARB03492_USD,,,,641.25,,,,,,C03163,,,,
2084,,GJ,5/29/2026,,Wedbush_Brokerage Commissions_20260529,,,,50110,303P,D21030,ARB04021_USD,,,,1376.1,,,,,,C03084,,,,
2085,,GJ,5/29/2026,,Wedbush_Brokerage Commissions_20260529,,,,50110,303P,D21030,ARB04023_USD,,,,23.4,,,,,,C04023,,,,
2086,,GJ,5/29/2026,,Wedbush_Brokerage Commissions_20260529,,,,50110,303P,D21300,ARB04024_USD,,,,24.0,,,,,,C04024,,,,
2087,,GJ,5/29/2026,,Wedbush_Brokerage Commissions_20260529,,,,50110,303P,D21300,ARB04029_USD,,,,22.5,,,,,,C04029,,,,
2088,,GJ,5/29/2026,,Wedbush_Brokerage Commissions_20260529,,,,50110,303P,D21030,ARB04031_USD,,,,25557.6,,,,,,C04031,,,,
2089,,GJ,5/29/2026,,Wedbush_Brokerage Commissions_20260529,,,,50110,303P,D21300,ARB04038_USD,,,,1013.25,,,,,,C04038,,,,
2090,,GJ,5/29/2026,,Wedbush_Brokerage Commissions_20260529,,,,50110,303P,D21300,ARB04042_USD,,,,196.2,,,,,,C02044,,,,
2091,,GJ,5/29/2026,,Wedbush_Brokerage Commissions_20260529,,,,50110,303P,D21300,ARB04047_USD,,,,332.1,,,,,,C04033,,,,
2092,,GJ,5/29/2026,,Wedbush_Brokerage Commissions_20260529,,,,50110,303P,D21300,ARB04048_USD,,,,998.4,,,,,,C04048,,,,
2093,,GJ,5/29/2026,,Wedbush_Brokerage Commissions_20260529,,,,50110,303P,D21030,ARB04049_USD,,,,234.3,,,,,,C04050,,,,
2094,,GJ,5/29/2026,,Wedbush_Brokerage Commissions_20260529,,,,50110,303P,D21300,ARB04052_USD,,,,384.0,,,,,,C04052,,,,
2095,,GJ,5/29/2026,,Wedbush_Brokerage Commissions_20260529,,,,50110,303P,D21300,ARB04053_EUR,,,,15.84,,,,,,C04053,,,,
2096,,GJ,5/29/2026,,Wedbush_Brokerage Commissions_20260529,,,,50110,303P,D21300,ARB04053_GBP,,,,0.0,,,,,,C04053,,,,
2097,,GJ,5/29/2026,,Wedbush_Brokerage Commissions_20260529,,,,50110,303P,D21300,ARB04053_USD,,,,14.25,,,,,,C04053,,,,
2098,,GJ,5/29/2026,,Wedbush_Brokerage Commissions_20260529,,,,50110,303P,D21300,ARB04054_USD,,,,38.7,,,,,,C04054,,,,
2099,,GJ,5/29/2026,,Wedbush_Brokerage Commissions_20260529,,,,50110,303P,D21300,ARB04055_USD,,,,327.6,,,,,,C04054,,,,
2100,,GJ,5/29/2026,,Wedbush_Brokerage Commissions_20260529,,,,50110,303P,D21300,ARB04057_USD,,,,783.6,,,,,,C01057,,,,
2101,,GJ,5/29/2026,,Wedbush_Brokerage Commissions_20260529,,,,50110,303P,D21300,ARB04059_USD,,,,521.25,,,,,,C04059,,,,
2102,,GJ,5/29/2026,,Wedbush_Brokerage Commissions_20260529,,,,50110,303P,D21300,ARB04062_USD,,,,0.0,,,,,,C03029,,,,
2103,,GJ,5/29/2026,,Wedbush_Brokerage Commissions_20260529,,,,50110,303P,D21300,ARB04065_USD,,,,574.65,,,,,,C00675,,,,
2104,,GJ,5/29/2026,,Wedbush_Brokerage Commissions_20260529,,,,50110,303P,D21300,ARB04066_USD,,,,364.5,,,,,,C00675,,,,
2105,,GJ,5/29/2026,,Wedbush_Brokerage Commissions_20260529,,,,50110,303P,D21300,ARB04067_USD,,,,223.2,,,,,,C00675,,,,
2106,,GJ,5/29/2026,,Wedbush_Brokerage Commissions_20260529,,,,50110,303P,D21300,ARB04068_USD,,,,823.5,,,,,,C00675,,,,
2107,,GJ,5/29/2026,,Wedbush_Brokerage Commissions_20260529,,,,50110,303P,D21300,ARB04069_USD,,,,268.95,,,,,,C00675,,,,
2108,,GJ,5/29/2026,,Wedbush_Brokerage Commissions_20260529,,,,50110,303P,D21300,ARB04070_USD,,,,159.0,,,,,,C00675,,,,
2109,,GJ,5/29/2026,,Wedbush_Brokerage Commissions_20260529,,,,50110,303P,D21300,ARB04073_USD,,,,33.3,,,,,,C04073,,,,
2110,,GJ,5/29/2026,,Wedbush_Brokerage Commissions_20260529,,,,50110,303P,D21030,ARB04074_USD,,,,94.94999999999999,,,,,,C04074,,,,
2111,,GJ,5/29/2026,,Wedbush_Brokerage Commissions_20260529,,,,50110,303P,D21300,ARB04075_USD,,,,26.25,,,,,,C04075,,,,
2112,,GJ,5/29/2026,,Wedbush_Brokerage Commissions_20260529,,,,50110,303P,D21300,ARB04077_USD,,,,2.1,,,,,,C03095,,,,
2113,,GJ,5/29/2026,,Wedbush_Brokerage Commissions_20260529,,,,50110,303P,D21300,ARB04079_USD,,,,5.7,,,,,,C03064,,,,
2114,,GJ,5/29/2026,,Wedbush_Brokerage Commissions_20260529,,,,50110,303P,D21030,ARB04080_USD,,,,1918.95,,,,,,C02048,,,,
2115,,GJ,5/29/2026,,Wedbush_Brokerage Commissions_20260529,,,,50110,303P,D21300,ARB04081_USD,,,,268.2,,,,,,C04081,,,,
2116,,GJ,5/29/2026,,Wedbush_Brokerage Commissions_20260529,,,,50110,303P,D21300,ARB04082_USD,,,,90.6,,,,,,C04082,,,,
2117,,GJ,5/29/2026,,Wedbush_Brokerage Commissions_20260529,,,,50110,303P,D21300,ARB04083_USD,,,,9.9,,,,,,C04083,,,,
2118,,GJ,5/29/2026,,Wedbush_Brokerage Commissions_20260529,,,,50110,303P,D12000,ARB04085_USD,,,,79.5,,,,,,C02502,,,,
2119,,GJ,5/29/2026,,Wedbush_Brokerage Commissions_20260529,,,,50110,303P,D21030,ARB04086_USD,,,,20766.0,,,,,,C04086,,,,
2120,,GJ,5/29/2026,,Wedbush_Brokerage Commissions_20260529,,,,50110,303P,D21030,ARB04087_USD,,,,4948.95,,,,,,C04022,,,,
2121,,GJ,5/29/2026,,Wedbush_Brokerage Commissions_20260529,,,,50110,303P,D20000,ARB04088_USD,,,,64.5,,,,,,C00001,,,,
2122,,GJ,5/29/2026,,Wedbush_Brokerage Commissions_20260529,,,,50110,303P,D23300,ARB04101_USD,,,,30.15,,,,,,C04101,,,,
2123,,GJ,5/29/2026,,Wedbush_Brokerage Commissions_20260529,,,,50110,303P,D23300,ARB04102_USD,,,,291.15,,,,,,C04102,,,,
2124,,GJ,5/29/2026,,Wedbush_Brokerage Commissions_20260529,,,,50110,303P,D23300,ARB04103_USD,,,,759.0,,,,,,C04103,,,,
2125,,GJ,5/29/2026,,Wedbush_Brokerage Commissions_20260529,,,,50110,303P,D23300,ARB04104_USD,,,,518.25,,,,,,C04104,,,,
2126,,GJ,5/29/2026,,Wedbush_Brokerage Commissions_20260529,,,,50110,303P,D23020,ARB04105_USD,,,,687.6,,,,,,C04105,,,,
2127,,GJ,5/29/2026,,Wedbush_Brokerage Commissions_20260529,,,,50110,303P,D23020,ARB04106_USD,,,,1111.8,,,,,,C04105,,,,
2128,,GJ,5/29/2026,,Wedbush_Brokerage Commissions_20260529,,,,50110,303P,D23300,ARB04108_USD,,,,3420.3,,,,,,C04108,,,,
2129,,GJ,5/29/2026,,Wedbush_Brokerage Commissions_20260529,,,,50110,303P,D23300,ARB04110_USD,,,,121.65,,,,,,C04110,,,,
2130,,GJ,5/29/2026,,Wedbush_Brokerage Commissions_20260529,,,,50110,303P,D23300,ARB04111_USD,,,,1775.1000000000001,,,,,,C04111,,,,
2131,,GJ,5/29/2026,,Wedbush_Brokerage Commissions_20260529,,,,50110,303P,D23300,ARB04112_USD,,,,213.3,,,,,,C04112,,,,
2132,,GJ,5/29/2026,,Wedbush_Brokerage Commissions_20260529,,,,50110,303P,D23300,ARB04113_USD,,,,300.9,,,,,,C03122,,,,
2133,,GJ,5/29/2026,,Wedbush_Brokerage Commissions_20260529,,,,50110,303P,D23090,ARB04114_USD,,,,1518.1499999999999,,,,,,C04114,,,,
2134,,GJ,5/29/2026,,Wedbush_Brokerage Commissions_20260529,,,,50110,303P,D23300,ARB04116_USD,,,,967.5,,,,,,C04101,,,,
2135,,GJ,5/29/2026,,Wedbush_Brokerage Commissions_20260529,,,,50110,303P,D23300,ARB04117_USD,,,,336.0,,,,,,C04102,,,,
2136,,GJ,5/29/2026,,Wedbush_Brokerage Commissions_20260529,,,,50110,303P,D23300,ARB04118_USD,,,,144.3,,,,,,C04118,,,,
2137,,GJ,5/29/2026,,Wedbush_Brokerage Commissions_20260529,,,,50110,303P,D23300,ARB04119_USD,,,,51.9,,,,,,C04110,,,,
2138,,GJ,5/29/2026,,Wedbush_Brokerage Commissions_20260529,,,,50110,303P,D23010,ARB04157_USD,,,,110.1,,,,,,C01268,,,,
2139,,GJ,5/29/2026,,Wedbush_Brokerage Commissions_20260529,,,,50110,303P,D23010,ARB04158_USD,,,,0.3,,,,,,C01269,,,,
2140,,GJ,5/29/2026,,Wedbush_Brokerage Commissions_20260529,,,,50110,303P,D23010,ARB04159_USD,,,,2.1,,,,,,C01270,,,,
2141,,GJ,5/29/2026,,Wedbush_Brokerage Commissions_20260529,,,,50110,303P,D23010,ARB04160_USD,,,,29.099999999999998,,,,,,C01271,,,,
2142,,GJ,5/29/2026,,Wedbush_Brokerage Commissions_20260529,,,,50110,303P,D23010,ARB04161_USD,,,,120.89999999999999,,,,,,C01272,,,,
2143,,GJ,5/29/2026,,Wedbush_Brokerage Commissions_20260529,,,,50110,303P,D23010,ARB04162_USD,,,,6.9,,,,,,C01273,,,,
2144,,GJ,5/29/2026,,Wedbush_Brokerage Commissions_20260529,,,,50110,303P,D23100,ARB04164_USD,,,,368.1,,,,,,C01275,,,,
2145,,GJ,5/29/2026,,Wedbush_Brokerage Commissions_20260529,,,,50110,303P,D23100,ARB04165_USD,,,,184.5,,,,,,C01276,,,,
2146,,GJ,5/29/2026,,Wedbush_Brokerage Commissions_20260529,,,,50110,303P,D23100,ARB04166_USD,,,,362.4,,,,,,C01277,,,,
2147,,GJ,5/29/2026,,Wedbush_Brokerage Commissions_20260529,,,,50110,303P,D23100,ARB04167_USD,,,,329.4,,,,,,C01278,,,,
2148,,GJ,5/29/2026,,Wedbush_Brokerage Commissions_20260529,,,,50110,303P,D23100,ARB04168_USD,,,,543.6,,,,,,C01279,,,,
2149,,GJ,5/29/2026,,Wedbush_Brokerage Commissions_20260529,,,,50110,ATGN,D24010,ARB04336_USD,,,,0.0,,,,,,C00650,,,,
2150,,GJ,5/29/2026,,Wedbush_Brokerage Commissions_20260529,,,,50110,ATGN,D24010,ARB04345_USD,,,,112.0,,,,,,C00650,,,,
2151,,GJ,5/29/2026,,Wedbush_Brokerage Commissions_20260529,,,,50110,ATGN,D21300,ARB04348_EUR,,,,18.9,,,,,,C04048,,,,
2152,,GJ,5/29/2026,,Wedbush_Brokerage Commissions_20260529,,,,50110,ATGN,D21300,ARB04348_GBP,,,,0.0,,,,,,C04048,,,,
2153,,GJ,5/29/2026,,Wedbush_Brokerage Commissions_20260529,,,,50110,ATGN,D21300,ARB04348_USD,,,,113.7,,,,,,C04048,,,,
2154,,GJ,5/29/2026,,Wedbush_Brokerage Commissions_20260529,,,,50110,ATGN,D21300,ARB04357_EUR,,,,55.35,,,,,,C01057,,,,
2155,,GJ,5/29/2026,,Wedbush_Brokerage Commissions_20260529,,,,50110,ATGN,D21300,ARB04357_GBP,,,,0.0,,,,,,C01057,,,,
2156,,GJ,5/29/2026,,Wedbush_Brokerage Commissions_20260529,,,,50110,ATGN,D21300,ARB04384_EUR,,,,219.9,,,,,,C03073,,,,
2157,,GJ,5/29/2026,,Wedbush_Brokerage Commissions_20260529,,,,50110,ATGN,D21300,ARB04384_GBP,,,,0.0,,,,,,C03073,,,,
2158,,GJ,5/29/2026,,Wedbush_Brokerage Commissions_20260529,,,,50110,ATGN,D21300,ARB04384_USD,,,,276.0,,,,,,C03073,,,,
2159,,GJ,5/29/2026,,Wedbush_Brokerage Commissions_20260529,,,,50110,ATGN,D20000,ARB04388_USD,,,,5.1,,,,,,C00001,,,,
2160,,GJ,5/29/2026,,Wedbush_Brokerage Commissions_20260529,,,,50110,ATGN,D23300,ARB04401_USD,,,,52.65,,,,,,C04101,,,,
2161,,GJ,5/29/2026,,Wedbush_Brokerage Commissions_20260529,,,,50110,ATGN,D23300,ARB04402_USD,,,,512.7,,,,,,C04102,,,,
2162,,GJ,5/29/2026,,Wedbush_Brokerage Commissions_20260529,,,,50110,ATGN,D23300,ARB04403_USD,,,,60.6,,,,,,C04103,,,,
2163,,GJ,5/29/2026,,Wedbush_Brokerage Commissions_20260529,,,,50110,ATGN,D23300,ARB04404_EUR,,,,4.8,,,,,,C04104,,,,
2164,,GJ,5/29/2026,,Wedbush_Brokerage Commissions_20260529,,,,50110,ATGN,D23300,ARB04404_GBP,,,,0.0,,,,,,C04104,,,,
2165,,GJ,5/29/2026,,Wedbush_Brokerage Commissions_20260529,,,,50110,ATGN,D23300,ARB04404_USD,,,,372.0,,,,,,C04104,,,,
2166,,GJ,5/29/2026,,Wedbush_Brokerage Commissions_20260529,,,,50110,ATGN,D23020,ARB04405_CAD,,,,0.0,,,,,,C04105,,,,
2167,,GJ,5/29/2026,,Wedbush_Brokerage Commissions_20260529,,,,50110,ATGN,D23020,ARB04405_USD,,,,64.8,,,,,,C04105,,,,
2168,,GJ,5/29/2026,,Wedbush_Brokerage Commissions_20260529,,,,50110,ATGN,D23020,ARB04406_CAD,,,,0.0,,,,,,C04105,,,,
2169,,GJ,5/29/2026,,Wedbush_Brokerage Commissions_20260529,,,,50110,ATGN,D23020,ARB04406_EUR,,,,2.4,,,,,,C04105,,,,
2170,,GJ,5/29/2026,,Wedbush_Brokerage Commissions_20260529,,,,50110,ATGN,D23020,ARB04406_GBP,,,,0.0,,,,,,C04105,,,,
2171,,GJ,5/29/2026,,Wedbush_Brokerage Commissions_20260529,,,,50110,ATGN,D23020,ARB04406_USD,,,,334.8,,,,,,C04105,,,,
2172,,GJ,5/29/2026,,Wedbush_Brokerage Commissions_20260529,,,,50110,ATGN,D23300,ARB04408_EUR,,,,481.2,,,,,,C04108,,,,
2173,,GJ,5/29/2026,,Wedbush_Brokerage Commissions_20260529,,,,50110,ATGN,D23300,ARB04408_GBP,,,,0.0,,,,,,C04108,,,,
2174,,GJ,5/29/2026,,Wedbush_Brokerage Commissions_20260529,,,,50110,ATGN,D23300,ARB04410_USD,,,,499.8,,,,,,C04110,,,,
2175,,GJ,5/29/2026,,Wedbush_Brokerage Commissions_20260529,,,,50110,ATGN,D23300,ARB04413_EUR,,,,2.7,,,,,,C03122,,,,
2176,,GJ,5/29/2026,,Wedbush_Brokerage Commissions_20260529,,,,50110,ATGN,D23300,ARB04413_GBP,,,,0.0,,,,,,C03122,,,,
2177,,GJ,5/29/2026,,Wedbush_Brokerage Commissions_20260529,,,,50110,ATGN,D23300,ARB04413_USD,,,,132.3,,,,,,C03122,,,,
2178,,GJ,5/29/2026,,Wedbush_Brokerage Commissions_20260529,,,,50110,ATGN,D23300,ARB04418_USD,,,,123.30000000000001,,,,,,C04118,,,,
2179,,GJ,5/29/2026,,Wedbush_Brokerage Commissions_20260529,,,,50110,ATGN,D23020,ARB04451_EUR,,,,255.9,,,,,,C01266,,,,
2180,,GJ,5/29/2026,,Wedbush_Brokerage Commissions_20260529,,,,50110,ATGN,D23020,ARB04451_GBP,,,,0.0,,,,,,C01266,,,,
2181,,GJ,5/29/2026,,Wedbush_Brokerage Commissions_20260529,,,,50110,ATGN,D23020,ARB04451_USD,,,,430.8,,,,,,C01266,,,,
2182,,GJ,5/29/2026,,Wedbush_Brokerage Commissions_20260529,,,,50110,ATGN,D23020,ARB04452_EUR,,,,226.8,,,,,,C01265,,,,
2183,,GJ,5/29/2026,,Wedbush_Brokerage Commissions_20260529,,,,50110,ATGN,D23020,ARB04452_GBP,,,,0.0,,,,,,C01265,,,,
2184,,GJ,5/29/2026,,Wedbush_Brokerage Commissions_20260529,,,,50110,ATGN,D23020,ARB04452_USD,,,,420.90000000000003,,,,,,C01265,,,,
2185,,GJ,5/29/2026,,Wedbush_Brokerage Commissions_20260529,,,,50110,ATGN,D23020,ARB04454_EUR,,,,270.0,,,,,,C01261,,,,
2186,,GJ,5/29/2026,,Wedbush_Brokerage Commissions_20260529,,,,50110,ATGN,D23020,ARB04454_GBP,,,,0.0,,,,,,C01261,,,,
2187,,GJ,5/29/2026,,Wedbush_Brokerage Commissions_20260529,,,,50110,ATGN,D23020,ARB04454_USD,,,,690.6,,,,,,C01261,,,,
2188,,GJ,5/29/2026,,Wedbush_Brokerage Commissions_20260529,,,,50110,ATGN,D23010,ARB04459_CAD,,,,0.0,,,,,,C01270,,,,
2189,,GJ,5/29/2026,,Wedbush_Brokerage Commissions_20260529,,,,50110,ATGN,D23010,ARB04459_USD,,,,2.7,,,,,,C01270,,,,
2190,,GJ,5/29/2026,,Wedbush_Brokerage Commissions_20260529,,,,50110,303P,D21300,ARB05057_EUR,,,,0.0,,,,,,C01057,,,,
2191,,GJ,5/29/2026,,Wedbush_Brokerage Commissions_20260529,,,,50110,303P,D21300,ARB05057_USD,,,,1281.45,,,,,,C01057,,,,
2192,,GJ,5/29/2026,,Wedbush_Brokerage Commissions_20260529,,,,50110,ATGN,D21300,ARB05357_EUR,,,,159553.65,,,,,,C01057,,,,
2193,,GJ,5/29/2026,,Wedbush_Brokerage Commissions_20260529,,,,50110,ATGN,D21300,ARB05357_GBP,,,,0.0,,,,,,C01057,,,,
2194,,GJ,5/29/2026,,Wedbush_Brokerage Commissions_20260529,,,,50110,303P,D21300,ARB06057_USD,,,,2733.75,,,,,,C01057,,,,
2195,,GJ,5/29/2026,,Wedbush_Brokerage Commissions_20260529,,,,50110,ATGN,D21300,ARB06357_USD,,,,809.55,,,,,,C01057,,,,
2196,,GJ,5/29/2026,,Wedbush_Clearing and Exchange Fees_20260529,,,,12100,303P,D24300,ARB00020_USD,,,,,1981.48,,,,,C00020,,,,
2197,,GJ,5/29/2026,,Wedbush_Clearing and Exchange Fees_20260529,,,,12100,303P,D21300,ARB00054_USD,,,,,10135.800000000001,,,,,C00054,,,,
2198,,GJ,5/29/2026,,Wedbush_Clearing and Exchange Fees_20260529,,,,12100,303P,D21300,ARB00055_USD,,,,,159.9,,,,,C00054,,,,
2199,,GJ,5/29/2026,,Wedbush_Clearing and Exchange Fees_20260529,,,,12100,303P,D21300,ARB00068_USD,,,,,4835.52,,,,,C03068,,,,
2200,,GJ,5/29/2026,,Wedbush_Clearing and Exchange Fees_20260529,,,,12100,303P,D21300,ARB00090_USD,,,,,865.66,,,,,C00090,,,,
2201,,GJ,5/29/2026,,Wedbush_Clearing and Exchange Fees_20260529,,,,12100,303P,D23300,ARB00110_USD,,,,,929.52,,,,,C00110,,,,
2202,,GJ,5/29/2026,,Wedbush_Clearing and Exchange Fees_20260529,,,,12100,303P,D23300,ARB00112_USD,,,,,446.28000000000003,,,,,C00112,,,,
2203,,GJ,5/29/2026,,Wedbush_Clearing and Exchange Fees_20260529,,,,12100,303P,D23300,ARB00113_USD,,,,,558.36,,,,,C00112,,,,
2204,,GJ,5/29/2026,,Wedbush_Clearing and Exchange Fees_20260529,,,,12100,303P,D23300,ARB00122_USD,,,,,54.22,,,,,C00122,,,,
2205,,GJ,5/29/2026,,Wedbush_Clearing and Exchange Fees_20260529,,,,12100,303P,D23080,ARB00123_USD,,,,,267.03000000000003,,,,,C01231,,,,
2206,,GJ,5/29/2026,,Wedbush_Clearing and Exchange Fees_20260529,,,,12100,303P,D23020,ARB00124_USD,,,,,713.0699999999999,,,,,C00124,,,,
2207,,GJ,5/29/2026,,Wedbush_Clearing and Exchange Fees_20260529,,,,12100,303P,D23020,ARB00126_USD,,,,,48.76,,,,,C00426,,,,
2208,,GJ,5/29/2026,,Wedbush_Clearing and Exchange Fees_20260529,,,,12100,303P,D23300,ARB00132_USD,,,,,3015.28,,,,,C00132,,,,
2209,,GJ,5/29/2026,,Wedbush_Clearing and Exchange Fees_20260529,,,,12100,303P,D23300,ARB00135_USD,,,,,112.2,,,,,C00135,,,,
2210,,GJ,5/29/2026,,Wedbush_Clearing and Exchange Fees_20260529,,,,12100,303P,D23020,ARB00143_USD,,,,,280.28,,,,,C00125,,,,
2211,,GJ,5/29/2026,,Wedbush_Clearing and Exchange Fees_20260529,,,,12100,303P,D23020,ARB00146_USD,,,,,129.54000000000002,,,,,C00146,,,,
2212,,GJ,5/29/2026,,Wedbush_Clearing and Exchange Fees_20260529,,,,12100,303P,D23300,ARB00149_USD,,,,,685.76,,,,,C00149,,,,
2213,,GJ,5/29/2026,,Wedbush_Clearing and Exchange Fees_20260529,,,,12100,303P,D23300,ARB00156_USD,,,,,13652.74,,,,,C00156,,,,
2214,,GJ,5/29/2026,,Wedbush_Clearing and Exchange Fees_20260529,,,,12100,303P,D23010,ARB00160_USD,,,,,746.64,,,,,C00160,,,,
2215,,GJ,5/29/2026,,Wedbush_Clearing and Exchange Fees_20260529,,,,12100,303P,D23010,ARB00161_USD,,,,,1865.72,,,,,C00161,,,,
2216,,GJ,5/29/2026,,Wedbush_Clearing and Exchange Fees_20260529,,,,12100,303P,D23010,ARB00169_USD,,,,,12111.64,,,,,C00469,,,,
2217,,GJ,5/29/2026,,Wedbush_Clearing and Exchange Fees_20260529,,,,12100,303P,D23060,ARB00186_USD,,,,,1514.22,,,,,C00186,,,,
2218,,GJ,5/29/2026,,Wedbush_Clearing and Exchange Fees_20260529,,,,12100,303P,D23060,ARB00188_USD,,,,,123.86000000000001,,,,,C00186,,,,
2219,,GJ,5/29/2026,,Wedbush_Clearing and Exchange Fees_20260529,,,,12100,303P,D23300,ARB00193_USD,,,,,6031.76,,,,,C00193,,,,
2220,,GJ,5/29/2026,,Wedbush_Clearing and Exchange Fees_20260529,,,,12100,303P,D23300,ARB00194_USD,,,,,7764.88,,,,,C00194,,,,
2221,,GJ,5/29/2026,,Wedbush_Clearing and Exchange Fees_20260529,,,,12100,303P,D22000,ARB00203_USD,,,,,6.0,,,,,C00203,,,,
2222,,GJ,5/29/2026,,Wedbush_Clearing and Exchange Fees_20260529,,,,12100,303P,D22000,ARB00214_USD,,,,,1353.9,,,,,C00214,,,,
2223,,GJ,5/29/2026,,Wedbush_Clearing and Exchange Fees_20260529,,,,12100,303P,D22000,ARB00215_USD,,,,,9374.92,,,,,C00215,,,,
2224,,GJ,5/29/2026,,Wedbush_Clearing and Exchange Fees_20260529,,,,12100,303P,D22000,ARB00220_USD,,,,,2184.7,,,,,C00220,,,,
2225,,GJ,5/29/2026,,Wedbush_Clearing and Exchange Fees_20260529,,,,12100,303P,D22000,ARB00257_USD,,,,,8397.98,,,,,C00257,,,,
2226,,GJ,5/29/2026,,Wedbush_Clearing and Exchange Fees_20260529,,,,12100,303P,D22000,ARB00267_USD,,,,,1165.52,,,,,C00267,,,,
2227,,GJ,5/29/2026,,Wedbush_Clearing and Exchange Fees_20260529,,,,12100,ATGN,D21300,ARB00311_USD,,,,177.04,,,,,,C00011,,,,
2228,,GJ,5/29/2026,,Wedbush_Clearing and Exchange Fees_20260529,,,,12100,ATGN,D24300,ARB00320_EUR,,,,,0.0,,,,,C00020,,,,
2229,,GJ,5/29/2026,,Wedbush_Clearing and Exchange Fees_20260529,,,,12100,ATGN,D24300,ARB00320_GBP,,,,,2142.7200000000003,,,,,C00020,,,,
2230,,GJ,5/29/2026,,Wedbush_Clearing and Exchange Fees_20260529,,,,12100,ATGN,D21300,ARB00354_USD,,,,,1938.53,,,,,C00054,,,,
2231,,GJ,5/29/2026,,Wedbush_Clearing and Exchange Fees_20260529,,,,12100,ATGN,D21300,ARB00355_EUR,,,,,0.0,,,,,C00054,,,,
2232,,GJ,5/29/2026,,Wedbush_Clearing and Exchange Fees_20260529,,,,12100,ATGN,D21300,ARB00355_GBP,,,,,37.92,,,,,C00054,,,,
2233,,GJ,5/29/2026,,Wedbush_Clearing and Exchange Fees_20260529,,,,12100,ATGN,D21300,ARB00390_CAD,,,,,0.0,,,,,C00090,,,,
2234,,GJ,5/29/2026,,Wedbush_Clearing and Exchange Fees_20260529,,,,12100,ATGN,D21300,ARB00390_USD,,,,,3325.12,,,,,C00090,,,,
2235,,GJ,5/29/2026,,Wedbush_Clearing and Exchange Fees_20260529,,,,12100,ATGN,D23300,ARB00410_EUR,,,,,0.0,,,,,C00110,,,,
2236,,GJ,5/29/2026,,Wedbush_Clearing and Exchange Fees_20260529,,,,12100,ATGN,D23300,ARB00410_GBP,,,,,15.600000000000001,,,,,C00110,,,,
2237,,GJ,5/29/2026,,Wedbush_Clearing and Exchange Fees_20260529,,,,12100,ATGN,D23300,ARB00412_EUR,,,,,0.0,,,,,C00112,,,,
2238,,GJ,5/29/2026,,Wedbush_Clearing and Exchange Fees_20260529,,,,12100,ATGN,D23300,ARB00412_GBP,,,,,331.6,,,,,C00112,,,,
2239,,GJ,5/29/2026,,Wedbush_Clearing and Exchange Fees_20260529,,,,12100,ATGN,D23300,ARB00412_USD,,,,,838.8,,,,,C00112,,,,
2240,,GJ,5/29/2026,,Wedbush_Clearing and Exchange Fees_20260529,,,,12100,ATGN,D23300,ARB00422_EUR,,,,,0.0,,,,,C00122,,,,
2241,,GJ,5/29/2026,,Wedbush_Clearing and Exchange Fees_20260529,,,,12100,ATGN,D23300,ARB00422_GBP,,,,,24.98,,,,,C00122,,,,
2242,,GJ,5/29/2026,,Wedbush_Clearing and Exchange Fees_20260529,,,,12100,ATGN,D23300,ARB00422_USD,,,,,10105.18,,,,,C00122,,,,
2243,,GJ,5/29/2026,,Wedbush_Clearing and Exchange Fees_20260529,,,,12100,ATGN,D23080,ARB00423_CAD,,,,,0.0,,,,,C01231,,,,
2244,,GJ,5/29/2026,,Wedbush_Clearing and Exchange Fees_20260529,,,,12100,ATGN,D23080,ARB00423_EUR,,,,,0.0,,,,,C01231,,,,
2245,,GJ,5/29/2026,,Wedbush_Clearing and Exchange Fees_20260529,,,,12100,ATGN,D23080,ARB00423_GBP,,,,,56.16,,,,,C01231,,,,
2246,,GJ,5/29/2026,,Wedbush_Clearing and Exchange Fees_20260529,,,,12100,ATGN,D23080,ARB00423_USD,,,,,41454.630000000005,,,,,C01231,,,,
2247,,GJ,5/29/2026,,Wedbush_Clearing and Exchange Fees_20260529,,,,12100,ATGN,D23020,ARB00424_CAD,,,,,0.0,,,,,C00124,,,,
2248,,GJ,5/29/2026,,Wedbush_Clearing and Exchange Fees_20260529,,,,12100,ATGN,D23020,ARB00424_EUR,,,,,0.0,,,,,C00124,,,,
2249,,GJ,5/29/2026,,Wedbush_Clearing and Exchange Fees_20260529,,,,12100,ATGN,D23020,ARB00424_GBP,,,,,515.06,,,,,C00124,,,,
2250,,GJ,5/29/2026,,Wedbush_Clearing and Exchange Fees_20260529,,,,12100,ATGN,D23020,ARB00424_USD,,,,,26818.84,,,,,C00124,,,,
2251,,GJ,5/29/2026,,Wedbush_Clearing and Exchange Fees_20260529,,,,12100,ATGN,D23020,ARB00425_EUR,,,,,0.0,,,,,C00125,,,,
2252,,GJ,5/29/2026,,Wedbush_Clearing and Exchange Fees_20260529,,,,12100,ATGN,D23020,ARB00425_GBP,,,,,547.14,,,,,C00125,,,,
2253,,GJ,5/29/2026,,Wedbush_Clearing and Exchange Fees_20260529,,,,12100,ATGN,D23020,ARB00425_USD,,,,,42041.200000000004,,,,,C00125,,,,
2254,,GJ,5/29/2026,,Wedbush_Clearing and Exchange Fees_20260529,,,,12100,ATGN,D23020,ARB00426_EUR,,,,,0.0,,,,,C00426,,,,
2255,,GJ,5/29/2026,,Wedbush_Clearing and Exchange Fees_20260529,,,,12100,ATGN,D23020,ARB00426_GBP,,,,,178.87,,,,,C00426,,,,
2256,,GJ,5/29/2026,,Wedbush_Clearing and Exchange Fees_20260529,,,,12100,ATGN,D23020,ARB00426_USD,,,,,13487.92,,,,,C00426,,,,
2257,,GJ,5/29/2026,,Wedbush_Clearing and Exchange Fees_20260529,,,,12100,ATGN,D23300,ARB00432_EUR,,,,,0.0,,,,,C00132,,,,
2258,,GJ,5/29/2026,,Wedbush_Clearing and Exchange Fees_20260529,,,,12100,ATGN,D23300,ARB00432_GBP,,,,,1160.16,,,,,C00132,,,,
2259,,GJ,5/29/2026,,Wedbush_Clearing and Exchange Fees_20260529,,,,12100,ATGN,D23300,ARB00432_USD,,,,,107.19,,,,,C00132,,,,
2260,,GJ,5/29/2026,,Wedbush_Clearing and Exchange Fees_20260529,,,,12100,ATGN,D23300,ARB00435_EUR,,,,,0.0,,,,,C00135,,,,
2261,,GJ,5/29/2026,,Wedbush_Clearing and Exchange Fees_20260529,,,,12100,ATGN,D23300,ARB00435_GBP,,,,,25.74,,,,,C00135,,,,
2262,,GJ,5/29/2026,,Wedbush_Clearing and Exchange Fees_20260529,,,,12100,ATGN,D23300,ARB00435_USD,,,,,29410.5,,,,,C00135,,,,
2263,,GJ,5/29/2026,,Wedbush_Clearing and Exchange Fees_20260529,,,,12100,ATGN,D23020,ARB00442_USD,,,,,420.0,,,,,C00124,,,,
2264,,GJ,5/29/2026,,Wedbush_Clearing and Exchange Fees_20260529,,,,12100,ATGN,D23020,ARB00443_USD,,,,,420.0,,,,,C00125,,,,
2265,,GJ,5/29/2026,,Wedbush_Clearing and Exchange Fees_20260529,,,,12100,ATGN,D23020,ARB00446_EUR,,,,,0.0,,,,,C00146,,,,
2266,,GJ,5/29/2026,,Wedbush_Clearing and Exchange Fees_20260529,,,,12100,ATGN,D23020,ARB00446_GBP,,,,,462.72,,,,,C00146,,,,
2267,,GJ,5/29/2026,,Wedbush_Clearing and Exchange Fees_20260529,,,,12100,ATGN,D23020,ARB00446_USD,,,,,11684.08,,,,,C00146,,,,
2268,,GJ,5/29/2026,,Wedbush_Clearing and Exchange Fees_20260529,,,,12100,ATGN,D23300,ARB00449_EUR,,,,,0.0,,,,,C00149,,,,
2269,,GJ,5/29/2026,,Wedbush_Clearing and Exchange Fees_20260529,,,,12100,ATGN,D23300,ARB00449_GBP,,,,,78.32,,,,,C00149,,,,
2270,,GJ,5/29/2026,,Wedbush_Clearing and Exchange Fees_20260529,,,,12100,ATGN,D23300,ARB00449_USD,,,,,3228.38,,,,,C00149,,,,
2271,,GJ,5/29/2026,,Wedbush_Clearing and Exchange Fees_20260529,,,,12100,ATGN,D23300,ARB00456_EUR,,,,,0.0,,,,,C00156,,,,
2272,,GJ,5/29/2026,,Wedbush_Clearing and Exchange Fees_20260529,,,,12100,ATGN,D23300,ARB00456_GBP,,,,,181.36,,,,,C00156,,,,
2273,,GJ,5/29/2026,,Wedbush_Clearing and Exchange Fees_20260529,,,,12100,ATGN,D23300,ARB00456_USD,,,,,2857.7,,,,,C00156,,,,
2274,,GJ,5/29/2026,,Wedbush_Clearing and Exchange Fees_20260529,,,,12100,ATGN,D23010,ARB00460_CAD,,,,,0.0,,,,,C00160,,,,
2275,,GJ,5/29/2026,,Wedbush_Clearing and Exchange Fees_20260529,,,,12100,ATGN,D23010,ARB00460_USD,,,,,2536.9,,,,,C00160,,,,
2276,,GJ,5/29/2026,,Wedbush_Clearing and Exchange Fees_20260529,,,,12100,ATGN,D23010,ARB00461_CAD,,,,,0.0,,,,,C00161,,,,
2277,,GJ,5/29/2026,,Wedbush_Clearing and Exchange Fees_20260529,,,,12100,ATGN,D23010,ARB00461_USD,,,,,1535.58,,,,,C00161,,,,
2278,,GJ,5/29/2026,,Wedbush_Clearing and Exchange Fees_20260529,,,,12100,ATGN,D23010,ARB00469_CAD,,,,,0.0,,,,,C00469,,,,
2279,,GJ,5/29/2026,,Wedbush_Clearing and Exchange Fees_20260529,,,,12100,ATGN,D23010,ARB00469_EUR,,,,,0.0,,,,,C00469,,,,
2280,,GJ,5/29/2026,,Wedbush_Clearing and Exchange Fees_20260529,,,,12100,ATGN,D23010,ARB00469_GBP,,,,,269.34,,,,,C00469,,,,
2281,,GJ,5/29/2026,,Wedbush_Clearing and Exchange Fees_20260529,,,,12100,ATGN,D23010,ARB00469_USD,,,,,22805.010000000002,,,,,C00469,,,,
2282,,GJ,5/29/2026,,Wedbush_Clearing and Exchange Fees_20260529,,,,12100,ATGN,D23060,ARB00486_EUR,,,,,0.0,,,,,C00186,,,,
2283,,GJ,5/29/2026,,Wedbush_Clearing and Exchange Fees_20260529,,,,12100,ATGN,D23060,ARB00486_GBP,,,,,7.8,,,,,C00186,,,,
2284,,GJ,5/29/2026,,Wedbush_Clearing and Exchange Fees_20260529,,,,12100,ATGN,D23060,ARB00486_USD,,,,,615.6800000000001,,,,,C00186,,,,
2285,,GJ,5/29/2026,,Wedbush_Clearing and Exchange Fees_20260529,,,,12100,ATGN,D23060,ARB00488_USD,,,,,98.56,,,,,C00186,,,,
2286,,GJ,5/29/2026,,Wedbush_Clearing and Exchange Fees_20260529,,,,12100,ATGN,D23300,ARB00493_CAD,,,,,0.0,,,,,C00193,,,,
2287,,GJ,5/29/2026,,Wedbush_Clearing and Exchange Fees_20260529,,,,12100,ATGN,D23300,ARB00493_EUR,,,,,0.0,,,,,C00193,,,,
2288,,GJ,5/29/2026,,Wedbush_Clearing and Exchange Fees_20260529,,,,12100,ATGN,D23300,ARB00493_GBP,,,,,219.18,,,,,C00193,,,,
2289,,GJ,5/29/2026,,Wedbush_Clearing and Exchange Fees_20260529,,,,12100,ATGN,D23300,ARB00493_USD,,,,,5368.58,,,,,C00193,,,,
2290,,GJ,5/29/2026,,Wedbush_Clearing and Exchange Fees_20260529,,,,12100,ATGN,D23300,ARB00494_CAD,,,,,0.0,,,,,C00194,,,,
2291,,GJ,5/29/2026,,Wedbush_Clearing and Exchange Fees_20260529,,,,12100,ATGN,D23300,ARB00494_EUR,,,,,0.0,,,,,C00194,,,,
2292,,GJ,5/29/2026,,Wedbush_Clearing and Exchange Fees_20260529,,,,12100,ATGN,D23300,ARB00494_GBP,,,,,166.03,,,,,C00194,,,,
2293,,GJ,5/29/2026,,Wedbush_Clearing and Exchange Fees_20260529,,,,12100,ATGN,D23300,ARB00494_USD,,,,,17768.04,,,,,C00194,,,,
2294,,GJ,5/29/2026,,Wedbush_Clearing and Exchange Fees_20260529,,,,12100,ATGN,D22000,ARB00503_EUR,,,,,0.0,,,,,C00203,,,,
2295,,GJ,5/29/2026,,Wedbush_Clearing and Exchange Fees_20260529,,,,12100,ATGN,D22000,ARB00503_GBP,,,,,100.84,,,,,C00203,,,,
2296,,GJ,5/29/2026,,Wedbush_Clearing and Exchange Fees_20260529,,,,12100,ATGN,D22000,ARB00503_USD,,,,,1020.24,,,,,C00203,,,,
2297,,GJ,5/29/2026,,Wedbush_Clearing and Exchange Fees_20260529,,,,12100,ATGN,D22000,ARB00514_EUR,,,,,0.0,,,,,C00214,,,,
2298,,GJ,5/29/2026,,Wedbush_Clearing and Exchange Fees_20260529,,,,12100,ATGN,D22000,ARB00514_GBP,,,,,76.3,,,,,C00214,,,,
2299,,GJ,5/29/2026,,Wedbush_Clearing and Exchange Fees_20260529,,,,12100,ATGN,D22000,ARB00520_EUR,,,,,0.0,,,,,C00220,,,,
2300,,GJ,5/29/2026,,Wedbush_Clearing and Exchange Fees_20260529,,,,12100,ATGN,D22000,ARB00520_GBP,,,,,48.0,,,,,C00220,,,,
2301,,GJ,5/29/2026,,Wedbush_Clearing and Exchange Fees_20260529,,,,12100,ATGN,D22000,ARB00520_USD,,,,,8.4,,,,,C00220,,,,
2302,,GJ,5/29/2026,,Wedbush_Clearing and Exchange Fees_20260529,,,,12100,ATGN,D22000,ARB00557_EUR,,,,,0.0,,,,,C00257,,,,
2303,,GJ,5/29/2026,,Wedbush_Clearing and Exchange Fees_20260529,,,,12100,ATGN,D22000,ARB00557_GBP,,,,,16.0,,,,,C00257,,,,
2304,,GJ,5/29/2026,,Wedbush_Clearing and Exchange Fees_20260529,,,,12100,ATGN,D22000,ARB00567_EUR,,,,,0.0,,,,,C00267,,,,
2305,,GJ,5/29/2026,,Wedbush_Clearing and Exchange Fees_20260529,,,,12100,ATGN,D22000,ARB00567_GBP,,,,,334.94000000000005,,,,,C00267,,,,
2306,,GJ,5/29/2026,,Wedbush_Clearing and Exchange Fees_20260529,,,,12100,ATGN,D22000,ARB00567_USD,,,,,1403.8400000000001,,,,,C00267,,,,
2307,,GJ,5/29/2026,,Wedbush_Clearing and Exchange Fees_20260529,,,,12100,303S,D21300,ARB00754_USD,,,,,4140.45,,,,,C00754,,,,
2308,,GJ,5/29/2026,,Wedbush_Clearing and Exchange Fees_20260529,,,,12100,303S,D21030,ARB00765_USD,,,,,290.46,,,,,C00765,,,,
2309,,GJ,5/29/2026,,Wedbush_Clearing and Exchange Fees_20260529,,,,12100,303P,D21030,ARB01002_USD,,,,,303.64,,,,,C01064,,,,
2310,,GJ,5/29/2026,,Wedbush_Clearing and Exchange Fees_20260529,,,,12100,303P,D21300,ARB01057_MXN,,,,,0.0,,,,,C01057,,,,
2311,,GJ,5/29/2026,,Wedbush_Clearing and Exchange Fees_20260529,,,,12100,303P,D21300,ARB01057_USD,,,,,675.5699999999999,,,,,C01057,,,,
2312,,GJ,5/29/2026,,Wedbush_Clearing and Exchange Fees_20260529,,,,12100,303P,D21030,ARB01063_USD,,,,,7672.72,,,,,C01063,,,,
2313,,GJ,5/29/2026,,Wedbush_Clearing and Exchange Fees_20260529,,,,12100,303P,D21030,ARB01064_USD,,,,,1347.92,,,,,C01064,,,,
2314,,GJ,5/29/2026,,Wedbush_Clearing and Exchange Fees_20260529,,,,12100,303P,D21030,ARB01065_USD,,,,,657.44,,,,,C01065,,,,
2315,,GJ,5/29/2026,,Wedbush_Clearing and Exchange Fees_20260529,,,,12100,303P,D21030,ARB01066_USD,,,,,382.8,,,,,C01066,,,,
2316,,GJ,5/29/2026,,Wedbush_Clearing and Exchange Fees_20260529,,,,12100,303P,D21030,ARB01067_USD,,,,,21.4,,,,,C01067,,,,
2317,,GJ,5/29/2026,,Wedbush_Clearing and Exchange Fees_20260529,,,,12100,303P,D21030,ARB01071_USD,,,,,5336.26,,,,,C01071,,,,
2318,,GJ,5/29/2026,,Wedbush_Clearing and Exchange Fees_20260529,,,,12100,303P,D21030,ARB01073_USD,,,,,4545.77,,,,,C01073,,,,
2319,,GJ,5/29/2026,,Wedbush_Clearing and Exchange Fees_20260529,,,,12100,303P,D21030,ARB01076_USD,,,,,7784.1,,,,,C01076,,,,
2320,,GJ,5/29/2026,,Wedbush_Clearing and Exchange Fees_20260529,,,,12100,303P,D21030,ARB01078_USD,,,,,2984.6200000000003,,,,,C01078,,,,
2321,,GJ,5/29/2026,,Wedbush_Clearing and Exchange Fees_20260529,,,,12100,303P,D21030,ARB01092_USD,,,,,28864.45,,,,,C01092,,,,
2322,,GJ,5/29/2026,,Wedbush_Clearing and Exchange Fees_20260529,,,,12100,303P,D23020,ARB01100_USD,,,,,101.38000000000001,,,,,C00146,,,,
2323,,GJ,5/29/2026,,Wedbush_Clearing and Exchange Fees_20260529,,,,12100,303P,D23020,ARB01117_USD,,,,,24.64,,,,,C01117,,,,
2324,,GJ,5/29/2026,,Wedbush_Clearing and Exchange Fees_20260529,,,,12100,303P,D23300,ARB01129_USD,,,,,6.12,,,,,C00149,,,,
2325,,GJ,5/29/2026,,Wedbush_Clearing and Exchange Fees_20260529,,,,12100,303P,D23300,ARB01145_USD,,,,,6135.259999999999,,,,,C01145,,,,
2326,,GJ,5/29/2026,,Wedbush_Clearing and Exchange Fees_20260529,,,,12100,303P,D23010,ARB01157_USD,,,,,2335.76,,,,,C01157,,,,
2327,,GJ,5/29/2026,,Wedbush_Clearing and Exchange Fees_20260529,,,,12100,303P,D23010,ARB01158_USD,,,,,29792.4,,,,,C01158,,,,
2328,,GJ,5/29/2026,,Wedbush_Clearing and Exchange Fees_20260529,,,,12100,303P,D23010,ARB01166_USD,,,,,1156.4,,,,,C01166,,,,
2329,,GJ,5/29/2026,,Wedbush_Clearing and Exchange Fees_20260529,,,,12100,303P,D23010,ARB01172_USD,,,,,1837.3,,,,,C01172,,,,
2330,,GJ,5/29/2026,,Wedbush_Clearing and Exchange Fees_20260529,,,,12100,303P,D23010,ARB01176_USD,,,,,4528.16,,,,,C01176,,,,
2331,,GJ,5/29/2026,,Wedbush_Clearing and Exchange Fees_20260529,,,,12100,303P,D23010,ARB01177_USD,,,,,24.8,,,,,C00469,,,,
2332,,GJ,5/29/2026,,Wedbush_Clearing and Exchange Fees_20260529,,,,12100,303P,D23300,ARB01195_USD,,,,,52.02,,,,,C00193,,,,
2333,,GJ,5/29/2026,,Wedbush_Clearing and Exchange Fees_20260529,,,,12100,ATGN,D21300,ARB01357_CHF,,,,,0.0,,,,,C01057,,,,
2334,,GJ,5/29/2026,,Wedbush_Clearing and Exchange Fees_20260529,,,,12100,ATGN,D21300,ARB01357_EUR,,,,,11017.2,,,,,C01057,,,,
2335,,GJ,5/29/2026,,Wedbush_Clearing and Exchange Fees_20260529,,,,12100,ATGN,D21300,ARB01357_GBP,,,,,23108.100000000002,,,,,C01057,,,,
2336,,GJ,5/29/2026,,Wedbush_Clearing and Exchange Fees_20260529,,,,12100,ATGN,D21300,ARB01357_USD,,,,,16231.0,,,,,C01057,,,,
2337,,GJ,5/29/2026,,Wedbush_Clearing and Exchange Fees_20260529,,,,12100,ATGN,D23020,ARB01400_EUR,,,,,0.0,,,,,C00146,,,,
2338,,GJ,5/29/2026,,Wedbush_Clearing and Exchange Fees_20260529,,,,12100,ATGN,D23020,ARB01400_GBP,,,,,1046.76,,,,,C00146,,,,
2339,,GJ,5/29/2026,,Wedbush_Clearing and Exchange Fees_20260529,,,,12100,ATGN,D23020,ARB01400_USD,,,,,7296.32,,,,,C00146,,,,
2340,,GJ,5/29/2026,,Wedbush_Clearing and Exchange Fees_20260529,,,,12100,ATGN,D23020,ARB01417_EUR,,,,,0.0,,,,,C01117,,,,
2341,,GJ,5/29/2026,,Wedbush_Clearing and Exchange Fees_20260529,,,,12100,ATGN,D23020,ARB01417_GBP,,,,,580.24,,,,,C01117,,,,
2342,,GJ,5/29/2026,,Wedbush_Clearing and Exchange Fees_20260529,,,,12100,ATGN,D23020,ARB01417_USD,,,,,19580.260000000002,,,,,C01117,,,,
2343,,GJ,5/29/2026,,Wedbush_Clearing and Exchange Fees_20260529,,,,12100,ATGN,D23300,ARB01445_EUR,,,,,0.0,,,,,C01145,,,,
2344,,GJ,5/29/2026,,Wedbush_Clearing and Exchange Fees_20260529,,,,12100,ATGN,D23300,ARB01445_GBP,,,,,2437.04,,,,,C01145,,,,
2345,,GJ,5/29/2026,,Wedbush_Clearing and Exchange Fees_20260529,,,,12100,ATGN,D23010,ARB01457_CAD,,,,,0.0,,,,,C01157,,,,
2346,,GJ,5/29/2026,,Wedbush_Clearing and Exchange Fees_20260529,,,,12100,ATGN,D23010,ARB01457_USD,,,,,1069.1,,,,,C01157,,,,
2347,,GJ,5/29/2026,,Wedbush_Clearing and Exchange Fees_20260529,,,,12100,ATGN,D23010,ARB01458_CAD,,,,,0.0,,,,,C01158,,,,
2348,,GJ,5/29/2026,,Wedbush_Clearing and Exchange Fees_20260529,,,,12100,ATGN,D23010,ARB01458_USD,,,,,6146.32,,,,,C01158,,,,
2349,,GJ,5/29/2026,,Wedbush_Clearing and Exchange Fees_20260529,,,,12100,ATGN,D23010,ARB01466_CAD,,,,,0.0,,,,,C01166,,,,
2350,,GJ,5/29/2026,,Wedbush_Clearing and Exchange Fees_20260529,,,,12100,ATGN,D23010,ARB01466_USD,,,,,630.7,,,,,C01166,,,,
2351,,GJ,5/29/2026,,Wedbush_Clearing and Exchange Fees_20260529,,,,12100,ATGN,D23010,ARB01472_CAD,,,,,0.0,,,,,C01172,,,,
2352,,GJ,5/29/2026,,Wedbush_Clearing and Exchange Fees_20260529,,,,12100,ATGN,D23010,ARB01472_USD,,,,,397.8,,,,,C01172,,,,
2353,,GJ,5/29/2026,,Wedbush_Clearing and Exchange Fees_20260529,,,,12100,ATGN,D23010,ARB01476_USD,,,,,2534.7,,,,,C01176,,,,
2354,,GJ,5/29/2026,,Wedbush_Clearing and Exchange Fees_20260529,,,,12100,303P,D21300,ARB01602_USD,,,,,1.36,,,,,C01602,,,,
2355,,GJ,5/29/2026,,Wedbush_Clearing and Exchange Fees_20260529,,,,12100,303P,D21300,ARB01606_USD,,,,,0.1,,,,,C01606,,,,
2356,,GJ,5/29/2026,,Wedbush_Clearing and Exchange Fees_20260529,,,,12100,303P,D21300,ARB02012_USD,,,,,17761.48,,,,,C02012,,,,
2357,,GJ,5/29/2026,,Wedbush_Clearing and Exchange Fees_20260529,,,,12100,303P,D21300,ARB02040_USD,,,,,143.52,,,,,C02040,,,,
2358,,GJ,5/29/2026,,Wedbush_Clearing and Exchange Fees_20260529,,,,12100,303P,D21300,ARB02043_USD,,,,,5871.7,,,,,C02520,,,,
2359,,GJ,5/29/2026,,Wedbush_Clearing and Exchange Fees_20260529,,,,12100,303P,D21300,ARB02044_USD,,,,,2709.12,,,,,C02044,,,,
2360,,GJ,5/29/2026,,Wedbush_Clearing and Exchange Fees_20260529,,,,12100,303P,D21300,ARB02045_USD,,,,,48.96,,,,,C02045,,,,
2361,,GJ,5/29/2026,,Wedbush_Clearing and Exchange Fees_20260529,,,,12100,303P,D21030,ARB02047_USD,,,,,1788.6100000000001,,,,,C01092,,,,
2362,,GJ,5/29/2026,,Wedbush_Clearing and Exchange Fees_20260529,,,,12100,303P,D21030,ARB02052_USD,,,,,101.11999999999999,,,,,C01078,,,,
2363,,GJ,5/29/2026,,Wedbush_Clearing and Exchange Fees_20260529,,,,12100,303P,D21300,ARB02055_USD,,,,,696.5,,,,,C00054,,,,
2364,,GJ,5/29/2026,,Wedbush_Clearing and Exchange Fees_20260529,,,,12100,303P,D21300,ARB02076_USD,,,,,119549.49,,,,,C02076,,,,
2365,,GJ,5/29/2026,,Wedbush_Clearing and Exchange Fees_20260529,,,,12100,303P,D23010,ARB02102_USD,,,,,2790.84,,,,,C02102,,,,
2366,,GJ,5/29/2026,,Wedbush_Clearing and Exchange Fees_20260529,,,,12100,303P,D23010,ARB02103_USD,,,,,6925.06,,,,,C00163,,,,
2367,,GJ,5/29/2026,,Wedbush_Clearing and Exchange Fees_20260529,,,,12100,303P,D23080,ARB02116_USD,,,,,1365.51,,,,,C02116,,,,
2368,,GJ,5/29/2026,,Wedbush_Clearing and Exchange Fees_20260529,,,,12100,303P,D23080,ARB02118_USD,,,,,1858.64,,,,,C01234,,,,
2369,,GJ,5/29/2026,,Wedbush_Clearing and Exchange Fees_20260529,,,,12100,303P,D23300,ARB02121_USD,,,,,369.84000000000003,,,,,C02121,,,,
2370,,GJ,5/29/2026,,Wedbush_Clearing and Exchange Fees_20260529,,,,12100,303P,D23020,ARB02129_USD,,,,,2912.0299999999997,,,,,C02129,,,,
2371,,GJ,5/29/2026,,Wedbush_Clearing and Exchange Fees_20260529,,,,12100,303P,D23010,ARB02132_USD,,,,,606.72,,,,,C02132,,,,
2372,,GJ,5/29/2026,,Wedbush_Clearing and Exchange Fees_20260529,,,,12100,303P,D23010,ARB02135_USD,,,,,563.8399999999999,,,,,C02135,,,,
2373,,GJ,5/29/2026,,Wedbush_Clearing and Exchange Fees_20260529,,,,12100,303P,D23010,ARB02136_USD,,,,,916.8,,,,,C02136,,,,
2374,,GJ,5/29/2026,,Wedbush_Clearing and Exchange Fees_20260529,,,,12100,303P,D23010,ARB02145_USD,,,,,566.72,,,,,C02145,,,,
2375,,GJ,5/29/2026,,Wedbush_Clearing and Exchange Fees_20260529,,,,12100,303P,D23010,ARB02147_USD,,,,,4473.1900000000005,,,,,C02147,,,,
2376,,GJ,5/29/2026,,Wedbush_Clearing and Exchange Fees_20260529,,,,12100,303P,D23010,ARB02149_USD,,,,,986.72,,,,,C02149,,,,
2377,,GJ,5/29/2026,,Wedbush_Clearing and Exchange Fees_20260529,,,,12100,303P,D23060,ARB02152_USD,,,,,788.0999999999999,,,,,C00186,,,,
2378,,GJ,5/29/2026,,Wedbush_Clearing and Exchange Fees_20260529,,,,12100,303P,D23300,ARB02154_USD,,,,,860.8,,,,,C00149,,,,
2379,,GJ,5/29/2026,,Wedbush_Clearing and Exchange Fees_20260529,,,,12100,303P,D23020,ARB02156_USD,,,,,6.72,,,,,C02156,,,,
2380,,GJ,5/29/2026,,Wedbush_Clearing and Exchange Fees_20260529,,,,12100,303P,D23300,ARB02158_USD,,,,,2906.4,,,,,C01145,,,,
2381,,GJ,5/29/2026,,Wedbush_Clearing and Exchange Fees_20260529,,,,12100,303P,D23300,ARB02167_USD,,,,,1894.48,,,,,C00118,,,,
2382,,GJ,5/29/2026,,Wedbush_Clearing and Exchange Fees_20260529,,,,12100,303P,D23300,ARB02168_USD,,,,,24.479999999999997,,,,,C00194,,,,
2383,,GJ,5/29/2026,,Wedbush_Clearing and Exchange Fees_20260529,,,,12100,303P,D23010,ARB02173_USD,,,,,4480.5599999999995,,,,,C00463,,,,
2384,,GJ,5/29/2026,,Wedbush_Clearing and Exchange Fees_20260529,,,,12100,303P,D23010,ARB02176_USD,,,,,35954.15,,,,,C00463,,,,
2385,,GJ,5/29/2026,,Wedbush_Clearing and Exchange Fees_20260529,,,,12100,303P,D23010,ARB02177_USD,,,,,2789.23,,,,,C02177,,,,
2386,,GJ,5/29/2026,,Wedbush_Clearing and Exchange Fees_20260529,,,,12100,303P,D23010,ARB02179_USD,,,,,7230.84,,,,,C02179,,,,
2387,,GJ,5/29/2026,,Wedbush_Clearing and Exchange Fees_20260529,,,,12100,303P,D23010,ARB02180_USD,,,,,4105.59,,,,,C02180,,,,
2388,,GJ,5/29/2026,,Wedbush_Clearing and Exchange Fees_20260529,,,,12100,303P,D23010,ARB02181_USD,,,,,10449.68,,,,,C02181,,,,
2389,,GJ,5/29/2026,,Wedbush_Clearing and Exchange Fees_20260529,,,,12100,303P,D23010,ARB02182_USD,,,,,3307.77,,,,,C02182,,,,
2390,,GJ,5/29/2026,,Wedbush_Clearing and Exchange Fees_20260529,,,,12100,303P,D23010,ARB02183_USD,,,,,14074.480000000001,,,,,C02183,,,,
2391,,GJ,5/29/2026,,Wedbush_Clearing and Exchange Fees_20260529,,,,12100,303P,D23010,ARB02184_USD,,,,,14585.14,,,,,C02184,,,,
2392,,GJ,5/29/2026,,Wedbush_Clearing and Exchange Fees_20260529,,,,12100,303P,D23010,ARB02185_USD,,,,,274.4,,,,,C02185,,,,
2393,,GJ,5/29/2026,,Wedbush_Clearing and Exchange Fees_20260529,,,,12100,303P,D23010,ARB02187_USD,,,,,57.86000000000001,,,,,C02187,,,,
2394,,GJ,5/29/2026,,Wedbush_Clearing and Exchange Fees_20260529,,,,12100,303P,D23010,ARB02188_USD,,,,,420.0,,,,,C02188,,,,
2395,,GJ,5/29/2026,,Wedbush_Clearing and Exchange Fees_20260529,,,,12100,303P,D23010,ARB02190_USD,,,,,152.84,,,,,C02147,,,,
2396,,GJ,5/29/2026,,Wedbush_Clearing and Exchange Fees_20260529,,,,12100,303P,D23010,ARB02191_USD,,,,,76.6,,,,,C00469,,,,
2397,,GJ,5/29/2026,,Wedbush_Clearing and Exchange Fees_20260529,,,,12100,303P,D23010,ARB02196_USD,,,,,67.2,,,,,C02132,,,,
2398,,GJ,5/29/2026,,Wedbush_Clearing and Exchange Fees_20260529,,,,12100,ATGN,D21300,ARB02342_EUR,,,,,0.0,,,,,C02042,,,,
2399,,GJ,5/29/2026,,Wedbush_Clearing and Exchange Fees_20260529,,,,12100,ATGN,D21300,ARB02342_GBP,,,,,31.200000000000003,,,,,C02042,,,,
2400,,GJ,5/29/2026,,Wedbush_Clearing and Exchange Fees_20260529,,,,12100,ATGN,D21300,ARB02343_EUR,,,,,608.2,,,,,C02520,,,,
2401,,GJ,5/29/2026,,Wedbush_Clearing and Exchange Fees_20260529,,,,12100,ATGN,D21300,ARB02343_GBP,,,,,867.3,,,,,C02520,,,,
2402,,GJ,5/29/2026,,Wedbush_Clearing and Exchange Fees_20260529,,,,12100,ATGN,D21300,ARB02343_USD,,,,,1778.8999999999999,,,,,C02520,,,,
2403,,GJ,5/29/2026,,Wedbush_Clearing and Exchange Fees_20260529,,,,12100,ATGN,D21300,ARB02345_EUR,,,,,0.0,,,,,C02045,,,,
2404,,GJ,5/29/2026,,Wedbush_Clearing and Exchange Fees_20260529,,,,12100,ATGN,D21300,ARB02345_GBP,,,,,23.0,,,,,C02045,,,,
2405,,GJ,5/29/2026,,Wedbush_Clearing and Exchange Fees_20260529,,,,12100,ATGN,D21300,ARB02355_USD,,,,,465.98,,,,,C00054,,,,
2406,,GJ,5/29/2026,,Wedbush_Clearing and Exchange Fees_20260529,,,,12100,ATGN,D21300,ARB02376_EUR,,,,,0.0,,,,,C02076,,,,
2407,,GJ,5/29/2026,,Wedbush_Clearing and Exchange Fees_20260529,,,,12100,ATGN,D21300,ARB02376_GBP,,,,,12145.600000000002,,,,,C02076,,,,
2408,,GJ,5/29/2026,,Wedbush_Clearing and Exchange Fees_20260529,,,,12100,ATGN,D23010,ARB02402_USD,,,,,1751.4,,,,,C02102,,,,
2409,,GJ,5/29/2026,,Wedbush_Clearing and Exchange Fees_20260529,,,,12100,ATGN,D23080,ARB02416_EUR,,,,,0.0,,,,,C02116,,,,
2410,,GJ,5/29/2026,,Wedbush_Clearing and Exchange Fees_20260529,,,,12100,ATGN,D23080,ARB02416_GBP,,,,,117.53999999999999,,,,,C02116,,,,
2411,,GJ,5/29/2026,,Wedbush_Clearing and Exchange Fees_20260529,,,,12100,ATGN,D23080,ARB02416_USD,,,,,1780.98,,,,,C02116,,,,
2412,,GJ,5/29/2026,,Wedbush_Clearing and Exchange Fees_20260529,,,,12100,ATGN,D23080,ARB02418_EUR,,,,,0.0,,,,,C01234,,,,
2413,,GJ,5/29/2026,,Wedbush_Clearing and Exchange Fees_20260529,,,,12100,ATGN,D23080,ARB02418_GBP,,,,,595.98,,,,,C01234,,,,
2414,,GJ,5/29/2026,,Wedbush_Clearing and Exchange Fees_20260529,,,,12100,ATGN,D23080,ARB02418_USD,,,,,18189.84,,,,,C01234,,,,
2415,,GJ,5/29/2026,,Wedbush_Clearing and Exchange Fees_20260529,,,,12100,ATGN,D23300,ARB02421_EUR,,,,,0.0,,,,,C02121,,,,
2416,,GJ,5/29/2026,,Wedbush_Clearing and Exchange Fees_20260529,,,,12100,ATGN,D23300,ARB02421_GBP,,,,,302.96000000000004,,,,,C02121,,,,
2417,,GJ,5/29/2026,,Wedbush_Clearing and Exchange Fees_20260529,,,,12100,ATGN,D23300,ARB02421_USD,,,,,780.56,,,,,C02121,,,,
2418,,GJ,5/29/2026,,Wedbush_Clearing and Exchange Fees_20260529,,,,12100,ATGN,D23020,ARB02429_CAD,,,,,0.0,,,,,C02129,,,,
2419,,GJ,5/29/2026,,Wedbush_Clearing and Exchange Fees_20260529,,,,12100,ATGN,D23020,ARB02429_EUR,,,,,0.0,,,,,C02129,,,,
2420,,GJ,5/29/2026,,Wedbush_Clearing and Exchange Fees_20260529,,,,12100,ATGN,D23020,ARB02429_GBP,,,,,57.67,,,,,C02129,,,,
2421,,GJ,5/29/2026,,Wedbush_Clearing and Exchange Fees_20260529,,,,12100,ATGN,D23020,ARB02429_USD,,,,,3948.48,,,,,C02129,,,,
2422,,GJ,5/29/2026,,Wedbush_Clearing and Exchange Fees_20260529,,,,12100,ATGN,D23010,ARB02432_CAD,,,,,0.0,,,,,C02132,,,,
2423,,GJ,5/29/2026,,Wedbush_Clearing and Exchange Fees_20260529,,,,12100,ATGN,D23010,ARB02432_USD,,,,,877.2,,,,,C02132,,,,
2424,,GJ,5/29/2026,,Wedbush_Clearing and Exchange Fees_20260529,,,,12100,ATGN,D23010,ARB02435_CAD,,,,,0.0,,,,,C02135,,,,
2425,,GJ,5/29/2026,,Wedbush_Clearing and Exchange Fees_20260529,,,,12100,ATGN,D23010,ARB02435_USD,,,,,547.4000000000001,,,,,C02135,,,,
2426,,GJ,5/29/2026,,Wedbush_Clearing and Exchange Fees_20260529,,,,12100,ATGN,D23010,ARB02436_EUR,,,,,0.0,,,,,C02136,,,,
2427,,GJ,5/29/2026,,Wedbush_Clearing and Exchange Fees_20260529,,,,12100,ATGN,D23010,ARB02436_GBP,,,,,2282.48,,,,,C02136,,,,
2428,,GJ,5/29/2026,,Wedbush_Clearing and Exchange Fees_20260529,,,,12100,ATGN,D23010,ARB02436_USD,,,,,11069.880000000001,,,,,C02136,,,,
2429,,GJ,5/29/2026,,Wedbush_Clearing and Exchange Fees_20260529,,,,12100,ATGN,D23010,ARB02445_USD,,,,,13780.2,,,,,C02145,,,,
2430,,GJ,5/29/2026,,Wedbush_Clearing and Exchange Fees_20260529,,,,12100,ATGN,D23010,ARB02447_CAD,,,,,0.0,,,,,C02147,,,,
2431,,GJ,5/29/2026,,Wedbush_Clearing and Exchange Fees_20260529,,,,12100,ATGN,D23010,ARB02447_USD,,,,,589.99,,,,,C02147,,,,
2432,,GJ,5/29/2026,,Wedbush_Clearing and Exchange Fees_20260529,,,,12100,ATGN,D23010,ARB02449_EUR,,,,,0.0,,,,,C02149,,,,
2433,,GJ,5/29/2026,,Wedbush_Clearing and Exchange Fees_20260529,,,,12100,ATGN,D23010,ARB02449_GBP,,,,,338.9,,,,,C02149,,,,
2434,,GJ,5/29/2026,,Wedbush_Clearing and Exchange Fees_20260529,,,,12100,ATGN,D23010,ARB02449_USD,,,,,7365.52,,,,,C02149,,,,
2435,,GJ,5/29/2026,,Wedbush_Clearing and Exchange Fees_20260529,,,,12100,ATGN,D23060,ARB02452_USD,,,,,257.28,,,,,C00186,,,,
2436,,GJ,5/29/2026,,Wedbush_Clearing and Exchange Fees_20260529,,,,12100,ATGN,D23300,ARB02454_EUR,,,,,0.0,,,,,C00149,,,,
2437,,GJ,5/29/2026,,Wedbush_Clearing and Exchange Fees_20260529,,,,12100,ATGN,D23300,ARB02454_GBP,,,,,246.76,,,,,C00149,,,,
2438,,GJ,5/29/2026,,Wedbush_Clearing and Exchange Fees_20260529,,,,12100,ATGN,D23300,ARB02454_USD,,,,,1499.4,,,,,C00149,,,,
2439,,GJ,5/29/2026,,Wedbush_Clearing and Exchange Fees_20260529,,,,12100,ATGN,D23020,ARB02456_EUR,,,,,0.0,,,,,C02156,,,,
2440,,GJ,5/29/2026,,Wedbush_Clearing and Exchange Fees_20260529,,,,12100,ATGN,D23020,ARB02456_GBP,,,,,55.42,,,,,C02156,,,,
2441,,GJ,5/29/2026,,Wedbush_Clearing and Exchange Fees_20260529,,,,12100,ATGN,D23020,ARB02456_USD,,,,,989.6600000000001,,,,,C02156,,,,
2442,,GJ,5/29/2026,,Wedbush_Clearing and Exchange Fees_20260529,,,,12100,ATGN,D23300,ARB02458_USD,,,,,886.0200000000001,,,,,C01145,,,,
2443,,GJ,5/29/2026,,Wedbush_Clearing and Exchange Fees_20260529,,,,12100,ATGN,D23080,ARB02463_USD,,,,,2795.1,,,,,C01231,,,,
2444,,GJ,5/29/2026,,Wedbush_Clearing and Exchange Fees_20260529,,,,12100,ATGN,D23010,ARB02473_EUR,,,,,0.0,,,,,C00463,,,,
2445,,GJ,5/29/2026,,Wedbush_Clearing and Exchange Fees_20260529,,,,12100,ATGN,D23010,ARB02473_GBP,,,,,53.4,,,,,C00463,,,,
2446,,GJ,5/29/2026,,Wedbush_Clearing and Exchange Fees_20260529,,,,12100,ATGN,D23010,ARB02473_USD,,,,,3043.04,,,,,C00463,,,,
2447,,GJ,5/29/2026,,Wedbush_Clearing and Exchange Fees_20260529,,,,12100,ATGN,D23010,ARB02476_EUR,,,,,0.0,,,,,C00463,,,,
2448,,GJ,5/29/2026,,Wedbush_Clearing and Exchange Fees_20260529,,,,12100,ATGN,D23010,ARB02476_GBP,,,,,4275.2,,,,,C00463,,,,
2449,,GJ,5/29/2026,,Wedbush_Clearing and Exchange Fees_20260529,,,,12100,ATGN,D23010,ARB02476_USD,,,,,49545.759999999995,,,,,C00463,,,,
2450,,GJ,5/29/2026,,Wedbush_Clearing and Exchange Fees_20260529,,,,12100,ATGN,D23010,ARB02477_CAD,,,,,0.0,,,,,C02177,,,,
2451,,GJ,5/29/2026,,Wedbush_Clearing and Exchange Fees_20260529,,,,12100,ATGN,D23010,ARB02477_USD,,,,,124.84,,,,,C02177,,,,
2452,,GJ,5/29/2026,,Wedbush_Clearing and Exchange Fees_20260529,,,,12100,ATGN,D23010,ARB02479_CAD,,,,,0.0,,,,,C02179,,,,
2453,,GJ,5/29/2026,,Wedbush_Clearing and Exchange Fees_20260529,,,,12100,ATGN,D23010,ARB02479_USD,,,,,3314.0400000000004,,,,,C02179,,,,
2454,,GJ,5/29/2026,,Wedbush_Clearing and Exchange Fees_20260529,,,,12100,ATGN,D23010,ARB02480_CAD,,,,,0.0,,,,,C02180,,,,
2455,,GJ,5/29/2026,,Wedbush_Clearing and Exchange Fees_20260529,,,,12100,ATGN,D23010,ARB02480_USD,,,,,1587.34,,,,,C02180,,,,
2456,,GJ,5/29/2026,,Wedbush_Clearing and Exchange Fees_20260529,,,,12100,ATGN,D23010,ARB02481_CAD,,,,,0.0,,,,,C02181,,,,
2457,,GJ,5/29/2026,,Wedbush_Clearing and Exchange Fees_20260529,,,,12100,ATGN,D23010,ARB02481_USD,,,,,2570.9599999999996,,,,,C02181,,,,
2458,,GJ,5/29/2026,,Wedbush_Clearing and Exchange Fees_20260529,,,,12100,ATGN,D23010,ARB02482_CAD,,,,,0.0,,,,,C02182,,,,
2459,,GJ,5/29/2026,,Wedbush_Clearing and Exchange Fees_20260529,,,,12100,ATGN,D23010,ARB02482_USD,,,,,368.9,,,,,C02182,,,,
2460,,GJ,5/29/2026,,Wedbush_Clearing and Exchange Fees_20260529,,,,12100,ATGN,D23010,ARB02483_CAD,,,,,0.0,,,,,C02183,,,,
2461,,GJ,5/29/2026,,Wedbush_Clearing and Exchange Fees_20260529,,,,12100,ATGN,D23010,ARB02483_USD,,,,,1962.52,,,,,C02183,,,,
2462,,GJ,5/29/2026,,Wedbush_Clearing and Exchange Fees_20260529,,,,12100,ATGN,D23010,ARB02484_CAD,,,,,0.0,,,,,C02184,,,,
2463,,GJ,5/29/2026,,Wedbush_Clearing and Exchange Fees_20260529,,,,12100,ATGN,D23010,ARB02484_EUR,,,,,0.0,,,,,C02184,,,,
2464,,GJ,5/29/2026,,Wedbush_Clearing and Exchange Fees_20260529,,,,12100,ATGN,D23010,ARB02484_GBP,,,,,1.58,,,,,C02184,,,,
2465,,GJ,5/29/2026,,Wedbush_Clearing and Exchange Fees_20260529,,,,12100,ATGN,D23010,ARB02484_USD,,,,,5153.43,,,,,C02184,,,,
2466,,GJ,5/29/2026,,Wedbush_Clearing and Exchange Fees_20260529,,,,12100,ATGN,D23010,ARB02485_EUR,,,,,0.0,,,,,C02185,,,,
2467,,GJ,5/29/2026,,Wedbush_Clearing and Exchange Fees_20260529,,,,12100,ATGN,D23010,ARB02485_GBP,,,,,814.0600000000001,,,,,C02185,,,,
2468,,GJ,5/29/2026,,Wedbush_Clearing and Exchange Fees_20260529,,,,12100,ATGN,D23010,ARB02485_USD,,,,,14675.48,,,,,C02185,,,,
2469,,GJ,5/29/2026,,Wedbush_Clearing and Exchange Fees_20260529,,,,12100,ATGN,D23010,ARB02488_USD,,,,,4475.68,,,,,C02188,,,,
2470,,GJ,5/29/2026,,Wedbush_Clearing and Exchange Fees_20260529,,,,12100,ATGN,D23010,ARB02491_CAD,,,,,0.0,,,,,C00469,,,,
2471,,GJ,5/29/2026,,Wedbush_Clearing and Exchange Fees_20260529,,,,12100,ATGN,D23010,ARB02491_EUR,,,,,0.0,,,,,C00469,,,,
2472,,GJ,5/29/2026,,Wedbush_Clearing and Exchange Fees_20260529,,,,12100,ATGN,D23010,ARB02491_GBP,,,,,206.38,,,,,C00469,,,,
2473,,GJ,5/29/2026,,Wedbush_Clearing and Exchange Fees_20260529,,,,12100,ATGN,D23010,ARB02491_USD,,,,,44.6,,,,,C00469,,,,
2474,,GJ,5/29/2026,,Wedbush_Clearing and Exchange Fees_20260529,,,,12100,303P,D21300,ARB03003_USD,,,,,456.0,,,,,C03003,,,,
2475,,GJ,5/29/2026,,Wedbush_Clearing and Exchange Fees_20260529,,,,12100,303P,D21300,ARB03022_USD,,,,,7891.929999999999,,,,,C00034,,,,
2476,,GJ,5/29/2026,,Wedbush_Clearing and Exchange Fees_20260529,,,,12100,303P,D21300,ARB03032_USD,,,,,1316.32,,,,,C00049,,,,
2477,,GJ,5/29/2026,,Wedbush_Clearing and Exchange Fees_20260529,,,,12100,303P,D21300,ARB03033_USD,,,,,1386.12,,,,,C00049,,,,
2478,,GJ,5/29/2026,,Wedbush_Clearing and Exchange Fees_20260529,,,,12100,303P,D21300,ARB03035_USD,,,,,15.35,,,,,C00049,,,,
2479,,GJ,5/29/2026,,Wedbush_Clearing and Exchange Fees_20260529,,,,12100,303P,D21300,ARB03037_USD,,,,,1036.61,,,,,C03037,,,,
2480,,GJ,5/29/2026,,Wedbush_Clearing and Exchange Fees_20260529,,,,12100,303P,D21300,ARB03038_USD,,,,,242.42000000000002,,,,,C03038,,,,
2481,,GJ,5/29/2026,,Wedbush_Clearing and Exchange Fees_20260529,,,,12100,303P,D21300,ARB03042_USD,,,,,10.379999999999999,,,,,C03040,,,,
2482,,GJ,5/29/2026,,Wedbush_Clearing and Exchange Fees_20260529,,,,12100,303P,D21300,ARB03043_USD,,,,,62.879999999999995,,,,,C03040,,,,
2483,,GJ,5/29/2026,,Wedbush_Clearing and Exchange Fees_20260529,,,,12100,303P,D21300,ARB03046_USD,,,,,144.69,,,,,C03040,,,,
2484,,GJ,5/29/2026,,Wedbush_Clearing and Exchange Fees_20260529,,,,12100,303P,D21300,ARB03052_USD,,,,,916.19,,,,,C03071,,,,
2485,,GJ,5/29/2026,,Wedbush_Clearing and Exchange Fees_20260529,,,,12100,303P,D21300,ARB03057_USD,,,,,0.88,,,,,C01057,,,,
2486,,GJ,5/29/2026,,Wedbush_Clearing and Exchange Fees_20260529,,,,12100,303P,D21300,ARB03060_USD,,,,,1963.1599999999999,,,,,C03060,,,,
2487,,GJ,5/29/2026,,Wedbush_Clearing and Exchange Fees_20260529,,,,12100,303P,D21300,ARB03062_USD,,,,,3660.43,,,,,C03062,,,,
2488,,GJ,5/29/2026,,Wedbush_Clearing and Exchange Fees_20260529,,,,12100,303P,D21300,ARB03064_USD,,,,,635.88,,,,,C03064,,,,
2489,,GJ,5/29/2026,,Wedbush_Clearing and Exchange Fees_20260529,,,,12100,303P,D21300,ARB03065_USD,,,,,13762.69,,,,,C03065,,,,
2490,,GJ,5/29/2026,,Wedbush_Clearing and Exchange Fees_20260529,,,,12100,303P,D21300,ARB03072_USD,,,,,9607.960000000001,,,,,C03072,,,,
2491,,GJ,5/29/2026,,Wedbush_Clearing and Exchange Fees_20260529,,,,12100,303P,D21300,ARB03073_USD,,,,,14991.48,,,,,C03073,,,,
2492,,GJ,5/29/2026,,Wedbush_Clearing and Exchange Fees_20260529,,,,12100,303P,D21300,ARB03078_USD,,,,,213.5,,,,,C03078,,,,
2493,,GJ,5/29/2026,,Wedbush_Clearing and Exchange Fees_20260529,,,,12100,303P,D21300,ARB03079_USD,,,,,2322.6,,,,,C03078,,,,
2494,,GJ,5/29/2026,,Wedbush_Clearing and Exchange Fees_20260529,,,,12100,303P,D21300,ARB03080_USD,,,,,522.24,,,,,C03078,,,,
2495,,GJ,5/29/2026,,Wedbush_Clearing and Exchange Fees_20260529,,,,12100,303P,D21030,ARB03084_USD,,,,,780.5799999999999,,,,,C03084,,,,
2496,,GJ,5/29/2026,,Wedbush_Clearing and Exchange Fees_20260529,,,,12100,303P,D21300,ARB03088_USD,,,,,29.6,,,,,C03088,,,,
2497,,GJ,5/29/2026,,Wedbush_Clearing and Exchange Fees_20260529,,,,12100,303P,D21300,ARB03090_USD,,,,,116.28,,,,,C03090,,,,
2498,,GJ,5/29/2026,,Wedbush_Clearing and Exchange Fees_20260529,,,,12100,303P,D21300,ARB03093_USD,,,,,109.97999999999999,,,,,C03093,,,,
2499,,GJ,5/29/2026,,Wedbush_Clearing and Exchange Fees_20260529,,,,12100,303P,D21300,ARB03096_USD,,,,,5.52,,,,,C03096,,,,
2500,,GJ,5/29/2026,,Wedbush_Clearing and Exchange Fees_20260529,,,,12100,303P,D23300,ARB03100_USD,,,,,188.16,,,,,C03100,,,,
2501,,GJ,5/29/2026,,Wedbush_Clearing and Exchange Fees_20260529,,,,12100,303P,D23080,ARB03102_USD,,,,,985.22,,,,,C03102,,,,
2502,,GJ,5/29/2026,,Wedbush_Clearing and Exchange Fees_20260529,,,,12100,303P,D23300,ARB03103_USD,,,,,6573.4800000000005,,,,,CX3103,,,,
2503,,GJ,5/29/2026,,Wedbush_Clearing and Exchange Fees_20260529,,,,12100,303P,D23300,ARB03104_USD,,,,,3488.45,,,,,C03104,,,,
2504,,GJ,5/29/2026,,Wedbush_Clearing and Exchange Fees_20260529,,,,12100,303P,D23300,ARB03105_USD,,,,,5296.65,,,,,C00310,,,,
2505,,GJ,5/29/2026,,Wedbush_Clearing and Exchange Fees_20260529,,,,12100,303P,D23300,ARB03106_USD,,,,,2675.06,,,,,C00310,,,,
2506,,GJ,5/29/2026,,Wedbush_Clearing and Exchange Fees_20260529,,,,12100,303P,D23300,ARB03107_USD,,,,,14301.99,,,,,C03107,,,,
2507,,GJ,5/29/2026,,Wedbush_Clearing and Exchange Fees_20260529,,,,12100,303P,D23300,ARB03108_USD,,,,,7632.09,,,,,C00311,,,,
2508,,GJ,5/29/2026,,Wedbush_Clearing and Exchange Fees_20260529,,,,12100,303P,D23300,ARB03109_USD,,,,,3716.78,,,,,C00311,,,,
2509,,GJ,5/29/2026,,Wedbush_Clearing and Exchange Fees_20260529,,,,12100,303P,D23300,ARB03110_USD,,,,,127.19999999999999,,,,,C00311,,,,
2510,,GJ,5/29/2026,,Wedbush_Clearing and Exchange Fees_20260529,,,,12100,303P,D23300,ARB03112_USD,,,,,835.0999999999999,,,,,C00310,,,,
2511,,GJ,5/29/2026,,Wedbush_Clearing and Exchange Fees_20260529,,,,12100,303P,D23300,ARB03113_USD,,,,,208.47,,,,,C03113,,,,
2512,,GJ,5/29/2026,,Wedbush_Clearing and Exchange Fees_20260529,,,,12100,303P,D23300,ARB03115_USD,,,,,1.6,,,,,CX3115,,,,
2513,,GJ,5/29/2026,,Wedbush_Clearing and Exchange Fees_20260529,,,,12100,303P,D23020,ARB03116_USD,,,,,447.76,,,,,C02129,,,,
2514,,GJ,5/29/2026,,Wedbush_Clearing and Exchange Fees_20260529,,,,12100,303P,D23300,ARB03122_USD,,,,,1553.93,,,,,C03122,,,,
2515,,GJ,5/29/2026,,Wedbush_Clearing and Exchange Fees_20260529,,,,12100,303P,D23300,ARB03125_USD,,,,,327.42,,,,,CX3125,,,,
2516,,GJ,5/29/2026,,Wedbush_Clearing and Exchange Fees_20260529,,,,12100,303P,D23300,ARB03133_USD,,,,,4150.78,,,,,C03133,,,,
2517,,GJ,5/29/2026,,Wedbush_Clearing and Exchange Fees_20260529,,,,12100,303P,D23300,ARB03134_USD,,,,,312.78,,,,,C03134,,,,
2518,,GJ,5/29/2026,,Wedbush_Clearing and Exchange Fees_20260529,,,,12100,303P,D23300,ARB03136_USD,,,,,37.44,,,,,CX3136,,,,
2519,,GJ,5/29/2026,,Wedbush_Clearing and Exchange Fees_20260529,,,,12100,303P,D23300,ARB03139_USD,,,,,429.94,,,,,C00311,,,,
2520,,GJ,5/29/2026,,Wedbush_Clearing and Exchange Fees_20260529,,,,12100,303P,D23300,ARB03141_USD,,,,,2990.6,,,,,C03141,,,,
2521,,GJ,5/29/2026,,Wedbush_Clearing and Exchange Fees_20260529,,,,12100,303P,D23300,ARB03142_USD,,,,,2121.5,,,,,C00310,,,,
2522,,GJ,5/29/2026,,Wedbush_Clearing and Exchange Fees_20260529,,,,12100,303P,D23300,ARB03143_USD,,,,,1878.02,,,,,C00310,,,,
2523,,GJ,5/29/2026,,Wedbush_Clearing and Exchange Fees_20260529,,,,12100,303P,D23300,ARB03144_USD,,,,,755.01,,,,,CX3144,,,,
2524,,GJ,5/29/2026,,Wedbush_Clearing and Exchange Fees_20260529,,,,12100,303P,D23300,ARB03146_USD,,,,,1709.1999999999998,,,,,CX3136,,,,
2525,,GJ,5/29/2026,,Wedbush_Clearing and Exchange Fees_20260529,,,,12100,303P,D23090,ARB03154_USD,,,,,140.32,,,,,C03154,,,,
2526,,GJ,5/29/2026,,Wedbush_Clearing and Exchange Fees_20260529,,,,12100,303P,D23100,ARB03156_USD,,,,,787.0,,,,,C03156,,,,
2527,,GJ,5/29/2026,,Wedbush_Clearing and Exchange Fees_20260529,,,,12100,303P,D23100,ARB03157_USD,,,,,594.05,,,,,C03157,,,,
2528,,GJ,5/29/2026,,Wedbush_Clearing and Exchange Fees_20260529,,,,12100,303P,D23100,ARB03159_USD,,,,,681.74,,,,,C03159,,,,
2529,,GJ,5/29/2026,,Wedbush_Clearing and Exchange Fees_20260529,,,,12100,303P,D23010,ARB03168_USD,,,,,355.6,,,,,C03168,,,,
2530,,GJ,5/29/2026,,Wedbush_Clearing and Exchange Fees_20260529,,,,12100,303P,D23100,ARB03174_USD,,,,,327.44,,,,,C03174,,,,
2531,,GJ,5/29/2026,,Wedbush_Clearing and Exchange Fees_20260529,,,,12100,303P,D23100,ARB03175_USD,,,,,586.96,,,,,C03175,,,,
2532,,GJ,5/29/2026,,Wedbush_Clearing and Exchange Fees_20260529,,,,12100,303P,D23100,ARB03176_USD,,,,,816.34,,,,,C03176,,,,
2533,,GJ,5/29/2026,,Wedbush_Clearing and Exchange Fees_20260529,,,,12100,303P,D23100,ARB03185_USD,,,,,202.16,,,,,C03185,,,,
2534,,GJ,5/29/2026,,Wedbush_Clearing and Exchange Fees_20260529,,,,12100,303P,D23300,ARB03192_USD,,,,,4086.32,,,,,C03163,,,,
2535,,GJ,5/29/2026,,Wedbush_Clearing and Exchange Fees_20260529,,,,12100,ATGN,D21300,ARB03360_EUR,,,,,0.0,,,,,C03060,,,,
2536,,GJ,5/29/2026,,Wedbush_Clearing and Exchange Fees_20260529,,,,12100,ATGN,D21300,ARB03360_GBP,,,,,14188.04,,,,,C03060,,,,
2537,,GJ,5/29/2026,,Wedbush_Clearing and Exchange Fees_20260529,,,,12100,ATGN,D21300,ARB03362_EUR,,,,,0.0,,,,,C03062,,,,
2538,,GJ,5/29/2026,,Wedbush_Clearing and Exchange Fees_20260529,,,,12100,ATGN,D21300,ARB03362_GBP,,,,,2145.76,,,,,C03062,,,,
2539,,GJ,5/29/2026,,Wedbush_Clearing and Exchange Fees_20260529,,,,12100,ATGN,D21300,ARB03362_USD,,,,,1694.8799999999999,,,,,C03062,,,,
2540,,GJ,5/29/2026,,Wedbush_Clearing and Exchange Fees_20260529,,,,12100,ATGN,D21300,ARB03364_EUR,,,,,0.0,,,,,C03064,,,,
2541,,GJ,5/29/2026,,Wedbush_Clearing and Exchange Fees_20260529,,,,12100,ATGN,D21300,ARB03364_GBP,,,,,22.4,,,,,C03064,,,,
2542,,GJ,5/29/2026,,Wedbush_Clearing and Exchange Fees_20260529,,,,12100,ATGN,D21300,ARB03372_USD,,,,,1873.32,,,,,C03072,,,,
2543,,GJ,5/29/2026,,Wedbush_Clearing and Exchange Fees_20260529,,,,12100,ATGN,D21300,ARB03373_USD,,,,,177.08,,,,,C03073,,,,
2544,,GJ,5/29/2026,,Wedbush_Clearing and Exchange Fees_20260529,,,,12100,ATGN,D21300,ARB03378_USD,,,,,1048.96,,,,,C03078,,,,
2545,,GJ,5/29/2026,,Wedbush_Clearing and Exchange Fees_20260529,,,,12100,ATGN,D23300,ARB03400_EUR,,,,,0.0,,,,,C03100,,,,
2546,,GJ,5/29/2026,,Wedbush_Clearing and Exchange Fees_20260529,,,,12100,ATGN,D23300,ARB03400_GBP,,,,,548.22,,,,,C03100,,,,
2547,,GJ,5/29/2026,,Wedbush_Clearing and Exchange Fees_20260529,,,,12100,ATGN,D23300,ARB03400_USD,,,,,10164.16,,,,,C03100,,,,
2548,,GJ,5/29/2026,,Wedbush_Clearing and Exchange Fees_20260529,,,,12100,ATGN,D23080,ARB03402_EUR,,,,,0.0,,,,,C03102,,,,
2549,,GJ,5/29/2026,,Wedbush_Clearing and Exchange Fees_20260529,,,,12100,ATGN,D23080,ARB03402_GBP,,,,,289.98,,,,,C03102,,,,
2550,,GJ,5/29/2026,,Wedbush_Clearing and Exchange Fees_20260529,,,,12100,ATGN,D23080,ARB03402_USD,,,,,21394.16,,,,,C03102,,,,
2551,,GJ,5/29/2026,,Wedbush_Clearing and Exchange Fees_20260529,,,,12100,ATGN,D23300,ARB03403_CAD,,,,,0.0,,,,,CX3103,,,,
2552,,GJ,5/29/2026,,Wedbush_Clearing and Exchange Fees_20260529,,,,12100,ATGN,D23300,ARB03403_USD,,,,,2832.32,,,,,CX3103,,,,
2553,,GJ,5/29/2026,,Wedbush_Clearing and Exchange Fees_20260529,,,,12100,ATGN,D23300,ARB03404_CAD,,,,,0.0,,,,,C03104,,,,
2554,,GJ,5/29/2026,,Wedbush_Clearing and Exchange Fees_20260529,,,,12100,ATGN,D23300,ARB03404_EUR,,,,,0.0,,,,,C03104,,,,
2555,,GJ,5/29/2026,,Wedbush_Clearing and Exchange Fees_20260529,,,,12100,ATGN,D23300,ARB03404_GBP,,,,,67.62,,,,,C03104,,,,
2556,,GJ,5/29/2026,,Wedbush_Clearing and Exchange Fees_20260529,,,,12100,ATGN,D23300,ARB03404_USD,,,,,4215.62,,,,,C03104,,,,
2557,,GJ,5/29/2026,,Wedbush_Clearing and Exchange Fees_20260529,,,,12100,ATGN,D23300,ARB03405_CAD,,,,,0.0,,,,,C00310,,,,
2558,,GJ,5/29/2026,,Wedbush_Clearing and Exchange Fees_20260529,,,,12100,ATGN,D23300,ARB03405_EUR,,,,,0.0,,,,,C00310,,,,
2559,,GJ,5/29/2026,,Wedbush_Clearing and Exchange Fees_20260529,,,,12100,ATGN,D23300,ARB03405_GBP,,,,,450.6,,,,,C00310,,,,
2560,,GJ,5/29/2026,,Wedbush_Clearing and Exchange Fees_20260529,,,,12100,ATGN,D23300,ARB03405_USD,,,,,4399.76,,,,,C00310,,,,
2561,,GJ,5/29/2026,,Wedbush_Clearing and Exchange Fees_20260529,,,,12100,ATGN,D23300,ARB03406_CAD,,,,,0.0,,,,,C00310,,,,
2562,,GJ,5/29/2026,,Wedbush_Clearing and Exchange Fees_20260529,,,,12100,ATGN,D23300,ARB03406_EUR,,,,,0.0,,,,,C00310,,,,
2563,,GJ,5/29/2026,,Wedbush_Clearing and Exchange Fees_20260529,,,,12100,ATGN,D23300,ARB03406_GBP,,,,,277.98,,,,,C00310,,,,
2564,,GJ,5/29/2026,,Wedbush_Clearing and Exchange Fees_20260529,,,,12100,ATGN,D23300,ARB03406_USD,,,,,6613.509999999999,,,,,C00310,,,,
2565,,GJ,5/29/2026,,Wedbush_Clearing and Exchange Fees_20260529,,,,12100,ATGN,D23300,ARB03407_USD,,,,,11987.82,,,,,C03107,,,,
2566,,GJ,5/29/2026,,Wedbush_Clearing and Exchange Fees_20260529,,,,12100,ATGN,D23300,ARB03408_CAD,,,,,0.0,,,,,C00311,,,,
2567,,GJ,5/29/2026,,Wedbush_Clearing and Exchange Fees_20260529,,,,12100,ATGN,D23300,ARB03408_EUR,,,,,0.0,,,,,C00311,,,,
2568,,GJ,5/29/2026,,Wedbush_Clearing and Exchange Fees_20260529,,,,12100,ATGN,D23300,ARB03408_GBP,,,,,215.95999999999998,,,,,C00311,,,,
2569,,GJ,5/29/2026,,Wedbush_Clearing and Exchange Fees_20260529,,,,12100,ATGN,D23300,ARB03408_USD,,,,,17626.159999999996,,,,,C00311,,,,
2570,,GJ,5/29/2026,,Wedbush_Clearing and Exchange Fees_20260529,,,,12100,ATGN,D23300,ARB03409_EUR,,,,,0.0,,,,,C00311,,,,
2571,,GJ,5/29/2026,,Wedbush_Clearing and Exchange Fees_20260529,,,,12100,ATGN,D23300,ARB03409_GBP,,,,,436.7,,,,,C00311,,,,
2572,,GJ,5/29/2026,,Wedbush_Clearing and Exchange Fees_20260529,,,,12100,ATGN,D23300,ARB03409_USD,,,,,42623.85999999999,,,,,C00311,,,,
2573,,GJ,5/29/2026,,Wedbush_Clearing and Exchange Fees_20260529,,,,12100,ATGN,D23300,ARB03410_USD,,,,,3222.5599999999995,,,,,C00311,,,,
2574,,GJ,5/29/2026,,Wedbush_Clearing and Exchange Fees_20260529,,,,12100,ATGN,D23300,ARB03412_EUR,,,,,0.0,,,,,C00310,,,,
2575,,GJ,5/29/2026,,Wedbush_Clearing and Exchange Fees_20260529,,,,12100,ATGN,D23300,ARB03412_GBP,,,,,18.72,,,,,C00310,,,,
2576,,GJ,5/29/2026,,Wedbush_Clearing and Exchange Fees_20260529,,,,12100,ATGN,D23300,ARB03412_USD,,,,,2637.84,,,,,C00310,,,,
2577,,GJ,5/29/2026,,Wedbush_Clearing and Exchange Fees_20260529,,,,12100,ATGN,D23300,ARB03413_USD,,,,,1853.2799999999997,,,,,C03113,,,,
2578,,GJ,5/29/2026,,Wedbush_Clearing and Exchange Fees_20260529,,,,12100,ATGN,D23300,ARB03422_CAD,,,,,0.0,,,,,C03122,,,,
2579,,GJ,5/29/2026,,Wedbush_Clearing and Exchange Fees_20260529,,,,12100,ATGN,D23300,ARB03422_USD,,,,,1741.8600000000001,,,,,C03122,,,,
2580,,GJ,5/29/2026,,Wedbush_Clearing and Exchange Fees_20260529,,,,12100,ATGN,D23080,ARB03427_USD,,,,,268.8,,,,,C01234,,,,
2581,,GJ,5/29/2026,,Wedbush_Clearing and Exchange Fees_20260529,,,,12100,ATGN,D23300,ARB03433_EUR,,,,,0.0,,,,,C03133,,,,
2582,,GJ,5/29/2026,,Wedbush_Clearing and Exchange Fees_20260529,,,,12100,ATGN,D23300,ARB03433_GBP,,,,,303.04,,,,,C03133,,,,
2583,,GJ,5/29/2026,,Wedbush_Clearing and Exchange Fees_20260529,,,,12100,ATGN,D23300,ARB03433_USD,,,,,2944.56,,,,,C03133,,,,
2584,,GJ,5/29/2026,,Wedbush_Clearing and Exchange Fees_20260529,,,,12100,ATGN,D23300,ARB03434_USD,,,,,1389.6,,,,,C03134,,,,
2585,,GJ,5/29/2026,,Wedbush_Clearing and Exchange Fees_20260529,,,,12100,ATGN,D23300,ARB03435_USD,,,,,159.6,,,,,C00310,,,,
2586,,GJ,5/29/2026,,Wedbush_Clearing and Exchange Fees_20260529,,,,12100,ATGN,D23300,ARB03436_CAD,,,,,0.0,,,,,CX3136,,,,
2587,,GJ,5/29/2026,,Wedbush_Clearing and Exchange Fees_20260529,,,,12100,ATGN,D23300,ARB03436_EUR,,,,,0.0,,,,,CX3136,,,,
2588,,GJ,5/29/2026,,Wedbush_Clearing and Exchange Fees_20260529,,,,12100,ATGN,D23300,ARB03436_GBP,,,,,17.38,,,,,CX3136,,,,
2589,,GJ,5/29/2026,,Wedbush_Clearing and Exchange Fees_20260529,,,,12100,ATGN,D23300,ARB03436_USD,,,,,760.54,,,,,CX3136,,,,
2590,,GJ,5/29/2026,,Wedbush_Clearing and Exchange Fees_20260529,,,,12100,ATGN,D23300,ARB03439_USD,,,,,2600.38,,,,,C00311,,,,
2591,,GJ,5/29/2026,,Wedbush_Clearing and Exchange Fees_20260529,,,,12100,ATGN,D23300,ARB03441_EUR,,,,,0.0,,,,,C03141,,,,
2592,,GJ,5/29/2026,,Wedbush_Clearing and Exchange Fees_20260529,,,,12100,ATGN,D23300,ARB03441_GBP,,,,,304.8,,,,,C03141,,,,
2593,,GJ,5/29/2026,,Wedbush_Clearing and Exchange Fees_20260529,,,,12100,ATGN,D23300,ARB03442_USD,,,,,2634.7200000000003,,,,,C00310,,,,
2594,,GJ,5/29/2026,,Wedbush_Clearing and Exchange Fees_20260529,,,,12100,ATGN,D23300,ARB03443_CAD,,,,,0.0,,,,,C00310,,,,
2595,,GJ,5/29/2026,,Wedbush_Clearing and Exchange Fees_20260529,,,,12100,ATGN,D23300,ARB03443_EUR,,,,,0.0,,,,,C00310,,,,
2596,,GJ,5/29/2026,,Wedbush_Clearing and Exchange Fees_20260529,,,,12100,ATGN,D23300,ARB03443_GBP,,,,,31.6,,,,,C00310,,,,
2597,,GJ,5/29/2026,,Wedbush_Clearing and Exchange Fees_20260529,,,,12100,ATGN,D23300,ARB03443_USD,,,,,3093.6800000000003,,,,,C00310,,,,
2598,,GJ,5/29/2026,,Wedbush_Clearing and Exchange Fees_20260529,,,,12100,ATGN,D23300,ARB03446_EUR,,,,,0.0,,,,,CX3136,,,,
2599,,GJ,5/29/2026,,Wedbush_Clearing and Exchange Fees_20260529,,,,12100,ATGN,D23300,ARB03446_GBP,,,,,53.72,,,,,CX3136,,,,
2600,,GJ,5/29/2026,,Wedbush_Clearing and Exchange Fees_20260529,,,,12100,ATGN,D23300,ARB03446_USD,,,,,348.6,,,,,CX3136,,,,
2601,,GJ,5/29/2026,,Wedbush_Clearing and Exchange Fees_20260529,,,,12100,ATGN,D23090,ARB03454_EUR,,,,,0.0,,,,,C03154,,,,
2602,,GJ,5/29/2026,,Wedbush_Clearing and Exchange Fees_20260529,,,,12100,ATGN,D23090,ARB03454_GBP,,,,,11.2,,,,,C03154,,,,
2603,,GJ,5/29/2026,,Wedbush_Clearing and Exchange Fees_20260529,,,,12100,ATGN,D23090,ARB03454_USD,,,,,456.68,,,,,C03154,,,,
2604,,GJ,5/29/2026,,Wedbush_Clearing and Exchange Fees_20260529,,,,12100,ATGN,D23100,ARB03457_EUR,,,,,0.0,,,,,C03157,,,,
2605,,GJ,5/29/2026,,Wedbush_Clearing and Exchange Fees_20260529,,,,12100,ATGN,D23100,ARB03457_GBP,,,,,105.92,,,,,C03157,,,,
2606,,GJ,5/29/2026,,Wedbush_Clearing and Exchange Fees_20260529,,,,12100,ATGN,D23100,ARB03457_USD,,,,,596.4899999999999,,,,,C03157,,,,
2607,,GJ,5/29/2026,,Wedbush_Clearing and Exchange Fees_20260529,,,,12100,ATGN,D23100,ARB03459_CHF,,,,,0.0,,,,,C03159,,,,
2608,,GJ,5/29/2026,,Wedbush_Clearing and Exchange Fees_20260529,,,,12100,ATGN,D23100,ARB03459_EUR,,,,,36.0,,,,,C03159,,,,
2609,,GJ,5/29/2026,,Wedbush_Clearing and Exchange Fees_20260529,,,,12100,ATGN,D23100,ARB03459_GBP,,,,,515.44,,,,,C03159,,,,
2610,,GJ,5/29/2026,,Wedbush_Clearing and Exchange Fees_20260529,,,,12100,ATGN,D23100,ARB03459_USD,,,,,221.37,,,,,C03159,,,,
2611,,GJ,5/29/2026,,Wedbush_Clearing and Exchange Fees_20260529,,,,12100,ATGN,D23300,ARB03460_EUR,,,,,0.0,,,,,C03160,,,,
2612,,GJ,5/29/2026,,Wedbush_Clearing and Exchange Fees_20260529,,,,12100,ATGN,D23300,ARB03460_GBP,,,,,39.5,,,,,C03160,,,,
2613,,GJ,5/29/2026,,Wedbush_Clearing and Exchange Fees_20260529,,,,12100,ATGN,D23300,ARB03460_USD,,,,,25.2,,,,,C03160,,,,
2614,,GJ,5/29/2026,,Wedbush_Clearing and Exchange Fees_20260529,,,,12100,ATGN,D23300,ARB03463_USD,,,,,16.8,,,,,C03163,,,,
2615,,GJ,5/29/2026,,Wedbush_Clearing and Exchange Fees_20260529,,,,12100,ATGN,D23010,ARB03468_CAD,,,,,0.0,,,,,C03168,,,,
2616,,GJ,5/29/2026,,Wedbush_Clearing and Exchange Fees_20260529,,,,12100,ATGN,D23010,ARB03468_USD,,,,,47.6,,,,,C03168,,,,
2617,,GJ,5/29/2026,,Wedbush_Clearing and Exchange Fees_20260529,,,,12100,ATGN,D23100,ARB03474_EUR,,,,,0.0,,,,,C03174,,,,
2618,,GJ,5/29/2026,,Wedbush_Clearing and Exchange Fees_20260529,,,,12100,ATGN,D23100,ARB03474_GBP,,,,,52.64,,,,,C03174,,,,
2619,,GJ,5/29/2026,,Wedbush_Clearing and Exchange Fees_20260529,,,,12100,ATGN,D23100,ARB03475_EUR,,,,,0.0,,,,,C03175,,,,
2620,,GJ,5/29/2026,,Wedbush_Clearing and Exchange Fees_20260529,,,,12100,ATGN,D23100,ARB03475_GBP,,,,,221.2,,,,,C03175,,,,
2621,,GJ,5/29/2026,,Wedbush_Clearing and Exchange Fees_20260529,,,,12100,ATGN,D23100,ARB03476_EUR,,,,,0.0,,,,,C03176,,,,
2622,,GJ,5/29/2026,,Wedbush_Clearing and Exchange Fees_20260529,,,,12100,ATGN,D23100,ARB03476_GBP,,,,,98.56,,,,,C03176,,,,
2623,,GJ,5/29/2026,,Wedbush_Clearing and Exchange Fees_20260529,,,,12100,ATGN,D23100,ARB03485_EUR,,,,,0.0,,,,,C03185,,,,
2624,,GJ,5/29/2026,,Wedbush_Clearing and Exchange Fees_20260529,,,,12100,ATGN,D23100,ARB03485_GBP,,,,,80.47999999999999,,,,,C03185,,,,
2625,,GJ,5/29/2026,,Wedbush_Clearing and Exchange Fees_20260529,,,,12100,ATGN,D23100,ARB03485_USD,,,,,573.15,,,,,C03185,,,,
2626,,GJ,5/29/2026,,Wedbush_Clearing and Exchange Fees_20260529,,,,12100,ATGN,D23300,ARB03489_EUR,,,,,0.0,,,,,C03160,,,,
2627,,GJ,5/29/2026,,Wedbush_Clearing and Exchange Fees_20260529,,,,12100,ATGN,D23300,ARB03489_GBP,,,,,1716.6599999999999,,,,,C03160,,,,
2628,,GJ,5/29/2026,,Wedbush_Clearing and Exchange Fees_20260529,,,,12100,ATGN,D23300,ARB03489_USD,,,,,6816.780000000001,,,,,C03160,,,,
2629,,GJ,5/29/2026,,Wedbush_Clearing and Exchange Fees_20260529,,,,12100,ATGN,D23300,ARB03492_CAD,,,,,0.0,,,,,C03163,,,,
2630,,GJ,5/29/2026,,Wedbush_Clearing and Exchange Fees_20260529,,,,12100,ATGN,D23300,ARB03492_EUR,,,,,0.0,,,,,C03163,,,,
2631,,GJ,5/29/2026,,Wedbush_Clearing and Exchange Fees_20260529,,,,12100,ATGN,D23300,ARB03492_GBP,,,,,686.26,,,,,C03163,,,,
2632,,GJ,5/29/2026,,Wedbush_Clearing and Exchange Fees_20260529,,,,12100,ATGN,D23300,ARB03492_USD,,,,,8937.5,,,,,C03163,,,,
2633,,GJ,5/29/2026,,Wedbush_Clearing and Exchange Fees_20260529,,,,12100,303P,D21030,ARB04021_USD,,,,,1247.6,,,,,C03084,,,,
2634,,GJ,5/29/2026,,Wedbush_Clearing and Exchange Fees_20260529,,,,12100,303P,D21030,ARB04023_USD,,,,,61.44,,,,,C04023,,,,
2635,,GJ,5/29/2026,,Wedbush_Clearing and Exchange Fees_20260529,,,,12100,303P,D21300,ARB04024_USD,,,,,54.4,,,,,C04024,,,,
2636,,GJ,5/29/2026,,Wedbush_Clearing and Exchange Fees_20260529,,,,12100,303P,D21300,ARB04029_USD,,,,,77.92,,,,,C04029,,,,
2637,,GJ,5/29/2026,,Wedbush_Clearing and Exchange Fees_20260529,,,,12100,303P,D21030,ARB04031_USD,,,,,39662.89,,,,,C04031,,,,
2638,,GJ,5/29/2026,,Wedbush_Clearing and Exchange Fees_20260529,,,,12100,303P,D21300,ARB04038_USD,,,,,898.18,,,,,C04038,,,,
2639,,GJ,5/29/2026,,Wedbush_Clearing and Exchange Fees_20260529,,,,12100,303P,D21300,ARB04042_USD,,,,,313.92,,,,,C02044,,,,
2640,,GJ,5/29/2026,,Wedbush_Clearing and Exchange Fees_20260529,,,,12100,303P,D21300,ARB04047_USD,,,,,821.76,,,,,C04033,,,,
2641,,GJ,5/29/2026,,Wedbush_Clearing and Exchange Fees_20260529,,,,12100,303P,D21300,ARB04048_USD,,,,,3793.52,,,,,C04048,,,,
2642,,GJ,5/29/2026,,Wedbush_Clearing and Exchange Fees_20260529,,,,12100,303P,D21030,ARB04049_USD,,,,,1321.9,,,,,C04050,,,,
2643,,GJ,5/29/2026,,Wedbush_Clearing and Exchange Fees_20260529,,,,12100,303P,D21300,ARB04052_USD,,,,,2576.32,,,,,C04052,,,,
2644,,GJ,5/29/2026,,Wedbush_Clearing and Exchange Fees_20260529,,,,12100,303P,D21300,ARB04053_EUR,,,,,15.14,,,,,C04053,,,,
2645,,GJ,5/29/2026,,Wedbush_Clearing and Exchange Fees_20260529,,,,12100,303P,D21300,ARB04053_GBP,,,,,24.880000000000003,,,,,C04053,,,,
2646,,GJ,5/29/2026,,Wedbush_Clearing and Exchange Fees_20260529,,,,12100,303P,D21300,ARB04053_USD,,,,,24.72,,,,,C04053,,,,
2647,,GJ,5/29/2026,,Wedbush_Clearing and Exchange Fees_20260529,,,,12100,303P,D21300,ARB04054_USD,,,,,113.3,,,,,C04054,,,,
2648,,GJ,5/29/2026,,Wedbush_Clearing and Exchange Fees_20260529,,,,12100,303P,D21300,ARB04055_USD,,,,,1463.12,,,,,C04054,,,,
2649,,GJ,5/29/2026,,Wedbush_Clearing and Exchange Fees_20260529,,,,12100,303P,D21300,ARB04057_USD,,,,,1708.51,,,,,C01057,,,,
2650,,GJ,5/29/2026,,Wedbush_Clearing and Exchange Fees_20260529,,,,12100,303P,D21300,ARB04059_USD,,,,,1273.29,,,,,C04059,,,,
2651,,GJ,5/29/2026,,Wedbush_Clearing and Exchange Fees_20260529,,,,12100,303P,D21300,ARB04062_USD,,,,4.6899999999999995,,,,,,C03029,,,,
2652,,GJ,5/29/2026,,Wedbush_Clearing and Exchange Fees_20260529,,,,12100,303P,D21300,ARB04065_USD,,,,,1168.85,,,,,C00675,,,,
2653,,GJ,5/29/2026,,Wedbush_Clearing and Exchange Fees_20260529,,,,12100,303P,D21300,ARB04066_USD,,,,,748.51,,,,,C00675,,,,
2654,,GJ,5/29/2026,,Wedbush_Clearing and Exchange Fees_20260529,,,,12100,303P,D21300,ARB04067_USD,,,,,459.46000000000004,,,,,C00675,,,,
2655,,GJ,5/29/2026,,Wedbush_Clearing and Exchange Fees_20260529,,,,12100,303P,D21300,ARB04068_USD,,,,,1692.7,,,,,C00675,,,,
2656,,GJ,5/29/2026,,Wedbush_Clearing and Exchange Fees_20260529,,,,12100,303P,D21300,ARB04069_USD,,,,,567.62,,,,,C00675,,,,
2657,,GJ,5/29/2026,,Wedbush_Clearing and Exchange Fees_20260529,,,,12100,303P,D21300,ARB04070_USD,,,,,330.08,,,,,C00675,,,,
2658,,GJ,5/29/2026,,Wedbush_Clearing and Exchange Fees_20260529,,,,12100,303P,D21300,ARB04073_USD,,,,,773.52,,,,,C04073,,,,
2659,,GJ,5/29/2026,,Wedbush_Clearing and Exchange Fees_20260529,,,,12100,303P,D21030,ARB04074_USD,,,,,151.92,,,,,C04074,,,,
2660,,GJ,5/29/2026,,Wedbush_Clearing and Exchange Fees_20260529,,,,12100,303P,D21300,ARB04075_USD,,,,,32.19,,,,,C04075,,,,
2661,,GJ,5/29/2026,,Wedbush_Clearing and Exchange Fees_20260529,,,,12100,303P,D21300,ARB04077_USD,,,,,10.5,,,,,C03095,,,,
2662,,GJ,5/29/2026,,Wedbush_Clearing and Exchange Fees_20260529,,,,12100,303P,D21300,ARB04079_USD,,,,,28.5,,,,,C03064,,,,
2663,,GJ,5/29/2026,,Wedbush_Clearing and Exchange Fees_20260529,,,,12100,303P,D21030,ARB04080_USD,,,,,3904.39,,,,,C02048,,,,
2664,,GJ,5/29/2026,,Wedbush_Clearing and Exchange Fees_20260529,,,,12100,303P,D21300,ARB04081_USD,,,,,607.9200000000001,,,,,C04081,,,,
2665,,GJ,5/29/2026,,Wedbush_Clearing and Exchange Fees_20260529,,,,12100,303P,D21300,ARB04082_USD,,,,,30.2,,,,,C04082,,,,
2666,,GJ,5/29/2026,,Wedbush_Clearing and Exchange Fees_20260529,,,,12100,303P,D21300,ARB04083_USD,,,,,8.16,,,,,C04083,,,,
2667,,GJ,5/29/2026,,Wedbush_Clearing and Exchange Fees_20260529,,,,12100,303P,D12000,ARB04085_USD,,,,,50.08,,,,,C02502,,,,
2668,,GJ,5/29/2026,,Wedbush_Clearing and Exchange Fees_20260529,,,,12100,303P,D21030,ARB04086_USD,,,,,33029.0,,,,,C04086,,,,
2669,,GJ,5/29/2026,,Wedbush_Clearing and Exchange Fees_20260529,,,,12100,303P,D21030,ARB04087_USD,,,,,8995.960000000001,,,,,C04022,,,,
2670,,GJ,5/29/2026,,Wedbush_Clearing and Exchange Fees_20260529,,,,12100,303P,D20000,ARB04088_USD,,,,,154.79999999999998,,,,,C00001,,,,
2671,,GJ,5/29/2026,,Wedbush_Clearing and Exchange Fees_20260529,,,,12100,303P,D23300,ARB04101_USD,,,,,145.52,,,,,C04101,,,,
2672,,GJ,5/29/2026,,Wedbush_Clearing and Exchange Fees_20260529,,,,12100,303P,D23300,ARB04102_USD,,,,,1422.01,,,,,C04102,,,,
2673,,GJ,5/29/2026,,Wedbush_Clearing and Exchange Fees_20260529,,,,12100,303P,D23300,ARB04103_USD,,,,,2962.9,,,,,C04103,,,,
2674,,GJ,5/29/2026,,Wedbush_Clearing and Exchange Fees_20260529,,,,12100,303P,D23300,ARB04104_USD,,,,,1890.37,,,,,C04104,,,,
2675,,GJ,5/29/2026,,Wedbush_Clearing and Exchange Fees_20260529,,,,12100,303P,D23020,ARB04105_USD,,,,,2567.04,,,,,C04105,,,,
2676,,GJ,5/29/2026,,Wedbush_Clearing and Exchange Fees_20260529,,,,12100,303P,D23020,ARB04106_USD,,,,,4150.28,,,,,C04105,,,,
2677,,GJ,5/29/2026,,Wedbush_Clearing and Exchange Fees_20260529,,,,12100,303P,D23300,ARB04108_USD,,,,,5684.63,,,,,C04108,,,,
2678,,GJ,5/29/2026,,Wedbush_Clearing and Exchange Fees_20260529,,,,12100,303P,D23300,ARB04110_USD,,,,,556.57,,,,,C04110,,,,
2679,,GJ,5/29/2026,,Wedbush_Clearing and Exchange Fees_20260529,,,,12100,303P,D23300,ARB04111_USD,,,,,2384.46,,,,,C04111,,,,
2680,,GJ,5/29/2026,,Wedbush_Clearing and Exchange Fees_20260529,,,,12100,303P,D23300,ARB04112_USD,,,,,113.75999999999999,,,,,C04112,,,,
2681,,GJ,5/29/2026,,Wedbush_Clearing and Exchange Fees_20260529,,,,12100,303P,D23300,ARB04113_USD,,,,,1108.0,,,,,C03122,,,,
2682,,GJ,5/29/2026,,Wedbush_Clearing and Exchange Fees_20260529,,,,12100,303P,D23090,ARB04114_USD,,,,,2456.6800000000003,,,,,C04114,,,,
2683,,GJ,5/29/2026,,Wedbush_Clearing and Exchange Fees_20260529,,,,12100,303P,D23300,ARB04116_USD,,,,,3186.5499999999997,,,,,C04101,,,,
2684,,GJ,5/29/2026,,Wedbush_Clearing and Exchange Fees_20260529,,,,12100,303P,D23300,ARB04117_USD,,,,,813.54,,,,,C04102,,,,
2685,,GJ,5/29/2026,,Wedbush_Clearing and Exchange Fees_20260529,,,,12100,303P,D23300,ARB04118_USD,,,,,599.28,,,,,C04118,,,,
2686,,GJ,5/29/2026,,Wedbush_Clearing and Exchange Fees_20260529,,,,12100,303P,D23300,ARB04119_USD,,,,,134.37,,,,,C04110,,,,
2687,,GJ,5/29/2026,,Wedbush_Clearing and Exchange Fees_20260529,,,,12100,303P,D23010,ARB04157_USD,,,,,424.16,,,,,C01268,,,,
2688,,GJ,5/29/2026,,Wedbush_Clearing and Exchange Fees_20260529,,,,12100,303P,D23010,ARB04158_USD,,,,,1.12,,,,,C01269,,,,
2689,,GJ,5/29/2026,,Wedbush_Clearing and Exchange Fees_20260529,,,,12100,303P,D23010,ARB04159_USD,,,,,7.84,,,,,C01270,,,,
2690,,GJ,5/29/2026,,Wedbush_Clearing and Exchange Fees_20260529,,,,12100,303P,D23010,ARB04160_USD,,,,,108.64,,,,,C01271,,,,
2691,,GJ,5/29/2026,,Wedbush_Clearing and Exchange Fees_20260529,,,,12100,303P,D23010,ARB04161_USD,,,,,451.36,,,,,C01272,,,,
2692,,GJ,5/29/2026,,Wedbush_Clearing and Exchange Fees_20260529,,,,12100,303P,D23010,ARB04162_USD,,,,,25.759999999999998,,,,,C01273,,,,
2693,,GJ,5/29/2026,,Wedbush_Clearing and Exchange Fees_20260529,,,,12100,303P,D23100,ARB04164_USD,,,,,493.46,,,,,C01275,,,,
2694,,GJ,5/29/2026,,Wedbush_Clearing and Exchange Fees_20260529,,,,12100,303P,D23100,ARB04165_USD,,,,,250.32000000000002,,,,,C01276,,,,
2695,,GJ,5/29/2026,,Wedbush_Clearing and Exchange Fees_20260529,,,,12100,303P,D23100,ARB04166_USD,,,,,498.99,,,,,C01277,,,,
2696,,GJ,5/29/2026,,Wedbush_Clearing and Exchange Fees_20260529,,,,12100,303P,D23100,ARB04167_USD,,,,,460.59000000000003,,,,,C01278,,,,
2697,,GJ,5/29/2026,,Wedbush_Clearing and Exchange Fees_20260529,,,,12100,303P,D23100,ARB04168_USD,,,,,716.0999999999999,,,,,C01279,,,,
2698,,GJ,5/29/2026,,Wedbush_Clearing and Exchange Fees_20260529,,,,12100,ATGN,D24010,ARB04336_USD,,,,,0.0,,,,,C00650,,,,
2699,,GJ,5/29/2026,,Wedbush_Clearing and Exchange Fees_20260529,,,,12100,ATGN,D24010,ARB04345_USD,,,,,184.43,,,,,C00650,,,,
2700,,GJ,5/29/2026,,Wedbush_Clearing and Exchange Fees_20260529,,,,12100,ATGN,D21300,ARB04348_EUR,,,,,0.0,,,,,C04048,,,,
2701,,GJ,5/29/2026,,Wedbush_Clearing and Exchange Fees_20260529,,,,12100,ATGN,D21300,ARB04348_GBP,,,,,98.74,,,,,C04048,,,,
2702,,GJ,5/29/2026,,Wedbush_Clearing and Exchange Fees_20260529,,,,12100,ATGN,D21300,ARB04348_USD,,,,,760.9,,,,,C04048,,,,
2703,,GJ,5/29/2026,,Wedbush_Clearing and Exchange Fees_20260529,,,,12100,ATGN,D21300,ARB04357_EUR,,,,,0.0,,,,,C01057,,,,
2704,,GJ,5/29/2026,,Wedbush_Clearing and Exchange Fees_20260529,,,,12100,ATGN,D21300,ARB04357_GBP,,,,,103.32,,,,,C01057,,,,
2705,,GJ,5/29/2026,,Wedbush_Clearing and Exchange Fees_20260529,,,,12100,ATGN,D21300,ARB04384_EUR,,,,,0.0,,,,,C03073,,,,
2706,,GJ,5/29/2026,,Wedbush_Clearing and Exchange Fees_20260529,,,,12100,ATGN,D21300,ARB04384_GBP,,,,,612.0799999999999,,,,,C03073,,,,
2707,,GJ,5/29/2026,,Wedbush_Clearing and Exchange Fees_20260529,,,,12100,ATGN,D21300,ARB04384_USD,,,,,1721.6799999999998,,,,,C03073,,,,
2708,,GJ,5/29/2026,,Wedbush_Clearing and Exchange Fees_20260529,,,,12100,ATGN,D20000,ARB04388_USD,,,,,35.34,,,,,C00001,,,,
2709,,GJ,5/29/2026,,Wedbush_Clearing and Exchange Fees_20260529,,,,12100,ATGN,D23300,ARB04401_USD,,,,,309.17,,,,,C04101,,,,
2710,,GJ,5/29/2026,,Wedbush_Clearing and Exchange Fees_20260529,,,,12100,ATGN,D23300,ARB04402_USD,,,,,3007.84,,,,,C04102,,,,
2711,,GJ,5/29/2026,,Wedbush_Clearing and Exchange Fees_20260529,,,,12100,ATGN,D23300,ARB04403_USD,,,,,848.4,,,,,C04103,,,,
2712,,GJ,5/29/2026,,Wedbush_Clearing and Exchange Fees_20260529,,,,12100,ATGN,D23300,ARB04404_EUR,,,,,0.0,,,,,C04104,,,,
2713,,GJ,5/29/2026,,Wedbush_Clearing and Exchange Fees_20260529,,,,12100,ATGN,D23300,ARB04404_GBP,,,,,25.28,,,,,C04104,,,,
2714,,GJ,5/29/2026,,Wedbush_Clearing and Exchange Fees_20260529,,,,12100,ATGN,D23300,ARB04404_USD,,,,,2670.4,,,,,C04104,,,,
2715,,GJ,5/29/2026,,Wedbush_Clearing and Exchange Fees_20260529,,,,12100,ATGN,D23020,ARB04405_CAD,,,,,0.0,,,,,C04105,,,,
2716,,GJ,5/29/2026,,Wedbush_Clearing and Exchange Fees_20260529,,,,12100,ATGN,D23020,ARB04405_USD,,,,,527.2,,,,,C04105,,,,
2717,,GJ,5/29/2026,,Wedbush_Clearing and Exchange Fees_20260529,,,,12100,ATGN,D23020,ARB04406_CAD,,,,,0.0,,,,,C04105,,,,
2718,,GJ,5/29/2026,,Wedbush_Clearing and Exchange Fees_20260529,,,,12100,ATGN,D23020,ARB04406_EUR,,,,,0.0,,,,,C04105,,,,
2719,,GJ,5/29/2026,,Wedbush_Clearing and Exchange Fees_20260529,,,,12100,ATGN,D23020,ARB04406_GBP,,,,,12.64,,,,,C04105,,,,
2720,,GJ,5/29/2026,,Wedbush_Clearing and Exchange Fees_20260529,,,,12100,ATGN,D23020,ARB04406_USD,,,,,2033.4,,,,,C04105,,,,
2721,,GJ,5/29/2026,,Wedbush_Clearing and Exchange Fees_20260529,,,,12100,ATGN,D23300,ARB04408_EUR,,,,,0.0,,,,,C04108,,,,
2722,,GJ,5/29/2026,,Wedbush_Clearing and Exchange Fees_20260529,,,,12100,ATGN,D23300,ARB04408_GBP,,,,,1319.04,,,,,C04108,,,,
2723,,GJ,5/29/2026,,Wedbush_Clearing and Exchange Fees_20260529,,,,12100,ATGN,D23300,ARB04410_USD,,,,,2932.16,,,,,C04110,,,,
2724,,GJ,5/29/2026,,Wedbush_Clearing and Exchange Fees_20260529,,,,12100,ATGN,D23300,ARB04413_EUR,,,,,0.0,,,,,C03122,,,,
2725,,GJ,5/29/2026,,Wedbush_Clearing and Exchange Fees_20260529,,,,12100,ATGN,D23300,ARB04413_GBP,,,,,14.22,,,,,C03122,,,,
2726,,GJ,5/29/2026,,Wedbush_Clearing and Exchange Fees_20260529,,,,12100,ATGN,D23300,ARB04413_USD,,,,,1852.2,,,,,C03122,,,,
2727,,GJ,5/29/2026,,Wedbush_Clearing and Exchange Fees_20260529,,,,12100,ATGN,D23300,ARB04418_USD,,,,,723.36,,,,,C04118,,,,
2728,,GJ,5/29/2026,,Wedbush_Clearing and Exchange Fees_20260529,,,,12100,ATGN,D23020,ARB04451_EUR,,,,,0.0,,,,,C01266,,,,
2729,,GJ,5/29/2026,,Wedbush_Clearing and Exchange Fees_20260529,,,,12100,ATGN,D23020,ARB04451_GBP,,,,,1347.74,,,,,C01266,,,,
2730,,GJ,5/29/2026,,Wedbush_Clearing and Exchange Fees_20260529,,,,12100,ATGN,D23020,ARB04451_USD,,,,,3986.48,,,,,C01266,,,,
2731,,GJ,5/29/2026,,Wedbush_Clearing and Exchange Fees_20260529,,,,12100,ATGN,D23020,ARB04452_EUR,,,,,0.0,,,,,C01265,,,,
2732,,GJ,5/29/2026,,Wedbush_Clearing and Exchange Fees_20260529,,,,12100,ATGN,D23020,ARB04452_GBP,,,,,1194.48,,,,,C01265,,,,
2733,,GJ,5/29/2026,,Wedbush_Clearing and Exchange Fees_20260529,,,,12100,ATGN,D23020,ARB04452_USD,,,,,3520.92,,,,,C01265,,,,
2734,,GJ,5/29/2026,,Wedbush_Clearing and Exchange Fees_20260529,,,,12100,ATGN,D23020,ARB04454_EUR,,,,,0.0,,,,,C01261,,,,
2735,,GJ,5/29/2026,,Wedbush_Clearing and Exchange Fees_20260529,,,,12100,ATGN,D23020,ARB04454_GBP,,,,,1422.0,,,,,C01261,,,,
2736,,GJ,5/29/2026,,Wedbush_Clearing and Exchange Fees_20260529,,,,12100,ATGN,D23020,ARB04454_USD,,,,,4925.04,,,,,C01261,,,,
2737,,GJ,5/29/2026,,Wedbush_Clearing and Exchange Fees_20260529,,,,12100,ATGN,D23010,ARB04459_CAD,,,,,0.0,,,,,C01270,,,,
2738,,GJ,5/29/2026,,Wedbush_Clearing and Exchange Fees_20260529,,,,12100,ATGN,D23010,ARB04459_USD,,,,,15.3,,,,,C01270,,,,
2739,,GJ,5/29/2026,,Wedbush_Clearing and Exchange Fees_20260529,,,,12100,303P,D21300,ARB05057_EUR,,,,,0.0,,,,,C01057,,,,
2740,,GJ,5/29/2026,,Wedbush_Clearing and Exchange Fees_20260529,,,,12100,303P,D21300,ARB05057_USD,,,,,1623.17,,,,,C01057,,,,
2741,,GJ,5/29/2026,,Wedbush_Clearing and Exchange Fees_20260529,,,,12100,ATGN,D21300,ARB05357_EUR,,,,,0.0,,,,,C01057,,,,
2742,,GJ,5/29/2026,,Wedbush_Clearing and Exchange Fees_20260529,,,,12100,ATGN,D21300,ARB05357_GBP,,,,,297833.48,,,,,C01057,,,,
2743,,GJ,5/29/2026,,Wedbush_Clearing and Exchange Fees_20260529,,,,12100,303P,D21300,ARB06057_USD,,,,,4108.42,,,,,C01057,,,,
2744,,GJ,5/29/2026,,Wedbush_Clearing and Exchange Fees_20260529,,,,12100,ATGN,D21300,ARB06357_USD,,,,,1969.95,,,,,C01057,,,,
2745,,GJ,5/29/2026,,Wedbush_Clearing and Exchange Fees_20260529,,,,50120,303P,D24300,ARB00020_USD,,,,1981.48,,,,,,C00020,,,,
2746,,GJ,5/29/2026,,Wedbush_Clearing and Exchange Fees_20260529,,,,50120,303P,D21300,ARB00054_USD,,,,10135.800000000001,,,,,,C00054,,,,
2747,,GJ,5/29/2026,,Wedbush_Clearing and Exchange Fees_20260529,,,,50120,303P,D21300,ARB00055_USD,,,,159.9,,,,,,C00054,,,,
2748,,GJ,5/29/2026,,Wedbush_Clearing and Exchange Fees_20260529,,,,50120,303P,D21300,ARB00068_USD,,,,4835.52,,,,,,C03068,,,,
2749,,GJ,5/29/2026,,Wedbush_Clearing and Exchange Fees_20260529,,,,50120,303P,D21300,ARB00090_USD,,,,865.66,,,,,,C00090,,,,
2750,,GJ,5/29/2026,,Wedbush_Clearing and Exchange Fees_20260529,,,,50120,303P,D23300,ARB00110_USD,,,,929.52,,,,,,C00110,,,,
2751,,GJ,5/29/2026,,Wedbush_Clearing and Exchange Fees_20260529,,,,50120,303P,D23300,ARB00112_USD,,,,446.28000000000003,,,,,,C00112,,,,
2752,,GJ,5/29/2026,,Wedbush_Clearing and Exchange Fees_20260529,,,,50120,303P,D23300,ARB00113_USD,,,,558.36,,,,,,C00112,,,,
2753,,GJ,5/29/2026,,Wedbush_Clearing and Exchange Fees_20260529,,,,50120,303P,D23300,ARB00122_USD,,,,54.22,,,,,,C00122,,,,
2754,,GJ,5/29/2026,,Wedbush_Clearing and Exchange Fees_20260529,,,,50120,303P,D23080,ARB00123_USD,,,,267.03000000000003,,,,,,C01231,,,,
2755,,GJ,5/29/2026,,Wedbush_Clearing and Exchange Fees_20260529,,,,50120,303P,D23020,ARB00124_USD,,,,713.0699999999999,,,,,,C00124,,,,
2756,,GJ,5/29/2026,,Wedbush_Clearing and Exchange Fees_20260529,,,,50120,303P,D23020,ARB00126_USD,,,,48.76,,,,,,C00426,,,,
2757,,GJ,5/29/2026,,Wedbush_Clearing and Exchange Fees_20260529,,,,50120,303P,D23300,ARB00132_USD,,,,3015.28,,,,,,C00132,,,,
2758,,GJ,5/29/2026,,Wedbush_Clearing and Exchange Fees_20260529,,,,50120,303P,D23300,ARB00135_USD,,,,112.2,,,,,,C00135,,,,
2759,,GJ,5/29/2026,,Wedbush_Clearing and Exchange Fees_20260529,,,,50120,303P,D23020,ARB00143_USD,,,,280.28,,,,,,C00125,,,,
2760,,GJ,5/29/2026,,Wedbush_Clearing and Exchange Fees_20260529,,,,50120,303P,D23020,ARB00146_USD,,,,129.54000000000002,,,,,,C00146,,,,
2761,,GJ,5/29/2026,,Wedbush_Clearing and Exchange Fees_20260529,,,,50120,303P,D23300,ARB00149_USD,,,,685.76,,,,,,C00149,,,,
2762,,GJ,5/29/2026,,Wedbush_Clearing and Exchange Fees_20260529,,,,50120,303P,D23300,ARB00156_USD,,,,13652.74,,,,,,C00156,,,,
2763,,GJ,5/29/2026,,Wedbush_Clearing and Exchange Fees_20260529,,,,50120,303P,D23010,ARB00160_USD,,,,746.64,,,,,,C00160,,,,
2764,,GJ,5/29/2026,,Wedbush_Clearing and Exchange Fees_20260529,,,,50120,303P,D23010,ARB00161_USD,,,,1865.72,,,,,,C00161,,,,
2765,,GJ,5/29/2026,,Wedbush_Clearing and Exchange Fees_20260529,,,,50120,303P,D23010,ARB00169_USD,,,,12111.64,,,,,,C00469,,,,
2766,,GJ,5/29/2026,,Wedbush_Clearing and Exchange Fees_20260529,,,,50120,303P,D23060,ARB00186_USD,,,,1514.22,,,,,,C00186,,,,
2767,,GJ,5/29/2026,,Wedbush_Clearing and Exchange Fees_20260529,,,,50120,303P,D23060,ARB00188_USD,,,,123.86000000000001,,,,,,C00186,,,,
2768,,GJ,5/29/2026,,Wedbush_Clearing and Exchange Fees_20260529,,,,50120,303P,D23300,ARB00193_USD,,,,6031.76,,,,,,C00193,,,,
2769,,GJ,5/29/2026,,Wedbush_Clearing and Exchange Fees_20260529,,,,50120,303P,D23300,ARB00194_USD,,,,7764.88,,,,,,C00194,,,,
2770,,GJ,5/29/2026,,Wedbush_Clearing and Exchange Fees_20260529,,,,50120,303P,D22000,ARB00203_USD,,,,6.0,,,,,,C00203,,,,
2771,,GJ,5/29/2026,,Wedbush_Clearing and Exchange Fees_20260529,,,,50120,303P,D22000,ARB00214_USD,,,,1353.9,,,,,,C00214,,,,
2772,,GJ,5/29/2026,,Wedbush_Clearing and Exchange Fees_20260529,,,,50120,303P,D22000,ARB00215_USD,,,,9374.92,,,,,,C00215,,,,
2773,,GJ,5/29/2026,,Wedbush_Clearing and Exchange Fees_20260529,,,,50120,303P,D22000,ARB00220_USD,,,,2184.7,,,,,,C00220,,,,
2774,,GJ,5/29/2026,,Wedbush_Clearing and Exchange Fees_20260529,,,,50120,303P,D22000,ARB00257_USD,,,,8397.98,,,,,,C00257,,,,
2775,,GJ,5/29/2026,,Wedbush_Clearing and Exchange Fees_20260529,,,,50120,303P,D22000,ARB00267_USD,,,,1165.52,,,,,,C00267,,,,
2776,,GJ,5/29/2026,,Wedbush_Clearing and Exchange Fees_20260529,,,,50120,ATGN,D21300,ARB00311_USD,,,,,177.04,,,,,C00011,,,,
2777,,GJ,5/29/2026,,Wedbush_Clearing and Exchange Fees_20260529,,,,50120,ATGN,D24300,ARB00320_EUR,,,,0.0,,,,,,C00020,,,,
2778,,GJ,5/29/2026,,Wedbush_Clearing and Exchange Fees_20260529,,,,50120,ATGN,D24300,ARB00320_GBP,,,,2142.7200000000003,,,,,,C00020,,,,
2779,,GJ,5/29/2026,,Wedbush_Clearing and Exchange Fees_20260529,,,,50120,ATGN,D21300,ARB00354_USD,,,,1938.53,,,,,,C00054,,,,
2780,,GJ,5/29/2026,,Wedbush_Clearing and Exchange Fees_20260529,,,,50120,ATGN,D21300,ARB00355_EUR,,,,0.0,,,,,,C00054,,,,
2781,,GJ,5/29/2026,,Wedbush_Clearing and Exchange Fees_20260529,,,,50120,ATGN,D21300,ARB00355_GBP,,,,37.92,,,,,,C00054,,,,
2782,,GJ,5/29/2026,,Wedbush_Clearing and Exchange Fees_20260529,,,,50120,ATGN,D21300,ARB00390_CAD,,,,0.0,,,,,,C00090,,,,
2783,,GJ,5/29/2026,,Wedbush_Clearing and Exchange Fees_20260529,,,,50120,ATGN,D21300,ARB00390_USD,,,,3325.12,,,,,,C00090,,,,
2784,,GJ,5/29/2026,,Wedbush_Clearing and Exchange Fees_20260529,,,,50120,ATGN,D23300,ARB00410_EUR,,,,0.0,,,,,,C00110,,,,
2785,,GJ,5/29/2026,,Wedbush_Clearing and Exchange Fees_20260529,,,,50120,ATGN,D23300,ARB00410_GBP,,,,15.600000000000001,,,,,,C00110,,,,
2786,,GJ,5/29/2026,,Wedbush_Clearing and Exchange Fees_20260529,,,,50120,ATGN,D23300,ARB00412_EUR,,,,0.0,,,,,,C00112,,,,
2787,,GJ,5/29/2026,,Wedbush_Clearing and Exchange Fees_20260529,,,,50120,ATGN,D23300,ARB00412_GBP,,,,331.6,,,,,,C00112,,,,
2788,,GJ,5/29/2026,,Wedbush_Clearing and Exchange Fees_20260529,,,,50120,ATGN,D23300,ARB00412_USD,,,,838.8,,,,,,C00112,,,,
2789,,GJ,5/29/2026,,Wedbush_Clearing and Exchange Fees_20260529,,,,50120,ATGN,D23300,ARB00422_EUR,,,,0.0,,,,,,C00122,,,,
2790,,GJ,5/29/2026,,Wedbush_Clearing and Exchange Fees_20260529,,,,50120,ATGN,D23300,ARB00422_GBP,,,,24.98,,,,,,C00122,,,,
2791,,GJ,5/29/2026,,Wedbush_Clearing and Exchange Fees_20260529,,,,50120,ATGN,D23300,ARB00422_USD,,,,10105.18,,,,,,C00122,,,,
2792,,GJ,5/29/2026,,Wedbush_Clearing and Exchange Fees_20260529,,,,50120,ATGN,D23080,ARB00423_CAD,,,,0.0,,,,,,C01231,,,,
2793,,GJ,5/29/2026,,Wedbush_Clearing and Exchange Fees_20260529,,,,50120,ATGN,D23080,ARB00423_EUR,,,,0.0,,,,,,C01231,,,,
2794,,GJ,5/29/2026,,Wedbush_Clearing and Exchange Fees_20260529,,,,50120,ATGN,D23080,ARB00423_GBP,,,,56.16,,,,,,C01231,,,,
2795,,GJ,5/29/2026,,Wedbush_Clearing and Exchange Fees_20260529,,,,50120,ATGN,D23080,ARB00423_USD,,,,41454.630000000005,,,,,,C01231,,,,
2796,,GJ,5/29/2026,,Wedbush_Clearing and Exchange Fees_20260529,,,,50120,ATGN,D23020,ARB00424_CAD,,,,0.0,,,,,,C00124,,,,
2797,,GJ,5/29/2026,,Wedbush_Clearing and Exchange Fees_20260529,,,,50120,ATGN,D23020,ARB00424_EUR,,,,0.0,,,,,,C00124,,,,
2798,,GJ,5/29/2026,,Wedbush_Clearing and Exchange Fees_20260529,,,,50120,ATGN,D23020,ARB00424_GBP,,,,515.06,,,,,,C00124,,,,
2799,,GJ,5/29/2026,,Wedbush_Clearing and Exchange Fees_20260529,,,,50120,ATGN,D23020,ARB00424_USD,,,,26818.84,,,,,,C00124,,,,
2800,,GJ,5/29/2026,,Wedbush_Clearing and Exchange Fees_20260529,,,,50120,ATGN,D23020,ARB00425_EUR,,,,0.0,,,,,,C00125,,,,
2801,,GJ,5/29/2026,,Wedbush_Clearing and Exchange Fees_20260529,,,,50120,ATGN,D23020,ARB00425_GBP,,,,547.14,,,,,,C00125,,,,
2802,,GJ,5/29/2026,,Wedbush_Clearing and Exchange Fees_20260529,,,,50120,ATGN,D23020,ARB00425_USD,,,,42041.200000000004,,,,,,C00125,,,,
2803,,GJ,5/29/2026,,Wedbush_Clearing and Exchange Fees_20260529,,,,50120,ATGN,D23020,ARB00426_EUR,,,,0.0,,,,,,C00426,,,,
2804,,GJ,5/29/2026,,Wedbush_Clearing and Exchange Fees_20260529,,,,50120,ATGN,D23020,ARB00426_GBP,,,,178.87,,,,,,C00426,,,,
2805,,GJ,5/29/2026,,Wedbush_Clearing and Exchange Fees_20260529,,,,50120,ATGN,D23020,ARB00426_USD,,,,13487.92,,,,,,C00426,,,,
2806,,GJ,5/29/2026,,Wedbush_Clearing and Exchange Fees_20260529,,,,50120,ATGN,D23300,ARB00432_EUR,,,,0.0,,,,,,C00132,,,,
2807,,GJ,5/29/2026,,Wedbush_Clearing and Exchange Fees_20260529,,,,50120,ATGN,D23300,ARB00432_GBP,,,,1160.16,,,,,,C00132,,,,
2808,,GJ,5/29/2026,,Wedbush_Clearing and Exchange Fees_20260529,,,,50120,ATGN,D23300,ARB00432_USD,,,,107.19,,,,,,C00132,,,,
2809,,GJ,5/29/2026,,Wedbush_Clearing and Exchange Fees_20260529,,,,50120,ATGN,D23300,ARB00435_EUR,,,,0.0,,,,,,C00135,,,,
2810,,GJ,5/29/2026,,Wedbush_Clearing and Exchange Fees_20260529,,,,50120,ATGN,D23300,ARB00435_GBP,,,,25.74,,,,,,C00135,,,,
2811,,GJ,5/29/2026,,Wedbush_Clearing and Exchange Fees_20260529,,,,50120,ATGN,D23300,ARB00435_USD,,,,29410.5,,,,,,C00135,,,,
2812,,GJ,5/29/2026,,Wedbush_Clearing and Exchange Fees_20260529,,,,50120,ATGN,D23020,ARB00442_USD,,,,420.0,,,,,,C00124,,,,
2813,,GJ,5/29/2026,,Wedbush_Clearing and Exchange Fees_20260529,,,,50120,ATGN,D23020,ARB00443_USD,,,,420.0,,,,,,C00125,,,,
2814,,GJ,5/29/2026,,Wedbush_Clearing and Exchange Fees_20260529,,,,50120,ATGN,D23020,ARB00446_EUR,,,,0.0,,,,,,C00146,,,,
2815,,GJ,5/29/2026,,Wedbush_Clearing and Exchange Fees_20260529,,,,50120,ATGN,D23020,ARB00446_GBP,,,,462.72,,,,,,C00146,,,,
2816,,GJ,5/29/2026,,Wedbush_Clearing and Exchange Fees_20260529,,,,50120,ATGN,D23020,ARB00446_USD,,,,11684.08,,,,,,C00146,,,,
2817,,GJ,5/29/2026,,Wedbush_Clearing and Exchange Fees_20260529,,,,50120,ATGN,D23300,ARB00449_EUR,,,,0.0,,,,,,C00149,,,,
2818,,GJ,5/29/2026,,Wedbush_Clearing and Exchange Fees_20260529,,,,50120,ATGN,D23300,ARB00449_GBP,,,,78.32,,,,,,C00149,,,,
2819,,GJ,5/29/2026,,Wedbush_Clearing and Exchange Fees_20260529,,,,50120,ATGN,D23300,ARB00449_USD,,,,3228.38,,,,,,C00149,,,,
2820,,GJ,5/29/2026,,Wedbush_Clearing and Exchange Fees_20260529,,,,50120,ATGN,D23300,ARB00456_EUR,,,,0.0,,,,,,C00156,,,,
2821,,GJ,5/29/2026,,Wedbush_Clearing and Exchange Fees_20260529,,,,50120,ATGN,D23300,ARB00456_GBP,,,,181.36,,,,,,C00156,,,,
2822,,GJ,5/29/2026,,Wedbush_Clearing and Exchange Fees_20260529,,,,50120,ATGN,D23300,ARB00456_USD,,,,2857.7,,,,,,C00156,,,,
2823,,GJ,5/29/2026,,Wedbush_Clearing and Exchange Fees_20260529,,,,50120,ATGN,D23010,ARB00460_CAD,,,,0.0,,,,,,C00160,,,,
2824,,GJ,5/29/2026,,Wedbush_Clearing and Exchange Fees_20260529,,,,50120,ATGN,D23010,ARB00460_USD,,,,2536.9,,,,,,C00160,,,,
2825,,GJ,5/29/2026,,Wedbush_Clearing and Exchange Fees_20260529,,,,50120,ATGN,D23010,ARB00461_CAD,,,,0.0,,,,,,C00161,,,,
2826,,GJ,5/29/2026,,Wedbush_Clearing and Exchange Fees_20260529,,,,50120,ATGN,D23010,ARB00461_USD,,,,1535.58,,,,,,C00161,,,,
2827,,GJ,5/29/2026,,Wedbush_Clearing and Exchange Fees_20260529,,,,50120,ATGN,D23010,ARB00469_CAD,,,,0.0,,,,,,C00469,,,,
2828,,GJ,5/29/2026,,Wedbush_Clearing and Exchange Fees_20260529,,,,50120,ATGN,D23010,ARB00469_EUR,,,,0.0,,,,,,C00469,,,,
2829,,GJ,5/29/2026,,Wedbush_Clearing and Exchange Fees_20260529,,,,50120,ATGN,D23010,ARB00469_GBP,,,,269.34,,,,,,C00469,,,,
2830,,GJ,5/29/2026,,Wedbush_Clearing and Exchange Fees_20260529,,,,50120,ATGN,D23010,ARB00469_USD,,,,22805.010000000002,,,,,,C00469,,,,
2831,,GJ,5/29/2026,,Wedbush_Clearing and Exchange Fees_20260529,,,,50120,ATGN,D23060,ARB00486_EUR,,,,0.0,,,,,,C00186,,,,
2832,,GJ,5/29/2026,,Wedbush_Clearing and Exchange Fees_20260529,,,,50120,ATGN,D23060,ARB00486_GBP,,,,7.8,,,,,,C00186,,,,
2833,,GJ,5/29/2026,,Wedbush_Clearing and Exchange Fees_20260529,,,,50120,ATGN,D23060,ARB00486_USD,,,,615.6800000000001,,,,,,C00186,,,,
2834,,GJ,5/29/2026,,Wedbush_Clearing and Exchange Fees_20260529,,,,50120,ATGN,D23060,ARB00488_USD,,,,98.56,,,,,,C00186,,,,
2835,,GJ,5/29/2026,,Wedbush_Clearing and Exchange Fees_20260529,,,,50120,ATGN,D23300,ARB00493_CAD,,,,0.0,,,,,,C00193,,,,
2836,,GJ,5/29/2026,,Wedbush_Clearing and Exchange Fees_20260529,,,,50120,ATGN,D23300,ARB00493_EUR,,,,0.0,,,,,,C00193,,,,
2837,,GJ,5/29/2026,,Wedbush_Clearing and Exchange Fees_20260529,,,,50120,ATGN,D23300,ARB00493_GBP,,,,219.18,,,,,,C00193,,,,
2838,,GJ,5/29/2026,,Wedbush_Clearing and Exchange Fees_20260529,,,,50120,ATGN,D23300,ARB00493_USD,,,,5368.58,,,,,,C00193,,,,
2839,,GJ,5/29/2026,,Wedbush_Clearing and Exchange Fees_20260529,,,,50120,ATGN,D23300,ARB00494_CAD,,,,0.0,,,,,,C00194,,,,
2840,,GJ,5/29/2026,,Wedbush_Clearing and Exchange Fees_20260529,,,,50120,ATGN,D23300,ARB00494_EUR,,,,0.0,,,,,,C00194,,,,
2841,,GJ,5/29/2026,,Wedbush_Clearing and Exchange Fees_20260529,,,,50120,ATGN,D23300,ARB00494_GBP,,,,166.03,,,,,,C00194,,,,
2842,,GJ,5/29/2026,,Wedbush_Clearing and Exchange Fees_20260529,,,,50120,ATGN,D23300,ARB00494_USD,,,,17768.04,,,,,,C00194,,,,
2843,,GJ,5/29/2026,,Wedbush_Clearing and Exchange Fees_20260529,,,,50120,ATGN,D22000,ARB00503_EUR,,,,0.0,,,,,,C00203,,,,
2844,,GJ,5/29/2026,,Wedbush_Clearing and Exchange Fees_20260529,,,,50120,ATGN,D22000,ARB00503_GBP,,,,100.84,,,,,,C00203,,,,
2845,,GJ,5/29/2026,,Wedbush_Clearing and Exchange Fees_20260529,,,,50120,ATGN,D22000,ARB00503_USD,,,,1020.24,,,,,,C00203,,,,
2846,,GJ,5/29/2026,,Wedbush_Clearing and Exchange Fees_20260529,,,,50120,ATGN,D22000,ARB00514_EUR,,,,0.0,,,,,,C00214,,,,
2847,,GJ,5/29/2026,,Wedbush_Clearing and Exchange Fees_20260529,,,,50120,ATGN,D22000,ARB00514_GBP,,,,76.3,,,,,,C00214,,,,
2848,,GJ,5/29/2026,,Wedbush_Clearing and Exchange Fees_20260529,,,,50120,ATGN,D22000,ARB00520_EUR,,,,0.0,,,,,,C00220,,,,
2849,,GJ,5/29/2026,,Wedbush_Clearing and Exchange Fees_20260529,,,,50120,ATGN,D22000,ARB00520_GBP,,,,48.0,,,,,,C00220,,,,
2850,,GJ,5/29/2026,,Wedbush_Clearing and Exchange Fees_20260529,,,,50120,ATGN,D22000,ARB00520_USD,,,,8.4,,,,,,C00220,,,,
2851,,GJ,5/29/2026,,Wedbush_Clearing and Exchange Fees_20260529,,,,50120,ATGN,D22000,ARB00557_EUR,,,,0.0,,,,,,C00257,,,,
2852,,GJ,5/29/2026,,Wedbush_Clearing and Exchange Fees_20260529,,,,50120,ATGN,D22000,ARB00557_GBP,,,,16.0,,,,,,C00257,,,,
2853,,GJ,5/29/2026,,Wedbush_Clearing and Exchange Fees_20260529,,,,50120,ATGN,D22000,ARB00567_EUR,,,,0.0,,,,,,C00267,,,,
2854,,GJ,5/29/2026,,Wedbush_Clearing and Exchange Fees_20260529,,,,50120,ATGN,D22000,ARB00567_GBP,,,,334.94000000000005,,,,,,C00267,,,,
2855,,GJ,5/29/2026,,Wedbush_Clearing and Exchange Fees_20260529,,,,50120,ATGN,D22000,ARB00567_USD,,,,1403.8400000000001,,,,,,C00267,,,,
2856,,GJ,5/29/2026,,Wedbush_Clearing and Exchange Fees_20260529,,,,50120,303S,D21300,ARB00754_USD,,,,4140.45,,,,,,C00754,,,,
2857,,GJ,5/29/2026,,Wedbush_Clearing and Exchange Fees_20260529,,,,50120,303S,D21030,ARB00765_USD,,,,290.46,,,,,,C00765,,,,
2858,,GJ,5/29/2026,,Wedbush_Clearing and Exchange Fees_20260529,,,,50120,303P,D21030,ARB01002_USD,,,,303.64,,,,,,C01064,,,,
2859,,GJ,5/29/2026,,Wedbush_Clearing and Exchange Fees_20260529,,,,50120,303P,D21300,ARB01057_MXN,,,,0.0,,,,,,C01057,,,,
2860,,GJ,5/29/2026,,Wedbush_Clearing and Exchange Fees_20260529,,,,50120,303P,D21300,ARB01057_USD,,,,675.5699999999999,,,,,,C01057,,,,
2861,,GJ,5/29/2026,,Wedbush_Clearing and Exchange Fees_20260529,,,,50120,303P,D21030,ARB01063_USD,,,,7672.72,,,,,,C01063,,,,
2862,,GJ,5/29/2026,,Wedbush_Clearing and Exchange Fees_20260529,,,,50120,303P,D21030,ARB01064_USD,,,,1347.92,,,,,,C01064,,,,
2863,,GJ,5/29/2026,,Wedbush_Clearing and Exchange Fees_20260529,,,,50120,303P,D21030,ARB01065_USD,,,,657.44,,,,,,C01065,,,,
2864,,GJ,5/29/2026,,Wedbush_Clearing and Exchange Fees_20260529,,,,50120,303P,D21030,ARB01066_USD,,,,382.8,,,,,,C01066,,,,
2865,,GJ,5/29/2026,,Wedbush_Clearing and Exchange Fees_20260529,,,,50120,303P,D21030,ARB01067_USD,,,,21.4,,,,,,C01067,,,,
2866,,GJ,5/29/2026,,Wedbush_Clearing and Exchange Fees_20260529,,,,50120,303P,D21030,ARB01071_USD,,,,5336.26,,,,,,C01071,,,,
2867,,GJ,5/29/2026,,Wedbush_Clearing and Exchange Fees_20260529,,,,50120,303P,D21030,ARB01073_USD,,,,4545.77,,,,,,C01073,,,,
2868,,GJ,5/29/2026,,Wedbush_Clearing and Exchange Fees_20260529,,,,50120,303P,D21030,ARB01076_USD,,,,7784.1,,,,,,C01076,,,,
2869,,GJ,5/29/2026,,Wedbush_Clearing and Exchange Fees_20260529,,,,50120,303P,D21030,ARB01078_USD,,,,2984.6200000000003,,,,,,C01078,,,,
2870,,GJ,5/29/2026,,Wedbush_Clearing and Exchange Fees_20260529,,,,50120,303P,D21030,ARB01092_USD,,,,28864.45,,,,,,C01092,,,,
2871,,GJ,5/29/2026,,Wedbush_Clearing and Exchange Fees_20260529,,,,50120,303P,D23020,ARB01100_USD,,,,101.38000000000001,,,,,,C00146,,,,
2872,,GJ,5/29/2026,,Wedbush_Clearing and Exchange Fees_20260529,,,,50120,303P,D23020,ARB01117_USD,,,,24.64,,,,,,C01117,,,,
2873,,GJ,5/29/2026,,Wedbush_Clearing and Exchange Fees_20260529,,,,50120,303P,D23300,ARB01129_USD,,,,6.12,,,,,,C00149,,,,
2874,,GJ,5/29/2026,,Wedbush_Clearing and Exchange Fees_20260529,,,,50120,303P,D23300,ARB01145_USD,,,,6135.259999999999,,,,,,C01145,,,,
2875,,GJ,5/29/2026,,Wedbush_Clearing and Exchange Fees_20260529,,,,50120,303P,D23010,ARB01157_USD,,,,2335.76,,,,,,C01157,,,,
2876,,GJ,5/29/2026,,Wedbush_Clearing and Exchange Fees_20260529,,,,50120,303P,D23010,ARB01158_USD,,,,29792.4,,,,,,C01158,,,,
2877,,GJ,5/29/2026,,Wedbush_Clearing and Exchange Fees_20260529,,,,50120,303P,D23010,ARB01166_USD,,,,1156.4,,,,,,C01166,,,,
2878,,GJ,5/29/2026,,Wedbush_Clearing and Exchange Fees_20260529,,,,50120,303P,D23010,ARB01172_USD,,,,1837.3,,,,,,C01172,,,,
2879,,GJ,5/29/2026,,Wedbush_Clearing and Exchange Fees_20260529,,,,50120,303P,D23010,ARB01176_USD,,,,4528.16,,,,,,C01176,,,,
2880,,GJ,5/29/2026,,Wedbush_Clearing and Exchange Fees_20260529,,,,50120,303P,D23010,ARB01177_USD,,,,24.8,,,,,,C00469,,,,
2881,,GJ,5/29/2026,,Wedbush_Clearing and Exchange Fees_20260529,,,,50120,303P,D23300,ARB01195_USD,,,,52.02,,,,,,C00193,,,,
2882,,GJ,5/29/2026,,Wedbush_Clearing and Exchange Fees_20260529,,,,50120,ATGN,D21300,ARB01357_CHF,,,,0.0,,,,,,C01057,,,,
2883,,GJ,5/29/2026,,Wedbush_Clearing and Exchange Fees_20260529,,,,50120,ATGN,D21300,ARB01357_EUR,,,,11017.2,,,,,,C01057,,,,
2884,,GJ,5/29/2026,,Wedbush_Clearing and Exchange Fees_20260529,,,,50120,ATGN,D21300,ARB01357_GBP,,,,23108.100000000002,,,,,,C01057,,,,
2885,,GJ,5/29/2026,,Wedbush_Clearing and Exchange Fees_20260529,,,,50120,ATGN,D21300,ARB01357_USD,,,,16231.0,,,,,,C01057,,,,
2886,,GJ,5/29/2026,,Wedbush_Clearing and Exchange Fees_20260529,,,,50120,ATGN,D23020,ARB01400_EUR,,,,0.0,,,,,,C00146,,,,
2887,,GJ,5/29/2026,,Wedbush_Clearing and Exchange Fees_20260529,,,,50120,ATGN,D23020,ARB01400_GBP,,,,1046.76,,,,,,C00146,,,,
2888,,GJ,5/29/2026,,Wedbush_Clearing and Exchange Fees_20260529,,,,50120,ATGN,D23020,ARB01400_USD,,,,7296.32,,,,,,C00146,,,,
2889,,GJ,5/29/2026,,Wedbush_Clearing and Exchange Fees_20260529,,,,50120,ATGN,D23020,ARB01417_EUR,,,,0.0,,,,,,C01117,,,,
2890,,GJ,5/29/2026,,Wedbush_Clearing and Exchange Fees_20260529,,,,50120,ATGN,D23020,ARB01417_GBP,,,,580.24,,,,,,C01117,,,,
2891,,GJ,5/29/2026,,Wedbush_Clearing and Exchange Fees_20260529,,,,50120,ATGN,D23020,ARB01417_USD,,,,19580.260000000002,,,,,,C01117,,,,
2892,,GJ,5/29/2026,,Wedbush_Clearing and Exchange Fees_20260529,,,,50120,ATGN,D23300,ARB01445_EUR,,,,0.0,,,,,,C01145,,,,
2893,,GJ,5/29/2026,,Wedbush_Clearing and Exchange Fees_20260529,,,,50120,ATGN,D23300,ARB01445_GBP,,,,2437.04,,,,,,C01145,,,,
2894,,GJ,5/29/2026,,Wedbush_Clearing and Exchange Fees_20260529,,,,50120,ATGN,D23010,ARB01457_CAD,,,,0.0,,,,,,C01157,,,,
2895,,GJ,5/29/2026,,Wedbush_Clearing and Exchange Fees_20260529,,,,50120,ATGN,D23010,ARB01457_USD,,,,1069.1,,,,,,C01157,,,,
2896,,GJ,5/29/2026,,Wedbush_Clearing and Exchange Fees_20260529,,,,50120,ATGN,D23010,ARB01458_CAD,,,,0.0,,,,,,C01158,,,,
2897,,GJ,5/29/2026,,Wedbush_Clearing and Exchange Fees_20260529,,,,50120,ATGN,D23010,ARB01458_USD,,,,6146.32,,,,,,C01158,,,,
2898,,GJ,5/29/2026,,Wedbush_Clearing and Exchange Fees_20260529,,,,50120,ATGN,D23010,ARB01466_CAD,,,,0.0,,,,,,C01166,,,,
2899,,GJ,5/29/2026,,Wedbush_Clearing and Exchange Fees_20260529,,,,50120,ATGN,D23010,ARB01466_USD,,,,630.7,,,,,,C01166,,,,
2900,,GJ,5/29/2026,,Wedbush_Clearing and Exchange Fees_20260529,,,,50120,ATGN,D23010,ARB01472_CAD,,,,0.0,,,,,,C01172,,,,
2901,,GJ,5/29/2026,,Wedbush_Clearing and Exchange Fees_20260529,,,,50120,ATGN,D23010,ARB01472_USD,,,,397.8,,,,,,C01172,,,,
2902,,GJ,5/29/2026,,Wedbush_Clearing and Exchange Fees_20260529,,,,50120,ATGN,D23010,ARB01476_USD,,,,2534.7,,,,,,C01176,,,,
2903,,GJ,5/29/2026,,Wedbush_Clearing and Exchange Fees_20260529,,,,50120,303P,D21300,ARB01602_USD,,,,1.36,,,,,,C01602,,,,
2904,,GJ,5/29/2026,,Wedbush_Clearing and Exchange Fees_20260529,,,,50120,303P,D21300,ARB01606_USD,,,,0.1,,,,,,C01606,,,,
2905,,GJ,5/29/2026,,Wedbush_Clearing and Exchange Fees_20260529,,,,50120,303P,D21300,ARB02012_USD,,,,17761.48,,,,,,C02012,,,,
2906,,GJ,5/29/2026,,Wedbush_Clearing and Exchange Fees_20260529,,,,50120,303P,D21300,ARB02040_USD,,,,143.52,,,,,,C02040,,,,
2907,,GJ,5/29/2026,,Wedbush_Clearing and Exchange Fees_20260529,,,,50120,303P,D21300,ARB02043_USD,,,,5871.7,,,,,,C02520,,,,
2908,,GJ,5/29/2026,,Wedbush_Clearing and Exchange Fees_20260529,,,,50120,303P,D21300,ARB02044_USD,,,,2709.12,,,,,,C02044,,,,
2909,,GJ,5/29/2026,,Wedbush_Clearing and Exchange Fees_20260529,,,,50120,303P,D21300,ARB02045_USD,,,,48.96,,,,,,C02045,,,,
2910,,GJ,5/29/2026,,Wedbush_Clearing and Exchange Fees_20260529,,,,50120,303P,D21030,ARB02047_USD,,,,1788.6100000000001,,,,,,C01092,,,,
2911,,GJ,5/29/2026,,Wedbush_Clearing and Exchange Fees_20260529,,,,50120,303P,D21030,ARB02052_USD,,,,101.11999999999999,,,,,,C01078,,,,
2912,,GJ,5/29/2026,,Wedbush_Clearing and Exchange Fees_20260529,,,,50120,303P,D21300,ARB02055_USD,,,,696.5,,,,,,C00054,,,,
2913,,GJ,5/29/2026,,Wedbush_Clearing and Exchange Fees_20260529,,,,50120,303P,D21300,ARB02076_USD,,,,119549.49,,,,,,C02076,,,,
2914,,GJ,5/29/2026,,Wedbush_Clearing and Exchange Fees_20260529,,,,50120,303P,D23010,ARB02102_USD,,,,2790.84,,,,,,C02102,,,,
2915,,GJ,5/29/2026,,Wedbush_Clearing and Exchange Fees_20260529,,,,50120,303P,D23010,ARB02103_USD,,,,6925.06,,,,,,C00163,,,,
2916,,GJ,5/29/2026,,Wedbush_Clearing and Exchange Fees_20260529,,,,50120,303P,D23080,ARB02116_USD,,,,1365.51,,,,,,C02116,,,,
2917,,GJ,5/29/2026,,Wedbush_Clearing and Exchange Fees_20260529,,,,50120,303P,D23080,ARB02118_USD,,,,1858.64,,,,,,C01234,,,,
2918,,GJ,5/29/2026,,Wedbush_Clearing and Exchange Fees_20260529,,,,50120,303P,D23300,ARB02121_USD,,,,369.84000000000003,,,,,,C02121,,,,
2919,,GJ,5/29/2026,,Wedbush_Clearing and Exchange Fees_20260529,,,,50120,303P,D23020,ARB02129_USD,,,,2912.0299999999997,,,,,,C02129,,,,
2920,,GJ,5/29/2026,,Wedbush_Clearing and Exchange Fees_20260529,,,,50120,303P,D23010,ARB02132_USD,,,,606.72,,,,,,C02132,,,,
2921,,GJ,5/29/2026,,Wedbush_Clearing and Exchange Fees_20260529,,,,50120,303P,D23010,ARB02135_USD,,,,563.8399999999999,,,,,,C02135,,,,
2922,,GJ,5/29/2026,,Wedbush_Clearing and Exchange Fees_20260529,,,,50120,303P,D23010,ARB02136_USD,,,,916.8,,,,,,C02136,,,,
2923,,GJ,5/29/2026,,Wedbush_Clearing and Exchange Fees_20260529,,,,50120,303P,D23010,ARB02145_USD,,,,566.72,,,,,,C02145,,,,
2924,,GJ,5/29/2026,,Wedbush_Clearing and Exchange Fees_20260529,,,,50120,303P,D23010,ARB02147_USD,,,,4473.1900000000005,,,,,,C02147,,,,
2925,,GJ,5/29/2026,,Wedbush_Clearing and Exchange Fees_20260529,,,,50120,303P,D23010,ARB02149_USD,,,,986.72,,,,,,C02149,,,,
2926,,GJ,5/29/2026,,Wedbush_Clearing and Exchange Fees_20260529,,,,50120,303P,D23060,ARB02152_USD,,,,788.0999999999999,,,,,,C00186,,,,
2927,,GJ,5/29/2026,,Wedbush_Clearing and Exchange Fees_20260529,,,,50120,303P,D23300,ARB02154_USD,,,,860.8,,,,,,C00149,,,,
2928,,GJ,5/29/2026,,Wedbush_Clearing and Exchange Fees_20260529,,,,50120,303P,D23020,ARB02156_USD,,,,6.72,,,,,,C02156,,,,
2929,,GJ,5/29/2026,,Wedbush_Clearing and Exchange Fees_20260529,,,,50120,303P,D23300,ARB02158_USD,,,,2906.4,,,,,,C01145,,,,
2930,,GJ,5/29/2026,,Wedbush_Clearing and Exchange Fees_20260529,,,,50120,303P,D23300,ARB02167_USD,,,,1894.48,,,,,,C00118,,,,
2931,,GJ,5/29/2026,,Wedbush_Clearing and Exchange Fees_20260529,,,,50120,303P,D23300,ARB02168_USD,,,,24.479999999999997,,,,,,C00194,,,,
2932,,GJ,5/29/2026,,Wedbush_Clearing and Exchange Fees_20260529,,,,50120,303P,D23010,ARB02173_USD,,,,4480.5599999999995,,,,,,C00463,,,,
2933,,GJ,5/29/2026,,Wedbush_Clearing and Exchange Fees_20260529,,,,50120,303P,D23010,ARB02176_USD,,,,35954.15,,,,,,C00463,,,,
2934,,GJ,5/29/2026,,Wedbush_Clearing and Exchange Fees_20260529,,,,50120,303P,D23010,ARB02177_USD,,,,2789.23,,,,,,C02177,,,,
2935,,GJ,5/29/2026,,Wedbush_Clearing and Exchange Fees_20260529,,,,50120,303P,D23010,ARB02179_USD,,,,7230.84,,,,,,C02179,,,,
2936,,GJ,5/29/2026,,Wedbush_Clearing and Exchange Fees_20260529,,,,50120,303P,D23010,ARB02180_USD,,,,4105.59,,,,,,C02180,,,,
2937,,GJ,5/29/2026,,Wedbush_Clearing and Exchange Fees_20260529,,,,50120,303P,D23010,ARB02181_USD,,,,10449.68,,,,,,C02181,,,,
2938,,GJ,5/29/2026,,Wedbush_Clearing and Exchange Fees_20260529,,,,50120,303P,D23010,ARB02182_USD,,,,3307.77,,,,,,C02182,,,,
2939,,GJ,5/29/2026,,Wedbush_Clearing and Exchange Fees_20260529,,,,50120,303P,D23010,ARB02183_USD,,,,14074.480000000001,,,,,,C02183,,,,
2940,,GJ,5/29/2026,,Wedbush_Clearing and Exchange Fees_20260529,,,,50120,303P,D23010,ARB02184_USD,,,,14585.14,,,,,,C02184,,,,
2941,,GJ,5/29/2026,,Wedbush_Clearing and Exchange Fees_20260529,,,,50120,303P,D23010,ARB02185_USD,,,,274.4,,,,,,C02185,,,,
2942,,GJ,5/29/2026,,Wedbush_Clearing and Exchange Fees_20260529,,,,50120,303P,D23010,ARB02187_USD,,,,57.86000000000001,,,,,,C02187,,,,
2943,,GJ,5/29/2026,,Wedbush_Clearing and Exchange Fees_20260529,,,,50120,303P,D23010,ARB02188_USD,,,,420.0,,,,,,C02188,,,,
2944,,GJ,5/29/2026,,Wedbush_Clearing and Exchange Fees_20260529,,,,50120,303P,D23010,ARB02190_USD,,,,152.84,,,,,,C02147,,,,
2945,,GJ,5/29/2026,,Wedbush_Clearing and Exchange Fees_20260529,,,,50120,303P,D23010,ARB02191_USD,,,,76.6,,,,,,C00469,,,,
2946,,GJ,5/29/2026,,Wedbush_Clearing and Exchange Fees_20260529,,,,50120,303P,D23010,ARB02196_USD,,,,67.2,,,,,,C02132,,,,
2947,,GJ,5/29/2026,,Wedbush_Clearing and Exchange Fees_20260529,,,,50120,ATGN,D21300,ARB02342_EUR,,,,0.0,,,,,,C02042,,,,
2948,,GJ,5/29/2026,,Wedbush_Clearing and Exchange Fees_20260529,,,,50120,ATGN,D21300,ARB02342_GBP,,,,31.200000000000003,,,,,,C02042,,,,
2949,,GJ,5/29/2026,,Wedbush_Clearing and Exchange Fees_20260529,,,,50120,ATGN,D21300,ARB02343_EUR,,,,608.2,,,,,,C02520,,,,
2950,,GJ,5/29/2026,,Wedbush_Clearing and Exchange Fees_20260529,,,,50120,ATGN,D21300,ARB02343_GBP,,,,867.3,,,,,,C02520,,,,
2951,,GJ,5/29/2026,,Wedbush_Clearing and Exchange Fees_20260529,,,,50120,ATGN,D21300,ARB02343_USD,,,,1778.8999999999999,,,,,,C02520,,,,
2952,,GJ,5/29/2026,,Wedbush_Clearing and Exchange Fees_20260529,,,,50120,ATGN,D21300,ARB02345_EUR,,,,0.0,,,,,,C02045,,,,
2953,,GJ,5/29/2026,,Wedbush_Clearing and Exchange Fees_20260529,,,,50120,ATGN,D21300,ARB02345_GBP,,,,23.0,,,,,,C02045,,,,
2954,,GJ,5/29/2026,,Wedbush_Clearing and Exchange Fees_20260529,,,,50120,ATGN,D21300,ARB02355_USD,,,,465.98,,,,,,C00054,,,,
2955,,GJ,5/29/2026,,Wedbush_Clearing and Exchange Fees_20260529,,,,50120,ATGN,D21300,ARB02376_EUR,,,,0.0,,,,,,C02076,,,,
2956,,GJ,5/29/2026,,Wedbush_Clearing and Exchange Fees_20260529,,,,50120,ATGN,D21300,ARB02376_GBP,,,,12145.600000000002,,,,,,C02076,,,,
2957,,GJ,5/29/2026,,Wedbush_Clearing and Exchange Fees_20260529,,,,50120,ATGN,D23010,ARB02402_USD,,,,1751.4,,,,,,C02102,,,,
2958,,GJ,5/29/2026,,Wedbush_Clearing and Exchange Fees_20260529,,,,50120,ATGN,D23080,ARB02416_EUR,,,,0.0,,,,,,C02116,,,,
2959,,GJ,5/29/2026,,Wedbush_Clearing and Exchange Fees_20260529,,,,50120,ATGN,D23080,ARB02416_GBP,,,,117.53999999999999,,,,,,C02116,,,,
2960,,GJ,5/29/2026,,Wedbush_Clearing and Exchange Fees_20260529,,,,50120,ATGN,D23080,ARB02416_USD,,,,1780.98,,,,,,C02116,,,,
2961,,GJ,5/29/2026,,Wedbush_Clearing and Exchange Fees_20260529,,,,50120,ATGN,D23080,ARB02418_EUR,,,,0.0,,,,,,C01234,,,,
2962,,GJ,5/29/2026,,Wedbush_Clearing and Exchange Fees_20260529,,,,50120,ATGN,D23080,ARB02418_GBP,,,,595.98,,,,,,C01234,,,,
2963,,GJ,5/29/2026,,Wedbush_Clearing and Exchange Fees_20260529,,,,50120,ATGN,D23080,ARB02418_USD,,,,18189.84,,,,,,C01234,,,,
2964,,GJ,5/29/2026,,Wedbush_Clearing and Exchange Fees_20260529,,,,50120,ATGN,D23300,ARB02421_EUR,,,,0.0,,,,,,C02121,,,,
2965,,GJ,5/29/2026,,Wedbush_Clearing and Exchange Fees_20260529,,,,50120,ATGN,D23300,ARB02421_GBP,,,,302.96000000000004,,,,,,C02121,,,,
2966,,GJ,5/29/2026,,Wedbush_Clearing and Exchange Fees_20260529,,,,50120,ATGN,D23300,ARB02421_USD,,,,780.56,,,,,,C02121,,,,
2967,,GJ,5/29/2026,,Wedbush_Clearing and Exchange Fees_20260529,,,,50120,ATGN,D23020,ARB02429_CAD,,,,0.0,,,,,,C02129,,,,
2968,,GJ,5/29/2026,,Wedbush_Clearing and Exchange Fees_20260529,,,,50120,ATGN,D23020,ARB02429_EUR,,,,0.0,,,,,,C02129,,,,
2969,,GJ,5/29/2026,,Wedbush_Clearing and Exchange Fees_20260529,,,,50120,ATGN,D23020,ARB02429_GBP,,,,57.67,,,,,,C02129,,,,
2970,,GJ,5/29/2026,,Wedbush_Clearing and Exchange Fees_20260529,,,,50120,ATGN,D23020,ARB02429_USD,,,,3948.48,,,,,,C02129,,,,
2971,,GJ,5/29/2026,,Wedbush_Clearing and Exchange Fees_20260529,,,,50120,ATGN,D23010,ARB02432_CAD,,,,0.0,,,,,,C02132,,,,
2972,,GJ,5/29/2026,,Wedbush_Clearing and Exchange Fees_20260529,,,,50120,ATGN,D23010,ARB02432_USD,,,,877.2,,,,,,C02132,,,,
2973,,GJ,5/29/2026,,Wedbush_Clearing and Exchange Fees_20260529,,,,50120,ATGN,D23010,ARB02435_CAD,,,,0.0,,,,,,C02135,,,,
2974,,GJ,5/29/2026,,Wedbush_Clearing and Exchange Fees_20260529,,,,50120,ATGN,D23010,ARB02435_USD,,,,547.4000000000001,,,,,,C02135,,,,
2975,,GJ,5/29/2026,,Wedbush_Clearing and Exchange Fees_20260529,,,,50120,ATGN,D23010,ARB02436_EUR,,,,0.0,,,,,,C02136,,,,
2976,,GJ,5/29/2026,,Wedbush_Clearing and Exchange Fees_20260529,,,,50120,ATGN,D23010,ARB02436_GBP,,,,2282.48,,,,,,C02136,,,,
2977,,GJ,5/29/2026,,Wedbush_Clearing and Exchange Fees_20260529,,,,50120,ATGN,D23010,ARB02436_USD,,,,11069.880000000001,,,,,,C02136,,,,
2978,,GJ,5/29/2026,,Wedbush_Clearing and Exchange Fees_20260529,,,,50120,ATGN,D23010,ARB02445_USD,,,,13780.2,,,,,,C02145,,,,
2979,,GJ,5/29/2026,,Wedbush_Clearing and Exchange Fees_20260529,,,,50120,ATGN,D23010,ARB02447_CAD,,,,0.0,,,,,,C02147,,,,
2980,,GJ,5/29/2026,,Wedbush_Clearing and Exchange Fees_20260529,,,,50120,ATGN,D23010,ARB02447_USD,,,,589.99,,,,,,C02147,,,,
2981,,GJ,5/29/2026,,Wedbush_Clearing and Exchange Fees_20260529,,,,50120,ATGN,D23010,ARB02449_EUR,,,,0.0,,,,,,C02149,,,,
2982,,GJ,5/29/2026,,Wedbush_Clearing and Exchange Fees_20260529,,,,50120,ATGN,D23010,ARB02449_GBP,,,,338.9,,,,,,C02149,,,,
2983,,GJ,5/29/2026,,Wedbush_Clearing and Exchange Fees_20260529,,,,50120,ATGN,D23010,ARB02449_USD,,,,7365.52,,,,,,C02149,,,,
2984,,GJ,5/29/2026,,Wedbush_Clearing and Exchange Fees_20260529,,,,50120,ATGN,D23060,ARB02452_USD,,,,257.28,,,,,,C00186,,,,
2985,,GJ,5/29/2026,,Wedbush_Clearing and Exchange Fees_20260529,,,,50120,ATGN,D23300,ARB02454_EUR,,,,0.0,,,,,,C00149,,,,
2986,,GJ,5/29/2026,,Wedbush_Clearing and Exchange Fees_20260529,,,,50120,ATGN,D23300,ARB02454_GBP,,,,246.76,,,,,,C00149,,,,
2987,,GJ,5/29/2026,,Wedbush_Clearing and Exchange Fees_20260529,,,,50120,ATGN,D23300,ARB02454_USD,,,,1499.4,,,,,,C00149,,,,
2988,,GJ,5/29/2026,,Wedbush_Clearing and Exchange Fees_20260529,,,,50120,ATGN,D23020,ARB02456_EUR,,,,0.0,,,,,,C02156,,,,
2989,,GJ,5/29/2026,,Wedbush_Clearing and Exchange Fees_20260529,,,,50120,ATGN,D23020,ARB02456_GBP,,,,55.42,,,,,,C02156,,,,
2990,,GJ,5/29/2026,,Wedbush_Clearing and Exchange Fees_20260529,,,,50120,ATGN,D23020,ARB02456_USD,,,,989.6600000000001,,,,,,C02156,,,,
2991,,GJ,5/29/2026,,Wedbush_Clearing and Exchange Fees_20260529,,,,50120,ATGN,D23300,ARB02458_USD,,,,886.0200000000001,,,,,,C01145,,,,
2992,,GJ,5/29/2026,,Wedbush_Clearing and Exchange Fees_20260529,,,,50120,ATGN,D23080,ARB02463_USD,,,,2795.1,,,,,,C01231,,,,
2993,,GJ,5/29/2026,,Wedbush_Clearing and Exchange Fees_20260529,,,,50120,ATGN,D23010,ARB02473_EUR,,,,0.0,,,,,,C00463,,,,
2994,,GJ,5/29/2026,,Wedbush_Clearing and Exchange Fees_20260529,,,,50120,ATGN,D23010,ARB02473_GBP,,,,53.4,,,,,,C00463,,,,
2995,,GJ,5/29/2026,,Wedbush_Clearing and Exchange Fees_20260529,,,,50120,ATGN,D23010,ARB02473_USD,,,,3043.04,,,,,,C00463,,,,
2996,,GJ,5/29/2026,,Wedbush_Clearing and Exchange Fees_20260529,,,,50120,ATGN,D23010,ARB02476_EUR,,,,0.0,,,,,,C00463,,,,
2997,,GJ,5/29/2026,,Wedbush_Clearing and Exchange Fees_20260529,,,,50120,ATGN,D23010,ARB02476_GBP,,,,4275.2,,,,,,C00463,,,,
2998,,GJ,5/29/2026,,Wedbush_Clearing and Exchange Fees_20260529,,,,50120,ATGN,D23010,ARB02476_USD,,,,49545.759999999995,,,,,,C00463,,,,
2999,,GJ,5/29/2026,,Wedbush_Clearing and Exchange Fees_20260529,,,,50120,ATGN,D23010,ARB02477_CAD,,,,0.0,,,,,,C02177,,,,
3000,,GJ,5/29/2026,,Wedbush_Clearing and Exchange Fees_20260529,,,,50120,ATGN,D23010,ARB02477_USD,,,,124.84,,,,,,C02177,,,,
3001,,GJ,5/29/2026,,Wedbush_Clearing and Exchange Fees_20260529,,,,50120,ATGN,D23010,ARB02479_CAD,,,,0.0,,,,,,C02179,,,,
3002,,GJ,5/29/2026,,Wedbush_Clearing and Exchange Fees_20260529,,,,50120,ATGN,D23010,ARB02479_USD,,,,3314.0400000000004,,,,,,C02179,,,,
3003,,GJ,5/29/2026,,Wedbush_Clearing and Exchange Fees_20260529,,,,50120,ATGN,D23010,ARB02480_CAD,,,,0.0,,,,,,C02180,,,,
3004,,GJ,5/29/2026,,Wedbush_Clearing and Exchange Fees_20260529,,,,50120,ATGN,D23010,ARB02480_USD,,,,1587.34,,,,,,C02180,,,,
3005,,GJ,5/29/2026,,Wedbush_Clearing and Exchange Fees_20260529,,,,50120,ATGN,D23010,ARB02481_CAD,,,,0.0,,,,,,C02181,,,,
3006,,GJ,5/29/2026,,Wedbush_Clearing and Exchange Fees_20260529,,,,50120,ATGN,D23010,ARB02481_USD,,,,2570.9599999999996,,,,,,C02181,,,,
3007,,GJ,5/29/2026,,Wedbush_Clearing and Exchange Fees_20260529,,,,50120,ATGN,D23010,ARB02482_CAD,,,,0.0,,,,,,C02182,,,,
3008,,GJ,5/29/2026,,Wedbush_Clearing and Exchange Fees_20260529,,,,50120,ATGN,D23010,ARB02482_USD,,,,368.9,,,,,,C02182,,,,
3009,,GJ,5/29/2026,,Wedbush_Clearing and Exchange Fees_20260529,,,,50120,ATGN,D23010,ARB02483_CAD,,,,0.0,,,,,,C02183,,,,
3010,,GJ,5/29/2026,,Wedbush_Clearing and Exchange Fees_20260529,,,,50120,ATGN,D23010,ARB02483_USD,,,,1962.52,,,,,,C02183,,,,
3011,,GJ,5/29/2026,,Wedbush_Clearing and Exchange Fees_20260529,,,,50120,ATGN,D23010,ARB02484_CAD,,,,0.0,,,,,,C02184,,,,
3012,,GJ,5/29/2026,,Wedbush_Clearing and Exchange Fees_20260529,,,,50120,ATGN,D23010,ARB02484_EUR,,,,0.0,,,,,,C02184,,,,
3013,,GJ,5/29/2026,,Wedbush_Clearing and Exchange Fees_20260529,,,,50120,ATGN,D23010,ARB02484_GBP,,,,1.58,,,,,,C02184,,,,
3014,,GJ,5/29/2026,,Wedbush_Clearing and Exchange Fees_20260529,,,,50120,ATGN,D23010,ARB02484_USD,,,,5153.43,,,,,,C02184,,,,
3015,,GJ,5/29/2026,,Wedbush_Clearing and Exchange Fees_20260529,,,,50120,ATGN,D23010,ARB02485_EUR,,,,0.0,,,,,,C02185,,,,
3016,,GJ,5/29/2026,,Wedbush_Clearing and Exchange Fees_20260529,,,,50120,ATGN,D23010,ARB02485_GBP,,,,814.0600000000001,,,,,,C02185,,,,
3017,,GJ,5/29/2026,,Wedbush_Clearing and Exchange Fees_20260529,,,,50120,ATGN,D23010,ARB02485_USD,,,,14675.48,,,,,,C02185,,,,
3018,,GJ,5/29/2026,,Wedbush_Clearing and Exchange Fees_20260529,,,,50120,ATGN,D23010,ARB02488_USD,,,,4475.68,,,,,,C02188,,,,
3019,,GJ,5/29/2026,,Wedbush_Clearing and Exchange Fees_20260529,,,,50120,ATGN,D23010,ARB02491_CAD,,,,0.0,,,,,,C00469,,,,
3020,,GJ,5/29/2026,,Wedbush_Clearing and Exchange Fees_20260529,,,,50120,ATGN,D23010,ARB02491_EUR,,,,0.0,,,,,,C00469,,,,
3021,,GJ,5/29/2026,,Wedbush_Clearing and Exchange Fees_20260529,,,,50120,ATGN,D23010,ARB02491_GBP,,,,206.38,,,,,,C00469,,,,
3022,,GJ,5/29/2026,,Wedbush_Clearing and Exchange Fees_20260529,,,,50120,ATGN,D23010,ARB02491_USD,,,,44.6,,,,,,C00469,,,,
3023,,GJ,5/29/2026,,Wedbush_Clearing and Exchange Fees_20260529,,,,50120,303P,D21300,ARB03003_USD,,,,456.0,,,,,,C03003,,,,
3024,,GJ,5/29/2026,,Wedbush_Clearing and Exchange Fees_20260529,,,,50120,303P,D21300,ARB03022_USD,,,,7891.929999999999,,,,,,C00034,,,,
3025,,GJ,5/29/2026,,Wedbush_Clearing and Exchange Fees_20260529,,,,50120,303P,D21300,ARB03032_USD,,,,1316.32,,,,,,C00049,,,,
3026,,GJ,5/29/2026,,Wedbush_Clearing and Exchange Fees_20260529,,,,50120,303P,D21300,ARB03033_USD,,,,1386.12,,,,,,C00049,,,,
3027,,GJ,5/29/2026,,Wedbush_Clearing and Exchange Fees_20260529,,,,50120,303P,D21300,ARB03035_USD,,,,15.35,,,,,,C00049,,,,
3028,,GJ,5/29/2026,,Wedbush_Clearing and Exchange Fees_20260529,,,,50120,303P,D21300,ARB03037_USD,,,,1036.61,,,,,,C03037,,,,
3029,,GJ,5/29/2026,,Wedbush_Clearing and Exchange Fees_20260529,,,,50120,303P,D21300,ARB03038_USD,,,,242.42000000000002,,,,,,C03038,,,,
3030,,GJ,5/29/2026,,Wedbush_Clearing and Exchange Fees_20260529,,,,50120,303P,D21300,ARB03042_USD,,,,10.379999999999999,,,,,,C03040,,,,
3031,,GJ,5/29/2026,,Wedbush_Clearing and Exchange Fees_20260529,,,,50120,303P,D21300,ARB03043_USD,,,,62.879999999999995,,,,,,C03040,,,,
3032,,GJ,5/29/2026,,Wedbush_Clearing and Exchange Fees_20260529,,,,50120,303P,D21300,ARB03046_USD,,,,144.69,,,,,,C03040,,,,
3033,,GJ,5/29/2026,,Wedbush_Clearing and Exchange Fees_20260529,,,,50120,303P,D21300,ARB03052_USD,,,,916.19,,,,,,C03071,,,,
3034,,GJ,5/29/2026,,Wedbush_Clearing and Exchange Fees_20260529,,,,50120,303P,D21300,ARB03057_USD,,,,0.88,,,,,,C01057,,,,
3035,,GJ,5/29/2026,,Wedbush_Clearing and Exchange Fees_20260529,,,,50120,303P,D21300,ARB03060_USD,,,,1963.1599999999999,,,,,,C03060,,,,
3036,,GJ,5/29/2026,,Wedbush_Clearing and Exchange Fees_20260529,,,,50120,303P,D21300,ARB03062_USD,,,,3660.43,,,,,,C03062,,,,
3037,,GJ,5/29/2026,,Wedbush_Clearing and Exchange Fees_20260529,,,,50120,303P,D21300,ARB03064_USD,,,,635.88,,,,,,C03064,,,,
3038,,GJ,5/29/2026,,Wedbush_Clearing and Exchange Fees_20260529,,,,50120,303P,D21300,ARB03065_USD,,,,13762.69,,,,,,C03065,,,,
3039,,GJ,5/29/2026,,Wedbush_Clearing and Exchange Fees_20260529,,,,50120,303P,D21300,ARB03072_USD,,,,9607.960000000001,,,,,,C03072,,,,
3040,,GJ,5/29/2026,,Wedbush_Clearing and Exchange Fees_20260529,,,,50120,303P,D21300,ARB03073_USD,,,,14991.48,,,,,,C03073,,,,
3041,,GJ,5/29/2026,,Wedbush_Clearing and Exchange Fees_20260529,,,,50120,303P,D21300,ARB03078_USD,,,,213.5,,,,,,C03078,,,,
3042,,GJ,5/29/2026,,Wedbush_Clearing and Exchange Fees_20260529,,,,50120,303P,D21300,ARB03079_USD,,,,2322.6,,,,,,C03078,,,,
3043,,GJ,5/29/2026,,Wedbush_Clearing and Exchange Fees_20260529,,,,50120,303P,D21300,ARB03080_USD,,,,522.24,,,,,,C03078,,,,
3044,,GJ,5/29/2026,,Wedbush_Clearing and Exchange Fees_20260529,,,,50120,303P,D21030,ARB03084_USD,,,,780.5799999999999,,,,,,C03084,,,,
3045,,GJ,5/29/2026,,Wedbush_Clearing and Exchange Fees_20260529,,,,50120,303P,D21300,ARB03088_USD,,,,29.6,,,,,,C03088,,,,
3046,,GJ,5/29/2026,,Wedbush_Clearing and Exchange Fees_20260529,,,,50120,303P,D21300,ARB03090_USD,,,,116.28,,,,,,C03090,,,,
3047,,GJ,5/29/2026,,Wedbush_Clearing and Exchange Fees_20260529,,,,50120,303P,D21300,ARB03093_USD,,,,109.97999999999999,,,,,,C03093,,,,
3048,,GJ,5/29/2026,,Wedbush_Clearing and Exchange Fees_20260529,,,,50120,303P,D21300,ARB03096_USD,,,,5.52,,,,,,C03096,,,,
3049,,GJ,5/29/2026,,Wedbush_Clearing and Exchange Fees_20260529,,,,50120,303P,D23300,ARB03100_USD,,,,188.16,,,,,,C03100,,,,
3050,,GJ,5/29/2026,,Wedbush_Clearing and Exchange Fees_20260529,,,,50120,303P,D23080,ARB03102_USD,,,,985.22,,,,,,C03102,,,,
3051,,GJ,5/29/2026,,Wedbush_Clearing and Exchange Fees_20260529,,,,50120,303P,D23300,ARB03103_USD,,,,6573.4800000000005,,,,,,CX3103,,,,
3052,,GJ,5/29/2026,,Wedbush_Clearing and Exchange Fees_20260529,,,,50120,303P,D23300,ARB03104_USD,,,,3488.45,,,,,,C03104,,,,
3053,,GJ,5/29/2026,,Wedbush_Clearing and Exchange Fees_20260529,,,,50120,303P,D23300,ARB03105_USD,,,,5296.65,,,,,,C00310,,,,
3054,,GJ,5/29/2026,,Wedbush_Clearing and Exchange Fees_20260529,,,,50120,303P,D23300,ARB03106_USD,,,,2675.06,,,,,,C00310,,,,
3055,,GJ,5/29/2026,,Wedbush_Clearing and Exchange Fees_20260529,,,,50120,303P,D23300,ARB03107_USD,,,,14301.99,,,,,,C03107,,,,
3056,,GJ,5/29/2026,,Wedbush_Clearing and Exchange Fees_20260529,,,,50120,303P,D23300,ARB03108_USD,,,,7632.09,,,,,,C00311,,,,
3057,,GJ,5/29/2026,,Wedbush_Clearing and Exchange Fees_20260529,,,,50120,303P,D23300,ARB03109_USD,,,,3716.78,,,,,,C00311,,,,
3058,,GJ,5/29/2026,,Wedbush_Clearing and Exchange Fees_20260529,,,,50120,303P,D23300,ARB03110_USD,,,,127.19999999999999,,,,,,C00311,,,,
3059,,GJ,5/29/2026,,Wedbush_Clearing and Exchange Fees_20260529,,,,50120,303P,D23300,ARB03112_USD,,,,835.0999999999999,,,,,,C00310,,,,
3060,,GJ,5/29/2026,,Wedbush_Clearing and Exchange Fees_20260529,,,,50120,303P,D23300,ARB03113_USD,,,,208.47,,,,,,C03113,,,,
3061,,GJ,5/29/2026,,Wedbush_Clearing and Exchange Fees_20260529,,,,50120,303P,D23300,ARB03115_USD,,,,1.6,,,,,,CX3115,,,,
3062,,GJ,5/29/2026,,Wedbush_Clearing and Exchange Fees_20260529,,,,50120,303P,D23020,ARB03116_USD,,,,447.76,,,,,,C02129,,,,
3063,,GJ,5/29/2026,,Wedbush_Clearing and Exchange Fees_20260529,,,,50120,303P,D23300,ARB03122_USD,,,,1553.93,,,,,,C03122,,,,
3064,,GJ,5/29/2026,,Wedbush_Clearing and Exchange Fees_20260529,,,,50120,303P,D23300,ARB03125_USD,,,,327.42,,,,,,CX3125,,,,
3065,,GJ,5/29/2026,,Wedbush_Clearing and Exchange Fees_20260529,,,,50120,303P,D23300,ARB03133_USD,,,,4150.78,,,,,,C03133,,,,
3066,,GJ,5/29/2026,,Wedbush_Clearing and Exchange Fees_20260529,,,,50120,303P,D23300,ARB03134_USD,,,,312.78,,,,,,C03134,,,,
3067,,GJ,5/29/2026,,Wedbush_Clearing and Exchange Fees_20260529,,,,50120,303P,D23300,ARB03136_USD,,,,37.44,,,,,,CX3136,,,,
3068,,GJ,5/29/2026,,Wedbush_Clearing and Exchange Fees_20260529,,,,50120,303P,D23300,ARB03139_USD,,,,429.94,,,,,,C00311,,,,
3069,,GJ,5/29/2026,,Wedbush_Clearing and Exchange Fees_20260529,,,,50120,303P,D23300,ARB03141_USD,,,,2990.6,,,,,,C03141,,,,
3070,,GJ,5/29/2026,,Wedbush_Clearing and Exchange Fees_20260529,,,,50120,303P,D23300,ARB03142_USD,,,,2121.5,,,,,,C00310,,,,
3071,,GJ,5/29/2026,,Wedbush_Clearing and Exchange Fees_20260529,,,,50120,303P,D23300,ARB03143_USD,,,,1878.02,,,,,,C00310,,,,
3072,,GJ,5/29/2026,,Wedbush_Clearing and Exchange Fees_20260529,,,,50120,303P,D23300,ARB03144_USD,,,,755.01,,,,,,CX3144,,,,
3073,,GJ,5/29/2026,,Wedbush_Clearing and Exchange Fees_20260529,,,,50120,303P,D23300,ARB03146_USD,,,,1709.1999999999998,,,,,,CX3136,,,,
3074,,GJ,5/29/2026,,Wedbush_Clearing and Exchange Fees_20260529,,,,50120,303P,D23090,ARB03154_USD,,,,140.32,,,,,,C03154,,,,
3075,,GJ,5/29/2026,,Wedbush_Clearing and Exchange Fees_20260529,,,,50120,303P,D23100,ARB03156_USD,,,,787.0,,,,,,C03156,,,,
3076,,GJ,5/29/2026,,Wedbush_Clearing and Exchange Fees_20260529,,,,50120,303P,D23100,ARB03157_USD,,,,594.05,,,,,,C03157,,,,
3077,,GJ,5/29/2026,,Wedbush_Clearing and Exchange Fees_20260529,,,,50120,303P,D23100,ARB03159_USD,,,,681.74,,,,,,C03159,,,,
3078,,GJ,5/29/2026,,Wedbush_Clearing and Exchange Fees_20260529,,,,50120,303P,D23010,ARB03168_USD,,,,355.6,,,,,,C03168,,,,
3079,,GJ,5/29/2026,,Wedbush_Clearing and Exchange Fees_20260529,,,,50120,303P,D23100,ARB03174_USD,,,,327.44,,,,,,C03174,,,,
3080,,GJ,5/29/2026,,Wedbush_Clearing and Exchange Fees_20260529,,,,50120,303P,D23100,ARB03175_USD,,,,586.96,,,,,,C03175,,,,
3081,,GJ,5/29/2026,,Wedbush_Clearing and Exchange Fees_20260529,,,,50120,303P,D23100,ARB03176_USD,,,,816.34,,,,,,C03176,,,,
3082,,GJ,5/29/2026,,Wedbush_Clearing and Exchange Fees_20260529,,,,50120,303P,D23100,ARB03185_USD,,,,202.16,,,,,,C03185,,,,
3083,,GJ,5/29/2026,,Wedbush_Clearing and Exchange Fees_20260529,,,,50120,303P,D23300,ARB03192_USD,,,,4086.32,,,,,,C03163,,,,
3084,,GJ,5/29/2026,,Wedbush_Clearing and Exchange Fees_20260529,,,,50120,ATGN,D21300,ARB03360_EUR,,,,0.0,,,,,,C03060,,,,
3085,,GJ,5/29/2026,,Wedbush_Clearing and Exchange Fees_20260529,,,,50120,ATGN,D21300,ARB03360_GBP,,,,14188.04,,,,,,C03060,,,,
3086,,GJ,5/29/2026,,Wedbush_Clearing and Exchange Fees_20260529,,,,50120,ATGN,D21300,ARB03362_EUR,,,,0.0,,,,,,C03062,,,,
3087,,GJ,5/29/2026,,Wedbush_Clearing and Exchange Fees_20260529,,,,50120,ATGN,D21300,ARB03362_GBP,,,,2145.76,,,,,,C03062,,,,
3088,,GJ,5/29/2026,,Wedbush_Clearing and Exchange Fees_20260529,,,,50120,ATGN,D21300,ARB03362_USD,,,,1694.8799999999999,,,,,,C03062,,,,
3089,,GJ,5/29/2026,,Wedbush_Clearing and Exchange Fees_20260529,,,,50120,ATGN,D21300,ARB03364_EUR,,,,0.0,,,,,,C03064,,,,
3090,,GJ,5/29/2026,,Wedbush_Clearing and Exchange Fees_20260529,,,,50120,ATGN,D21300,ARB03364_GBP,,,,22.4,,,,,,C03064,,,,
3091,,GJ,5/29/2026,,Wedbush_Clearing and Exchange Fees_20260529,,,,50120,ATGN,D21300,ARB03372_USD,,,,1873.32,,,,,,C03072,,,,
3092,,GJ,5/29/2026,,Wedbush_Clearing and Exchange Fees_20260529,,,,50120,ATGN,D21300,ARB03373_USD,,,,177.08,,,,,,C03073,,,,
3093,,GJ,5/29/2026,,Wedbush_Clearing and Exchange Fees_20260529,,,,50120,ATGN,D21300,ARB03378_USD,,,,1048.96,,,,,,C03078,,,,
3094,,GJ,5/29/2026,,Wedbush_Clearing and Exchange Fees_20260529,,,,50120,ATGN,D23300,ARB03400_EUR,,,,0.0,,,,,,C03100,,,,
3095,,GJ,5/29/2026,,Wedbush_Clearing and Exchange Fees_20260529,,,,50120,ATGN,D23300,ARB03400_GBP,,,,548.22,,,,,,C03100,,,,
3096,,GJ,5/29/2026,,Wedbush_Clearing and Exchange Fees_20260529,,,,50120,ATGN,D23300,ARB03400_USD,,,,10164.16,,,,,,C03100,,,,
3097,,GJ,5/29/2026,,Wedbush_Clearing and Exchange Fees_20260529,,,,50120,ATGN,D23080,ARB03402_EUR,,,,0.0,,,,,,C03102,,,,
3098,,GJ,5/29/2026,,Wedbush_Clearing and Exchange Fees_20260529,,,,50120,ATGN,D23080,ARB03402_GBP,,,,289.98,,,,,,C03102,,,,
3099,,GJ,5/29/2026,,Wedbush_Clearing and Exchange Fees_20260529,,,,50120,ATGN,D23080,ARB03402_USD,,,,21394.16,,,,,,C03102,,,,
3100,,GJ,5/29/2026,,Wedbush_Clearing and Exchange Fees_20260529,,,,50120,ATGN,D23300,ARB03403_CAD,,,,0.0,,,,,,CX3103,,,,
3101,,GJ,5/29/2026,,Wedbush_Clearing and Exchange Fees_20260529,,,,50120,ATGN,D23300,ARB03403_USD,,,,2832.32,,,,,,CX3103,,,,
3102,,GJ,5/29/2026,,Wedbush_Clearing and Exchange Fees_20260529,,,,50120,ATGN,D23300,ARB03404_CAD,,,,0.0,,,,,,C03104,,,,
3103,,GJ,5/29/2026,,Wedbush_Clearing and Exchange Fees_20260529,,,,50120,ATGN,D23300,ARB03404_EUR,,,,0.0,,,,,,C03104,,,,
3104,,GJ,5/29/2026,,Wedbush_Clearing and Exchange Fees_20260529,,,,50120,ATGN,D23300,ARB03404_GBP,,,,67.62,,,,,,C03104,,,,
3105,,GJ,5/29/2026,,Wedbush_Clearing and Exchange Fees_20260529,,,,50120,ATGN,D23300,ARB03404_USD,,,,4215.62,,,,,,C03104,,,,
3106,,GJ,5/29/2026,,Wedbush_Clearing and Exchange Fees_20260529,,,,50120,ATGN,D23300,ARB03405_CAD,,,,0.0,,,,,,C00310,,,,
3107,,GJ,5/29/2026,,Wedbush_Clearing and Exchange Fees_20260529,,,,50120,ATGN,D23300,ARB03405_EUR,,,,0.0,,,,,,C00310,,,,
3108,,GJ,5/29/2026,,Wedbush_Clearing and Exchange Fees_20260529,,,,50120,ATGN,D23300,ARB03405_GBP,,,,450.6,,,,,,C00310,,,,
3109,,GJ,5/29/2026,,Wedbush_Clearing and Exchange Fees_20260529,,,,50120,ATGN,D23300,ARB03405_USD,,,,4399.76,,,,,,C00310,,,,
3110,,GJ,5/29/2026,,Wedbush_Clearing and Exchange Fees_20260529,,,,50120,ATGN,D23300,ARB03406_CAD,,,,0.0,,,,,,C00310,,,,
3111,,GJ,5/29/2026,,Wedbush_Clearing and Exchange Fees_20260529,,,,50120,ATGN,D23300,ARB03406_EUR,,,,0.0,,,,,,C00310,,,,
3112,,GJ,5/29/2026,,Wedbush_Clearing and Exchange Fees_20260529,,,,50120,ATGN,D23300,ARB03406_GBP,,,,277.98,,,,,,C00310,,,,
3113,,GJ,5/29/2026,,Wedbush_Clearing and Exchange Fees_20260529,,,,50120,ATGN,D23300,ARB03406_USD,,,,6613.509999999999,,,,,,C00310,,,,
3114,,GJ,5/29/2026,,Wedbush_Clearing and Exchange Fees_20260529,,,,50120,ATGN,D23300,ARB03407_USD,,,,11987.82,,,,,,C03107,,,,
3115,,GJ,5/29/2026,,Wedbush_Clearing and Exchange Fees_20260529,,,,50120,ATGN,D23300,ARB03408_CAD,,,,0.0,,,,,,C00311,,,,
3116,,GJ,5/29/2026,,Wedbush_Clearing and Exchange Fees_20260529,,,,50120,ATGN,D23300,ARB03408_EUR,,,,0.0,,,,,,C00311,,,,
3117,,GJ,5/29/2026,,Wedbush_Clearing and Exchange Fees_20260529,,,,50120,ATGN,D23300,ARB03408_GBP,,,,215.95999999999998,,,,,,C00311,,,,
3118,,GJ,5/29/2026,,Wedbush_Clearing and Exchange Fees_20260529,,,,50120,ATGN,D23300,ARB03408_USD,,,,17626.159999999996,,,,,,C00311,,,,
3119,,GJ,5/29/2026,,Wedbush_Clearing and Exchange Fees_20260529,,,,50120,ATGN,D23300,ARB03409_EUR,,,,0.0,,,,,,C00311,,,,
3120,,GJ,5/29/2026,,Wedbush_Clearing and Exchange Fees_20260529,,,,50120,ATGN,D23300,ARB03409_GBP,,,,436.7,,,,,,C00311,,,,
3121,,GJ,5/29/2026,,Wedbush_Clearing and Exchange Fees_20260529,,,,50120,ATGN,D23300,ARB03409_USD,,,,42623.85999999999,,,,,,C00311,,,,
3122,,GJ,5/29/2026,,Wedbush_Clearing and Exchange Fees_20260529,,,,50120,ATGN,D23300,ARB03410_USD,,,,3222.5599999999995,,,,,,C00311,,,,
3123,,GJ,5/29/2026,,Wedbush_Clearing and Exchange Fees_20260529,,,,50120,ATGN,D23300,ARB03412_EUR,,,,0.0,,,,,,C00310,,,,
3124,,GJ,5/29/2026,,Wedbush_Clearing and Exchange Fees_20260529,,,,50120,ATGN,D23300,ARB03412_GBP,,,,18.72,,,,,,C00310,,,,
3125,,GJ,5/29/2026,,Wedbush_Clearing and Exchange Fees_20260529,,,,50120,ATGN,D23300,ARB03412_USD,,,,2637.84,,,,,,C00310,,,,
3126,,GJ,5/29/2026,,Wedbush_Clearing and Exchange Fees_20260529,,,,50120,ATGN,D23300,ARB03413_USD,,,,1853.2799999999997,,,,,,C03113,,,,
3127,,GJ,5/29/2026,,Wedbush_Clearing and Exchange Fees_20260529,,,,50120,ATGN,D23300,ARB03422_CAD,,,,0.0,,,,,,C03122,,,,
3128,,GJ,5/29/2026,,Wedbush_Clearing and Exchange Fees_20260529,,,,50120,ATGN,D23300,ARB03422_USD,,,,1741.8600000000001,,,,,,C03122,,,,
3129,,GJ,5/29/2026,,Wedbush_Clearing and Exchange Fees_20260529,,,,50120,ATGN,D23080,ARB03427_USD,,,,268.8,,,,,,C01234,,,,
3130,,GJ,5/29/2026,,Wedbush_Clearing and Exchange Fees_20260529,,,,50120,ATGN,D23300,ARB03433_EUR,,,,0.0,,,,,,C03133,,,,
3131,,GJ,5/29/2026,,Wedbush_Clearing and Exchange Fees_20260529,,,,50120,ATGN,D23300,ARB03433_GBP,,,,303.04,,,,,,C03133,,,,
3132,,GJ,5/29/2026,,Wedbush_Clearing and Exchange Fees_20260529,,,,50120,ATGN,D23300,ARB03433_USD,,,,2944.56,,,,,,C03133,,,,
3133,,GJ,5/29/2026,,Wedbush_Clearing and Exchange Fees_20260529,,,,50120,ATGN,D23300,ARB03434_USD,,,,1389.6,,,,,,C03134,,,,
3134,,GJ,5/29/2026,,Wedbush_Clearing and Exchange Fees_20260529,,,,50120,ATGN,D23300,ARB03435_USD,,,,159.6,,,,,,C00310,,,,
3135,,GJ,5/29/2026,,Wedbush_Clearing and Exchange Fees_20260529,,,,50120,ATGN,D23300,ARB03436_CAD,,,,0.0,,,,,,CX3136,,,,
3136,,GJ,5/29/2026,,Wedbush_Clearing and Exchange Fees_20260529,,,,50120,ATGN,D23300,ARB03436_EUR,,,,0.0,,,,,,CX3136,,,,
3137,,GJ,5/29/2026,,Wedbush_Clearing and Exchange Fees_20260529,,,,50120,ATGN,D23300,ARB03436_GBP,,,,17.38,,,,,,CX3136,,,,
3138,,GJ,5/29/2026,,Wedbush_Clearing and Exchange Fees_20260529,,,,50120,ATGN,D23300,ARB03436_USD,,,,760.54,,,,,,CX3136,,,,
3139,,GJ,5/29/2026,,Wedbush_Clearing and Exchange Fees_20260529,,,,50120,ATGN,D23300,ARB03439_USD,,,,2600.38,,,,,,C00311,,,,
3140,,GJ,5/29/2026,,Wedbush_Clearing and Exchange Fees_20260529,,,,50120,ATGN,D23300,ARB03441_EUR,,,,0.0,,,,,,C03141,,,,
3141,,GJ,5/29/2026,,Wedbush_Clearing and Exchange Fees_20260529,,,,50120,ATGN,D23300,ARB03441_GBP,,,,304.8,,,,,,C03141,,,,
3142,,GJ,5/29/2026,,Wedbush_Clearing and Exchange Fees_20260529,,,,50120,ATGN,D23300,ARB03442_USD,,,,2634.7200000000003,,,,,,C00310,,,,
3143,,GJ,5/29/2026,,Wedbush_Clearing and Exchange Fees_20260529,,,,50120,ATGN,D23300,ARB03443_CAD,,,,0.0,,,,,,C00310,,,,
3144,,GJ,5/29/2026,,Wedbush_Clearing and Exchange Fees_20260529,,,,50120,ATGN,D23300,ARB03443_EUR,,,,0.0,,,,,,C00310,,,,
3145,,GJ,5/29/2026,,Wedbush_Clearing and Exchange Fees_20260529,,,,50120,ATGN,D23300,ARB03443_GBP,,,,31.6,,,,,,C00310,,,,
3146,,GJ,5/29/2026,,Wedbush_Clearing and Exchange Fees_20260529,,,,50120,ATGN,D23300,ARB03443_USD,,,,3093.6800000000003,,,,,,C00310,,,,
3147,,GJ,5/29/2026,,Wedbush_Clearing and Exchange Fees_20260529,,,,50120,ATGN,D23300,ARB03446_EUR,,,,0.0,,,,,,CX3136,,,,
3148,,GJ,5/29/2026,,Wedbush_Clearing and Exchange Fees_20260529,,,,50120,ATGN,D23300,ARB03446_GBP,,,,53.72,,,,,,CX3136,,,,
3149,,GJ,5/29/2026,,Wedbush_Clearing and Exchange Fees_20260529,,,,50120,ATGN,D23300,ARB03446_USD,,,,348.6,,,,,,CX3136,,,,
3150,,GJ,5/29/2026,,Wedbush_Clearing and Exchange Fees_20260529,,,,50120,ATGN,D23090,ARB03454_EUR,,,,0.0,,,,,,C03154,,,,
3151,,GJ,5/29/2026,,Wedbush_Clearing and Exchange Fees_20260529,,,,50120,ATGN,D23090,ARB03454_GBP,,,,11.2,,,,,,C03154,,,,
3152,,GJ,5/29/2026,,Wedbush_Clearing and Exchange Fees_20260529,,,,50120,ATGN,D23090,ARB03454_USD,,,,456.68,,,,,,C03154,,,,
3153,,GJ,5/29/2026,,Wedbush_Clearing and Exchange Fees_20260529,,,,50120,ATGN,D23100,ARB03457_EUR,,,,0.0,,,,,,C03157,,,,
3154,,GJ,5/29/2026,,Wedbush_Clearing and Exchange Fees_20260529,,,,50120,ATGN,D23100,ARB03457_GBP,,,,105.92,,,,,,C03157,,,,
3155,,GJ,5/29/2026,,Wedbush_Clearing and Exchange Fees_20260529,,,,50120,ATGN,D23100,ARB03457_USD,,,,596.4899999999999,,,,,,C03157,,,,
3156,,GJ,5/29/2026,,Wedbush_Clearing and Exchange Fees_20260529,,,,50120,ATGN,D23100,ARB03459_CHF,,,,0.0,,,,,,C03159,,,,
3157,,GJ,5/29/2026,,Wedbush_Clearing and Exchange Fees_20260529,,,,50120,ATGN,D23100,ARB03459_EUR,,,,36.0,,,,,,C03159,,,,
3158,,GJ,5/29/2026,,Wedbush_Clearing and Exchange Fees_20260529,,,,50120,ATGN,D23100,ARB03459_GBP,,,,515.44,,,,,,C03159,,,,
3159,,GJ,5/29/2026,,Wedbush_Clearing and Exchange Fees_20260529,,,,50120,ATGN,D23100,ARB03459_USD,,,,221.37,,,,,,C03159,,,,
3160,,GJ,5/29/2026,,Wedbush_Clearing and Exchange Fees_20260529,,,,50120,ATGN,D23300,ARB03460_EUR,,,,0.0,,,,,,C03160,,,,
3161,,GJ,5/29/2026,,Wedbush_Clearing and Exchange Fees_20260529,,,,50120,ATGN,D23300,ARB03460_GBP,,,,39.5,,,,,,C03160,,,,
3162,,GJ,5/29/2026,,Wedbush_Clearing and Exchange Fees_20260529,,,,50120,ATGN,D23300,ARB03460_USD,,,,25.2,,,,,,C03160,,,,
3163,,GJ,5/29/2026,,Wedbush_Clearing and Exchange Fees_20260529,,,,50120,ATGN,D23300,ARB03463_USD,,,,16.8,,,,,,C03163,,,,
3164,,GJ,5/29/2026,,Wedbush_Clearing and Exchange Fees_20260529,,,,50120,ATGN,D23010,ARB03468_CAD,,,,0.0,,,,,,C03168,,,,
3165,,GJ,5/29/2026,,Wedbush_Clearing and Exchange Fees_20260529,,,,50120,ATGN,D23010,ARB03468_USD,,,,47.6,,,,,,C03168,,,,
3166,,GJ,5/29/2026,,Wedbush_Clearing and Exchange Fees_20260529,,,,50120,ATGN,D23100,ARB03474_EUR,,,,0.0,,,,,,C03174,,,,
3167,,GJ,5/29/2026,,Wedbush_Clearing and Exchange Fees_20260529,,,,50120,ATGN,D23100,ARB03474_GBP,,,,52.64,,,,,,C03174,,,,
3168,,GJ,5/29/2026,,Wedbush_Clearing and Exchange Fees_20260529,,,,50120,ATGN,D23100,ARB03475_EUR,,,,0.0,,,,,,C03175,,,,
3169,,GJ,5/29/2026,,Wedbush_Clearing and Exchange Fees_20260529,,,,50120,ATGN,D23100,ARB03475_GBP,,,,221.2,,,,,,C03175,,,,
3170,,GJ,5/29/2026,,Wedbush_Clearing and Exchange Fees_20260529,,,,50120,ATGN,D23100,ARB03476_EUR,,,,0.0,,,,,,C03176,,,,
3171,,GJ,5/29/2026,,Wedbush_Clearing and Exchange Fees_20260529,,,,50120,ATGN,D23100,ARB03476_GBP,,,,98.56,,,,,,C03176,,,,
3172,,GJ,5/29/2026,,Wedbush_Clearing and Exchange Fees_20260529,,,,50120,ATGN,D23100,ARB03485_EUR,,,,0.0,,,,,,C03185,,,,
3173,,GJ,5/29/2026,,Wedbush_Clearing and Exchange Fees_20260529,,,,50120,ATGN,D23100,ARB03485_GBP,,,,80.47999999999999,,,,,,C03185,,,,
3174,,GJ,5/29/2026,,Wedbush_Clearing and Exchange Fees_20260529,,,,50120,ATGN,D23100,ARB03485_USD,,,,573.15,,,,,,C03185,,,,
3175,,GJ,5/29/2026,,Wedbush_Clearing and Exchange Fees_20260529,,,,50120,ATGN,D23300,ARB03489_EUR,,,,0.0,,,,,,C03160,,,,
3176,,GJ,5/29/2026,,Wedbush_Clearing and Exchange Fees_20260529,,,,50120,ATGN,D23300,ARB03489_GBP,,,,1716.6599999999999,,,,,,C03160,,,,
3177,,GJ,5/29/2026,,Wedbush_Clearing and Exchange Fees_20260529,,,,50120,ATGN,D23300,ARB03489_USD,,,,6816.780000000001,,,,,,C03160,,,,
3178,,GJ,5/29/2026,,Wedbush_Clearing and Exchange Fees_20260529,,,,50120,ATGN,D23300,ARB03492_CAD,,,,0.0,,,,,,C03163,,,,
3179,,GJ,5/29/2026,,Wedbush_Clearing and Exchange Fees_20260529,,,,50120,ATGN,D23300,ARB03492_EUR,,,,0.0,,,,,,C03163,,,,
3180,,GJ,5/29/2026,,Wedbush_Clearing and Exchange Fees_20260529,,,,50120,ATGN,D23300,ARB03492_GBP,,,,686.26,,,,,,C03163,,,,
3181,,GJ,5/29/2026,,Wedbush_Clearing and Exchange Fees_20260529,,,,50120,ATGN,D23300,ARB03492_USD,,,,8937.5,,,,,,C03163,,,,
3182,,GJ,5/29/2026,,Wedbush_Clearing and Exchange Fees_20260529,,,,50120,303P,D21030,ARB04021_USD,,,,1247.6,,,,,,C03084,,,,
3183,,GJ,5/29/2026,,Wedbush_Clearing and Exchange Fees_20260529,,,,50120,303P,D21030,ARB04023_USD,,,,61.44,,,,,,C04023,,,,
3184,,GJ,5/29/2026,,Wedbush_Clearing and Exchange Fees_20260529,,,,50120,303P,D21300,ARB04024_USD,,,,54.4,,,,,,C04024,,,,
3185,,GJ,5/29/2026,,Wedbush_Clearing and Exchange Fees_20260529,,,,50120,303P,D21300,ARB04029_USD,,,,77.92,,,,,,C04029,,,,
3186,,GJ,5/29/2026,,Wedbush_Clearing and Exchange Fees_20260529,,,,50120,303P,D21030,ARB04031_USD,,,,39662.89,,,,,,C04031,,,,
3187,,GJ,5/29/2026,,Wedbush_Clearing and Exchange Fees_20260529,,,,50120,303P,D21300,ARB04038_USD,,,,898.18,,,,,,C04038,,,,
3188,,GJ,5/29/2026,,Wedbush_Clearing and Exchange Fees_20260529,,,,50120,303P,D21300,ARB04042_USD,,,,313.92,,,,,,C02044,,,,
3189,,GJ,5/29/2026,,Wedbush_Clearing and Exchange Fees_20260529,,,,50120,303P,D21300,ARB04047_USD,,,,821.76,,,,,,C04033,,,,
3190,,GJ,5/29/2026,,Wedbush_Clearing and Exchange Fees_20260529,,,,50120,303P,D21300,ARB04048_USD,,,,3793.52,,,,,,C04048,,,,
3191,,GJ,5/29/2026,,Wedbush_Clearing and Exchange Fees_20260529,,,,50120,303P,D21030,ARB04049_USD,,,,1321.9,,,,,,C04050,,,,
3192,,GJ,5/29/2026,,Wedbush_Clearing and Exchange Fees_20260529,,,,50120,303P,D21300,ARB04052_USD,,,,2576.32,,,,,,C04052,,,,
3193,,GJ,5/29/2026,,Wedbush_Clearing and Exchange Fees_20260529,,,,50120,303P,D21300,ARB04053_EUR,,,,15.14,,,,,,C04053,,,,
3194,,GJ,5/29/2026,,Wedbush_Clearing and Exchange Fees_20260529,,,,50120,303P,D21300,ARB04053_GBP,,,,24.880000000000003,,,,,,C04053,,,,
3195,,GJ,5/29/2026,,Wedbush_Clearing and Exchange Fees_20260529,,,,50120,303P,D21300,ARB04053_USD,,,,24.72,,,,,,C04053,,,,
3196,,GJ,5/29/2026,,Wedbush_Clearing and Exchange Fees_20260529,,,,50120,303P,D21300,ARB04054_USD,,,,113.3,,,,,,C04054,,,,
3197,,GJ,5/29/2026,,Wedbush_Clearing and Exchange Fees_20260529,,,,50120,303P,D21300,ARB04055_USD,,,,1463.12,,,,,,C04054,,,,
3198,,GJ,5/29/2026,,Wedbush_Clearing and Exchange Fees_20260529,,,,50120,303P,D21300,ARB04057_USD,,,,1708.51,,,,,,C01057,,,,
3199,,GJ,5/29/2026,,Wedbush_Clearing and Exchange Fees_20260529,,,,50120,303P,D21300,ARB04059_USD,,,,1273.29,,,,,,C04059,,,,
3200,,GJ,5/29/2026,,Wedbush_Clearing and Exchange Fees_20260529,,,,50120,303P,D21300,ARB04062_USD,,,,,4.6899999999999995,,,,,C03029,,,,
3201,,GJ,5/29/2026,,Wedbush_Clearing and Exchange Fees_20260529,,,,50120,303P,D21300,ARB04065_USD,,,,1168.85,,,,,,C00675,,,,
3202,,GJ,5/29/2026,,Wedbush_Clearing and Exchange Fees_20260529,,,,50120,303P,D21300,ARB04066_USD,,,,748.51,,,,,,C00675,,,,
3203,,GJ,5/29/2026,,Wedbush_Clearing and Exchange Fees_20260529,,,,50120,303P,D21300,ARB04067_USD,,,,459.46000000000004,,,,,,C00675,,,,
3204,,GJ,5/29/2026,,Wedbush_Clearing and Exchange Fees_20260529,,,,50120,303P,D21300,ARB04068_USD,,,,1692.7,,,,,,C00675,,,,
3205,,GJ,5/29/2026,,Wedbush_Clearing and Exchange Fees_20260529,,,,50120,303P,D21300,ARB04069_USD,,,,567.62,,,,,,C00675,,,,
3206,,GJ,5/29/2026,,Wedbush_Clearing and Exchange Fees_20260529,,,,50120,303P,D21300,ARB04070_USD,,,,330.08,,,,,,C00675,,,,
3207,,GJ,5/29/2026,,Wedbush_Clearing and Exchange Fees_20260529,,,,50120,303P,D21300,ARB04073_USD,,,,773.52,,,,,,C04073,,,,
3208,,GJ,5/29/2026,,Wedbush_Clearing and Exchange Fees_20260529,,,,50120,303P,D21030,ARB04074_USD,,,,151.92,,,,,,C04074,,,,
3209,,GJ,5/29/2026,,Wedbush_Clearing and Exchange Fees_20260529,,,,50120,303P,D21300,ARB04075_USD,,,,32.19,,,,,,C04075,,,,
3210,,GJ,5/29/2026,,Wedbush_Clearing and Exchange Fees_20260529,,,,50120,303P,D21300,ARB04077_USD,,,,10.5,,,,,,C03095,,,,
3211,,GJ,5/29/2026,,Wedbush_Clearing and Exchange Fees_20260529,,,,50120,303P,D21300,ARB04079_USD,,,,28.5,,,,,,C03064,,,,
3212,,GJ,5/29/2026,,Wedbush_Clearing and Exchange Fees_20260529,,,,50120,303P,D21030,ARB04080_USD,,,,3904.39,,,,,,C02048,,,,
3213,,GJ,5/29/2026,,Wedbush_Clearing and Exchange Fees_20260529,,,,50120,303P,D21300,ARB04081_USD,,,,607.9200000000001,,,,,,C04081,,,,
3214,,GJ,5/29/2026,,Wedbush_Clearing and Exchange Fees_20260529,,,,50120,303P,D21300,ARB04082_USD,,,,30.2,,,,,,C04082,,,,
3215,,GJ,5/29/2026,,Wedbush_Clearing and Exchange Fees_20260529,,,,50120,303P,D21300,ARB04083_USD,,,,8.16,,,,,,C04083,,,,
3216,,GJ,5/29/2026,,Wedbush_Clearing and Exchange Fees_20260529,,,,50120,303P,D12000,ARB04085_USD,,,,50.08,,,,,,C02502,,,,
3217,,GJ,5/29/2026,,Wedbush_Clearing and Exchange Fees_20260529,,,,50120,303P,D21030,ARB04086_USD,,,,33029.0,,,,,,C04086,,,,
3218,,GJ,5/29/2026,,Wedbush_Clearing and Exchange Fees_20260529,,,,50120,303P,D21030,ARB04087_USD,,,,8995.960000000001,,,,,,C04022,,,,
3219,,GJ,5/29/2026,,Wedbush_Clearing and Exchange Fees_20260529,,,,50120,303P,D20000,ARB04088_USD,,,,154.79999999999998,,,,,,C00001,,,,
3220,,GJ,5/29/2026,,Wedbush_Clearing and Exchange Fees_20260529,,,,50120,303P,D23300,ARB04101_USD,,,,145.52,,,,,,C04101,,,,
3221,,GJ,5/29/2026,,Wedbush_Clearing and Exchange Fees_20260529,,,,50120,303P,D23300,ARB04102_USD,,,,1422.01,,,,,,C04102,,,,
3222,,GJ,5/29/2026,,Wedbush_Clearing and Exchange Fees_20260529,,,,50120,303P,D23300,ARB04103_USD,,,,2962.9,,,,,,C04103,,,,
3223,,GJ,5/29/2026,,Wedbush_Clearing and Exchange Fees_20260529,,,,50120,303P,D23300,ARB04104_USD,,,,1890.37,,,,,,C04104,,,,
3224,,GJ,5/29/2026,,Wedbush_Clearing and Exchange Fees_20260529,,,,50120,303P,D23020,ARB04105_USD,,,,2567.04,,,,,,C04105,,,,
3225,,GJ,5/29/2026,,Wedbush_Clearing and Exchange Fees_20260529,,,,50120,303P,D23020,ARB04106_USD,,,,4150.28,,,,,,C04105,,,,
3226,,GJ,5/29/2026,,Wedbush_Clearing and Exchange Fees_20260529,,,,50120,303P,D23300,ARB04108_USD,,,,5684.63,,,,,,C04108,,,,
3227,,GJ,5/29/2026,,Wedbush_Clearing and Exchange Fees_20260529,,,,50120,303P,D23300,ARB04110_USD,,,,556.57,,,,,,C04110,,,,
3228,,GJ,5/29/2026,,Wedbush_Clearing and Exchange Fees_20260529,,,,50120,303P,D23300,ARB04111_USD,,,,2384.46,,,,,,C04111,,,,
3229,,GJ,5/29/2026,,Wedbush_Clearing and Exchange Fees_20260529,,,,50120,303P,D23300,ARB04112_USD,,,,113.75999999999999,,,,,,C04112,,,,
3230,,GJ,5/29/2026,,Wedbush_Clearing and Exchange Fees_20260529,,,,50120,303P,D23300,ARB04113_USD,,,,1108.0,,,,,,C03122,,,,
3231,,GJ,5/29/2026,,Wedbush_Clearing and Exchange Fees_20260529,,,,50120,303P,D23090,ARB04114_USD,,,,2456.6800000000003,,,,,,C04114,,,,
3232,,GJ,5/29/2026,,Wedbush_Clearing and Exchange Fees_20260529,,,,50120,303P,D23300,ARB04116_USD,,,,3186.5499999999997,,,,,,C04101,,,,
3233,,GJ,5/29/2026,,Wedbush_Clearing and Exchange Fees_20260529,,,,50120,303P,D23300,ARB04117_USD,,,,813.54,,,,,,C04102,,,,
3234,,GJ,5/29/2026,,Wedbush_Clearing and Exchange Fees_20260529,,,,50120,303P,D23300,ARB04118_USD,,,,599.28,,,,,,C04118,,,,
3235,,GJ,5/29/2026,,Wedbush_Clearing and Exchange Fees_20260529,,,,50120,303P,D23300,ARB04119_USD,,,,134.37,,,,,,C04110,,,,
3236,,GJ,5/29/2026,,Wedbush_Clearing and Exchange Fees_20260529,,,,50120,303P,D23010,ARB04157_USD,,,,424.16,,,,,,C01268,,,,
3237,,GJ,5/29/2026,,Wedbush_Clearing and Exchange Fees_20260529,,,,50120,303P,D23010,ARB04158_USD,,,,1.12,,,,,,C01269,,,,
3238,,GJ,5/29/2026,,Wedbush_Clearing and Exchange Fees_20260529,,,,50120,303P,D23010,ARB04159_USD,,,,7.84,,,,,,C01270,,,,
3239,,GJ,5/29/2026,,Wedbush_Clearing and Exchange Fees_20260529,,,,50120,303P,D23010,ARB04160_USD,,,,108.64,,,,,,C01271,,,,
3240,,GJ,5/29/2026,,Wedbush_Clearing and Exchange Fees_20260529,,,,50120,303P,D23010,ARB04161_USD,,,,451.36,,,,,,C01272,,,,
3241,,GJ,5/29/2026,,Wedbush_Clearing and Exchange Fees_20260529,,,,50120,303P,D23010,ARB04162_USD,,,,25.759999999999998,,,,,,C01273,,,,
3242,,GJ,5/29/2026,,Wedbush_Clearing and Exchange Fees_20260529,,,,50120,303P,D23100,ARB04164_USD,,,,493.46,,,,,,C01275,,,,
3243,,GJ,5/29/2026,,Wedbush_Clearing and Exchange Fees_20260529,,,,50120,303P,D23100,ARB04165_USD,,,,250.32000000000002,,,,,,C01276,,,,
3244,,GJ,5/29/2026,,Wedbush_Clearing and Exchange Fees_20260529,,,,50120,303P,D23100,ARB04166_USD,,,,498.99,,,,,,C01277,,,,
3245,,GJ,5/29/2026,,Wedbush_Clearing and Exchange Fees_20260529,,,,50120,303P,D23100,ARB04167_USD,,,,460.59000000000003,,,,,,C01278,,,,
3246,,GJ,5/29/2026,,Wedbush_Clearing and Exchange Fees_20260529,,,,50120,303P,D23100,ARB04168_USD,,,,716.0999999999999,,,,,,C01279,,,,
3247,,GJ,5/29/2026,,Wedbush_Clearing and Exchange Fees_20260529,,,,50120,ATGN,D24010,ARB04336_USD,,,,0.0,,,,,,C00650,,,,
3248,,GJ,5/29/2026,,Wedbush_Clearing and Exchange Fees_20260529,,,,50120,ATGN,D24010,ARB04345_USD,,,,184.43,,,,,,C00650,,,,
3249,,GJ,5/29/2026,,Wedbush_Clearing and Exchange Fees_20260529,,,,50120,ATGN,D21300,ARB04348_EUR,,,,0.0,,,,,,C04048,,,,
3250,,GJ,5/29/2026,,Wedbush_Clearing and Exchange Fees_20260529,,,,50120,ATGN,D21300,ARB04348_GBP,,,,98.74,,,,,,C04048,,,,
3251,,GJ,5/29/2026,,Wedbush_Clearing and Exchange Fees_20260529,,,,50120,ATGN,D21300,ARB04348_USD,,,,760.9,,,,,,C04048,,,,
3252,,GJ,5/29/2026,,Wedbush_Clearing and Exchange Fees_20260529,,,,50120,ATGN,D21300,ARB04357_EUR,,,,0.0,,,,,,C01057,,,,
3253,,GJ,5/29/2026,,Wedbush_Clearing and Exchange Fees_20260529,,,,50120,ATGN,D21300,ARB04357_GBP,,,,103.32,,,,,,C01057,,,,
3254,,GJ,5/29/2026,,Wedbush_Clearing and Exchange Fees_20260529,,,,50120,ATGN,D21300,ARB04384_EUR,,,,0.0,,,,,,C03073,,,,
3255,,GJ,5/29/2026,,Wedbush_Clearing and Exchange Fees_20260529,,,,50120,ATGN,D21300,ARB04384_GBP,,,,612.0799999999999,,,,,,C03073,,,,
3256,,GJ,5/29/2026,,Wedbush_Clearing and Exchange Fees_20260529,,,,50120,ATGN,D21300,ARB04384_USD,,,,1721.6799999999998,,,,,,C03073,,,,
3257,,GJ,5/29/2026,,Wedbush_Clearing and Exchange Fees_20260529,,,,50120,ATGN,D20000,ARB04388_USD,,,,35.34,,,,,,C00001,,,,
3258,,GJ,5/29/2026,,Wedbush_Clearing and Exchange Fees_20260529,,,,50120,ATGN,D23300,ARB04401_USD,,,,309.17,,,,,,C04101,,,,
3259,,GJ,5/29/2026,,Wedbush_Clearing and Exchange Fees_20260529,,,,50120,ATGN,D23300,ARB04402_USD,,,,3007.84,,,,,,C04102,,,,
3260,,GJ,5/29/2026,,Wedbush_Clearing and Exchange Fees_20260529,,,,50120,ATGN,D23300,ARB04403_USD,,,,848.4,,,,,,C04103,,,,
3261,,GJ,5/29/2026,,Wedbush_Clearing and Exchange Fees_20260529,,,,50120,ATGN,D23300,ARB04404_EUR,,,,0.0,,,,,,C04104,,,,
3262,,GJ,5/29/2026,,Wedbush_Clearing and Exchange Fees_20260529,,,,50120,ATGN,D23300,ARB04404_GBP,,,,25.28,,,,,,C04104,,,,
3263,,GJ,5/29/2026,,Wedbush_Clearing and Exchange Fees_20260529,,,,50120,ATGN,D23300,ARB04404_USD,,,,2670.4,,,,,,C04104,,,,
3264,,GJ,5/29/2026,,Wedbush_Clearing and Exchange Fees_20260529,,,,50120,ATGN,D23020,ARB04405_CAD,,,,0.0,,,,,,C04105,,,,
3265,,GJ,5/29/2026,,Wedbush_Clearing and Exchange Fees_20260529,,,,50120,ATGN,D23020,ARB04405_USD,,,,527.2,,,,,,C04105,,,,
3266,,GJ,5/29/2026,,Wedbush_Clearing and Exchange Fees_20260529,,,,50120,ATGN,D23020,ARB04406_CAD,,,,0.0,,,,,,C04105,,,,
3267,,GJ,5/29/2026,,Wedbush_Clearing and Exchange Fees_20260529,,,,50120,ATGN,D23020,ARB04406_EUR,,,,0.0,,,,,,C04105,,,,
3268,,GJ,5/29/2026,,Wedbush_Clearing and Exchange Fees_20260529,,,,50120,ATGN,D23020,ARB04406_GBP,,,,12.64,,,,,,C04105,,,,
3269,,GJ,5/29/2026,,Wedbush_Clearing and Exchange Fees_20260529,,,,50120,ATGN,D23020,ARB04406_USD,,,,2033.4,,,,,,C04105,,,,
3270,,GJ,5/29/2026,,Wedbush_Clearing and Exchange Fees_20260529,,,,50120,ATGN,D23300,ARB04408_EUR,,,,0.0,,,,,,C04108,,,,
3271,,GJ,5/29/2026,,Wedbush_Clearing and Exchange Fees_20260529,,,,50120,ATGN,D23300,ARB04408_GBP,,,,1319.04,,,,,,C04108,,,,
3272,,GJ,5/29/2026,,Wedbush_Clearing and Exchange Fees_20260529,,,,50120,ATGN,D23300,ARB04410_USD,,,,2932.16,,,,,,C04110,,,,
3273,,GJ,5/29/2026,,Wedbush_Clearing and Exchange Fees_20260529,,,,50120,ATGN,D23300,ARB04413_EUR,,,,0.0,,,,,,C03122,,,,
3274,,GJ,5/29/2026,,Wedbush_Clearing and Exchange Fees_20260529,,,,50120,ATGN,D23300,ARB04413_GBP,,,,14.22,,,,,,C03122,,,,
3275,,GJ,5/29/2026,,Wedbush_Clearing and Exchange Fees_20260529,,,,50120,ATGN,D23300,ARB04413_USD,,,,1852.2,,,,,,C03122,,,,
3276,,GJ,5/29/2026,,Wedbush_Clearing and Exchange Fees_20260529,,,,50120,ATGN,D23300,ARB04418_USD,,,,723.36,,,,,,C04118,,,,
3277,,GJ,5/29/2026,,Wedbush_Clearing and Exchange Fees_20260529,,,,50120,ATGN,D23020,ARB04451_EUR,,,,0.0,,,,,,C01266,,,,
3278,,GJ,5/29/2026,,Wedbush_Clearing and Exchange Fees_20260529,,,,50120,ATGN,D23020,ARB04451_GBP,,,,1347.74,,,,,,C01266,,,,
3279,,GJ,5/29/2026,,Wedbush_Clearing and Exchange Fees_20260529,,,,50120,ATGN,D23020,ARB04451_USD,,,,3986.48,,,,,,C01266,,,,
3280,,GJ,5/29/2026,,Wedbush_Clearing and Exchange Fees_20260529,,,,50120,ATGN,D23020,ARB04452_EUR,,,,0.0,,,,,,C01265,,,,
3281,,GJ,5/29/2026,,Wedbush_Clearing and Exchange Fees_20260529,,,,50120,ATGN,D23020,ARB04452_GBP,,,,1194.48,,,,,,C01265,,,,
3282,,GJ,5/29/2026,,Wedbush_Clearing and Exchange Fees_20260529,,,,50120,ATGN,D23020,ARB04452_USD,,,,3520.92,,,,,,C01265,,,,
3283,,GJ,5/29/2026,,Wedbush_Clearing and Exchange Fees_20260529,,,,50120,ATGN,D23020,ARB04454_EUR,,,,0.0,,,,,,C01261,,,,
3284,,GJ,5/29/2026,,Wedbush_Clearing and Exchange Fees_20260529,,,,50120,ATGN,D23020,ARB04454_GBP,,,,1422.0,,,,,,C01261,,,,
3285,,GJ,5/29/2026,,Wedbush_Clearing and Exchange Fees_20260529,,,,50120,ATGN,D23020,ARB04454_USD,,,,4925.04,,,,,,C01261,,,,
3286,,GJ,5/29/2026,,Wedbush_Clearing and Exchange Fees_20260529,,,,50120,ATGN,D23010,ARB04459_CAD,,,,0.0,,,,,,C01270,,,,
3287,,GJ,5/29/2026,,Wedbush_Clearing and Exchange Fees_20260529,,,,50120,ATGN,D23010,ARB04459_USD,,,,15.3,,,,,,C01270,,,,
3288,,GJ,5/29/2026,,Wedbush_Clearing and Exchange Fees_20260529,,,,50120,303P,D21300,ARB05057_EUR,,,,0.0,,,,,,C01057,,,,
3289,,GJ,5/29/2026,,Wedbush_Clearing and Exchange Fees_20260529,,,,50120,303P,D21300,ARB05057_USD,,,,1623.17,,,,,,C01057,,,,
3290,,GJ,5/29/2026,,Wedbush_Clearing and Exchange Fees_20260529,,,,50120,ATGN,D21300,ARB05357_EUR,,,,0.0,,,,,,C01057,,,,
3291,,GJ,5/29/2026,,Wedbush_Clearing and Exchange Fees_20260529,,,,50120,ATGN,D21300,ARB05357_GBP,,,,297833.48,,,,,,C01057,,,,
3292,,GJ,5/29/2026,,Wedbush_Clearing and Exchange Fees_20260529,,,,50120,303P,D21300,ARB06057_USD,,,,4108.42,,,,,,C01057,,,,
3293,,GJ,5/29/2026,,Wedbush_Clearing and Exchange Fees_20260529,,,,50120,ATGN,D21300,ARB06357_USD,,,,1969.95,,,,,,C01057,,,,
