,DONOTIMPORT,JOURNAL,DATE,REVERSEDATE,DESCRIPTION,REFERENCE_NO,SOURCEENTITY,LINE_NO,ACCT_NO,LOCATION_ID,DEPT_ID,GLENTRY_CLASSID,GLENTRY_PROJECTID,DOCUMENT,MEMO,DEBIT,CREDIT,CURRENCY,EXCH_RATE_DATE,EXCH_RATE_TYPE_ID,EXCHANGE_RATE,GLENTRY_CUSTOMERID,GLENTRY_VENDORID,GLENTRY_EMPLOYEEID,GLENTRY_ITEMID,ALLOCATION_ID
ARB00020_USD,,,,,Wedbush_Brokerage Commissions_20260529,,,,12100,,,ARB00020_USD,,,,,1519.8,,,,,,,,,
ARB00054_USD,,,,,Wedbush_Brokerage Commissions_20260529,,,,12100,,,ARB00054_USD,,,,,4223.25,,,,,,,,,
ARB00055_USD,,,,,Wedbush_Brokerage Commissions_20260529,,,,12100,,,ARB00055_USD,,,,,126.0,,,,,,,,,
ARB00068_USD,,,,,Wedbush_Brokerage Commissions_20260529,,,,12100,,,ARB00068_USD,,,,,2046.75,,,,,,,,,
ARB00090_USD,,,,,Wedbush_Brokerage Commissions_20260529,,,,12100,,,ARB00090_USD,,,,,408.0,,,,,,,,,
ARB00110_USD,,,,,Wedbush_Brokerage Commissions_20260529,,,,12100,,,ARB00110_USD,,,,,265.8,,,,,,,,,
ARB00112_USD,,,,,Wedbush_Brokerage Commissions_20260529,,,,12100,,,ARB00112_USD,,,,,352.5,,,,,,,,,
ARB00113_USD,,,,,Wedbush_Brokerage Commissions_20260529,,,,12100,,,ARB00113_USD,,,,,232.65,,,,,,,,,
ARB00122_USD,,,,,Wedbush_Brokerage Commissions_20260529,,,,12100,,,ARB00122_USD,,,,,53.550000000000004,,,,,,,,,
ARB00123_USD,,,,,Wedbush_Brokerage Commissions_20260529,,,,12100,,,ARB00123_USD,,,,,98.1,,,,,,,,,
ARB00124_USD,,,,,Wedbush_Brokerage Commissions_20260529,,,,12100,,,ARB00124_USD,,,,,192.45,,,,,,,,,
ARB00126_USD,,,,,Wedbush_Brokerage Commissions_20260529,,,,12100,,,ARB00126_USD,,,,,13.35,,,,,,,,,
ARB00132_USD,,,,,Wedbush_Brokerage Commissions_20260529,,,,12100,,,ARB00132_USD,,,,,1245.15,,,,,,,,,
ARB00135_USD,,,,,Wedbush_Brokerage Commissions_20260529,,,,12100,,,ARB00135_USD,,,,,33.0,,,,,,,,,
ARB00143_USD,,,,,Wedbush_Brokerage Commissions_20260529,,,,12100,,,ARB00143_USD,,,,,74.55,,,,,,,,,
ARB00146_USD,,,,,Wedbush_Brokerage Commissions_20260529,,,,12100,,,ARB00146_USD,,,,,38.1,,,,,,,,,
ARB00149_USD,,,,,Wedbush_Brokerage Commissions_20260529,,,,12100,,,ARB00149_USD,,,,,142.5,,,,,,,,,
ARB00156_USD,,,,,Wedbush_Brokerage Commissions_20260529,,,,12100,,,ARB00156_USD,,,,,5238.6,,,,,,,,,
ARB00160_USD,,,,,Wedbush_Brokerage Commissions_20260529,,,,12100,,,ARB00160_USD,,,,,180.29999999999998,,,,,,,,,
ARB00161_USD,,,,,Wedbush_Brokerage Commissions_20260529,,,,12100,,,ARB00161_USD,,,,,717.45,,,,,,,,,
ARB00169_USD,,,,,Wedbush_Brokerage Commissions_20260529,,,,12100,,,ARB00169_USD,,,,,2500.05,,,,,,,,,
ARB00186_USD,,,,,Wedbush_Brokerage Commissions_20260529,,,,12100,,,ARB00186_USD,,,,,357.6,,,,,,,,,
ARB00188_USD,,,,,Wedbush_Brokerage Commissions_20260529,,,,12100,,,ARB00188_USD,,,,,37.35,,,,,,,,,
ARB00193_USD,,,,,Wedbush_Brokerage Commissions_20260529,,,,12100,,,ARB00193_USD,,,,,1731.15,,,,,,,,,
ARB00194_USD,,,,,Wedbush_Brokerage Commissions_20260529,,,,12100,,,ARB00194_USD,,,,,2089.35,,,,,,,,,
ARB00203_USD,,,,,Wedbush_Brokerage Commissions_20260529,,,,12100,,,ARB00203_USD,,,,,1.2,,,,,,,,,
ARB00214_USD,,,,,Wedbush_Brokerage Commissions_20260529,,,,12100,,,ARB00214_USD,,,,,440.1,,,,,,,,,
ARB00215_USD,,,,,Wedbush_Brokerage Commissions_20260529,,,,12100,,,ARB00215_USD,,,,,3222.0000000000005,,,,,,,,,
ARB00220_USD,,,,,Wedbush_Brokerage Commissions_20260529,,,,12100,,,ARB00220_USD,,,,,550.5,,,,,,,,,
ARB00257_USD,,,,,Wedbush_Brokerage Commissions_20260529,,,,12100,,,ARB00257_USD,,,,,1810.8,,,,,,,,,
ARB00267_USD,,,,,Wedbush_Brokerage Commissions_20260529,,,,12100,,,ARB00267_USD,,,,,211.8,,,,,,,,,
ARB00311_USD,,,,,Wedbush_Brokerage Commissions_20260529,,,,12100,,,ARB00311_USD,,,,12.0,,,,,,,,,,
ARB00320_EUR,,,,,Wedbush_Brokerage Commissions_20260529,,,,12100,,,ARB00320_EUR,,,,,787.2,,,,,,,,,
ARB00320_GBP,,,,,Wedbush_Brokerage Commissions_20260529,,,,12100,,,ARB00320_GBP,,,,,0.0,,,,,,,,,
ARB00354_USD,,,,,Wedbush_Brokerage Commissions_20260529,,,,12100,,,ARB00354_USD,,,,,249.6,,,,,,,,,
ARB00355_EUR,,,,,Wedbush_Brokerage Commissions_20260529,,,,12100,,,ARB00355_EUR,,,,,16.2,,,,,,,,,
ARB00355_GBP,,,,,Wedbush_Brokerage Commissions_20260529,,,,12100,,,ARB00355_GBP,,,,,0.0,,,,,,,,,
ARB00390_CAD,,,,,Wedbush_Brokerage Commissions_20260529,,,,12100,,,ARB00390_CAD,,,,,0.0,,,,,,,,,
ARB00390_USD,,,,,Wedbush_Brokerage Commissions_20260529,,,,12100,,,ARB00390_USD,,,,,567.6,,,,,,,,,
ARB00410_EUR,,,,,Wedbush_Brokerage Commissions_20260529,,,,12100,,,ARB00410_EUR,,,,,3.0,,,,,,,,,
ARB00410_GBP,,,,,Wedbush_Brokerage Commissions_20260529,,,,12100,,,ARB00410_GBP,,,,,0.0,,,,,,,,,
ARB00412_EUR,,,,,Wedbush_Brokerage Commissions_20260529,,,,12100,,,ARB00412_EUR,,,,,141.9,,,,,,,,,
ARB00412_GBP,,,,,Wedbush_Brokerage Commissions_20260529,,,,12100,,,ARB00412_GBP,,,,,0.0,,,,,,,,,
ARB00412_USD,,,,,Wedbush_Brokerage Commissions_20260529,,,,12100,,,ARB00412_USD,,,,,108.0,,,,,,,,,
ARB00422_EUR,,,,,Wedbush_Brokerage Commissions_20260529,,,,12100,,,ARB00422_EUR,,,,,4.8,,,,,,,,,
ARB00422_GBP,,,,,Wedbush_Brokerage Commissions_20260529,,,,12100,,,ARB00422_GBP,,,,,0.0,,,,,,,,,
ARB00422_USD,,,,,Wedbush_Brokerage Commissions_20260529,,,,12100,,,ARB00422_USD,,,,,733.65,,,,,,,,,
ARB00423_CAD,,,,,Wedbush_Brokerage Commissions_20260529,,,,12100,,,ARB00423_CAD,,,,,0.0,,,,,,,,,
ARB00423_EUR,,,,,Wedbush_Brokerage Commissions_20260529,,,,12100,,,ARB00423_EUR,,,,,10.8,,,,,,,,,
ARB00423_GBP,,,,,Wedbush_Brokerage Commissions_20260529,,,,12100,,,ARB00423_GBP,,,,,0.0,,,,,,,,,
ARB00423_USD,,,,,Wedbush_Brokerage Commissions_20260529,,,,12100,,,ARB00423_USD,,,,,3086.2499999999995,,,,,,,,,
ARB00424_CAD,,,,,Wedbush_Brokerage Commissions_20260529,,,,12100,,,ARB00424_CAD,,,,,0.0,,,,,,,,,
ARB00424_EUR,,,,,Wedbush_Brokerage Commissions_20260529,,,,12100,,,ARB00424_EUR,,,,,98.4,,,,,,,,,
ARB00424_GBP,,,,,Wedbush_Brokerage Commissions_20260529,,,,12100,,,ARB00424_GBP,,,,,0.0,,,,,,,,,
ARB00424_USD,,,,,Wedbush_Brokerage Commissions_20260529,,,,12100,,,ARB00424_USD,,,,,2299.2,,,,,,,,,
ARB00425_EUR,,,,,Wedbush_Brokerage Commissions_20260529,,,,12100,,,ARB00425_EUR,,,,,104.1,,,,,,,,,
ARB00425_GBP,,,,,Wedbush_Brokerage Commissions_20260529,,,,12100,,,ARB00425_GBP,,,,,0.0,,,,,,,,,
ARB00425_USD,,,,,Wedbush_Brokerage Commissions_20260529,,,,12100,,,ARB00425_USD,,,,,3111.0,,,,,,,,,
ARB00426_EUR,,,,,Wedbush_Brokerage Commissions_20260529,,,,12100,,,ARB00426_EUR,,,,,34.050000000000004,,,,,,,,,
ARB00426_GBP,,,,,Wedbush_Brokerage Commissions_20260529,,,,12100,,,ARB00426_GBP,,,,,0.0,,,,,,,,,
ARB00426_USD,,,,,Wedbush_Brokerage Commissions_20260529,,,,12100,,,ARB00426_USD,,,,,1009.8,,,,,,,,,
ARB00432_EUR,,,,,Wedbush_Brokerage Commissions_20260529,,,,12100,,,ARB00432_EUR,,,,,439.8,,,,,,,,,
ARB00432_GBP,,,,,Wedbush_Brokerage Commissions_20260529,,,,12100,,,ARB00432_GBP,,,,,0.0,,,,,,,,,
ARB00432_USD,,,,,Wedbush_Brokerage Commissions_20260529,,,,12100,,,ARB00432_USD,,,,,13.8,,,,,,,,,
ARB00435_EUR,,,,,Wedbush_Brokerage Commissions_20260529,,,,12100,,,ARB00435_EUR,,,,,4.95,,,,,,,,,
ARB00435_GBP,,,,,Wedbush_Brokerage Commissions_20260529,,,,12100,,,ARB00435_GBP,,,,,0.0,,,,,,,,,
ARB00435_USD,,,,,Wedbush_Brokerage Commissions_20260529,,,,12100,,,ARB00435_USD,,,,,2100.75,,,,,,,,,
ARB00442_USD,,,,,Wedbush_Brokerage Commissions_20260529,,,,12100,,,ARB00442_USD,,,,,30.0,,,,,,,,,
ARB00443_USD,,,,,Wedbush_Brokerage Commissions_20260529,,,,12100,,,ARB00443_USD,,,,,30.0,,,,,,,,,
ARB00446_EUR,,,,,Wedbush_Brokerage Commissions_20260529,,,,12100,,,ARB00446_EUR,,,,,88.5,,,,,,,,,
ARB00446_GBP,,,,,Wedbush_Brokerage Commissions_20260529,,,,12100,,,ARB00446_GBP,,,,,0.0,,,,,,,,,
ARB00446_USD,,,,,Wedbush_Brokerage Commissions_20260529,,,,12100,,,ARB00446_USD,,,,,859.5,,,,,,,,,
ARB00449_EUR,,,,,Wedbush_Brokerage Commissions_20260529,,,,12100,,,ARB00449_EUR,,,,,15.0,,,,,,,,,
ARB00449_GBP,,,,,Wedbush_Brokerage Commissions_20260529,,,,12100,,,ARB00449_GBP,,,,,0.0,,,,,,,,,
ARB00449_USD,,,,,Wedbush_Brokerage Commissions_20260529,,,,12100,,,ARB00449_USD,,,,,468.15,,,,,,,,,
ARB00456_EUR,,,,,Wedbush_Brokerage Commissions_20260529,,,,12100,,,ARB00456_EUR,,,,,71.1,,,,,,,,,
ARB00456_GBP,,,,,Wedbush_Brokerage Commissions_20260529,,,,12100,,,ARB00456_GBP,,,,,0.0,,,,,,,,,
ARB00456_USD,,,,,Wedbush_Brokerage Commissions_20260529,,,,12100,,,ARB00456_USD,,,,,442.8,,,,,,,,,
ARB00460_CAD,,,,,Wedbush_Brokerage Commissions_20260529,,,,12100,,,ARB00460_CAD,,,,,0.0,,,,,,,,,
ARB00460_USD,,,,,Wedbush_Brokerage Commissions_20260529,,,,12100,,,ARB00460_USD,,,,,287.1,,,,,,,,,
ARB00461_CAD,,,,,Wedbush_Brokerage Commissions_20260529,,,,12100,,,ARB00461_CAD,,,,,0.0,,,,,,,,,
ARB00461_USD,,,,,Wedbush_Brokerage Commissions_20260529,,,,12100,,,ARB00461_USD,,,,,249.89999999999998,,,,,,,,,
ARB00469_CAD,,,,,Wedbush_Brokerage Commissions_20260529,,,,12100,,,ARB00469_CAD,,,,,0.0,,,,,,,,,
ARB00469_EUR,,,,,Wedbush_Brokerage Commissions_20260529,,,,12100,,,ARB00469_EUR,,,,,51.6,,,,,,,,,
ARB00469_GBP,,,,,Wedbush_Brokerage Commissions_20260529,,,,12100,,,ARB00469_GBP,,,,,0.0,,,,,,,,,
ARB00469_USD,,,,,Wedbush_Brokerage Commissions_20260529,,,,12100,,,ARB00469_USD,,,,,1661.85,,,,,,,,,
ARB00486_EUR,,,,,Wedbush_Brokerage Commissions_20260529,,,,12100,,,ARB00486_EUR,,,,,1.5,,,,,,,,,
ARB00486_GBP,,,,,Wedbush_Brokerage Commissions_20260529,,,,12100,,,ARB00486_GBP,,,,,0.0,,,,,,,,,
ARB00486_USD,,,,,Wedbush_Brokerage Commissions_20260529,,,,12100,,,ARB00486_USD,,,,,93.30000000000001,,,,,,,,,
ARB00488_USD,,,,,Wedbush_Brokerage Commissions_20260529,,,,12100,,,ARB00488_USD,,,,,16.8,,,,,,,,,
ARB00493_CAD,,,,,Wedbush_Brokerage Commissions_20260529,,,,12100,,,ARB00493_CAD,,,,,0.0,,,,,,,,,
ARB00493_EUR,,,,,Wedbush_Brokerage Commissions_20260529,,,,12100,,,ARB00493_EUR,,,,,42.15,,,,,,,,,
ARB00493_GBP,,,,,Wedbush_Brokerage Commissions_20260529,,,,12100,,,ARB00493_GBP,,,,,0.0,,,,,,,,,
ARB00493_USD,,,,,Wedbush_Brokerage Commissions_20260529,,,,12100,,,ARB00493_USD,,,,,467.4,,,,,,,,,
ARB00494_CAD,,,,,Wedbush_Brokerage Commissions_20260529,,,,12100,,,ARB00494_CAD,,,,,0.0,,,,,,,,,
ARB00494_EUR,,,,,Wedbush_Brokerage Commissions_20260529,,,,12100,,,ARB00494_EUR,,,,,31.65,,,,,,,,,
ARB00494_GBP,,,,,Wedbush_Brokerage Commissions_20260529,,,,12100,,,ARB00494_GBP,,,,,0.0,,,,,,,,,
ARB00494_USD,,,,,Wedbush_Brokerage Commissions_20260529,,,,12100,,,ARB00494_USD,,,,,2117.25,,,,,,,,,
ARB00503_EUR,,,,,Wedbush_Brokerage Commissions_20260529,,,,12100,,,ARB00503_EUR,,,,,26.700000000000003,,,,,,,,,
ARB00503_GBP,,,,,Wedbush_Brokerage Commissions_20260529,,,,12100,,,ARB00503_GBP,,,,,0.0,,,,,,,,,
ARB00503_USD,,,,,Wedbush_Brokerage Commissions_20260529,,,,12100,,,ARB00503_USD,,,,,111.6,,,,,,,,,
ARB00514_EUR,,,,,Wedbush_Brokerage Commissions_20260529,,,,12100,,,ARB00514_EUR,,,,,12.0,,,,,,,,,
ARB00514_GBP,,,,,Wedbush_Brokerage Commissions_20260529,,,,12100,,,ARB00514_GBP,,,,,0.0,,,,,,,,,
ARB00520_EUR,,,,,Wedbush_Brokerage Commissions_20260529,,,,12100,,,ARB00520_EUR,,,,,18.0,,,,,,,,,
ARB00520_GBP,,,,,Wedbush_Brokerage Commissions_20260529,,,,12100,,,ARB00520_GBP,,,,,0.0,,,,,,,,,
ARB00520_USD,,,,,Wedbush_Brokerage Commissions_20260529,,,,12100,,,ARB00520_USD,,,,,0.6,,,,,,,,,
ARB00557_EUR,,,,,Wedbush_Brokerage Commissions_20260529,,,,12100,,,ARB00557_EUR,,,,,6.0,,,,,,,,,
ARB00557_GBP,,,,,Wedbush_Brokerage Commissions_20260529,,,,12100,,,ARB00557_GBP,,,,,0.0,,,,,,,,,
ARB00567_EUR,,,,,Wedbush_Brokerage Commissions_20260529,,,,12100,,,ARB00567_EUR,,,,,63.900000000000006,,,,,,,,,
ARB00567_GBP,,,,,Wedbush_Brokerage Commissions_20260529,,,,12100,,,ARB00567_GBP,,,,,0.0,,,,,,,,,
ARB00567_USD,,,,,Wedbush_Brokerage Commissions_20260529,,,,12100,,,ARB00567_USD,,,,,179.4,,,,,,,,,
ARB00754_USD,,,,,Wedbush_Brokerage Commissions_20260529,,,,12100,,,ARB00754_USD,,,,,1485.45,,,,,,,,,
ARB00765_USD,,,,,Wedbush_Brokerage Commissions_20260529,,,,12100,,,ARB00765_USD,,,,,128.70000000000002,,,,,,,,,
ARB01002_USD,,,,,Wedbush_Brokerage Commissions_20260529,,,,12100,,,ARB01002_USD,,,,,329.7,,,,,,,,,
ARB01057_MXN,,,,,Wedbush_Brokerage Commissions_20260529,,,,12100,,,ARB01057_MXN,,,,,0.0,,,,,,,,,
ARB01057_USD,,,,,Wedbush_Brokerage Commissions_20260529,,,,12100,,,ARB01057_USD,,,,,537.45,,,,,,,,,
ARB01063_USD,,,,,Wedbush_Brokerage Commissions_20260529,,,,12100,,,ARB01063_USD,,,,,6963.6,,,,,,,,,
ARB01064_USD,,,,,Wedbush_Brokerage Commissions_20260529,,,,12100,,,ARB01064_USD,,,,,1368.15,,,,,,,,,
ARB01065_USD,,,,,Wedbush_Brokerage Commissions_20260529,,,,12100,,,ARB01065_USD,,,,,714.0,,,,,,,,,
ARB01066_USD,,,,,Wedbush_Brokerage Commissions_20260529,,,,12100,,,ARB01066_USD,,,,,130.8,,,,,,,,,
ARB01067_USD,,,,,Wedbush_Brokerage Commissions_20260529,,,,12100,,,ARB01067_USD,,,,,4.2,,,,,,,,,
ARB01071_USD,,,,,Wedbush_Brokerage Commissions_20260529,,,,12100,,,ARB01071_USD,,,,,3687.0,,,,,,,,,
ARB01073_USD,,,,,Wedbush_Brokerage Commissions_20260529,,,,12100,,,ARB01073_USD,,,,,3255.75,,,,,,,,,
ARB01076_USD,,,,,Wedbush_Brokerage Commissions_20260529,,,,12100,,,ARB01076_USD,,,,,7218.450000000001,,,,,,,,,
ARB01078_USD,,,,,Wedbush_Brokerage Commissions_20260529,,,,12100,,,ARB01078_USD,,,,,1377.9,,,,,,,,,
ARB01092_USD,,,,,Wedbush_Brokerage Commissions_20260529,,,,12100,,,ARB01092_USD,,,,,19804.05,,,,,,,,,
ARB01100_USD,,,,,Wedbush_Brokerage Commissions_20260529,,,,12100,,,ARB01100_USD,,,,,29.7,,,,,,,,,
ARB01117_USD,,,,,Wedbush_Brokerage Commissions_20260529,,,,12100,,,ARB01117_USD,,,,,6.6,,,,,,,,,
ARB01129_USD,,,,,Wedbush_Brokerage Commissions_20260529,,,,12100,,,ARB01129_USD,,,,,1.8,,,,,,,,,
ARB01145_USD,,,,,Wedbush_Brokerage Commissions_20260529,,,,12100,,,ARB01145_USD,,,,,4319.7,,,,,,,,,
ARB01157_USD,,,,,Wedbush_Brokerage Commissions_20260529,,,,12100,,,ARB01157_USD,,,,,625.65,,,,,,,,,
ARB01158_USD,,,,,Wedbush_Brokerage Commissions_20260529,,,,12100,,,ARB01158_USD,,,,,12519.900000000001,,,,,,,,,
ARB01166_USD,,,,,Wedbush_Brokerage Commissions_20260529,,,,12100,,,ARB01166_USD,,,,,287.55,,,,,,,,,
ARB01172_USD,,,,,Wedbush_Brokerage Commissions_20260529,,,,12100,,,ARB01172_USD,,,,,811.8000000000001,,,,,,,,,
ARB01176_USD,,,,,Wedbush_Brokerage Commissions_20260529,,,,12100,,,ARB01176_USD,,,,,1212.9,,,,,,,,,
ARB01177_USD,,,,,Wedbush_Brokerage Commissions_20260529,,,,12100,,,ARB01177_USD,,,,,12.0,,,,,,,,,
ARB01195_USD,,,,,Wedbush_Brokerage Commissions_20260529,,,,12100,,,ARB01195_USD,,,,,15.3,,,,,,,,,
ARB01357_CHF,,,,,Wedbush_Brokerage Commissions_20260529,,,,12100,,,ARB01357_CHF,,,,,0.0,,,,,,,,,
ARB01357_EUR,,,,,Wedbush_Brokerage Commissions_20260529,,,,12100,,,ARB01357_EUR,,,,,10900.95,,,,,,,,,
ARB01357_GBP,,,,,Wedbush_Brokerage Commissions_20260529,,,,12100,,,ARB01357_GBP,,,,,0.0,,,,,,,,,
ARB01357_USD,,,,,Wedbush_Brokerage Commissions_20260529,,,,12100,,,ARB01357_USD,,,,,2436.0,,,,,,,,,
ARB01400_EUR,,,,,Wedbush_Brokerage Commissions_20260529,,,,12100,,,ARB01400_EUR,,,,,201.3,,,,,,,,,
ARB01400_GBP,,,,,Wedbush_Brokerage Commissions_20260529,,,,12100,,,ARB01400_GBP,,,,,0.0,,,,,,,,,
ARB01400_USD,,,,,Wedbush_Brokerage Commissions_20260529,,,,12100,,,ARB01400_USD,,,,,579.9,,,,,,,,,
ARB01417_EUR,,,,,Wedbush_Brokerage Commissions_20260529,,,,12100,,,ARB01417_EUR,,,,,111.0,,,,,,,,,
ARB01417_GBP,,,,,Wedbush_Brokerage Commissions_20260529,,,,12100,,,ARB01417_GBP,,,,,0.0,,,,,,,,,
ARB01417_USD,,,,,Wedbush_Brokerage Commissions_20260529,,,,12100,,,ARB01417_USD,,,,,2048.85,,,,,,,,,
ARB01445_EUR,,,,,Wedbush_Brokerage Commissions_20260529,,,,12100,,,ARB01445_EUR,,,,,897.9000000000001,,,,,,,,,
ARB01445_GBP,,,,,Wedbush_Brokerage Commissions_20260529,,,,12100,,,ARB01445_GBP,,,,,0.0,,,,,,,,,
ARB01457_CAD,,,,,Wedbush_Brokerage Commissions_20260529,,,,12100,,,ARB01457_CAD,,,,,0.0,,,,,,,,,
ARB01457_USD,,,,,Wedbush_Brokerage Commissions_20260529,,,,12100,,,ARB01457_USD,,,,,127.05,,,,,,,,,
ARB01458_CAD,,,,,Wedbush_Brokerage Commissions_20260529,,,,12100,,,ARB01458_CAD,,,,,0.0,,,,,,,,,
ARB01458_USD,,,,,Wedbush_Brokerage Commissions_20260529,,,,12100,,,ARB01458_USD,,,,,768.45,,,,,,,,,
ARB01466_CAD,,,,,Wedbush_Brokerage Commissions_20260529,,,,12100,,,ARB01466_CAD,,,,,0.0,,,,,,,,,
ARB01466_USD,,,,,Wedbush_Brokerage Commissions_20260529,,,,12100,,,ARB01466_USD,,,,,81.3,,,,,,,,,
ARB01472_CAD,,,,,Wedbush_Brokerage Commissions_20260529,,,,12100,,,ARB01472_CAD,,,,,0.0,,,,,,,,,
ARB01472_USD,,,,,Wedbush_Brokerage Commissions_20260529,,,,12100,,,ARB01472_USD,,,,,32.7,,,,,,,,,
ARB01476_USD,,,,,Wedbush_Brokerage Commissions_20260529,,,,12100,,,ARB01476_USD,,,,,181.05,,,,,,,,,
ARB01602_USD,,,,,Wedbush_Brokerage Commissions_20260529,,,,12100,,,ARB01602_USD,,,,,0.6,,,,,,,,,
ARB01606_USD,,,,,Wedbush_Brokerage Commissions_20260529,,,,12100,,,ARB01606_USD,,,,,0.0,,,,,,,,,
ARB02012_USD,,,,,Wedbush_Brokerage Commissions_20260529,,,,12100,,,ARB02012_USD,,,,,7151.7,,,,,,,,,
ARB02040_USD,,,,,Wedbush_Brokerage Commissions_20260529,,,,12100,,,ARB02040_USD,,,,,89.7,,,,,,,,,
ARB02043_USD,,,,,Wedbush_Brokerage Commissions_20260529,,,,12100,,,ARB02043_USD,,,,,2268.45,,,,,,,,,
ARB02044_USD,,,,,Wedbush_Brokerage Commissions_20260529,,,,12100,,,ARB02044_USD,,,,,1693.2,,,,,,,,,
ARB02045_USD,,,,,Wedbush_Brokerage Commissions_20260529,,,,12100,,,ARB02045_USD,,,,,30.6,,,,,,,,,
ARB02047_USD,,,,,Wedbush_Brokerage Commissions_20260529,,,,12100,,,ARB02047_USD,,,,,924.3,,,,,,,,,
ARB02052_USD,,,,,Wedbush_Brokerage Commissions_20260529,,,,12100,,,ARB02052_USD,,,,,146.4,,,,,,,,,
ARB02055_USD,,,,,Wedbush_Brokerage Commissions_20260529,,,,12100,,,ARB02055_USD,,,,,282.75,,,,,,,,,
ARB02076_USD,,,,,Wedbush_Brokerage Commissions_20260529,,,,12100,,,ARB02076_USD,,,,,123562.8,,,,,,,,,
ARB02102_USD,,,,,Wedbush_Brokerage Commissions_20260529,,,,12100,,,ARB02102_USD,,,,,819.6,,,,,,,,,
ARB02103_USD,,,,,Wedbush_Brokerage Commissions_20260529,,,,12100,,,ARB02103_USD,,,,,1594.3500000000001,,,,,,,,,
ARB02116_USD,,,,,Wedbush_Brokerage Commissions_20260529,,,,12100,,,ARB02116_USD,,,,,352.95,,,,,,,,,
ARB02118_USD,,,,,Wedbush_Brokerage Commissions_20260529,,,,12100,,,ARB02118_USD,,,,,497.84999999999997,,,,,,,,,
ARB02121_USD,,,,,Wedbush_Brokerage Commissions_20260529,,,,12100,,,ARB02121_USD,,,,,285.0,,,,,,,,,
ARB02129_USD,,,,,Wedbush_Brokerage Commissions_20260529,,,,12100,,,ARB02129_USD,,,,,1472.4,,,,,,,,,
ARB02132_USD,,,,,Wedbush_Brokerage Commissions_20260529,,,,12100,,,ARB02132_USD,,,,,158.4,,,,,,,,,
ARB02135_USD,,,,,Wedbush_Brokerage Commissions_20260529,,,,12100,,,ARB02135_USD,,,,,186.60000000000002,,,,,,,,,
ARB02136_USD,,,,,Wedbush_Brokerage Commissions_20260529,,,,12100,,,ARB02136_USD,,,,,246.3,,,,,,,,,
ARB02145_USD,,,,,Wedbush_Brokerage Commissions_20260529,,,,12100,,,ARB02145_USD,,,,,151.8,,,,,,,,,
ARB02147_USD,,,,,Wedbush_Brokerage Commissions_20260529,,,,12100,,,ARB02147_USD,,,,,2308.05,,,,,,,,,
ARB02149_USD,,,,,Wedbush_Brokerage Commissions_20260529,,,,12100,,,ARB02149_USD,,,,,271.5,,,,,,,,,
ARB02152_USD,,,,,Wedbush_Brokerage Commissions_20260529,,,,12100,,,ARB02152_USD,,,,,203.4,,,,,,,,,
ARB02154_USD,,,,,Wedbush_Brokerage Commissions_20260529,,,,12100,,,ARB02154_USD,,,,,252.0,,,,,,,,,
ARB02156_USD,,,,,Wedbush_Brokerage Commissions_20260529,,,,12100,,,ARB02156_USD,,,,,1.8,,,,,,,,,
ARB02158_USD,,,,,Wedbush_Brokerage Commissions_20260529,,,,12100,,,ARB02158_USD,,,,,1424.1,,,,,,,,,
ARB02167_USD,,,,,Wedbush_Brokerage Commissions_20260529,,,,12100,,,ARB02167_USD,,,,,1027.2,,,,,,,,,
ARB02168_USD,,,,,Wedbush_Brokerage Commissions_20260529,,,,12100,,,ARB02168_USD,,,,,7.2,,,,,,,,,
ARB02173_USD,,,,,Wedbush_Brokerage Commissions_20260529,,,,12100,,,ARB02173_USD,,,,,1098.75,,,,,,,,,
ARB02176_USD,,,,,Wedbush_Brokerage Commissions_20260529,,,,12100,,,ARB02176_USD,,,,,8513.1,,,,,,,,,
ARB02177_USD,,,,,Wedbush_Brokerage Commissions_20260529,,,,12100,,,ARB02177_USD,,,,,1441.35,,,,,,,,,
ARB02179_USD,,,,,Wedbush_Brokerage Commissions_20260529,,,,12100,,,ARB02179_USD,,,,,3652.8,,,,,,,,,
ARB02180_USD,,,,,Wedbush_Brokerage Commissions_20260529,,,,12100,,,ARB02180_USD,,,,,2119.35,,,,,,,,,
ARB02181_USD,,,,,Wedbush_Brokerage Commissions_20260529,,,,12100,,,ARB02181_USD,,,,,5393.7,,,,,,,,,
ARB02182_USD,,,,,Wedbush_Brokerage Commissions_20260529,,,,12100,,,ARB02182_USD,,,,,1726.8000000000002,,,,,,,,,
ARB02183_USD,,,,,Wedbush_Brokerage Commissions_20260529,,,,12100,,,ARB02183_USD,,,,,3769.95,,,,,,,,,
ARB02184_USD,,,,,Wedbush_Brokerage Commissions_20260529,,,,12100,,,ARB02184_USD,,,,,7524.6,,,,,,,,,
ARB02185_USD,,,,,Wedbush_Brokerage Commissions_20260529,,,,12100,,,ARB02185_USD,,,,,73.5,,,,,,,,,
ARB02187_USD,,,,,Wedbush_Brokerage Commissions_20260529,,,,12100,,,ARB02187_USD,,,,,16.65,,,,,,,,,
ARB02188_USD,,,,,Wedbush_Brokerage Commissions_20260529,,,,12100,,,ARB02188_USD,,,,,84.0,,,,,,,,,
ARB02190_USD,,,,,Wedbush_Brokerage Commissions_20260529,,,,12100,,,ARB02190_USD,,,,,78.6,,,,,,,,,
ARB02191_USD,,,,,Wedbush_Brokerage Commissions_20260529,,,,12100,,,ARB02191_USD,,,,,102.60000000000001,,,,,,,,,
ARB02196_USD,,,,,Wedbush_Brokerage Commissions_20260529,,,,12100,,,ARB02196_USD,,,,,18.0,,,,,,,,,
ARB02342_EUR,,,,,Wedbush_Brokerage Commissions_20260529,,,,12100,,,ARB02342_EUR,,,,,11.7,,,,,,,,,
ARB02342_GBP,,,,,Wedbush_Brokerage Commissions_20260529,,,,12100,,,ARB02342_GBP,,,,,0.0,,,,,,,,,
ARB02343_EUR,,,,,Wedbush_Brokerage Commissions_20260529,,,,12100,,,ARB02343_EUR,,,,,644.07,,,,,,,,,
ARB02343_GBP,,,,,Wedbush_Brokerage Commissions_20260529,,,,12100,,,ARB02343_GBP,,,,,0.0,,,,,,,,,
ARB02343_USD,,,,,Wedbush_Brokerage Commissions_20260529,,,,12100,,,ARB02343_USD,,,,,128.4,,,,,,,,,
ARB02345_EUR,,,,,Wedbush_Brokerage Commissions_20260529,,,,12100,,,ARB02345_EUR,,,,,6.9,,,,,,,,,
ARB02345_GBP,,,,,Wedbush_Brokerage Commissions_20260529,,,,12100,,,ARB02345_GBP,,,,,0.0,,,,,,,,,
ARB02355_USD,,,,,Wedbush_Brokerage Commissions_20260529,,,,12100,,,ARB02355_USD,,,,,60.0,,,,,,,,,
ARB02376_EUR,,,,,Wedbush_Brokerage Commissions_20260529,,,,12100,,,ARB02376_EUR,,,,,4554.6,,,,,,,,,
ARB02376_GBP,,,,,Wedbush_Brokerage Commissions_20260529,,,,12100,,,ARB02376_GBP,,,,,0.0,,,,,,,,,
ARB02402_USD,,,,,Wedbush_Brokerage Commissions_20260529,,,,12100,,,ARB02402_USD,,,,,125.1,,,,,,,,,
ARB02416_EUR,,,,,Wedbush_Brokerage Commissions_20260529,,,,12100,,,ARB02416_EUR,,,,,22.5,,,,,,,,,
ARB02416_GBP,,,,,Wedbush_Brokerage Commissions_20260529,,,,12100,,,ARB02416_GBP,,,,,0.0,,,,,,,,,
ARB02416_USD,,,,,Wedbush_Brokerage Commissions_20260529,,,,12100,,,ARB02416_USD,,,,,185.25,,,,,,,,,
ARB02418_EUR,,,,,Wedbush_Brokerage Commissions_20260529,,,,12100,,,ARB02418_EUR,,,,,113.85,,,,,,,,,
ARB02418_GBP,,,,,Wedbush_Brokerage Commissions_20260529,,,,12100,,,ARB02418_GBP,,,,,0.0,,,,,,,,,
ARB02418_USD,,,,,Wedbush_Brokerage Commissions_20260529,,,,12100,,,ARB02418_USD,,,,,1366.1999999999998,,,,,,,,,
ARB02421_EUR,,,,,Wedbush_Brokerage Commissions_20260529,,,,12100,,,ARB02421_EUR,,,,,119.1,,,,,,,,,
ARB02421_GBP,,,,,Wedbush_Brokerage Commissions_20260529,,,,12100,,,ARB02421_GBP,,,,,0.0,,,,,,,,,
ARB02421_USD,,,,,Wedbush_Brokerage Commissions_20260529,,,,12100,,,ARB02421_USD,,,,,100.5,,,,,,,,,
ARB02429_CAD,,,,,Wedbush_Brokerage Commissions_20260529,,,,12100,,,ARB02429_CAD,,,,,0.0,,,,,,,,,
ARB02429_EUR,,,,,Wedbush_Brokerage Commissions_20260529,,,,12100,,,ARB02429_EUR,,,,,10.95,,,,,,,,,
ARB02429_GBP,,,,,Wedbush_Brokerage Commissions_20260529,,,,12100,,,ARB02429_GBP,,,,,0.0,,,,,,,,,
ARB02429_USD,,,,,Wedbush_Brokerage Commissions_20260529,,,,12100,,,ARB02429_USD,,,,,402.3,,,,,,,,,
ARB02432_CAD,,,,,Wedbush_Brokerage Commissions_20260529,,,,12100,,,ARB02432_CAD,,,,,0.0,,,,,,,,,
ARB02432_USD,,,,,Wedbush_Brokerage Commissions_20260529,,,,12100,,,ARB02432_USD,,,,,117.3,,,,,,,,,
ARB02435_CAD,,,,,Wedbush_Brokerage Commissions_20260529,,,,12100,,,ARB02435_CAD,,,,,0.0,,,,,,,,,
ARB02435_USD,,,,,Wedbush_Brokerage Commissions_20260529,,,,12100,,,ARB02435_USD,,,,,81.60000000000001,,,,,,,,,
ARB02436_EUR,,,,,Wedbush_Brokerage Commissions_20260529,,,,12100,,,ARB02436_EUR,,,,,436.05,,,,,,,,,
ARB02436_GBP,,,,,Wedbush_Brokerage Commissions_20260529,,,,12100,,,ARB02436_GBP,,,,,0.0,,,,,,,,,
ARB02436_USD,,,,,Wedbush_Brokerage Commissions_20260529,,,,12100,,,ARB02436_USD,,,,,822.6,,,,,,,,,
ARB02445_USD,,,,,Wedbush_Brokerage Commissions_20260529,,,,12100,,,ARB02445_USD,,,,,984.3,,,,,,,,,
ARB02447_CAD,,,,,Wedbush_Brokerage Commissions_20260529,,,,12100,,,ARB02447_CAD,,,,,0.0,,,,,,,,,
ARB02447_USD,,,,,Wedbush_Brokerage Commissions_20260529,,,,12100,,,ARB02447_USD,,,,,102.75,,,,,,,,,
ARB02449_EUR,,,,,Wedbush_Brokerage Commissions_20260529,,,,12100,,,ARB02449_EUR,,,,,65.1,,,,,,,,,
ARB02449_GBP,,,,,Wedbush_Brokerage Commissions_20260529,,,,12100,,,ARB02449_GBP,,,,,0.0,,,,,,,,,
ARB02449_USD,,,,,Wedbush_Brokerage Commissions_20260529,,,,12100,,,ARB02449_USD,,,,,534.3,,,,,,,,,
ARB02452_USD,,,,,Wedbush_Brokerage Commissions_20260529,,,,12100,,,ARB02452_USD,,,,,37.199999999999996,,,,,,,,,
ARB02454_EUR,,,,,Wedbush_Brokerage Commissions_20260529,,,,12100,,,ARB02454_EUR,,,,,47.400000000000006,,,,,,,,,
ARB02454_GBP,,,,,Wedbush_Brokerage Commissions_20260529,,,,12100,,,ARB02454_GBP,,,,,0.0,,,,,,,,,
ARB02454_USD,,,,,Wedbush_Brokerage Commissions_20260529,,,,12100,,,ARB02454_USD,,,,,107.1,,,,,,,,,
ARB02456_EUR,,,,,Wedbush_Brokerage Commissions_20260529,,,,12100,,,ARB02456_EUR,,,,,10.65,,,,,,,,,
ARB02456_GBP,,,,,Wedbush_Brokerage Commissions_20260529,,,,12100,,,ARB02456_GBP,,,,,0.0,,,,,,,,,
ARB02456_USD,,,,,Wedbush_Brokerage Commissions_20260529,,,,12100,,,ARB02456_USD,,,,,77.39999999999999,,,,,,,,,
ARB02458_USD,,,,,Wedbush_Brokerage Commissions_20260529,,,,12100,,,ARB02458_USD,,,,,115.5,,,,,,,,,
ARB02463_USD,,,,,Wedbush_Brokerage Commissions_20260529,,,,12100,,,ARB02463_USD,,,,,199.65,,,,,,,,,
ARB02473_EUR,,,,,Wedbush_Brokerage Commissions_20260529,,,,12100,,,ARB02473_EUR,,,,,13.35,,,,,,,,,
ARB02473_GBP,,,,,Wedbush_Brokerage Commissions_20260529,,,,12100,,,ARB02473_GBP,,,,,0.0,,,,,,,,,
ARB02473_USD,,,,,Wedbush_Brokerage Commissions_20260529,,,,12100,,,ARB02473_USD,,,,,518.7,,,,,,,,,
ARB02476_EUR,,,,,Wedbush_Brokerage Commissions_20260529,,,,12100,,,ARB02476_EUR,,,,,1132.8,,,,,,,,,
ARB02476_GBP,,,,,Wedbush_Brokerage Commissions_20260529,,,,12100,,,ARB02476_GBP,,,,,0.0,,,,,,,,,
ARB02476_USD,,,,,Wedbush_Brokerage Commissions_20260529,,,,12100,,,ARB02476_USD,,,,,8445.3,,,,,,,,,
ARB02477_CAD,,,,,Wedbush_Brokerage Commissions_20260529,,,,12100,,,ARB02477_CAD,,,,,0.0,,,,,,,,,
ARB02477_USD,,,,,Wedbush_Brokerage Commissions_20260529,,,,12100,,,ARB02477_USD,,,,,21.299999999999997,,,,,,,,,
ARB02479_CAD,,,,,Wedbush_Brokerage Commissions_20260529,,,,12100,,,ARB02479_CAD,,,,,0.0,,,,,,,,,
ARB02479_USD,,,,,Wedbush_Brokerage Commissions_20260529,,,,12100,,,ARB02479_USD,,,,,361.2,,,,,,,,,
ARB02480_CAD,,,,,Wedbush_Brokerage Commissions_20260529,,,,12100,,,ARB02480_CAD,,,,,0.0,,,,,,,,,
ARB02480_USD,,,,,Wedbush_Brokerage Commissions_20260529,,,,12100,,,ARB02480_USD,,,,,271.95,,,,,,,,,
ARB02481_CAD,,,,,Wedbush_Brokerage Commissions_20260529,,,,12100,,,ARB02481_CAD,,,,,0.0,,,,,,,,,
ARB02481_USD,,,,,Wedbush_Brokerage Commissions_20260529,,,,12100,,,ARB02481_USD,,,,,449.40000000000003,,,,,,,,,
ARB02482_CAD,,,,,Wedbush_Brokerage Commissions_20260529,,,,12100,,,ARB02482_CAD,,,,,0.0,,,,,,,,,
ARB02482_USD,,,,,Wedbush_Brokerage Commissions_20260529,,,,12100,,,ARB02482_USD,,,,,65.1,,,,,,,,,
ARB02483_CAD,,,,,Wedbush_Brokerage Commissions_20260529,,,,12100,,,ARB02483_CAD,,,,,0.0,,,,,,,,,
ARB02483_USD,,,,,Wedbush_Brokerage Commissions_20260529,,,,12100,,,ARB02483_USD,,,,,342.6,,,,,,,,,
ARB02484_CAD,,,,,Wedbush_Brokerage Commissions_20260529,,,,12100,,,ARB02484_CAD,,,,,0.0,,,,,,,,,
ARB02484_EUR,,,,,Wedbush_Brokerage Commissions_20260529,,,,12100,,,ARB02484_EUR,,,,,0.3,,,,,,,,,
ARB02484_GBP,,,,,Wedbush_Brokerage Commissions_20260529,,,,12100,,,ARB02484_GBP,,,,,0.0,,,,,,,,,
ARB02484_USD,,,,,Wedbush_Brokerage Commissions_20260529,,,,12100,,,ARB02484_USD,,,,,889.05,,,,,,,,,
ARB02485_EUR,,,,,Wedbush_Brokerage Commissions_20260529,,,,12100,,,ARB02485_EUR,,,,,155.85,,,,,,,,,
ARB02485_GBP,,,,,Wedbush_Brokerage Commissions_20260529,,,,12100,,,ARB02485_GBP,,,,,0.0,,,,,,,,,
ARB02485_USD,,,,,Wedbush_Brokerage Commissions_20260529,,,,12100,,,ARB02485_USD,,,,,1322.4,,,,,,,,,
ARB02488_USD,,,,,Wedbush_Brokerage Commissions_20260529,,,,12100,,,ARB02488_USD,,,,,762.9,,,,,,,,,
ARB02491_CAD,,,,,Wedbush_Brokerage Commissions_20260529,,,,12100,,,ARB02491_CAD,,,,,0.0,,,,,,,,,
ARB02491_EUR,,,,,Wedbush_Brokerage Commissions_20260529,,,,12100,,,ARB02491_EUR,,,,,39.3,,,,,,,,,
ARB02491_GBP,,,,,Wedbush_Brokerage Commissions_20260529,,,,12100,,,ARB02491_GBP,,,,,0.0,,,,,,,,,
ARB02491_USD,,,,,Wedbush_Brokerage Commissions_20260529,,,,12100,,,ARB02491_USD,,,,,3.9,,,,,,,,,
ARB03003_USD,,,,,Wedbush_Brokerage Commissions_20260529,,,,12100,,,ARB03003_USD,,,,,360.0,,,,,,,,,
ARB03022_USD,,,,,Wedbush_Brokerage Commissions_20260529,,,,12100,,,ARB03022_USD,,,,,5667.75,,,,,,,,,
ARB03032_USD,,,,,Wedbush_Brokerage Commissions_20260529,,,,12100,,,ARB03032_USD,,,,,1039.2,,,,,,,,,
ARB03033_USD,,,,,Wedbush_Brokerage Commissions_20260529,,,,12100,,,ARB03033_USD,,,,,623.1,,,,,,,,,
ARB03035_USD,,,,,Wedbush_Brokerage Commissions_20260529,,,,12100,,,ARB03035_USD,,,,,3.75,,,,,,,,,
ARB03037_USD,,,,,Wedbush_Brokerage Commissions_20260529,,,,12100,,,ARB03037_USD,,,,,274.05,,,,,,,,,
ARB03038_USD,,,,,Wedbush_Brokerage Commissions_20260529,,,,12100,,,ARB03038_USD,,,,,106.95,,,,,,,,,
ARB03042_USD,,,,,Wedbush_Brokerage Commissions_20260529,,,,12100,,,ARB03042_USD,,,,,2.7,,,,,,,,,
ARB03043_USD,,,,,Wedbush_Brokerage Commissions_20260529,,,,12100,,,ARB03043_USD,,,,,16.200000000000003,,,,,,,,,
ARB03046_USD,,,,,Wedbush_Brokerage Commissions_20260529,,,,12100,,,ARB03046_USD,,,,,38.7,,,,,,,,,
ARB03052_USD,,,,,Wedbush_Brokerage Commissions_20260529,,,,12100,,,ARB03052_USD,,,,,539.25,,,,,,,,,
ARB03057_USD,,,,,Wedbush_Brokerage Commissions_20260529,,,,12100,,,ARB03057_USD,,,,,0.0,,,,,,,,,
ARB03060_USD,,,,,Wedbush_Brokerage Commissions_20260529,,,,12100,,,ARB03060_USD,,,,,1400.1,,,,,,,,,
ARB03062_USD,,,,,Wedbush_Brokerage Commissions_20260529,,,,12100,,,ARB03062_USD,,,,,842.7,,,,,,,,,
ARB03064_USD,,,,,Wedbush_Brokerage Commissions_20260529,,,,12100,,,ARB03064_USD,,,,,131.7,,,,,,,,,
ARB03065_USD,,,,,Wedbush_Brokerage Commissions_20260529,,,,12100,,,ARB03065_USD,,,,,10755.15,,,,,,,,,
ARB03072_USD,,,,,Wedbush_Brokerage Commissions_20260529,,,,12100,,,ARB03072_USD,,,,,4023.15,,,,,,,,,
ARB03073_USD,,,,,Wedbush_Brokerage Commissions_20260529,,,,12100,,,ARB03073_USD,,,,,6246.45,,,,,,,,,
ARB03078_USD,,,,,Wedbush_Brokerage Commissions_20260529,,,,12100,,,ARB03078_USD,,,,,42.3,,,,,,,,,
ARB03079_USD,,,,,Wedbush_Brokerage Commissions_20260529,,,,12100,,,ARB03079_USD,,,,,459.0,,,,,,,,,
ARB03080_USD,,,,,Wedbush_Brokerage Commissions_20260529,,,,12100,,,ARB03080_USD,,,,,153.6,,,,,,,,,
ARB03084_USD,,,,,Wedbush_Brokerage Commissions_20260529,,,,12100,,,ARB03084_USD,,,,,299.7,,,,,,,,,
ARB03088_USD,,,,,Wedbush_Brokerage Commissions_20260529,,,,12100,,,ARB03088_USD,,,,,22.2,,,,,,,,,
ARB03090_USD,,,,,Wedbush_Brokerage Commissions_20260529,,,,12100,,,ARB03090_USD,,,,,72.6,,,,,,,,,
ARB03093_USD,,,,,Wedbush_Brokerage Commissions_20260529,,,,12100,,,ARB03093_USD,,,,,75.15,,,,,,,,,
ARB03096_USD,,,,,Wedbush_Brokerage Commissions_20260529,,,,12100,,,ARB03096_USD,,,,,7.199999999999999,,,,,,,,,
ARB03100_USD,,,,,Wedbush_Brokerage Commissions_20260529,,,,12100,,,ARB03100_USD,,,,,50.4,,,,,,,,,
ARB03102_USD,,,,,Wedbush_Brokerage Commissions_20260529,,,,12100,,,ARB03102_USD,,,,,295.8,,,,,,,,,
ARB03103_USD,,,,,Wedbush_Brokerage Commissions_20260529,,,,12100,,,ARB03103_USD,,,,,1737.75,,,,,,,,,
ARB03104_USD,,,,,Wedbush_Brokerage Commissions_20260529,,,,12100,,,ARB03104_USD,,,,,1517.4,,,,,,,,,
ARB03105_USD,,,,,Wedbush_Brokerage Commissions_20260529,,,,12100,,,ARB03105_USD,,,,,1551.1499999999999,,,,,,,,,
ARB03106_USD,,,,,Wedbush_Brokerage Commissions_20260529,,,,12100,,,ARB03106_USD,,,,,845.25,,,,,,,,,
ARB03107_USD,,,,,Wedbush_Brokerage Commissions_20260529,,,,12100,,,ARB03107_USD,,,,,3469.95,,,,,,,,,
ARB03108_USD,,,,,Wedbush_Brokerage Commissions_20260529,,,,12100,,,ARB03108_USD,,,,,2464.8,,,,,,,,,
ARB03109_USD,,,,,Wedbush_Brokerage Commissions_20260529,,,,12100,,,ARB03109_USD,,,,,1900.3500000000001,,,,,,,,,
ARB03110_USD,,,,,Wedbush_Brokerage Commissions_20260529,,,,12100,,,ARB03110_USD,,,,,42.0,,,,,,,,,
ARB03112_USD,,,,,Wedbush_Brokerage Commissions_20260529,,,,12100,,,ARB03112_USD,,,,,186.75,,,,,,,,,
ARB03113_USD,,,,,Wedbush_Brokerage Commissions_20260529,,,,12100,,,ARB03113_USD,,,,,111.3,,,,,,,,,
ARB03115_USD,,,,,Wedbush_Brokerage Commissions_20260529,,,,12100,,,ARB03115_USD,,,,,0.0,,,,,,,,,
ARB03116_USD,,,,,Wedbush_Brokerage Commissions_20260529,,,,12100,,,ARB03116_USD,,,,,231.0,,,,,,,,,
ARB03122_USD,,,,,Wedbush_Brokerage Commissions_20260529,,,,12100,,,ARB03122_USD,,,,,372.45,,,,,,,,,
ARB03125_USD,,,,,Wedbush_Brokerage Commissions_20260529,,,,12100,,,ARB03125_USD,,,,,96.3,,,,,,,,,
ARB03133_USD,,,,,Wedbush_Brokerage Commissions_20260529,,,,12100,,,ARB03133_USD,,,,,1460.55,,,,,,,,,
ARB03134_USD,,,,,Wedbush_Brokerage Commissions_20260529,,,,12100,,,ARB03134_USD,,,,,85.5,,,,,,,,,
ARB03136_USD,,,,,Wedbush_Brokerage Commissions_20260529,,,,12100,,,ARB03136_USD,,,,,7.8,,,,,,,,,
ARB03139_USD,,,,,Wedbush_Brokerage Commissions_20260529,,,,12100,,,ARB03139_USD,,,,,125.7,,,,,,,,,
ARB03141_USD,,,,,Wedbush_Brokerage Commissions_20260529,,,,12100,,,ARB03141_USD,,,,,2271.9,,,,,,,,,
ARB03142_USD,,,,,Wedbush_Brokerage Commissions_20260529,,,,12100,,,ARB03142_USD,,,,,447.3,,,,,,,,,
ARB03143_USD,,,,,Wedbush_Brokerage Commissions_20260529,,,,12100,,,ARB03143_USD,,,,,435.9,,,,,,,,,
ARB03144_USD,,,,,Wedbush_Brokerage Commissions_20260529,,,,12100,,,ARB03144_USD,,,,,194.85,,,,,,,,,
ARB03146_USD,,,,,Wedbush_Brokerage Commissions_20260529,,,,12100,,,ARB03146_USD,,,,,456.6,,,,,,,,,
ARB03154_USD,,,,,Wedbush_Brokerage Commissions_20260529,,,,12100,,,ARB03154_USD,,,,,103.8,,,,,,,,,
ARB03156_USD,,,,,Wedbush_Brokerage Commissions_20260529,,,,12100,,,ARB03156_USD,,,,,590.8499999999999,,,,,,,,,
ARB03157_USD,,,,,Wedbush_Brokerage Commissions_20260529,,,,12100,,,ARB03157_USD,,,,,450.6,,,,,,,,,
ARB03159_USD,,,,,Wedbush_Brokerage Commissions_20260529,,,,12100,,,ARB03159_USD,,,,,489.90000000000003,,,,,,,,,
ARB03168_USD,,,,,Wedbush_Brokerage Commissions_20260529,,,,12100,,,ARB03168_USD,,,,,95.25,,,,,,,,,
ARB03174_USD,,,,,Wedbush_Brokerage Commissions_20260529,,,,12100,,,ARB03174_USD,,,,,242.4,,,,,,,,,
ARB03175_USD,,,,,Wedbush_Brokerage Commissions_20260529,,,,12100,,,ARB03175_USD,,,,,424.2,,,,,,,,,
ARB03176_USD,,,,,Wedbush_Brokerage Commissions_20260529,,,,12100,,,ARB03176_USD,,,,,576.3,,,,,,,,,
ARB03185_USD,,,,,Wedbush_Brokerage Commissions_20260529,,,,12100,,,ARB03185_USD,,,,,159.6,,,,,,,,,
ARB03192_USD,,,,,Wedbush_Brokerage Commissions_20260529,,,,12100,,,ARB03192_USD,,,,,402.59999999999997,,,,,,,,,
ARB03360_EUR,,,,,Wedbush_Brokerage Commissions_20260529,,,,12100,,,ARB03360_EUR,,,,,4868.85,,,,,,,,,
ARB03360_GBP,,,,,Wedbush_Brokerage Commissions_20260529,,,,12100,,,ARB03360_GBP,,,,,0.0,,,,,,,,,
ARB03362_EUR,,,,,Wedbush_Brokerage Commissions_20260529,,,,12100,,,ARB03362_EUR,,,,,660.6,,,,,,,,,
ARB03362_GBP,,,,,Wedbush_Brokerage Commissions_20260529,,,,12100,,,ARB03362_GBP,,,,,0.0,,,,,,,,,
ARB03362_USD,,,,,Wedbush_Brokerage Commissions_20260529,,,,12100,,,ARB03362_USD,,,,,288.9,,,,,,,,,
ARB03364_EUR,,,,,Wedbush_Brokerage Commissions_20260529,,,,12100,,,ARB03364_EUR,,,,,12.0,,,,,,,,,
ARB03364_GBP,,,,,Wedbush_Brokerage Commissions_20260529,,,,12100,,,ARB03364_GBP,,,,,0.0,,,,,,,,,
ARB03372_USD,,,,,Wedbush_Brokerage Commissions_20260529,,,,12100,,,ARB03372_USD,,,,,241.2,,,,,,,,,
ARB03373_USD,,,,,Wedbush_Brokerage Commissions_20260529,,,,12100,,,ARB03373_USD,,,,,22.8,,,,,,,,,
ARB03378_USD,,,,,Wedbush_Brokerage Commissions_20260529,,,,12100,,,ARB03378_USD,,,,,178.8,,,,,,,,,
ARB03400_EUR,,,,,Wedbush_Brokerage Commissions_20260529,,,,12100,,,ARB03400_EUR,,,,,104.39999999999999,,,,,,,,,
ARB03400_GBP,,,,,Wedbush_Brokerage Commissions_20260529,,,,12100,,,ARB03400_GBP,,,,,0.0,,,,,,,,,
ARB03400_USD,,,,,Wedbush_Brokerage Commissions_20260529,,,,12100,,,ARB03400_USD,,,,,814.2,,,,,,,,,
ARB03402_EUR,,,,,Wedbush_Brokerage Commissions_20260529,,,,12100,,,ARB03402_EUR,,,,,55.5,,,,,,,,,
ARB03402_GBP,,,,,Wedbush_Brokerage Commissions_20260529,,,,12100,,,ARB03402_GBP,,,,,0.0,,,,,,,,,
ARB03402_USD,,,,,Wedbush_Brokerage Commissions_20260529,,,,12100,,,ARB03402_USD,,,,,1541.3999999999999,,,,,,,,,
ARB03403_CAD,,,,,Wedbush_Brokerage Commissions_20260529,,,,12100,,,ARB03403_CAD,,,,,0.0,,,,,,,,,
ARB03403_USD,,,,,Wedbush_Brokerage Commissions_20260529,,,,12100,,,ARB03403_USD,,,,,444.45000000000005,,,,,,,,,
ARB03404_CAD,,,,,Wedbush_Brokerage Commissions_20260529,,,,12100,,,ARB03404_CAD,,,,,0.0,,,,,,,,,
ARB03404_EUR,,,,,Wedbush_Brokerage Commissions_20260529,,,,12100,,,ARB03404_EUR,,,,,12.899999999999999,,,,,,,,,
ARB03404_GBP,,,,,Wedbush_Brokerage Commissions_20260529,,,,12100,,,ARB03404_GBP,,,,,0.0,,,,,,,,,
ARB03404_USD,,,,,Wedbush_Brokerage Commissions_20260529,,,,12100,,,ARB03404_USD,,,,,408.59999999999997,,,,,,,,,
ARB03405_CAD,,,,,Wedbush_Brokerage Commissions_20260529,,,,12100,,,ARB03405_CAD,,,,,0.0,,,,,,,,,
ARB03405_EUR,,,,,Wedbush_Brokerage Commissions_20260529,,,,12100,,,ARB03405_EUR,,,,,86.10000000000001,,,,,,,,,
ARB03405_GBP,,,,,Wedbush_Brokerage Commissions_20260529,,,,12100,,,ARB03405_GBP,,,,,0.0,,,,,,,,,
ARB03405_USD,,,,,Wedbush_Brokerage Commissions_20260529,,,,12100,,,ARB03405_USD,,,,,595.0500000000001,,,,,,,,,
ARB03406_CAD,,,,,Wedbush_Brokerage Commissions_20260529,,,,12100,,,ARB03406_CAD,,,,,0.0,,,,,,,,,
ARB03406_EUR,,,,,Wedbush_Brokerage Commissions_20260529,,,,12100,,,ARB03406_EUR,,,,,52.800000000000004,,,,,,,,,
ARB03406_GBP,,,,,Wedbush_Brokerage Commissions_20260529,,,,12100,,,ARB03406_GBP,,,,,0.0,,,,,,,,,
ARB03406_USD,,,,,Wedbush_Brokerage Commissions_20260529,,,,12100,,,ARB03406_USD,,,,,862.05,,,,,,,,,
ARB03407_USD,,,,,Wedbush_Brokerage Commissions_20260529,,,,12100,,,ARB03407_USD,,,,,1935.45,,,,,,,,,
ARB03408_CAD,,,,,Wedbush_Brokerage Commissions_20260529,,,,12100,,,ARB03408_CAD,,,,,0.0,,,,,,,,,
ARB03408_EUR,,,,,Wedbush_Brokerage Commissions_20260529,,,,12100,,,ARB03408_EUR,,,,,41.099999999999994,,,,,,,,,
ARB03408_GBP,,,,,Wedbush_Brokerage Commissions_20260529,,,,12100,,,ARB03408_GBP,,,,,0.0,,,,,,,,,
ARB03408_USD,,,,,Wedbush_Brokerage Commissions_20260529,,,,12100,,,ARB03408_USD,,,,,2531.25,,,,,,,,,
ARB03409_EUR,,,,,Wedbush_Brokerage Commissions_20260529,,,,12100,,,ARB03409_EUR,,,,,83.7,,,,,,,,,
ARB03409_GBP,,,,,Wedbush_Brokerage Commissions_20260529,,,,12100,,,ARB03409_GBP,,,,,0.0,,,,,,,,,
ARB03409_USD,,,,,Wedbush_Brokerage Commissions_20260529,,,,12100,,,ARB03409_USD,,,,,3173.4,,,,,,,,,
ARB03410_USD,,,,,Wedbush_Brokerage Commissions_20260529,,,,12100,,,ARB03410_USD,,,,,549.3,,,,,,,,,
ARB03412_EUR,,,,,Wedbush_Brokerage Commissions_20260529,,,,12100,,,ARB03412_EUR,,,,,3.6,,,,,,,,,
ARB03412_GBP,,,,,Wedbush_Brokerage Commissions_20260529,,,,12100,,,ARB03412_GBP,,,,,0.0,,,,,,,,,
ARB03412_USD,,,,,Wedbush_Brokerage Commissions_20260529,,,,12100,,,ARB03412_USD,,,,,384.75,,,,,,,,,
ARB03413_USD,,,,,Wedbush_Brokerage Commissions_20260529,,,,12100,,,ARB03413_USD,,,,,315.9,,,,,,,,,
ARB03422_CAD,,,,,Wedbush_Brokerage Commissions_20260529,,,,12100,,,ARB03422_CAD,,,,,0.0,,,,,,,,,
ARB03422_USD,,,,,Wedbush_Brokerage Commissions_20260529,,,,12100,,,ARB03422_USD,,,,,280.8,,,,,,,,,
ARB03427_USD,,,,,Wedbush_Brokerage Commissions_20260529,,,,12100,,,ARB03427_USD,,,,,19.2,,,,,,,,,
ARB03433_EUR,,,,,Wedbush_Brokerage Commissions_20260529,,,,12100,,,ARB03433_EUR,,,,,58.2,,,,,,,,,
ARB03433_GBP,,,,,Wedbush_Brokerage Commissions_20260529,,,,12100,,,ARB03433_GBP,,,,,0.0,,,,,,,,,
ARB03433_USD,,,,,Wedbush_Brokerage Commissions_20260529,,,,12100,,,ARB03433_USD,,,,,308.1,,,,,,,,,
ARB03434_USD,,,,,Wedbush_Brokerage Commissions_20260529,,,,12100,,,ARB03434_USD,,,,,198.6,,,,,,,,,
ARB03435_USD,,,,,Wedbush_Brokerage Commissions_20260529,,,,12100,,,ARB03435_USD,,,,,11.4,,,,,,,,,
ARB03436_CAD,,,,,Wedbush_Brokerage Commissions_20260529,,,,12100,,,ARB03436_CAD,,,,,0.0,,,,,,,,,
ARB03436_EUR,,,,,Wedbush_Brokerage Commissions_20260529,,,,12100,,,ARB03436_EUR,,,,,3.3,,,,,,,,,
ARB03436_GBP,,,,,Wedbush_Brokerage Commissions_20260529,,,,12100,,,ARB03436_GBP,,,,,0.0,,,,,,,,,
ARB03436_USD,,,,,Wedbush_Brokerage Commissions_20260529,,,,12100,,,ARB03436_USD,,,,,107.7,,,,,,,,,
ARB03439_USD,,,,,Wedbush_Brokerage Commissions_20260529,,,,12100,,,ARB03439_USD,,,,,427.65000000000003,,,,,,,,,
ARB03441_EUR,,,,,Wedbush_Brokerage Commissions_20260529,,,,12100,,,ARB03441_EUR,,,,,129.0,,,,,,,,,
ARB03441_GBP,,,,,Wedbush_Brokerage Commissions_20260529,,,,12100,,,ARB03441_GBP,,,,,0.0,,,,,,,,,
ARB03442_USD,,,,,Wedbush_Brokerage Commissions_20260529,,,,12100,,,ARB03442_USD,,,,,449.1,,,,,,,,,
ARB03443_CAD,,,,,Wedbush_Brokerage Commissions_20260529,,,,12100,,,ARB03443_CAD,,,,,0.0,,,,,,,,,
ARB03443_EUR,,,,,Wedbush_Brokerage Commissions_20260529,,,,12100,,,ARB03443_EUR,,,,,6.0,,,,,,,,,
ARB03443_GBP,,,,,Wedbush_Brokerage Commissions_20260529,,,,12100,,,ARB03443_GBP,,,,,0.0,,,,,,,,,
ARB03443_USD,,,,,Wedbush_Brokerage Commissions_20260529,,,,12100,,,ARB03443_USD,,,,,516.9,,,,,,,,,
ARB03446_EUR,,,,,Wedbush_Brokerage Commissions_20260529,,,,12100,,,ARB03446_EUR,,,,,10.2,,,,,,,,,
ARB03446_GBP,,,,,Wedbush_Brokerage Commissions_20260529,,,,12100,,,ARB03446_GBP,,,,,0.0,,,,,,,,,
ARB03446_USD,,,,,Wedbush_Brokerage Commissions_20260529,,,,12100,,,ARB03446_USD,,,,,24.9,,,,,,,,,
ARB03454_EUR,,,,,Wedbush_Brokerage Commissions_20260529,,,,12100,,,ARB03454_EUR,,,,,6.0,,,,,,,,,
ARB03454_GBP,,,,,Wedbush_Brokerage Commissions_20260529,,,,12100,,,ARB03454_GBP,,,,,0.0,,,,,,,,,
ARB03454_USD,,,,,Wedbush_Brokerage Commissions_20260529,,,,12100,,,ARB03454_USD,,,,,58.8,,,,,,,,,
ARB03457_EUR,,,,,Wedbush_Brokerage Commissions_20260529,,,,12100,,,ARB03457_EUR,,,,,44.400000000000006,,,,,,,,,
ARB03457_GBP,,,,,Wedbush_Brokerage Commissions_20260529,,,,12100,,,ARB03457_GBP,,,,,0.0,,,,,,,,,
ARB03457_USD,,,,,Wedbush_Brokerage Commissions_20260529,,,,12100,,,ARB03457_USD,,,,,76.8,,,,,,,,,
ARB03459_CHF,,,,,Wedbush_Brokerage Commissions_20260529,,,,12100,,,ARB03459_CHF,,,,,0.0,,,,,,,,,
ARB03459_EUR,,,,,Wedbush_Brokerage Commissions_20260529,,,,12100,,,ARB03459_EUR,,,,,202.5,,,,,,,,,
ARB03459_GBP,,,,,Wedbush_Brokerage Commissions_20260529,,,,12100,,,ARB03459_GBP,,,,,0.0,,,,,,,,,
ARB03459_USD,,,,,Wedbush_Brokerage Commissions_20260529,,,,12100,,,ARB03459_USD,,,,,28.5,,,,,,,,,
ARB03460_EUR,,,,,Wedbush_Brokerage Commissions_20260529,,,,12100,,,ARB03460_EUR,,,,,7.5,,,,,,,,,
ARB03460_GBP,,,,,Wedbush_Brokerage Commissions_20260529,,,,12100,,,ARB03460_GBP,,,,,0.0,,,,,,,,,
ARB03460_USD,,,,,Wedbush_Brokerage Commissions_20260529,,,,12100,,,ARB03460_USD,,,,,1.8,,,,,,,,,
ARB03463_USD,,,,,Wedbush_Brokerage Commissions_20260529,,,,12100,,,ARB03463_USD,,,,,1.2,,,,,,,,,
ARB03468_CAD,,,,,Wedbush_Brokerage Commissions_20260529,,,,12100,,,ARB03468_CAD,,,,,0.0,,,,,,,,,
ARB03468_USD,,,,,Wedbush_Brokerage Commissions_20260529,,,,12100,,,ARB03468_USD,,,,,8.4,,,,,,,,,
ARB03474_EUR,,,,,Wedbush_Brokerage Commissions_20260529,,,,12100,,,ARB03474_EUR,,,,,28.2,,,,,,,,,
ARB03474_GBP,,,,,Wedbush_Brokerage Commissions_20260529,,,,12100,,,ARB03474_GBP,,,,,0.0,,,,,,,,,
ARB03475_EUR,,,,,Wedbush_Brokerage Commissions_20260529,,,,12100,,,ARB03475_EUR,,,,,118.5,,,,,,,,,
ARB03475_GBP,,,,,Wedbush_Brokerage Commissions_20260529,,,,12100,,,ARB03475_GBP,,,,,0.0,,,,,,,,,
ARB03476_EUR,,,,,Wedbush_Brokerage Commissions_20260529,,,,12100,,,ARB03476_EUR,,,,,52.8,,,,,,,,,
ARB03476_GBP,,,,,Wedbush_Brokerage Commissions_20260529,,,,12100,,,ARB03476_GBP,,,,,0.0,,,,,,,,,
ARB03485_EUR,,,,,Wedbush_Brokerage Commissions_20260529,,,,12100,,,ARB03485_EUR,,,,,39.0,,,,,,,,,
ARB03485_GBP,,,,,Wedbush_Brokerage Commissions_20260529,,,,12100,,,ARB03485_GBP,,,,,0.0,,,,,,,,,
ARB03485_USD,,,,,Wedbush_Brokerage Commissions_20260529,,,,12100,,,ARB03485_USD,,,,,73.8,,,,,,,,,
ARB03489_EUR,,,,,Wedbush_Brokerage Commissions_20260529,,,,12100,,,ARB03489_EUR,,,,,326.40000000000003,,,,,,,,,
ARB03489_GBP,,,,,Wedbush_Brokerage Commissions_20260529,,,,12100,,,ARB03489_GBP,,,,,0.0,,,,,,,,,
ARB03489_USD,,,,,Wedbush_Brokerage Commissions_20260529,,,,12100,,,ARB03489_USD,,,,,746.25,,,,,,,,,
ARB03492_CAD,,,,,Wedbush_Brokerage Commissions_20260529,,,,12100,,,ARB03492_CAD,,,,,0.0,,,,,,,,,
ARB03492_EUR,,,,,Wedbush_Brokerage Commissions_20260529,,,,12100,,,ARB03492_EUR,,,,,130.5,,,,,,,,,
ARB03492_GBP,,,,,Wedbush_Brokerage Commissions_20260529,,,,12100,,,ARB03492_GBP,,,,,0.0,,,,,,,,,
ARB03492_USD,,,,,Wedbush_Brokerage Commissions_20260529,,,,12100,,,ARB03492_USD,,,,,641.25,,,,,,,,,
ARB04021_USD,,,,,Wedbush_Brokerage Commissions_20260529,,,,12100,,,ARB04021_USD,,,,,1376.1,,,,,,,,,
ARB04023_USD,,,,,Wedbush_Brokerage Commissions_20260529,,,,12100,,,ARB04023_USD,,,,,23.4,,,,,,,,,
ARB04024_USD,,,,,Wedbush_Brokerage Commissions_20260529,,,,12100,,,ARB04024_USD,,,,,24.0,,,,,,,,,
ARB04029_USD,,,,,Wedbush_Brokerage Commissions_20260529,,,,12100,,,ARB04029_USD,,,,,22.5,,,,,,,,,
ARB04031_USD,,,,,Wedbush_Brokerage Commissions_20260529,,,,12100,,,ARB04031_USD,,,,,25557.6,,,,,,,,,
ARB04038_USD,,,,,Wedbush_Brokerage Commissions_20260529,,,,12100,,,ARB04038_USD,,,,,1013.25,,,,,,,,,
ARB04042_USD,,,,,Wedbush_Brokerage Commissions_20260529,,,,12100,,,ARB04042_USD,,,,,196.2,,,,,,,,,
ARB04047_USD,,,,,Wedbush_Brokerage Commissions_20260529,,,,12100,,,ARB04047_USD,,,,,332.1,,,,,,,,,
ARB04048_USD,,,,,Wedbush_Brokerage Commissions_20260529,,,,12100,,,ARB04048_USD,,,,,998.4,,,,,,,,,
ARB04049_USD,,,,,Wedbush_Brokerage Commissions_20260529,,,,12100,,,ARB04049_USD,,,,,234.3,,,,,,,,,
ARB04052_USD,,,,,Wedbush_Brokerage Commissions_20260529,,,,12100,,,ARB04052_USD,,,,,384.0,,,,,,,,,
ARB04053_EUR,,,,,Wedbush_Brokerage Commissions_20260529,,,,12100,,,ARB04053_EUR,,,,,15.84,,,,,,,,,
ARB04053_GBP,,,,,Wedbush_Brokerage Commissions_20260529,,,,12100,,,ARB04053_GBP,,,,,0.0,,,,,,,,,
ARB04053_USD,,,,,Wedbush_Brokerage Commissions_20260529,,,,12100,,,ARB04053_USD,,,,,14.25,,,,,,,,,
ARB04054_USD,,,,,Wedbush_Brokerage Commissions_20260529,,,,12100,,,ARB04054_USD,,,,,38.7,,,,,,,,,
ARB04055_USD,,,,,Wedbush_Brokerage Commissions_20260529,,,,12100,,,ARB04055_USD,,,,,327.6,,,,,,,,,
ARB04057_USD,,,,,Wedbush_Brokerage Commissions_20260529,,,,12100,,,ARB04057_USD,,,,,783.6,,,,,,,,,
ARB04059_USD,,,,,Wedbush_Brokerage Commissions_20260529,,,,12100,,,ARB04059_USD,,,,,521.25,,,,,,,,,
ARB04062_USD,,,,,Wedbush_Brokerage Commissions_20260529,,,,12100,,,ARB04062_USD,,,,,0.0,,,,,,,,,
ARB04065_USD,,,,,Wedbush_Brokerage Commissions_20260529,,,,12100,,,ARB04065_USD,,,,,574.65,,,,,,,,,
ARB04066_USD,,,,,Wedbush_Brokerage Commissions_20260529,,,,12100,,,ARB04066_USD,,,,,364.5,,,,,,,,,
ARB04067_USD,,,,,Wedbush_Brokerage Commissions_20260529,,,,12100,,,ARB04067_USD,,,,,223.2,,,,,,,,,
ARB04068_USD,,,,,Wedbush_Brokerage Commissions_20260529,,,,12100,,,ARB04068_USD,,,,,823.5,,,,,,,,,
ARB04069_USD,,,,,Wedbush_Brokerage Commissions_20260529,,,,12100,,,ARB04069_USD,,,,,268.95,,,,,,,,,
ARB04070_USD,,,,,Wedbush_Brokerage Commissions_20260529,,,,12100,,,ARB04070_USD,,,,,159.0,,,,,,,,,
ARB04073_USD,,,,,Wedbush_Brokerage Commissions_20260529,,,,12100,,,ARB04073_USD,,,,,33.3,,,,,,,,,
ARB04074_USD,,,,,Wedbush_Brokerage Commissions_20260529,,,,12100,,,ARB04074_USD,,,,,94.94999999999999,,,,,,,,,
ARB04075_USD,,,,,Wedbush_Brokerage Commissions_20260529,,,,12100,,,ARB04075_USD,,,,,26.25,,,,,,,,,
ARB04077_USD,,,,,Wedbush_Brokerage Commissions_20260529,,,,12100,,,ARB04077_USD,,,,,2.1,,,,,,,,,
ARB04079_USD,,,,,Wedbush_Brokerage Commissions_20260529,,,,12100,,,ARB04079_USD,,,,,5.7,,,,,,,,,
ARB04080_USD,,,,,Wedbush_Brokerage Commissions_20260529,,,,12100,,,ARB04080_USD,,,,,1918.95,,,,,,,,,
ARB04081_USD,,,,,Wedbush_Brokerage Commissions_20260529,,,,12100,,,ARB04081_USD,,,,,268.2,,,,,,,,,
ARB04082_USD,,,,,Wedbush_Brokerage Commissions_20260529,,,,12100,,,ARB04082_USD,,,,,90.6,,,,,,,,,
ARB04083_USD,,,,,Wedbush_Brokerage Commissions_20260529,,,,12100,,,ARB04083_USD,,,,,9.9,,,,,,,,,
ARB04085_USD,,,,,Wedbush_Brokerage Commissions_20260529,,,,12100,,,ARB04085_USD,,,,,79.5,,,,,,,,,
ARB04086_USD,,,,,Wedbush_Brokerage Commissions_20260529,,,,12100,,,ARB04086_USD,,,,,20766.0,,,,,,,,,
ARB04087_USD,,,,,Wedbush_Brokerage Commissions_20260529,,,,12100,,,ARB04087_USD,,,,,4948.95,,,,,,,,,
ARB04088_USD,,,,,Wedbush_Brokerage Commissions_20260529,,,,12100,,,ARB04088_USD,,,,,64.5,,,,,,,,,
ARB04101_USD,,,,,Wedbush_Brokerage Commissions_20260529,,,,12100,,,ARB04101_USD,,,,,30.15,,,,,,,,,
ARB04102_USD,,,,,Wedbush_Brokerage Commissions_20260529,,,,12100,,,ARB04102_USD,,,,,291.15,,,,,,,,,
ARB04103_USD,,,,,Wedbush_Brokerage Commissions_20260529,,,,12100,,,ARB04103_USD,,,,,759.0,,,,,,,,,
ARB04104_USD,,,,,Wedbush_Brokerage Commissions_20260529,,,,12100,,,ARB04104_USD,,,,,518.25,,,,,,,,,
ARB04105_USD,,,,,Wedbush_Brokerage Commissions_20260529,,,,12100,,,ARB04105_USD,,,,,687.6,,,,,,,,,
ARB04106_USD,,,,,Wedbush_Brokerage Commissions_20260529,,,,12100,,,ARB04106_USD,,,,,1111.8,,,,,,,,,
ARB04108_USD,,,,,Wedbush_Brokerage Commissions_20260529,,,,12100,,,ARB04108_USD,,,,,3420.3,,,,,,,,,
ARB04110_USD,,,,,Wedbush_Brokerage Commissions_20260529,,,,12100,,,ARB04110_USD,,,,,121.65,,,,,,,,,
ARB04111_USD,,,,,Wedbush_Brokerage Commissions_20260529,,,,12100,,,ARB04111_USD,,,,,1775.1000000000001,,,,,,,,,
ARB04112_USD,,,,,Wedbush_Brokerage Commissions_20260529,,,,12100,,,ARB04112_USD,,,,,213.3,,,,,,,,,
ARB04113_USD,,,,,Wedbush_Brokerage Commissions_20260529,,,,12100,,,ARB04113_USD,,,,,300.9,,,,,,,,,
ARB04114_USD,,,,,Wedbush_Brokerage Commissions_20260529,,,,12100,,,ARB04114_USD,,,,,1518.1499999999999,,,,,,,,,
ARB04116_USD,,,,,Wedbush_Brokerage Commissions_20260529,,,,12100,,,ARB04116_USD,,,,,967.5,,,,,,,,,
ARB04117_USD,,,,,Wedbush_Brokerage Commissions_20260529,,,,12100,,,ARB04117_USD,,,,,336.0,,,,,,,,,
ARB04118_USD,,,,,Wedbush_Brokerage Commissions_20260529,,,,12100,,,ARB04118_USD,,,,,144.3,,,,,,,,,
ARB04119_USD,,,,,Wedbush_Brokerage Commissions_20260529,,,,12100,,,ARB04119_USD,,,,,51.9,,,,,,,,,
ARB04157_USD,,,,,Wedbush_Brokerage Commissions_20260529,,,,12100,,,ARB04157_USD,,,,,110.1,,,,,,,,,
ARB04158_USD,,,,,Wedbush_Brokerage Commissions_20260529,,,,12100,,,ARB04158_USD,,,,,0.3,,,,,,,,,
ARB04159_USD,,,,,Wedbush_Brokerage Commissions_20260529,,,,12100,,,ARB04159_USD,,,,,2.1,,,,,,,,,
ARB04160_USD,,,,,Wedbush_Brokerage Commissions_20260529,,,,12100,,,ARB04160_USD,,,,,29.099999999999998,,,,,,,,,
ARB04161_USD,,,,,Wedbush_Brokerage Commissions_20260529,,,,12100,,,ARB04161_USD,,,,,120.89999999999999,,,,,,,,,
ARB04162_USD,,,,,Wedbush_Brokerage Commissions_20260529,,,,12100,,,ARB04162_USD,,,,,6.9,,,,,,,,,
ARB04164_USD,,,,,Wedbush_Brokerage Commissions_20260529,,,,12100,,,ARB04164_USD,,,,,368.1,,,,,,,,,
ARB04165_USD,,,,,Wedbush_Brokerage Commissions_20260529,,,,12100,,,ARB04165_USD,,,,,184.5,,,,,,,,,
ARB04166_USD,,,,,Wedbush_Brokerage Commissions_20260529,,,,12100,,,ARB04166_USD,,,,,362.4,,,,,,,,,
ARB04167_USD,,,,,Wedbush_Brokerage Commissions_20260529,,,,12100,,,ARB04167_USD,,,,,329.4,,,,,,,,,
ARB04168_USD,,,,,Wedbush_Brokerage Commissions_20260529,,,,12100,,,ARB04168_USD,,,,,543.6,,,,,,,,,
ARB04336_USD,,,,,Wedbush_Brokerage Commissions_20260529,,,,12100,,,ARB04336_USD,,,,,0.0,,,,,,,,,
ARB04345_USD,,,,,Wedbush_Brokerage Commissions_20260529,,,,12100,,,ARB04345_USD,,,,,112.0,,,,,,,,,
ARB04348_EUR,,,,,Wedbush_Brokerage Commissions_20260529,,,,12100,,,ARB04348_EUR,,,,,18.9,,,,,,,,,
ARB04348_GBP,,,,,Wedbush_Brokerage Commissions_20260529,,,,12100,,,ARB04348_GBP,,,,,0.0,,,,,,,,,
ARB04348_USD,,,,,Wedbush_Brokerage Commissions_20260529,,,,12100,,,ARB04348_USD,,,,,113.7,,,,,,,,,
ARB04357_EUR,,,,,Wedbush_Brokerage Commissions_20260529,,,,12100,,,ARB04357_EUR,,,,,55.35,,,,,,,,,
ARB04357_GBP,,,,,Wedbush_Brokerage Commissions_20260529,,,,12100,,,ARB04357_GBP,,,,,0.0,,,,,,,,,
ARB04384_EUR,,,,,Wedbush_Brokerage Commissions_20260529,,,,12100,,,ARB04384_EUR,,,,,219.9,,,,,,,,,
ARB04384_GBP,,,,,Wedbush_Brokerage Commissions_20260529,,,,12100,,,ARB04384_GBP,,,,,0.0,,,,,,,,,
ARB04384_USD,,,,,Wedbush_Brokerage Commissions_20260529,,,,12100,,,ARB04384_USD,,,,,276.0,,,,,,,,,
ARB04388_USD,,,,,Wedbush_Brokerage Commissions_20260529,,,,12100,,,ARB04388_USD,,,,,5.1,,,,,,,,,
ARB04401_USD,,,,,Wedbush_Brokerage Commissions_20260529,,,,12100,,,ARB04401_USD,,,,,52.65,,,,,,,,,
ARB04402_USD,,,,,Wedbush_Brokerage Commissions_20260529,,,,12100,,,ARB04402_USD,,,,,512.7,,,,,,,,,
ARB04403_USD,,,,,Wedbush_Brokerage Commissions_20260529,,,,12100,,,ARB04403_USD,,,,,60.6,,,,,,,,,
ARB04404_EUR,,,,,Wedbush_Brokerage Commissions_20260529,,,,12100,,,ARB04404_EUR,,,,,4.8,,,,,,,,,
ARB04404_GBP,,,,,Wedbush_Brokerage Commissions_20260529,,,,12100,,,ARB04404_GBP,,,,,0.0,,,,,,,,,
ARB04404_USD,,,,,Wedbush_Brokerage Commissions_20260529,,,,12100,,,ARB04404_USD,,,,,372.0,,,,,,,,,
ARB04405_CAD,,,,,Wedbush_Brokerage Commissions_20260529,,,,12100,,,ARB04405_CAD,,,,,0.0,,,,,,,,,
ARB04405_USD,,,,,Wedbush_Brokerage Commissions_20260529,,,,12100,,,ARB04405_USD,,,,,64.8,,,,,,,,,
ARB04406_CAD,,,,,Wedbush_Brokerage Commissions_20260529,,,,12100,,,ARB04406_CAD,,,,,0.0,,,,,,,,,
ARB04406_EUR,,,,,Wedbush_Brokerage Commissions_20260529,,,,12100,,,ARB04406_EUR,,,,,2.4,,,,,,,,,
ARB04406_GBP,,,,,Wedbush_Brokerage Commissions_20260529,,,,12100,,,ARB04406_GBP,,,,,0.0,,,,,,,,,
ARB04406_USD,,,,,Wedbush_Brokerage Commissions_20260529,,,,12100,,,ARB04406_USD,,,,,334.8,,,,,,,,,
ARB04408_EUR,,,,,Wedbush_Brokerage Commissions_20260529,,,,12100,,,ARB04408_EUR,,,,,481.2,,,,,,,,,
ARB04408_GBP,,,,,Wedbush_Brokerage Commissions_20260529,,,,12100,,,ARB04408_GBP,,,,,0.0,,,,,,,,,
ARB04410_USD,,,,,Wedbush_Brokerage Commissions_20260529,,,,12100,,,ARB04410_USD,,,,,499.8,,,,,,,,,
ARB04413_EUR,,,,,Wedbush_Brokerage Commissions_20260529,,,,12100,,,ARB04413_EUR,,,,,2.7,,,,,,,,,
ARB04413_GBP,,,,,Wedbush_Brokerage Commissions_20260529,,,,12100,,,ARB04413_GBP,,,,,0.0,,,,,,,,,
ARB04413_USD,,,,,Wedbush_Brokerage Commissions_20260529,,,,12100,,,ARB04413_USD,,,,,132.3,,,,,,,,,
ARB04418_USD,,,,,Wedbush_Brokerage Commissions_20260529,,,,12100,,,ARB04418_USD,,,,,123.30000000000001,,,,,,,,,
ARB04451_EUR,,,,,Wedbush_Brokerage Commissions_20260529,,,,12100,,,ARB04451_EUR,,,,,255.9,,,,,,,,,
ARB04451_GBP,,,,,Wedbush_Brokerage Commissions_20260529,,,,12100,,,ARB04451_GBP,,,,,0.0,,,,,,,,,
ARB04451_USD,,,,,Wedbush_Brokerage Commissions_20260529,,,,12100,,,ARB04451_USD,,,,,430.8,,,,,,,,,
ARB04452_EUR,,,,,Wedbush_Brokerage Commissions_20260529,,,,12100,,,ARB04452_EUR,,,,,226.8,,,,,,,,,
ARB04452_GBP,,,,,Wedbush_Brokerage Commissions_20260529,,,,12100,,,ARB04452_GBP,,,,,0.0,,,,,,,,,
ARB04452_USD,,,,,Wedbush_Brokerage Commissions_20260529,,,,12100,,,ARB04452_USD,,,,,420.90000000000003,,,,,,,,,
ARB04454_EUR,,,,,Wedbush_Brokerage Commissions_20260529,,,,12100,,,ARB04454_EUR,,,,,270.0,,,,,,,,,
ARB04454_GBP,,,,,Wedbush_Brokerage Commissions_20260529,,,,12100,,,ARB04454_GBP,,,,,0.0,,,,,,,,,
ARB04454_USD,,,,,Wedbush_Brokerage Commissions_20260529,,,,12100,,,ARB04454_USD,,,,,690.6,,,,,,,,,
ARB04459_CAD,,,,,Wedbush_Brokerage Commissions_20260529,,,,12100,,,ARB04459_CAD,,,,,0.0,,,,,,,,,
ARB04459_USD,,,,,Wedbush_Brokerage Commissions_20260529,,,,12100,,,ARB04459_USD,,,,,2.7,,,,,,,,,
ARB05057_EUR,,,,,Wedbush_Brokerage Commissions_20260529,,,,12100,,,ARB05057_EUR,,,,,0.0,,,,,,,,,
ARB05057_USD,,,,,Wedbush_Brokerage Commissions_20260529,,,,12100,,,ARB05057_USD,,,,,1281.45,,,,,,,,,
ARB05357_EUR,,,,,Wedbush_Brokerage Commissions_20260529,,,,12100,,,ARB05357_EUR,,,,,159553.65,,,,,,,,,
ARB05357_GBP,,,,,Wedbush_Brokerage Commissions_20260529,,,,12100,,,ARB05357_GBP,,,,,0.0,,,,,,,,,
ARB06057_USD,,,,,Wedbush_Brokerage Commissions_20260529,,,,12100,,,ARB06057_USD,,,,,2733.75,,,,,,,,,
ARB06357_USD,,,,,Wedbush_Brokerage Commissions_20260529,,,,12100,,,ARB06357_USD,,,,,809.55,,,,,,,,,
ARB00020_USD,,,,,Wedbush_Brokerage Commissions_20260529,,,,50110,,,ARB00020_USD,,,,1519.8,,,,,,,,,,
ARB00054_USD,,,,,Wedbush_Brokerage Commissions_20260529,,,,50110,,,ARB00054_USD,,,,4223.25,,,,,,,,,,
ARB00055_USD,,,,,Wedbush_Brokerage Commissions_20260529,,,,50110,,,ARB00055_USD,,,,126.0,,,,,,,,,,
ARB00068_USD,,,,,Wedbush_Brokerage Commissions_20260529,,,,50110,,,ARB00068_USD,,,,2046.75,,,,,,,,,,
ARB00090_USD,,,,,Wedbush_Brokerage Commissions_20260529,,,,50110,,,ARB00090_USD,,,,408.0,,,,,,,,,,
ARB00110_USD,,,,,Wedbush_Brokerage Commissions_20260529,,,,50110,,,ARB00110_USD,,,,265.8,,,,,,,,,,
ARB00112_USD,,,,,Wedbush_Brokerage Commissions_20260529,,,,50110,,,ARB00112_USD,,,,352.5,,,,,,,,,,
ARB00113_USD,,,,,Wedbush_Brokerage Commissions_20260529,,,,50110,,,ARB00113_USD,,,,232.65,,,,,,,,,,
ARB00122_USD,,,,,Wedbush_Brokerage Commissions_20260529,,,,50110,,,ARB00122_USD,,,,53.550000000000004,,,,,,,,,,
ARB00123_USD,,,,,Wedbush_Brokerage Commissions_20260529,,,,50110,,,ARB00123_USD,,,,98.1,,,,,,,,,,
ARB00124_USD,,,,,Wedbush_Brokerage Commissions_20260529,,,,50110,,,ARB00124_USD,,,,192.45,,,,,,,,,,
ARB00126_USD,,,,,Wedbush_Brokerage Commissions_20260529,,,,50110,,,ARB00126_USD,,,,13.35,,,,,,,,,,
ARB00132_USD,,,,,Wedbush_Brokerage Commissions_20260529,,,,50110,,,ARB00132_USD,,,,1245.15,,,,,,,,,,
ARB00135_USD,,,,,Wedbush_Brokerage Commissions_20260529,,,,50110,,,ARB00135_USD,,,,33.0,,,,,,,,,,
ARB00143_USD,,,,,Wedbush_Brokerage Commissions_20260529,,,,50110,,,ARB00143_USD,,,,74.55,,,,,,,,,,
ARB00146_USD,,,,,Wedbush_Brokerage Commissions_20260529,,,,50110,,,ARB00146_USD,,,,38.1,,,,,,,,,,
ARB00149_USD,,,,,Wedbush_Brokerage Commissions_20260529,,,,50110,,,ARB00149_USD,,,,142.5,,,,,,,,,,
ARB00156_USD,,,,,Wedbush_Brokerage Commissions_20260529,,,,50110,,,ARB00156_USD,,,,5238.6,,,,,,,,,,
ARB00160_USD,,,,,Wedbush_Brokerage Commissions_20260529,,,,50110,,,ARB00160_USD,,,,180.29999999999998,,,,,,,,,,
ARB00161_USD,,,,,Wedbush_Brokerage Commissions_20260529,,,,50110,,,ARB00161_USD,,,,717.45,,,,,,,,,,
ARB00169_USD,,,,,Wedbush_Brokerage Commissions_20260529,,,,50110,,,ARB00169_USD,,,,2500.05,,,,,,,,,,
ARB00186_USD,,,,,Wedbush_Brokerage Commissions_20260529,,,,50110,,,ARB00186_USD,,,,357.6,,,,,,,,,,
ARB00188_USD,,,,,Wedbush_Brokerage Commissions_20260529,,,,50110,,,ARB00188_USD,,,,37.35,,,,,,,,,,
ARB00193_USD,,,,,Wedbush_Brokerage Commissions_20260529,,,,50110,,,ARB00193_USD,,,,1731.15,,,,,,,,,,
ARB00194_USD,,,,,Wedbush_Brokerage Commissions_20260529,,,,50110,,,ARB00194_USD,,,,2089.35,,,,,,,,,,
ARB00203_USD,,,,,Wedbush_Brokerage Commissions_20260529,,,,50110,,,ARB00203_USD,,,,1.2,,,,,,,,,,
ARB00214_USD,,,,,Wedbush_Brokerage Commissions_20260529,,,,50110,,,ARB00214_USD,,,,440.1,,,,,,,,,,
ARB00215_USD,,,,,Wedbush_Brokerage Commissions_20260529,,,,50110,,,ARB00215_USD,,,,3222.0000000000005,,,,,,,,,,
ARB00220_USD,,,,,Wedbush_Brokerage Commissions_20260529,,,,50110,,,ARB00220_USD,,,,550.5,,,,,,,,,,
ARB00257_USD,,,,,Wedbush_Brokerage Commissions_20260529,,,,50110,,,ARB00257_USD,,,,1810.8,,,,,,,,,,
ARB00267_USD,,,,,Wedbush_Brokerage Commissions_20260529,,,,50110,,,ARB00267_USD,,,,211.8,,,,,,,,,,
ARB00311_USD,,,,,Wedbush_Brokerage Commissions_20260529,,,,50110,,,ARB00311_USD,,,,,12.0,,,,,,,,,
ARB00320_EUR,,,,,Wedbush_Brokerage Commissions_20260529,,,,50110,,,ARB00320_EUR,,,,787.2,,,,,,,,,,
ARB00320_GBP,,,,,Wedbush_Brokerage Commissions_20260529,,,,50110,,,ARB00320_GBP,,,,0.0,,,,,,,,,,
ARB00354_USD,,,,,Wedbush_Brokerage Commissions_20260529,,,,50110,,,ARB00354_USD,,,,249.6,,,,,,,,,,
ARB00355_EUR,,,,,Wedbush_Brokerage Commissions_20260529,,,,50110,,,ARB00355_EUR,,,,16.2,,,,,,,,,,
ARB00355_GBP,,,,,Wedbush_Brokerage Commissions_20260529,,,,50110,,,ARB00355_GBP,,,,0.0,,,,,,,,,,
ARB00390_CAD,,,,,Wedbush_Brokerage Commissions_20260529,,,,50110,,,ARB00390_CAD,,,,0.0,,,,,,,,,,
ARB00390_USD,,,,,Wedbush_Brokerage Commissions_20260529,,,,50110,,,ARB00390_USD,,,,567.6,,,,,,,,,,
ARB00410_EUR,,,,,Wedbush_Brokerage Commissions_20260529,,,,50110,,,ARB00410_EUR,,,,3.0,,,,,,,,,,
ARB00410_GBP,,,,,Wedbush_Brokerage Commissions_20260529,,,,50110,,,ARB00410_GBP,,,,0.0,,,,,,,,,,
ARB00412_EUR,,,,,Wedbush_Brokerage Commissions_20260529,,,,50110,,,ARB00412_EUR,,,,141.9,,,,,,,,,,
ARB00412_GBP,,,,,Wedbush_Brokerage Commissions_20260529,,,,50110,,,ARB00412_GBP,,,,0.0,,,,,,,,,,
ARB00412_USD,,,,,Wedbush_Brokerage Commissions_20260529,,,,50110,,,ARB00412_USD,,,,108.0,,,,,,,,,,
ARB00422_EUR,,,,,Wedbush_Brokerage Commissions_20260529,,,,50110,,,ARB00422_EUR,,,,4.8,,,,,,,,,,
ARB00422_GBP,,,,,Wedbush_Brokerage Commissions_20260529,,,,50110,,,ARB00422_GBP,,,,0.0,,,,,,,,,,
ARB00422_USD,,,,,Wedbush_Brokerage Commissions_20260529,,,,50110,,,ARB00422_USD,,,,733.65,,,,,,,,,,
ARB00423_CAD,,,,,Wedbush_Brokerage Commissions_20260529,,,,50110,,,ARB00423_CAD,,,,0.0,,,,,,,,,,
ARB00423_EUR,,,,,Wedbush_Brokerage Commissions_20260529,,,,50110,,,ARB00423_EUR,,,,10.8,,,,,,,,,,
ARB00423_GBP,,,,,Wedbush_Brokerage Commissions_20260529,,,,50110,,,ARB00423_GBP,,,,0.0,,,,,,,,,,
ARB00423_USD,,,,,Wedbush_Brokerage Commissions_20260529,,,,50110,,,ARB00423_USD,,,,3086.2499999999995,,,,,,,,,,
ARB00424_CAD,,,,,Wedbush_Brokerage Commissions_20260529,,,,50110,,,ARB00424_CAD,,,,0.0,,,,,,,,,,
ARB00424_EUR,,,,,Wedbush_Brokerage Commissions_20260529,,,,50110,,,ARB00424_EUR,,,,98.4,,,,,,,,,,
ARB00424_GBP,,,,,Wedbush_Brokerage Commissions_20260529,,,,50110,,,ARB00424_GBP,,,,0.0,,,,,,,,,,
ARB00424_USD,,,,,Wedbush_Brokerage Commissions_20260529,,,,50110,,,ARB00424_USD,,,,2299.2,,,,,,,,,,
ARB00425_EUR,,,,,Wedbush_Brokerage Commissions_20260529,,,,50110,,,ARB00425_EUR,,,,104.1,,,,,,,,,,
ARB00425_GBP,,,,,Wedbush_Brokerage Commissions_20260529,,,,50110,,,ARB00425_GBP,,,,0.0,,,,,,,,,,
ARB00425_USD,,,,,Wedbush_Brokerage Commissions_20260529,,,,50110,,,ARB00425_USD,,,,3111.0,,,,,,,,,,
ARB00426_EUR,,,,,Wedbush_Brokerage Commissions_20260529,,,,50110,,,ARB00426_EUR,,,,34.050000000000004,,,,,,,,,,
ARB00426_GBP,,,,,Wedbush_Brokerage Commissions_20260529,,,,50110,,,ARB00426_GBP,,,,0.0,,,,,,,,,,
ARB00426_USD,,,,,Wedbush_Brokerage Commissions_20260529,,,,50110,,,ARB00426_USD,,,,1009.8,,,,,,,,,,
ARB00432_EUR,,,,,Wedbush_Brokerage Commissions_20260529,,,,50110,,,ARB00432_EUR,,,,439.8,,,,,,,,,,
ARB00432_GBP,,,,,Wedbush_Brokerage Commissions_20260529,,,,50110,,,ARB00432_GBP,,,,0.0,,,,,,,,,,
ARB00432_USD,,,,,Wedbush_Brokerage Commissions_20260529,,,,50110,,,ARB00432_USD,,,,13.8,,,,,,,,,,
ARB00435_EUR,,,,,Wedbush_Brokerage Commissions_20260529,,,,50110,,,ARB00435_EUR,,,,4.95,,,,,,,,,,
ARB00435_GBP,,,,,Wedbush_Brokerage Commissions_20260529,,,,50110,,,ARB00435_GBP,,,,0.0,,,,,,,,,,
ARB00435_USD,,,,,Wedbush_Brokerage Commissions_20260529,,,,50110,,,ARB00435_USD,,,,2100.75,,,,,,,,,,
ARB00442_USD,,,,,Wedbush_Brokerage Commissions_20260529,,,,50110,,,ARB00442_USD,,,,30.0,,,,,,,,,,
ARB00443_USD,,,,,Wedbush_Brokerage Commissions_20260529,,,,50110,,,ARB00443_USD,,,,30.0,,,,,,,,,,
ARB00446_EUR,,,,,Wedbush_Brokerage Commissions_20260529,,,,50110,,,ARB00446_EUR,,,,88.5,,,,,,,,,,
ARB00446_GBP,,,,,Wedbush_Brokerage Commissions_20260529,,,,50110,,,ARB00446_GBP,,,,0.0,,,,,,,,,,
ARB00446_USD,,,,,Wedbush_Brokerage Commissions_20260529,,,,50110,,,ARB00446_USD,,,,859.5,,,,,,,,,,
ARB00449_EUR,,,,,Wedbush_Brokerage Commissions_20260529,,,,50110,,,ARB00449_EUR,,,,15.0,,,,,,,,,,
ARB00449_GBP,,,,,Wedbush_Brokerage Commissions_20260529,,,,50110,,,ARB00449_GBP,,,,0.0,,,,,,,,,,
ARB00449_USD,,,,,Wedbush_Brokerage Commissions_20260529,,,,50110,,,ARB00449_USD,,,,468.15,,,,,,,,,,
ARB00456_EUR,,,,,Wedbush_Brokerage Commissions_20260529,,,,50110,,,ARB00456_EUR,,,,71.1,,,,,,,,,,
ARB00456_GBP,,,,,Wedbush_Brokerage Commissions_20260529,,,,50110,,,ARB00456_GBP,,,,0.0,,,,,,,,,,
ARB00456_USD,,,,,Wedbush_Brokerage Commissions_20260529,,,,50110,,,ARB00456_USD,,,,442.8,,,,,,,,,,
ARB00460_CAD,,,,,Wedbush_Brokerage Commissions_20260529,,,,50110,,,ARB00460_CAD,,,,0.0,,,,,,,,,,
ARB00460_USD,,,,,Wedbush_Brokerage Commissions_20260529,,,,50110,,,ARB00460_USD,,,,287.1,,,,,,,,,,
ARB00461_CAD,,,,,Wedbush_Brokerage Commissions_20260529,,,,50110,,,ARB00461_CAD,,,,0.0,,,,,,,,,,
ARB00461_USD,,,,,Wedbush_Brokerage Commissions_20260529,,,,50110,,,ARB00461_USD,,,,249.89999999999998,,,,,,,,,,
ARB00469_CAD,,,,,Wedbush_Brokerage Commissions_20260529,,,,50110,,,ARB00469_CAD,,,,0.0,,,,,,,,,,
ARB00469_EUR,,,,,Wedbush_Brokerage Commissions_20260529,,,,50110,,,ARB00469_EUR,,,,51.6,,,,,,,,,,
ARB00469_GBP,,,,,Wedbush_Brokerage Commissions_20260529,,,,50110,,,ARB00469_GBP,,,,0.0,,,,,,,,,,
ARB00469_USD,,,,,Wedbush_Brokerage Commissions_20260529,,,,50110,,,ARB00469_USD,,,,1661.85,,,,,,,,,,
ARB00486_EUR,,,,,Wedbush_Brokerage Commissions_20260529,,,,50110,,,ARB00486_EUR,,,,1.5,,,,,,,,,,
ARB00486_GBP,,,,,Wedbush_Brokerage Commissions_20260529,,,,50110,,,ARB00486_GBP,,,,0.0,,,,,,,,,,
ARB00486_USD,,,,,Wedbush_Brokerage Commissions_20260529,,,,50110,,,ARB00486_USD,,,,93.30000000000001,,,,,,,,,,
ARB00488_USD,,,,,Wedbush_Brokerage Commissions_20260529,,,,50110,,,ARB00488_USD,,,,16.8,,,,,,,,,,
ARB00493_CAD,,,,,Wedbush_Brokerage Commissions_20260529,,,,50110,,,ARB00493_CAD,,,,0.0,,,,,,,,,,
ARB00493_EUR,,,,,Wedbush_Brokerage Commissions_20260529,,,,50110,,,ARB00493_EUR,,,,42.15,,,,,,,,,,
ARB00493_GBP,,,,,Wedbush_Brokerage Commissions_20260529,,,,50110,,,ARB00493_GBP,,,,0.0,,,,,,,,,,
ARB00493_USD,,,,,Wedbush_Brokerage Commissions_20260529,,,,50110,,,ARB00493_USD,,,,467.4,,,,,,,,,,
ARB00494_CAD,,,,,Wedbush_Brokerage Commissions_20260529,,,,50110,,,ARB00494_CAD,,,,0.0,,,,,,,,,,
ARB00494_EUR,,,,,Wedbush_Brokerage Commissions_20260529,,,,50110,,,ARB00494_EUR,,,,31.65,,,,,,,,,,
ARB00494_GBP,,,,,Wedbush_Brokerage Commissions_20260529,,,,50110,,,ARB00494_GBP,,,,0.0,,,,,,,,,,
ARB00494_USD,,,,,Wedbush_Brokerage Commissions_20260529,,,,50110,,,ARB00494_USD,,,,2117.25,,,,,,,,,,
ARB00503_EUR,,,,,Wedbush_Brokerage Commissions_20260529,,,,50110,,,ARB00503_EUR,,,,26.700000000000003,,,,,,,,,,
ARB00503_GBP,,,,,Wedbush_Brokerage Commissions_20260529,,,,50110,,,ARB00503_GBP,,,,0.0,,,,,,,,,,
ARB00503_USD,,,,,Wedbush_Brokerage Commissions_20260529,,,,50110,,,ARB00503_USD,,,,111.6,,,,,,,,,,
ARB00514_EUR,,,,,Wedbush_Brokerage Commissions_20260529,,,,50110,,,ARB00514_EUR,,,,12.0,,,,,,,,,,
ARB00514_GBP,,,,,Wedbush_Brokerage Commissions_20260529,,,,50110,,,ARB00514_GBP,,,,0.0,,,,,,,,,,
ARB00520_EUR,,,,,Wedbush_Brokerage Commissions_20260529,,,,50110,,,ARB00520_EUR,,,,18.0,,,,,,,,,,
ARB00520_GBP,,,,,Wedbush_Brokerage Commissions_20260529,,,,50110,,,ARB00520_GBP,,,,0.0,,,,,,,,,,
ARB00520_USD,,,,,Wedbush_Brokerage Commissions_20260529,,,,50110,,,ARB00520_USD,,,,0.6,,,,,,,,,,
ARB00557_EUR,,,,,Wedbush_Brokerage Commissions_20260529,,,,50110,,,ARB00557_EUR,,,,6.0,,,,,,,,,,
ARB00557_GBP,,,,,Wedbush_Brokerage Commissions_20260529,,,,50110,,,ARB00557_GBP,,,,0.0,,,,,,,,,,
ARB00567_EUR,,,,,Wedbush_Brokerage Commissions_20260529,,,,50110,,,ARB00567_EUR,,,,63.900000000000006,,,,,,,,,,
ARB00567_GBP,,,,,Wedbush_Brokerage Commissions_20260529,,,,50110,,,ARB00567_GBP,,,,0.0,,,,,,,,,,
ARB00567_USD,,,,,Wedbush_Brokerage Commissions_20260529,,,,50110,,,ARB00567_USD,,,,179.4,,,,,,,,,,
ARB00754_USD,,,,,Wedbush_Brokerage Commissions_20260529,,,,50110,,,ARB00754_USD,,,,1485.45,,,,,,,,,,
ARB00765_USD,,,,,Wedbush_Brokerage Commissions_20260529,,,,50110,,,ARB00765_USD,,,,128.70000000000002,,,,,,,,,,
ARB01002_USD,,,,,Wedbush_Brokerage Commissions_20260529,,,,50110,,,ARB01002_USD,,,,329.7,,,,,,,,,,
ARB01057_MXN,,,,,Wedbush_Brokerage Commissions_20260529,,,,50110,,,ARB01057_MXN,,,,0.0,,,,,,,,,,
ARB01057_USD,,,,,Wedbush_Brokerage Commissions_20260529,,,,50110,,,ARB01057_USD,,,,537.45,,,,,,,,,,
ARB01063_USD,,,,,Wedbush_Brokerage Commissions_20260529,,,,50110,,,ARB01063_USD,,,,6963.6,,,,,,,,,,
ARB01064_USD,,,,,Wedbush_Brokerage Commissions_20260529,,,,50110,,,ARB01064_USD,,,,1368.15,,,,,,,,,,
ARB01065_USD,,,,,Wedbush_Brokerage Commissions_20260529,,,,50110,,,ARB01065_USD,,,,714.0,,,,,,,,,,
ARB01066_USD,,,,,Wedbush_Brokerage Commissions_20260529,,,,50110,,,ARB01066_USD,,,,130.8,,,,,,,,,,
ARB01067_USD,,,,,Wedbush_Brokerage Commissions_20260529,,,,50110,,,ARB01067_USD,,,,4.2,,,,,,,,,,
ARB01071_USD,,,,,Wedbush_Brokerage Commissions_20260529,,,,50110,,,ARB01071_USD,,,,3687.0,,,,,,,,,,
ARB01073_USD,,,,,Wedbush_Brokerage Commissions_20260529,,,,50110,,,ARB01073_USD,,,,3255.75,,,,,,,,,,
ARB01076_USD,,,,,Wedbush_Brokerage Commissions_20260529,,,,50110,,,ARB01076_USD,,,,7218.450000000001,,,,,,,,,,
ARB01078_USD,,,,,Wedbush_Brokerage Commissions_20260529,,,,50110,,,ARB01078_USD,,,,1377.9,,,,,,,,,,
ARB01092_USD,,,,,Wedbush_Brokerage Commissions_20260529,,,,50110,,,ARB01092_USD,,,,19804.05,,,,,,,,,,
ARB01100_USD,,,,,Wedbush_Brokerage Commissions_20260529,,,,50110,,,ARB01100_USD,,,,29.7,,,,,,,,,,
ARB01117_USD,,,,,Wedbush_Brokerage Commissions_20260529,,,,50110,,,ARB01117_USD,,,,6.6,,,,,,,,,,
ARB01129_USD,,,,,Wedbush_Brokerage Commissions_20260529,,,,50110,,,ARB01129_USD,,,,1.8,,,,,,,,,,
ARB01145_USD,,,,,Wedbush_Brokerage Commissions_20260529,,,,50110,,,ARB01145_USD,,,,4319.7,,,,,,,,,,
ARB01157_USD,,,,,Wedbush_Brokerage Commissions_20260529,,,,50110,,,ARB01157_USD,,,,625.65,,,,,,,,,,
ARB01158_USD,,,,,Wedbush_Brokerage Commissions_20260529,,,,50110,,,ARB01158_USD,,,,12519.900000000001,,,,,,,,,,
ARB01166_USD,,,,,Wedbush_Brokerage Commissions_20260529,,,,50110,,,ARB01166_USD,,,,287.55,,,,,,,,,,
ARB01172_USD,,,,,Wedbush_Brokerage Commissions_20260529,,,,50110,,,ARB01172_USD,,,,811.8000000000001,,,,,,,,,,
ARB01176_USD,,,,,Wedbush_Brokerage Commissions_20260529,,,,50110,,,ARB01176_USD,,,,1212.9,,,,,,,,,,
ARB01177_USD,,,,,Wedbush_Brokerage Commissions_20260529,,,,50110,,,ARB01177_USD,,,,12.0,,,,,,,,,,
ARB01195_USD,,,,,Wedbush_Brokerage Commissions_20260529,,,,50110,,,ARB01195_USD,,,,15.3,,,,,,,,,,
ARB01357_CHF,,,,,Wedbush_Brokerage Commissions_20260529,,,,50110,,,ARB01357_CHF,,,,0.0,,,,,,,,,,
ARB01357_EUR,,,,,Wedbush_Brokerage Commissions_20260529,,,,50110,,,ARB01357_EUR,,,,10900.95,,,,,,,,,,
ARB01357_GBP,,,,,Wedbush_Brokerage Commissions_20260529,,,,50110,,,ARB01357_GBP,,,,0.0,,,,,,,,,,
ARB01357_USD,,,,,Wedbush_Brokerage Commissions_20260529,,,,50110,,,ARB01357_USD,,,,2436.0,,,,,,,,,,
ARB01400_EUR,,,,,Wedbush_Brokerage Commissions_20260529,,,,50110,,,ARB01400_EUR,,,,201.3,,,,,,,,,,
ARB01400_GBP,,,,,Wedbush_Brokerage Commissions_20260529,,,,50110,,,ARB01400_GBP,,,,0.0,,,,,,,,,,
ARB01400_USD,,,,,Wedbush_Brokerage Commissions_20260529,,,,50110,,,ARB01400_USD,,,,579.9,,,,,,,,,,
ARB01417_EUR,,,,,Wedbush_Brokerage Commissions_20260529,,,,50110,,,ARB01417_EUR,,,,111.0,,,,,,,,,,
ARB01417_GBP,,,,,Wedbush_Brokerage Commissions_20260529,,,,50110,,,ARB01417_GBP,,,,0.0,,,,,,,,,,
ARB01417_USD,,,,,Wedbush_Brokerage Commissions_20260529,,,,50110,,,ARB01417_USD,,,,2048.85,,,,,,,,,,
ARB01445_EUR,,,,,Wedbush_Brokerage Commissions_20260529,,,,50110,,,ARB01445_EUR,,,,897.9000000000001,,,,,,,,,,
ARB01445_GBP,,,,,Wedbush_Brokerage Commissions_20260529,,,,50110,,,ARB01445_GBP,,,,0.0,,,,,,,,,,
ARB01457_CAD,,,,,Wedbush_Brokerage Commissions_20260529,,,,50110,,,ARB01457_CAD,,,,0.0,,,,,,,,,,
ARB01457_USD,,,,,Wedbush_Brokerage Commissions_20260529,,,,50110,,,ARB01457_USD,,,,127.05,,,,,,,,,,
ARB01458_CAD,,,,,Wedbush_Brokerage Commissions_20260529,,,,50110,,,ARB01458_CAD,,,,0.0,,,,,,,,,,
ARB01458_USD,,,,,Wedbush_Brokerage Commissions_20260529,,,,50110,,,ARB01458_USD,,,,768.45,,,,,,,,,,
ARB01466_CAD,,,,,Wedbush_Brokerage Commissions_20260529,,,,50110,,,ARB01466_CAD,,,,0.0,,,,,,,,,,
ARB01466_USD,,,,,Wedbush_Brokerage Commissions_20260529,,,,50110,,,ARB01466_USD,,,,81.3,,,,,,,,,,
ARB01472_CAD,,,,,Wedbush_Brokerage Commissions_20260529,,,,50110,,,ARB01472_CAD,,,,0.0,,,,,,,,,,
ARB01472_USD,,,,,Wedbush_Brokerage Commissions_20260529,,,,50110,,,ARB01472_USD,,,,32.7,,,,,,,,,,
ARB01476_USD,,,,,Wedbush_Brokerage Commissions_20260529,,,,50110,,,ARB01476_USD,,,,181.05,,,,,,,,,,
ARB01602_USD,,,,,Wedbush_Brokerage Commissions_20260529,,,,50110,,,ARB01602_USD,,,,0.6,,,,,,,,,,
ARB01606_USD,,,,,Wedbush_Brokerage Commissions_20260529,,,,50110,,,ARB01606_USD,,,,0.0,,,,,,,,,,
ARB02012_USD,,,,,Wedbush_Brokerage Commissions_20260529,,,,50110,,,ARB02012_USD,,,,7151.7,,,,,,,,,,
ARB02040_USD,,,,,Wedbush_Brokerage Commissions_20260529,,,,50110,,,ARB02040_USD,,,,89.7,,,,,,,,,,
ARB02043_USD,,,,,Wedbush_Brokerage Commissions_20260529,,,,50110,,,ARB02043_USD,,,,2268.45,,,,,,,,,,
ARB02044_USD,,,,,Wedbush_Brokerage Commissions_20260529,,,,50110,,,ARB02044_USD,,,,1693.2,,,,,,,,,,
ARB02045_USD,,,,,Wedbush_Brokerage Commissions_20260529,,,,50110,,,ARB02045_USD,,,,30.6,,,,,,,,,,
ARB02047_USD,,,,,Wedbush_Brokerage Commissions_20260529,,,,50110,,,ARB02047_USD,,,,924.3,,,,,,,,,,
ARB02052_USD,,,,,Wedbush_Brokerage Commissions_20260529,,,,50110,,,ARB02052_USD,,,,146.4,,,,,,,,,,
ARB02055_USD,,,,,Wedbush_Brokerage Commissions_20260529,,,,50110,,,ARB02055_USD,,,,282.75,,,,,,,,,,
ARB02076_USD,,,,,Wedbush_Brokerage Commissions_20260529,,,,50110,,,ARB02076_USD,,,,123562.8,,,,,,,,,,
ARB02102_USD,,,,,Wedbush_Brokerage Commissions_20260529,,,,50110,,,ARB02102_USD,,,,819.6,,,,,,,,,,
ARB02103_USD,,,,,Wedbush_Brokerage Commissions_20260529,,,,50110,,,ARB02103_USD,,,,1594.3500000000001,,,,,,,,,,
ARB02116_USD,,,,,Wedbush_Brokerage Commissions_20260529,,,,50110,,,ARB02116_USD,,,,352.95,,,,,,,,,,
ARB02118_USD,,,,,Wedbush_Brokerage Commissions_20260529,,,,50110,,,ARB02118_USD,,,,497.84999999999997,,,,,,,,,,
ARB02121_USD,,,,,Wedbush_Brokerage Commissions_20260529,,,,50110,,,ARB02121_USD,,,,285.0,,,,,,,,,,
ARB02129_USD,,,,,Wedbush_Brokerage Commissions_20260529,,,,50110,,,ARB02129_USD,,,,1472.4,,,,,,,,,,
ARB02132_USD,,,,,Wedbush_Brokerage Commissions_20260529,,,,50110,,,ARB02132_USD,,,,158.4,,,,,,,,,,
ARB02135_USD,,,,,Wedbush_Brokerage Commissions_20260529,,,,50110,,,ARB02135_USD,,,,186.60000000000002,,,,,,,,,,
ARB02136_USD,,,,,Wedbush_Brokerage Commissions_20260529,,,,50110,,,ARB02136_USD,,,,246.3,,,,,,,,,,
ARB02145_USD,,,,,Wedbush_Brokerage Commissions_20260529,,,,50110,,,ARB02145_USD,,,,151.8,,,,,,,,,,
ARB02147_USD,,,,,Wedbush_Brokerage Commissions_20260529,,,,50110,,,ARB02147_USD,,,,2308.05,,,,,,,,,,
ARB02149_USD,,,,,Wedbush_Brokerage Commissions_20260529,,,,50110,,,ARB02149_USD,,,,271.5,,,,,,,,,,
ARB02152_USD,,,,,Wedbush_Brokerage Commissions_20260529,,,,50110,,,ARB02152_USD,,,,203.4,,,,,,,,,,
ARB02154_USD,,,,,Wedbush_Brokerage Commissions_20260529,,,,50110,,,ARB02154_USD,,,,252.0,,,,,,,,,,
ARB02156_USD,,,,,Wedbush_Brokerage Commissions_20260529,,,,50110,,,ARB02156_USD,,,,1.8,,,,,,,,,,
ARB02158_USD,,,,,Wedbush_Brokerage Commissions_20260529,,,,50110,,,ARB02158_USD,,,,1424.1,,,,,,,,,,
ARB02167_USD,,,,,Wedbush_Brokerage Commissions_20260529,,,,50110,,,ARB02167_USD,,,,1027.2,,,,,,,,,,
ARB02168_USD,,,,,Wedbush_Brokerage Commissions_20260529,,,,50110,,,ARB02168_USD,,,,7.2,,,,,,,,,,
ARB02173_USD,,,,,Wedbush_Brokerage Commissions_20260529,,,,50110,,,ARB02173_USD,,,,1098.75,,,,,,,,,,
ARB02176_USD,,,,,Wedbush_Brokerage Commissions_20260529,,,,50110,,,ARB02176_USD,,,,8513.1,,,,,,,,,,
ARB02177_USD,,,,,Wedbush_Brokerage Commissions_20260529,,,,50110,,,ARB02177_USD,,,,1441.35,,,,,,,,,,
ARB02179_USD,,,,,Wedbush_Brokerage Commissions_20260529,,,,50110,,,ARB02179_USD,,,,3652.8,,,,,,,,,,
ARB02180_USD,,,,,Wedbush_Brokerage Commissions_20260529,,,,50110,,,ARB02180_USD,,,,2119.35,,,,,,,,,,
ARB02181_USD,,,,,Wedbush_Brokerage Commissions_20260529,,,,50110,,,ARB02181_USD,,,,5393.7,,,,,,,,,,
ARB02182_USD,,,,,Wedbush_Brokerage Commissions_20260529,,,,50110,,,ARB02182_USD,,,,1726.8000000000002,,,,,,,,,,
ARB02183_USD,,,,,Wedbush_Brokerage Commissions_20260529,,,,50110,,,ARB02183_USD,,,,3769.95,,,,,,,,,,
ARB02184_USD,,,,,Wedbush_Brokerage Commissions_20260529,,,,50110,,,ARB02184_USD,,,,7524.6,,,,,,,,,,
ARB02185_USD,,,,,Wedbush_Brokerage Commissions_20260529,,,,50110,,,ARB02185_USD,,,,73.5,,,,,,,,,,
ARB02187_USD,,,,,Wedbush_Brokerage Commissions_20260529,,,,50110,,,ARB02187_USD,,,,16.65,,,,,,,,,,
ARB02188_USD,,,,,Wedbush_Brokerage Commissions_20260529,,,,50110,,,ARB02188_USD,,,,84.0,,,,,,,,,,
ARB02190_USD,,,,,Wedbush_Brokerage Commissions_20260529,,,,50110,,,ARB02190_USD,,,,78.6,,,,,,,,,,
ARB02191_USD,,,,,Wedbush_Brokerage Commissions_20260529,,,,50110,,,ARB02191_USD,,,,102.60000000000001,,,,,,,,,,
ARB02196_USD,,,,,Wedbush_Brokerage Commissions_20260529,,,,50110,,,ARB02196_USD,,,,18.0,,,,,,,,,,
ARB02342_EUR,,,,,Wedbush_Brokerage Commissions_20260529,,,,50110,,,ARB02342_EUR,,,,11.7,,,,,,,,,,
ARB02342_GBP,,,,,Wedbush_Brokerage Commissions_20260529,,,,50110,,,ARB02342_GBP,,,,0.0,,,,,,,,,,
ARB02343_EUR,,,,,Wedbush_Brokerage Commissions_20260529,,,,50110,,,ARB02343_EUR,,,,644.07,,,,,,,,,,
ARB02343_GBP,,,,,Wedbush_Brokerage Commissions_20260529,,,,50110,,,ARB02343_GBP,,,,0.0,,,,,,,,,,
ARB02343_USD,,,,,Wedbush_Brokerage Commissions_20260529,,,,50110,,,ARB02343_USD,,,,128.4,,,,,,,,,,
ARB02345_EUR,,,,,Wedbush_Brokerage Commissions_20260529,,,,50110,,,ARB02345_EUR,,,,6.9,,,,,,,,,,
ARB02345_GBP,,,,,Wedbush_Brokerage Commissions_20260529,,,,50110,,,ARB02345_GBP,,,,0.0,,,,,,,,,,
ARB02355_USD,,,,,Wedbush_Brokerage Commissions_20260529,,,,50110,,,ARB02355_USD,,,,60.0,,,,,,,,,,
ARB02376_EUR,,,,,Wedbush_Brokerage Commissions_20260529,,,,50110,,,ARB02376_EUR,,,,4554.6,,,,,,,,,,
ARB02376_GBP,,,,,Wedbush_Brokerage Commissions_20260529,,,,50110,,,ARB02376_GBP,,,,0.0,,,,,,,,,,
ARB02402_USD,,,,,Wedbush_Brokerage Commissions_20260529,,,,50110,,,ARB02402_USD,,,,125.1,,,,,,,,,,
ARB02416_EUR,,,,,Wedbush_Brokerage Commissions_20260529,,,,50110,,,ARB02416_EUR,,,,22.5,,,,,,,,,,
ARB02416_GBP,,,,,Wedbush_Brokerage Commissions_20260529,,,,50110,,,ARB02416_GBP,,,,0.0,,,,,,,,,,
ARB02416_USD,,,,,Wedbush_Brokerage Commissions_20260529,,,,50110,,,ARB02416_USD,,,,185.25,,,,,,,,,,
ARB02418_EUR,,,,,Wedbush_Brokerage Commissions_20260529,,,,50110,,,ARB02418_EUR,,,,113.85,,,,,,,,,,
ARB02418_GBP,,,,,Wedbush_Brokerage Commissions_20260529,,,,50110,,,ARB02418_GBP,,,,0.0,,,,,,,,,,
ARB02418_USD,,,,,Wedbush_Brokerage Commissions_20260529,,,,50110,,,ARB02418_USD,,,,1366.1999999999998,,,,,,,,,,
ARB02421_EUR,,,,,Wedbush_Brokerage Commissions_20260529,,,,50110,,,ARB02421_EUR,,,,119.1,,,,,,,,,,
ARB02421_GBP,,,,,Wedbush_Brokerage Commissions_20260529,,,,50110,,,ARB02421_GBP,,,,0.0,,,,,,,,,,
ARB02421_USD,,,,,Wedbush_Brokerage Commissions_20260529,,,,50110,,,ARB02421_USD,,,,100.5,,,,,,,,,,
ARB02429_CAD,,,,,Wedbush_Brokerage Commissions_20260529,,,,50110,,,ARB02429_CAD,,,,0.0,,,,,,,,,,
ARB02429_EUR,,,,,Wedbush_Brokerage Commissions_20260529,,,,50110,,,ARB02429_EUR,,,,10.95,,,,,,,,,,
ARB02429_GBP,,,,,Wedbush_Brokerage Commissions_20260529,,,,50110,,,ARB02429_GBP,,,,0.0,,,,,,,,,,
ARB02429_USD,,,,,Wedbush_Brokerage Commissions_20260529,,,,50110,,,ARB02429_USD,,,,402.3,,,,,,,,,,
ARB02432_CAD,,,,,Wedbush_Brokerage Commissions_20260529,,,,50110,,,ARB02432_CAD,,,,0.0,,,,,,,,,,
ARB02432_USD,,,,,Wedbush_Brokerage Commissions_20260529,,,,50110,,,ARB02432_USD,,,,117.3,,,,,,,,,,
ARB02435_CAD,,,,,Wedbush_Brokerage Commissions_20260529,,,,50110,,,ARB02435_CAD,,,,0.0,,,,,,,,,,
ARB02435_USD,,,,,Wedbush_Brokerage Commissions_20260529,,,,50110,,,ARB02435_USD,,,,81.60000000000001,,,,,,,,,,
ARB02436_EUR,,,,,Wedbush_Brokerage Commissions_20260529,,,,50110,,,ARB02436_EUR,,,,436.05,,,,,,,,,,
ARB02436_GBP,,,,,Wedbush_Brokerage Commissions_20260529,,,,50110,,,ARB02436_GBP,,,,0.0,,,,,,,,,,
ARB02436_USD,,,,,Wedbush_Brokerage Commissions_20260529,,,,50110,,,ARB02436_USD,,,,822.6,,,,,,,,,,
ARB02445_USD,,,,,Wedbush_Brokerage Commissions_20260529,,,,50110,,,ARB02445_USD,,,,984.3,,,,,,,,,,
ARB02447_CAD,,,,,Wedbush_Brokerage Commissions_20260529,,,,50110,,,ARB02447_CAD,,,,0.0,,,,,,,,,,
ARB02447_USD,,,,,Wedbush_Brokerage Commissions_20260529,,,,50110,,,ARB02447_USD,,,,102.75,,,,,,,,,,
ARB02449_EUR,,,,,Wedbush_Brokerage Commissions_20260529,,,,50110,,,ARB02449_EUR,,,,65.1,,,,,,,,,,
ARB02449_GBP,,,,,Wedbush_Brokerage Commissions_20260529,,,,50110,,,ARB02449_GBP,,,,0.0,,,,,,,,,,
ARB02449_USD,,,,,Wedbush_Brokerage Commissions_20260529,,,,50110,,,ARB02449_USD,,,,534.3,,,,,,,,,,
ARB02452_USD,,,,,Wedbush_Brokerage Commissions_20260529,,,,50110,,,ARB02452_USD,,,,37.199999999999996,,,,,,,,,,
ARB02454_EUR,,,,,Wedbush_Brokerage Commissions_20260529,,,,50110,,,ARB02454_EUR,,,,47.400000000000006,,,,,,,,,,
ARB02454_GBP,,,,,Wedbush_Brokerage Commissions_20260529,,,,50110,,,ARB02454_GBP,,,,0.0,,,,,,,,,,
ARB02454_USD,,,,,Wedbush_Brokerage Commissions_20260529,,,,50110,,,ARB02454_USD,,,,107.1,,,,,,,,,,
ARB02456_EUR,,,,,Wedbush_Brokerage Commissions_20260529,,,,50110,,,ARB02456_EUR,,,,10.65,,,,,,,,,,
ARB02456_GBP,,,,,Wedbush_Brokerage Commissions_20260529,,,,50110,,,ARB02456_GBP,,,,0.0,,,,,,,,,,
ARB02456_USD,,,,,Wedbush_Brokerage Commissions_20260529,,,,50110,,,ARB02456_USD,,,,77.39999999999999,,,,,,,,,,
ARB02458_USD,,,,,Wedbush_Brokerage Commissions_20260529,,,,50110,,,ARB02458_USD,,,,115.5,,,,,,,,,,
ARB02463_USD,,,,,Wedbush_Brokerage Commissions_20260529,,,,50110,,,ARB02463_USD,,,,199.65,,,,,,,,,,
ARB02473_EUR,,,,,Wedbush_Brokerage Commissions_20260529,,,,50110,,,ARB02473_EUR,,,,13.35,,,,,,,,,,
ARB02473_GBP,,,,,Wedbush_Brokerage Commissions_20260529,,,,50110,,,ARB02473_GBP,,,,0.0,,,,,,,,,,
ARB02473_USD,,,,,Wedbush_Brokerage Commissions_20260529,,,,50110,,,ARB02473_USD,,,,518.7,,,,,,,,,,
ARB02476_EUR,,,,,Wedbush_Brokerage Commissions_20260529,,,,50110,,,ARB02476_EUR,,,,1132.8,,,,,,,,,,
ARB02476_GBP,,,,,Wedbush_Brokerage Commissions_20260529,,,,50110,,,ARB02476_GBP,,,,0.0,,,,,,,,,,
ARB02476_USD,,,,,Wedbush_Brokerage Commissions_20260529,,,,50110,,,ARB02476_USD,,,,8445.3,,,,,,,,,,
ARB02477_CAD,,,,,Wedbush_Brokerage Commissions_20260529,,,,50110,,,ARB02477_CAD,,,,0.0,,,,,,,,,,
ARB02477_USD,,,,,Wedbush_Brokerage Commissions_20260529,,,,50110,,,ARB02477_USD,,,,21.299999999999997,,,,,,,,,,
ARB02479_CAD,,,,,Wedbush_Brokerage Commissions_20260529,,,,50110,,,ARB02479_CAD,,,,0.0,,,,,,,,,,
ARB02479_USD,,,,,Wedbush_Brokerage Commissions_20260529,,,,50110,,,ARB02479_USD,,,,361.2,,,,,,,,,,
ARB02480_CAD,,,,,Wedbush_Brokerage Commissions_20260529,,,,50110,,,ARB02480_CAD,,,,0.0,,,,,,,,,,
ARB02480_USD,,,,,Wedbush_Brokerage Commissions_20260529,,,,50110,,,ARB02480_USD,,,,271.95,,,,,,,,,,
ARB02481_CAD,,,,,Wedbush_Brokerage Commissions_20260529,,,,50110,,,ARB02481_CAD,,,,0.0,,,,,,,,,,
ARB02481_USD,,,,,Wedbush_Brokerage Commissions_20260529,,,,50110,,,ARB02481_USD,,,,449.40000000000003,,,,,,,,,,
ARB02482_CAD,,,,,Wedbush_Brokerage Commissions_20260529,,,,50110,,,ARB02482_CAD,,,,0.0,,,,,,,,,,
ARB02482_USD,,,,,Wedbush_Brokerage Commissions_20260529,,,,50110,,,ARB02482_USD,,,,65.1,,,,,,,,,,
ARB02483_CAD,,,,,Wedbush_Brokerage Commissions_20260529,,,,50110,,,ARB02483_CAD,,,,0.0,,,,,,,,,,
ARB02483_USD,,,,,Wedbush_Brokerage Commissions_20260529,,,,50110,,,ARB02483_USD,,,,342.6,,,,,,,,,,
ARB02484_CAD,,,,,Wedbush_Brokerage Commissions_20260529,,,,50110,,,ARB02484_CAD,,,,0.0,,,,,,,,,,
ARB02484_EUR,,,,,Wedbush_Brokerage Commissions_20260529,,,,50110,,,ARB02484_EUR,,,,0.3,,,,,,,,,,
ARB02484_GBP,,,,,Wedbush_Brokerage Commissions_20260529,,,,50110,,,ARB02484_GBP,,,,0.0,,,,,,,,,,
ARB02484_USD,,,,,Wedbush_Brokerage Commissions_20260529,,,,50110,,,ARB02484_USD,,,,889.05,,,,,,,,,,
ARB02485_EUR,,,,,Wedbush_Brokerage Commissions_20260529,,,,50110,,,ARB02485_EUR,,,,155.85,,,,,,,,,,
ARB02485_GBP,,,,,Wedbush_Brokerage Commissions_20260529,,,,50110,,,ARB02485_GBP,,,,0.0,,,,,,,,,,
ARB02485_USD,,,,,Wedbush_Brokerage Commissions_20260529,,,,50110,,,ARB02485_USD,,,,1322.4,,,,,,,,,,
ARB02488_USD,,,,,Wedbush_Brokerage Commissions_20260529,,,,50110,,,ARB02488_USD,,,,762.9,,,,,,,,,,
ARB02491_CAD,,,,,Wedbush_Brokerage Commissions_20260529,,,,50110,,,ARB02491_CAD,,,,0.0,,,,,,,,,,
ARB02491_EUR,,,,,Wedbush_Brokerage Commissions_20260529,,,,50110,,,ARB02491_EUR,,,,39.3,,,,,,,,,,
ARB02491_GBP,,,,,Wedbush_Brokerage Commissions_20260529,,,,50110,,,ARB02491_GBP,,,,0.0,,,,,,,,,,
ARB02491_USD,,,,,Wedbush_Brokerage Commissions_20260529,,,,50110,,,ARB02491_USD,,,,3.9,,,,,,,,,,
ARB03003_USD,,,,,Wedbush_Brokerage Commissions_20260529,,,,50110,,,ARB03003_USD,,,,360.0,,,,,,,,,,
ARB03022_USD,,,,,Wedbush_Brokerage Commissions_20260529,,,,50110,,,ARB03022_USD,,,,5667.75,,,,,,,,,,
ARB03032_USD,,,,,Wedbush_Brokerage Commissions_20260529,,,,50110,,,ARB03032_USD,,,,1039.2,,,,,,,,,,
ARB03033_USD,,,,,Wedbush_Brokerage Commissions_20260529,,,,50110,,,ARB03033_USD,,,,623.1,,,,,,,,,,
ARB03035_USD,,,,,Wedbush_Brokerage Commissions_20260529,,,,50110,,,ARB03035_USD,,,,3.75,,,,,,,,,,
ARB03037_USD,,,,,Wedbush_Brokerage Commissions_20260529,,,,50110,,,ARB03037_USD,,,,274.05,,,,,,,,,,
ARB03038_USD,,,,,Wedbush_Brokerage Commissions_20260529,,,,50110,,,ARB03038_USD,,,,106.95,,,,,,,,,,
ARB03042_USD,,,,,Wedbush_Brokerage Commissions_20260529,,,,50110,,,ARB03042_USD,,,,2.7,,,,,,,,,,
ARB03043_USD,,,,,Wedbush_Brokerage Commissions_20260529,,,,50110,,,ARB03043_USD,,,,16.200000000000003,,,,,,,,,,
ARB03046_USD,,,,,Wedbush_Brokerage Commissions_20260529,,,,50110,,,ARB03046_USD,,,,38.7,,,,,,,,,,
ARB03052_USD,,,,,Wedbush_Brokerage Commissions_20260529,,,,50110,,,ARB03052_USD,,,,539.25,,,,,,,,,,
ARB03057_USD,,,,,Wedbush_Brokerage Commissions_20260529,,,,50110,,,ARB03057_USD,,,,0.0,,,,,,,,,,
ARB03060_USD,,,,,Wedbush_Brokerage Commissions_20260529,,,,50110,,,ARB03060_USD,,,,1400.1,,,,,,,,,,
ARB03062_USD,,,,,Wedbush_Brokerage Commissions_20260529,,,,50110,,,ARB03062_USD,,,,842.7,,,,,,,,,,
ARB03064_USD,,,,,Wedbush_Brokerage Commissions_20260529,,,,50110,,,ARB03064_USD,,,,131.7,,,,,,,,,,
ARB03065_USD,,,,,Wedbush_Brokerage Commissions_20260529,,,,50110,,,ARB03065_USD,,,,10755.15,,,,,,,,,,
ARB03072_USD,,,,,Wedbush_Brokerage Commissions_20260529,,,,50110,,,ARB03072_USD,,,,4023.15,,,,,,,,,,
ARB03073_USD,,,,,Wedbush_Brokerage Commissions_20260529,,,,50110,,,ARB03073_USD,,,,6246.45,,,,,,,,,,
ARB03078_USD,,,,,Wedbush_Brokerage Commissions_20260529,,,,50110,,,ARB03078_USD,,,,42.3,,,,,,,,,,
ARB03079_USD,,,,,Wedbush_Brokerage Commissions_20260529,,,,50110,,,ARB03079_USD,,,,459.0,,,,,,,,,,
ARB03080_USD,,,,,Wedbush_Brokerage Commissions_20260529,,,,50110,,,ARB03080_USD,,,,153.6,,,,,,,,,,
ARB03084_USD,,,,,Wedbush_Brokerage Commissions_20260529,,,,50110,,,ARB03084_USD,,,,299.7,,,,,,,,,,
ARB03088_USD,,,,,Wedbush_Brokerage Commissions_20260529,,,,50110,,,ARB03088_USD,,,,22.2,,,,,,,,,,
ARB03090_USD,,,,,Wedbush_Brokerage Commissions_20260529,,,,50110,,,ARB03090_USD,,,,72.6,,,,,,,,,,
ARB03093_USD,,,,,Wedbush_Brokerage Commissions_20260529,,,,50110,,,ARB03093_USD,,,,75.15,,,,,,,,,,
ARB03096_USD,,,,,Wedbush_Brokerage Commissions_20260529,,,,50110,,,ARB03096_USD,,,,7.199999999999999,,,,,,,,,,
ARB03100_USD,,,,,Wedbush_Brokerage Commissions_20260529,,,,50110,,,ARB03100_USD,,,,50.4,,,,,,,,,,
ARB03102_USD,,,,,Wedbush_Brokerage Commissions_20260529,,,,50110,,,ARB03102_USD,,,,295.8,,,,,,,,,,
ARB03103_USD,,,,,Wedbush_Brokerage Commissions_20260529,,,,50110,,,ARB03103_USD,,,,1737.75,,,,,,,,,,
ARB03104_USD,,,,,Wedbush_Brokerage Commissions_20260529,,,,50110,,,ARB03104_USD,,,,1517.4,,,,,,,,,,
ARB03105_USD,,,,,Wedbush_Brokerage Commissions_20260529,,,,50110,,,ARB03105_USD,,,,1551.1499999999999,,,,,,,,,,
ARB03106_USD,,,,,Wedbush_Brokerage Commissions_20260529,,,,50110,,,ARB03106_USD,,,,845.25,,,,,,,,,,
ARB03107_USD,,,,,Wedbush_Brokerage Commissions_20260529,,,,50110,,,ARB03107_USD,,,,3469.95,,,,,,,,,,
ARB03108_USD,,,,,Wedbush_Brokerage Commissions_20260529,,,,50110,,,ARB03108_USD,,,,2464.8,,,,,,,,,,
ARB03109_USD,,,,,Wedbush_Brokerage Commissions_20260529,,,,50110,,,ARB03109_USD,,,,1900.3500000000001,,,,,,,,,,
ARB03110_USD,,,,,Wedbush_Brokerage Commissions_20260529,,,,50110,,,ARB03110_USD,,,,42.0,,,,,,,,,,
ARB03112_USD,,,,,Wedbush_Brokerage Commissions_20260529,,,,50110,,,ARB03112_USD,,,,186.75,,,,,,,,,,
ARB03113_USD,,,,,Wedbush_Brokerage Commissions_20260529,,,,50110,,,ARB03113_USD,,,,111.3,,,,,,,,,,
ARB03115_USD,,,,,Wedbush_Brokerage Commissions_20260529,,,,50110,,,ARB03115_USD,,,,0.0,,,,,,,,,,
ARB03116_USD,,,,,Wedbush_Brokerage Commissions_20260529,,,,50110,,,ARB03116_USD,,,,231.0,,,,,,,,,,
ARB03122_USD,,,,,Wedbush_Brokerage Commissions_20260529,,,,50110,,,ARB03122_USD,,,,372.45,,,,,,,,,,
ARB03125_USD,,,,,Wedbush_Brokerage Commissions_20260529,,,,50110,,,ARB03125_USD,,,,96.3,,,,,,,,,,
ARB03133_USD,,,,,Wedbush_Brokerage Commissions_20260529,,,,50110,,,ARB03133_USD,,,,1460.55,,,,,,,,,,
ARB03134_USD,,,,,Wedbush_Brokerage Commissions_20260529,,,,50110,,,ARB03134_USD,,,,85.5,,,,,,,,,,
ARB03136_USD,,,,,Wedbush_Brokerage Commissions_20260529,,,,50110,,,ARB03136_USD,,,,7.8,,,,,,,,,,
ARB03139_USD,,,,,Wedbush_Brokerage Commissions_20260529,,,,50110,,,ARB03139_USD,,,,125.7,,,,,,,,,,
ARB03141_USD,,,,,Wedbush_Brokerage Commissions_20260529,,,,50110,,,ARB03141_USD,,,,2271.9,,,,,,,,,,
ARB03142_USD,,,,,Wedbush_Brokerage Commissions_20260529,,,,50110,,,ARB03142_USD,,,,447.3,,,,,,,,,,
ARB03143_USD,,,,,Wedbush_Brokerage Commissions_20260529,,,,50110,,,ARB03143_USD,,,,435.9,,,,,,,,,,
ARB03144_USD,,,,,Wedbush_Brokerage Commissions_20260529,,,,50110,,,ARB03144_USD,,,,194.85,,,,,,,,,,
ARB03146_USD,,,,,Wedbush_Brokerage Commissions_20260529,,,,50110,,,ARB03146_USD,,,,456.6,,,,,,,,,,
ARB03154_USD,,,,,Wedbush_Brokerage Commissions_20260529,,,,50110,,,ARB03154_USD,,,,103.8,,,,,,,,,,
ARB03156_USD,,,,,Wedbush_Brokerage Commissions_20260529,,,,50110,,,ARB03156_USD,,,,590.8499999999999,,,,,,,,,,
ARB03157_USD,,,,,Wedbush_Brokerage Commissions_20260529,,,,50110,,,ARB03157_USD,,,,450.6,,,,,,,,,,
ARB03159_USD,,,,,Wedbush_Brokerage Commissions_20260529,,,,50110,,,ARB03159_USD,,,,489.90000000000003,,,,,,,,,,
ARB03168_USD,,,,,Wedbush_Brokerage Commissions_20260529,,,,50110,,,ARB03168_USD,,,,95.25,,,,,,,,,,
ARB03174_USD,,,,,Wedbush_Brokerage Commissions_20260529,,,,50110,,,ARB03174_USD,,,,242.4,,,,,,,,,,
ARB03175_USD,,,,,Wedbush_Brokerage Commissions_20260529,,,,50110,,,ARB03175_USD,,,,424.2,,,,,,,,,,
ARB03176_USD,,,,,Wedbush_Brokerage Commissions_20260529,,,,50110,,,ARB03176_USD,,,,576.3,,,,,,,,,,
ARB03185_USD,,,,,Wedbush_Brokerage Commissions_20260529,,,,50110,,,ARB03185_USD,,,,159.6,,,,,,,,,,
ARB03192_USD,,,,,Wedbush_Brokerage Commissions_20260529,,,,50110,,,ARB03192_USD,,,,402.59999999999997,,,,,,,,,,
ARB03360_EUR,,,,,Wedbush_Brokerage Commissions_20260529,,,,50110,,,ARB03360_EUR,,,,4868.85,,,,,,,,,,
ARB03360_GBP,,,,,Wedbush_Brokerage Commissions_20260529,,,,50110,,,ARB03360_GBP,,,,0.0,,,,,,,,,,
ARB03362_EUR,,,,,Wedbush_Brokerage Commissions_20260529,,,,50110,,,ARB03362_EUR,,,,660.6,,,,,,,,,,
ARB03362_GBP,,,,,Wedbush_Brokerage Commissions_20260529,,,,50110,,,ARB03362_GBP,,,,0.0,,,,,,,,,,
ARB03362_USD,,,,,Wedbush_Brokerage Commissions_20260529,,,,50110,,,ARB03362_USD,,,,288.9,,,,,,,,,,
ARB03364_EUR,,,,,Wedbush_Brokerage Commissions_20260529,,,,50110,,,ARB03364_EUR,,,,12.0,,,,,,,,,,
ARB03364_GBP,,,,,Wedbush_Brokerage Commissions_20260529,,,,50110,,,ARB03364_GBP,,,,0.0,,,,,,,,,,
ARB03372_USD,,,,,Wedbush_Brokerage Commissions_20260529,,,,50110,,,ARB03372_USD,,,,241.2,,,,,,,,,,
ARB03373_USD,,,,,Wedbush_Brokerage Commissions_20260529,,,,50110,,,ARB03373_USD,,,,22.8,,,,,,,,,,
ARB03378_USD,,,,,Wedbush_Brokerage Commissions_20260529,,,,50110,,,ARB03378_USD,,,,178.8,,,,,,,,,,
ARB03400_EUR,,,,,Wedbush_Brokerage Commissions_20260529,,,,50110,,,ARB03400_EUR,,,,104.39999999999999,,,,,,,,,,
ARB03400_GBP,,,,,Wedbush_Brokerage Commissions_20260529,,,,50110,,,ARB03400_GBP,,,,0.0,,,,,,,,,,
ARB03400_USD,,,,,Wedbush_Brokerage Commissions_20260529,,,,50110,,,ARB03400_USD,,,,814.2,,,,,,,,,,
ARB03402_EUR,,,,,Wedbush_Brokerage Commissions_20260529,,,,50110,,,ARB03402_EUR,,,,55.5,,,,,,,,,,
ARB03402_GBP,,,,,Wedbush_Brokerage Commissions_20260529,,,,50110,,,ARB03402_GBP,,,,0.0,,,,,,,,,,
ARB03402_USD,,,,,Wedbush_Brokerage Commissions_20260529,,,,50110,,,ARB03402_USD,,,,1541.3999999999999,,,,,,,,,,
ARB03403_CAD,,,,,Wedbush_Brokerage Commissions_20260529,,,,50110,,,ARB03403_CAD,,,,0.0,,,,,,,,,,
ARB03403_USD,,,,,Wedbush_Brokerage Commissions_20260529,,,,50110,,,ARB03403_USD,,,,444.45000000000005,,,,,,,,,,
ARB03404_CAD,,,,,Wedbush_Brokerage Commissions_20260529,,,,50110,,,ARB03404_CAD,,,,0.0,,,,,,,,,,
ARB03404_EUR,,,,,Wedbush_Brokerage Commissions_20260529,,,,50110,,,ARB03404_EUR,,,,12.899999999999999,,,,,,,,,,
ARB03404_GBP,,,,,Wedbush_Brokerage Commissions_20260529,,,,50110,,,ARB03404_GBP,,,,0.0,,,,,,,,,,
ARB03404_USD,,,,,Wedbush_Brokerage Commissions_20260529,,,,50110,,,ARB03404_USD,,,,408.59999999999997,,,,,,,,,,
ARB03405_CAD,,,,,Wedbush_Brokerage Commissions_20260529,,,,50110,,,ARB03405_CAD,,,,0.0,,,,,,,,,,
ARB03405_EUR,,,,,Wedbush_Brokerage Commissions_20260529,,,,50110,,,ARB03405_EUR,,,,86.10000000000001,,,,,,,,,,
ARB03405_GBP,,,,,Wedbush_Brokerage Commissions_20260529,,,,50110,,,ARB03405_GBP,,,,0.0,,,,,,,,,,
ARB03405_USD,,,,,Wedbush_Brokerage Commissions_20260529,,,,50110,,,ARB03405_USD,,,,595.0500000000001,,,,,,,,,,
ARB03406_CAD,,,,,Wedbush_Brokerage Commissions_20260529,,,,50110,,,ARB03406_CAD,,,,0.0,,,,,,,,,,
ARB03406_EUR,,,,,Wedbush_Brokerage Commissions_20260529,,,,50110,,,ARB03406_EUR,,,,52.800000000000004,,,,,,,,,,
ARB03406_GBP,,,,,Wedbush_Brokerage Commissions_20260529,,,,50110,,,ARB03406_GBP,,,,0.0,,,,,,,,,,
ARB03406_USD,,,,,Wedbush_Brokerage Commissions_20260529,,,,50110,,,ARB03406_USD,,,,862.05,,,,,,,,,,
ARB03407_USD,,,,,Wedbush_Brokerage Commissions_20260529,,,,50110,,,ARB03407_USD,,,,1935.45,,,,,,,,,,
ARB03408_CAD,,,,,Wedbush_Brokerage Commissions_20260529,,,,50110,,,ARB03408_CAD,,,,0.0,,,,,,,,,,
ARB03408_EUR,,,,,Wedbush_Brokerage Commissions_20260529,,,,50110,,,ARB03408_EUR,,,,41.099999999999994,,,,,,,,,,
ARB03408_GBP,,,,,Wedbush_Brokerage Commissions_20260529,,,,50110,,,ARB03408_GBP,,,,0.0,,,,,,,,,,
ARB03408_USD,,,,,Wedbush_Brokerage Commissions_20260529,,,,50110,,,ARB03408_USD,,,,2531.25,,,,,,,,,,
ARB03409_EUR,,,,,Wedbush_Brokerage Commissions_20260529,,,,50110,,,ARB03409_EUR,,,,83.7,,,,,,,,,,
ARB03409_GBP,,,,,Wedbush_Brokerage Commissions_20260529,,,,50110,,,ARB03409_GBP,,,,0.0,,,,,,,,,,
ARB03409_USD,,,,,Wedbush_Brokerage Commissions_20260529,,,,50110,,,ARB03409_USD,,,,3173.4,,,,,,,,,,
ARB03410_USD,,,,,Wedbush_Brokerage Commissions_20260529,,,,50110,,,ARB03410_USD,,,,549.3,,,,,,,,,,
ARB03412_EUR,,,,,Wedbush_Brokerage Commissions_20260529,,,,50110,,,ARB03412_EUR,,,,3.6,,,,,,,,,,
ARB03412_GBP,,,,,Wedbush_Brokerage Commissions_20260529,,,,50110,,,ARB03412_GBP,,,,0.0,,,,,,,,,,
ARB03412_USD,,,,,Wedbush_Brokerage Commissions_20260529,,,,50110,,,ARB03412_USD,,,,384.75,,,,,,,,,,
ARB03413_USD,,,,,Wedbush_Brokerage Commissions_20260529,,,,50110,,,ARB03413_USD,,,,315.9,,,,,,,,,,
ARB03422_CAD,,,,,Wedbush_Brokerage Commissions_20260529,,,,50110,,,ARB03422_CAD,,,,0.0,,,,,,,,,,
ARB03422_USD,,,,,Wedbush_Brokerage Commissions_20260529,,,,50110,,,ARB03422_USD,,,,280.8,,,,,,,,,,
ARB03427_USD,,,,,Wedbush_Brokerage Commissions_20260529,,,,50110,,,ARB03427_USD,,,,19.2,,,,,,,,,,
ARB03433_EUR,,,,,Wedbush_Brokerage Commissions_20260529,,,,50110,,,ARB03433_EUR,,,,58.2,,,,,,,,,,
ARB03433_GBP,,,,,Wedbush_Brokerage Commissions_20260529,,,,50110,,,ARB03433_GBP,,,,0.0,,,,,,,,,,
ARB03433_USD,,,,,Wedbush_Brokerage Commissions_20260529,,,,50110,,,ARB03433_USD,,,,308.1,,,,,,,,,,
ARB03434_USD,,,,,Wedbush_Brokerage Commissions_20260529,,,,50110,,,ARB03434_USD,,,,198.6,,,,,,,,,,
ARB03435_USD,,,,,Wedbush_Brokerage Commissions_20260529,,,,50110,,,ARB03435_USD,,,,11.4,,,,,,,,,,
ARB03436_CAD,,,,,Wedbush_Brokerage Commissions_20260529,,,,50110,,,ARB03436_CAD,,,,0.0,,,,,,,,,,
ARB03436_EUR,,,,,Wedbush_Brokerage Commissions_20260529,,,,50110,,,ARB03436_EUR,,,,3.3,,,,,,,,,,
ARB03436_GBP,,,,,Wedbush_Brokerage Commissions_20260529,,,,50110,,,ARB03436_GBP,,,,0.0,,,,,,,,,,
ARB03436_USD,,,,,Wedbush_Brokerage Commissions_20260529,,,,50110,,,ARB03436_USD,,,,107.7,,,,,,,,,,
ARB03439_USD,,,,,Wedbush_Brokerage Commissions_20260529,,,,50110,,,ARB03439_USD,,,,427.65000000000003,,,,,,,,,,
ARB03441_EUR,,,,,Wedbush_Brokerage Commissions_20260529,,,,50110,,,ARB03441_EUR,,,,129.0,,,,,,,,,,
ARB03441_GBP,,,,,Wedbush_Brokerage Commissions_20260529,,,,50110,,,ARB03441_GBP,,,,0.0,,,,,,,,,,
ARB03442_USD,,,,,Wedbush_Brokerage Commissions_20260529,,,,50110,,,ARB03442_USD,,,,449.1,,,,,,,,,,
ARB03443_CAD,,,,,Wedbush_Brokerage Commissions_20260529,,,,50110,,,ARB03443_CAD,,,,0.0,,,,,,,,,,
ARB03443_EUR,,,,,Wedbush_Brokerage Commissions_20260529,,,,50110,,,ARB03443_EUR,,,,6.0,,,,,,,,,,
ARB03443_GBP,,,,,Wedbush_Brokerage Commissions_20260529,,,,50110,,,ARB03443_GBP,,,,0.0,,,,,,,,,,
ARB03443_USD,,,,,Wedbush_Brokerage Commissions_20260529,,,,50110,,,ARB03443_USD,,,,516.9,,,,,,,,,,
ARB03446_EUR,,,,,Wedbush_Brokerage Commissions_20260529,,,,50110,,,ARB03446_EUR,,,,10.2,,,,,,,,,,
ARB03446_GBP,,,,,Wedbush_Brokerage Commissions_20260529,,,,50110,,,ARB03446_GBP,,,,0.0,,,,,,,,,,
ARB03446_USD,,,,,Wedbush_Brokerage Commissions_20260529,,,,50110,,,ARB03446_USD,,,,24.9,,,,,,,,,,
ARB03454_EUR,,,,,Wedbush_Brokerage Commissions_20260529,,,,50110,,,ARB03454_EUR,,,,6.0,,,,,,,,,,
ARB03454_GBP,,,,,Wedbush_Brokerage Commissions_20260529,,,,50110,,,ARB03454_GBP,,,,0.0,,,,,,,,,,
ARB03454_USD,,,,,Wedbush_Brokerage Commissions_20260529,,,,50110,,,ARB03454_USD,,,,58.8,,,,,,,,,,
ARB03457_EUR,,,,,Wedbush_Brokerage Commissions_20260529,,,,50110,,,ARB03457_EUR,,,,44.400000000000006,,,,,,,,,,
ARB03457_GBP,,,,,Wedbush_Brokerage Commissions_20260529,,,,50110,,,ARB03457_GBP,,,,0.0,,,,,,,,,,
ARB03457_USD,,,,,Wedbush_Brokerage Commissions_20260529,,,,50110,,,ARB03457_USD,,,,76.8,,,,,,,,,,
ARB03459_CHF,,,,,Wedbush_Brokerage Commissions_20260529,,,,50110,,,ARB03459_CHF,,,,0.0,,,,,,,,,,
ARB03459_EUR,,,,,Wedbush_Brokerage Commissions_20260529,,,,50110,,,ARB03459_EUR,,,,202.5,,,,,,,,,,
ARB03459_GBP,,,,,Wedbush_Brokerage Commissions_20260529,,,,50110,,,ARB03459_GBP,,,,0.0,,,,,,,,,,
ARB03459_USD,,,,,Wedbush_Brokerage Commissions_20260529,,,,50110,,,ARB03459_USD,,,,28.5,,,,,,,,,,
ARB03460_EUR,,,,,Wedbush_Brokerage Commissions_20260529,,,,50110,,,ARB03460_EUR,,,,7.5,,,,,,,,,,
ARB03460_GBP,,,,,Wedbush_Brokerage Commissions_20260529,,,,50110,,,ARB03460_GBP,,,,0.0,,,,,,,,,,
ARB03460_USD,,,,,Wedbush_Brokerage Commissions_20260529,,,,50110,,,ARB03460_USD,,,,1.8,,,,,,,,,,
ARB03463_USD,,,,,Wedbush_Brokerage Commissions_20260529,,,,50110,,,ARB03463_USD,,,,1.2,,,,,,,,,,
ARB03468_CAD,,,,,Wedbush_Brokerage Commissions_20260529,,,,50110,,,ARB03468_CAD,,,,0.0,,,,,,,,,,
ARB03468_USD,,,,,Wedbush_Brokerage Commissions_20260529,,,,50110,,,ARB03468_USD,,,,8.4,,,,,,,,,,
ARB03474_EUR,,,,,Wedbush_Brokerage Commissions_20260529,,,,50110,,,ARB03474_EUR,,,,28.2,,,,,,,,,,
ARB03474_GBP,,,,,Wedbush_Brokerage Commissions_20260529,,,,50110,,,ARB03474_GBP,,,,0.0,,,,,,,,,,
ARB03475_EUR,,,,,Wedbush_Brokerage Commissions_20260529,,,,50110,,,ARB03475_EUR,,,,118.5,,,,,,,,,,
ARB03475_GBP,,,,,Wedbush_Brokerage Commissions_20260529,,,,50110,,,ARB03475_GBP,,,,0.0,,,,,,,,,,
ARB03476_EUR,,,,,Wedbush_Brokerage Commissions_20260529,,,,50110,,,ARB03476_EUR,,,,52.8,,,,,,,,,,
ARB03476_GBP,,,,,Wedbush_Brokerage Commissions_20260529,,,,50110,,,ARB03476_GBP,,,,0.0,,,,,,,,,,
ARB03485_EUR,,,,,Wedbush_Brokerage Commissions_20260529,,,,50110,,,ARB03485_EUR,,,,39.0,,,,,,,,,,
ARB03485_GBP,,,,,Wedbush_Brokerage Commissions_20260529,,,,50110,,,ARB03485_GBP,,,,0.0,,,,,,,,,,
ARB03485_USD,,,,,Wedbush_Brokerage Commissions_20260529,,,,50110,,,ARB03485_USD,,,,73.8,,,,,,,,,,
ARB03489_EUR,,,,,Wedbush_Brokerage Commissions_20260529,,,,50110,,,ARB03489_EUR,,,,326.40000000000003,,,,,,,,,,
ARB03489_GBP,,,,,Wedbush_Brokerage Commissions_20260529,,,,50110,,,ARB03489_GBP,,,,0.0,,,,,,,,,,
ARB03489_USD,,,,,Wedbush_Brokerage Commissions_20260529,,,,50110,,,ARB03489_USD,,,,746.25,,,,,,,,,,
ARB03492_CAD,,,,,Wedbush_Brokerage Commissions_20260529,,,,50110,,,ARB03492_CAD,,,,0.0,,,,,,,,,,
ARB03492_EUR,,,,,Wedbush_Brokerage Commissions_20260529,,,,50110,,,ARB03492_EUR,,,,130.5,,,,,,,,,,
ARB03492_GBP,,,,,Wedbush_Brokerage Commissions_20260529,,,,50110,,,ARB03492_GBP,,,,0.0,,,,,,,,,,
ARB03492_USD,,,,,Wedbush_Brokerage Commissions_20260529,,,,50110,,,ARB03492_USD,,,,641.25,,,,,,,,,,
ARB04021_USD,,,,,Wedbush_Brokerage Commissions_20260529,,,,50110,,,ARB04021_USD,,,,1376.1,,,,,,,,,,
ARB04023_USD,,,,,Wedbush_Brokerage Commissions_20260529,,,,50110,,,ARB04023_USD,,,,23.4,,,,,,,,,,
ARB04024_USD,,,,,Wedbush_Brokerage Commissions_20260529,,,,50110,,,ARB04024_USD,,,,24.0,,,,,,,,,,
ARB04029_USD,,,,,Wedbush_Brokerage Commissions_20260529,,,,50110,,,ARB04029_USD,,,,22.5,,,,,,,,,,
ARB04031_USD,,,,,Wedbush_Brokerage Commissions_20260529,,,,50110,,,ARB04031_USD,,,,25557.6,,,,,,,,,,
ARB04038_USD,,,,,Wedbush_Brokerage Commissions_20260529,,,,50110,,,ARB04038_USD,,,,1013.25,,,,,,,,,,
ARB04042_USD,,,,,Wedbush_Brokerage Commissions_20260529,,,,50110,,,ARB04042_USD,,,,196.2,,,,,,,,,,
ARB04047_USD,,,,,Wedbush_Brokerage Commissions_20260529,,,,50110,,,ARB04047_USD,,,,332.1,,,,,,,,,,
ARB04048_USD,,,,,Wedbush_Brokerage Commissions_20260529,,,,50110,,,ARB04048_USD,,,,998.4,,,,,,,,,,
ARB04049_USD,,,,,Wedbush_Brokerage Commissions_20260529,,,,50110,,,ARB04049_USD,,,,234.3,,,,,,,,,,
ARB04052_USD,,,,,Wedbush_Brokerage Commissions_20260529,,,,50110,,,ARB04052_USD,,,,384.0,,,,,,,,,,
ARB04053_EUR,,,,,Wedbush_Brokerage Commissions_20260529,,,,50110,,,ARB04053_EUR,,,,15.84,,,,,,,,,,
ARB04053_GBP,,,,,Wedbush_Brokerage Commissions_20260529,,,,50110,,,ARB04053_GBP,,,,0.0,,,,,,,,,,
ARB04053_USD,,,,,Wedbush_Brokerage Commissions_20260529,,,,50110,,,ARB04053_USD,,,,14.25,,,,,,,,,,
ARB04054_USD,,,,,Wedbush_Brokerage Commissions_20260529,,,,50110,,,ARB04054_USD,,,,38.7,,,,,,,,,,
ARB04055_USD,,,,,Wedbush_Brokerage Commissions_20260529,,,,50110,,,ARB04055_USD,,,,327.6,,,,,,,,,,
ARB04057_USD,,,,,Wedbush_Brokerage Commissions_20260529,,,,50110,,,ARB04057_USD,,,,783.6,,,,,,,,,,
ARB04059_USD,,,,,Wedbush_Brokerage Commissions_20260529,,,,50110,,,ARB04059_USD,,,,521.25,,,,,,,,,,
ARB04062_USD,,,,,Wedbush_Brokerage Commissions_20260529,,,,50110,,,ARB04062_USD,,,,0.0,,,,,,,,,,
ARB04065_USD,,,,,Wedbush_Brokerage Commissions_20260529,,,,50110,,,ARB04065_USD,,,,574.65,,,,,,,,,,
ARB04066_USD,,,,,Wedbush_Brokerage Commissions_20260529,,,,50110,,,ARB04066_USD,,,,364.5,,,,,,,,,,
ARB04067_USD,,,,,Wedbush_Brokerage Commissions_20260529,,,,50110,,,ARB04067_USD,,,,223.2,,,,,,,,,,
ARB04068_USD,,,,,Wedbush_Brokerage Commissions_20260529,,,,50110,,,ARB04068_USD,,,,823.5,,,,,,,,,,
ARB04069_USD,,,,,Wedbush_Brokerage Commissions_20260529,,,,50110,,,ARB04069_USD,,,,268.95,,,,,,,,,,
ARB04070_USD,,,,,Wedbush_Brokerage Commissions_20260529,,,,50110,,,ARB04070_USD,,,,159.0,,,,,,,,,,
ARB04073_USD,,,,,Wedbush_Brokerage Commissions_20260529,,,,50110,,,ARB04073_USD,,,,33.3,,,,,,,,,,
ARB04074_USD,,,,,Wedbush_Brokerage Commissions_20260529,,,,50110,,,ARB04074_USD,,,,94.94999999999999,,,,,,,,,,
ARB04075_USD,,,,,Wedbush_Brokerage Commissions_20260529,,,,50110,,,ARB04075_USD,,,,26.25,,,,,,,,,,
ARB04077_USD,,,,,Wedbush_Brokerage Commissions_20260529,,,,50110,,,ARB04077_USD,,,,2.1,,,,,,,,,,
ARB04079_USD,,,,,Wedbush_Brokerage Commissions_20260529,,,,50110,,,ARB04079_USD,,,,5.7,,,,,,,,,,
ARB04080_USD,,,,,Wedbush_Brokerage Commissions_20260529,,,,50110,,,ARB04080_USD,,,,1918.95,,,,,,,,,,
ARB04081_USD,,,,,Wedbush_Brokerage Commissions_20260529,,,,50110,,,ARB04081_USD,,,,268.2,,,,,,,,,,
ARB04082_USD,,,,,Wedbush_Brokerage Commissions_20260529,,,,50110,,,ARB04082_USD,,,,90.6,,,,,,,,,,
ARB04083_USD,,,,,Wedbush_Brokerage Commissions_20260529,,,,50110,,,ARB04083_USD,,,,9.9,,,,,,,,,,
ARB04085_USD,,,,,Wedbush_Brokerage Commissions_20260529,,,,50110,,,ARB04085_USD,,,,79.5,,,,,,,,,,
ARB04086_USD,,,,,Wedbush_Brokerage Commissions_20260529,,,,50110,,,ARB04086_USD,,,,20766.0,,,,,,,,,,
ARB04087_USD,,,,,Wedbush_Brokerage Commissions_20260529,,,,50110,,,ARB04087_USD,,,,4948.95,,,,,,,,,,
ARB04088_USD,,,,,Wedbush_Brokerage Commissions_20260529,,,,50110,,,ARB04088_USD,,,,64.5,,,,,,,,,,
ARB04101_USD,,,,,Wedbush_Brokerage Commissions_20260529,,,,50110,,,ARB04101_USD,,,,30.15,,,,,,,,,,
ARB04102_USD,,,,,Wedbush_Brokerage Commissions_20260529,,,,50110,,,ARB04102_USD,,,,291.15,,,,,,,,,,
ARB04103_USD,,,,,Wedbush_Brokerage Commissions_20260529,,,,50110,,,ARB04103_USD,,,,759.0,,,,,,,,,,
ARB04104_USD,,,,,Wedbush_Brokerage Commissions_20260529,,,,50110,,,ARB04104_USD,,,,518.25,,,,,,,,,,
ARB04105_USD,,,,,Wedbush_Brokerage Commissions_20260529,,,,50110,,,ARB04105_USD,,,,687.6,,,,,,,,,,
ARB04106_USD,,,,,Wedbush_Brokerage Commissions_20260529,,,,50110,,,ARB04106_USD,,,,1111.8,,,,,,,,,,
ARB04108_USD,,,,,Wedbush_Brokerage Commissions_20260529,,,,50110,,,ARB04108_USD,,,,3420.3,,,,,,,,,,
ARB04110_USD,,,,,Wedbush_Brokerage Commissions_20260529,,,,50110,,,ARB04110_USD,,,,121.65,,,,,,,,,,
ARB04111_USD,,,,,Wedbush_Brokerage Commissions_20260529,,,,50110,,,ARB04111_USD,,,,1775.1000000000001,,,,,,,,,,
ARB04112_USD,,,,,Wedbush_Brokerage Commissions_20260529,,,,50110,,,ARB04112_USD,,,,213.3,,,,,,,,,,
ARB04113_USD,,,,,Wedbush_Brokerage Commissions_20260529,,,,50110,,,ARB04113_USD,,,,300.9,,,,,,,,,,
ARB04114_USD,,,,,Wedbush_Brokerage Commissions_20260529,,,,50110,,,ARB04114_USD,,,,1518.1499999999999,,,,,,,,,,
ARB04116_USD,,,,,Wedbush_Brokerage Commissions_20260529,,,,50110,,,ARB04116_USD,,,,967.5,,,,,,,,,,
ARB04117_USD,,,,,Wedbush_Brokerage Commissions_20260529,,,,50110,,,ARB04117_USD,,,,336.0,,,,,,,,,,
ARB04118_USD,,,,,Wedbush_Brokerage Commissions_20260529,,,,50110,,,ARB04118_USD,,,,144.3,,,,,,,,,,
ARB04119_USD,,,,,Wedbush_Brokerage Commissions_20260529,,,,50110,,,ARB04119_USD,,,,51.9,,,,,,,,,,
ARB04157_USD,,,,,Wedbush_Brokerage Commissions_20260529,,,,50110,,,ARB04157_USD,,,,110.1,,,,,,,,,,
ARB04158_USD,,,,,Wedbush_Brokerage Commissions_20260529,,,,50110,,,ARB04158_USD,,,,0.3,,,,,,,,,,
ARB04159_USD,,,,,Wedbush_Brokerage Commissions_20260529,,,,50110,,,ARB04159_USD,,,,2.1,,,,,,,,,,
ARB04160_USD,,,,,Wedbush_Brokerage Commissions_20260529,,,,50110,,,ARB04160_USD,,,,29.099999999999998,,,,,,,,,,
ARB04161_USD,,,,,Wedbush_Brokerage Commissions_20260529,,,,50110,,,ARB04161_USD,,,,120.89999999999999,,,,,,,,,,
ARB04162_USD,,,,,Wedbush_Brokerage Commissions_20260529,,,,50110,,,ARB04162_USD,,,,6.9,,,,,,,,,,
ARB04164_USD,,,,,Wedbush_Brokerage Commissions_20260529,,,,50110,,,ARB04164_USD,,,,368.1,,,,,,,,,,
ARB04165_USD,,,,,Wedbush_Brokerage Commissions_20260529,,,,50110,,,ARB04165_USD,,,,184.5,,,,,,,,,,
ARB04166_USD,,,,,Wedbush_Brokerage Commissions_20260529,,,,50110,,,ARB04166_USD,,,,362.4,,,,,,,,,,
ARB04167_USD,,,,,Wedbush_Brokerage Commissions_20260529,,,,50110,,,ARB04167_USD,,,,329.4,,,,,,,,,,
ARB04168_USD,,,,,Wedbush_Brokerage Commissions_20260529,,,,50110,,,ARB04168_USD,,,,543.6,,,,,,,,,,
ARB04336_USD,,,,,Wedbush_Brokerage Commissions_20260529,,,,50110,,,ARB04336_USD,,,,0.0,,,,,,,,,,
ARB04345_USD,,,,,Wedbush_Brokerage Commissions_20260529,,,,50110,,,ARB04345_USD,,,,112.0,,,,,,,,,,
ARB04348_EUR,,,,,Wedbush_Brokerage Commissions_20260529,,,,50110,,,ARB04348_EUR,,,,18.9,,,,,,,,,,
ARB04348_GBP,,,,,Wedbush_Brokerage Commissions_20260529,,,,50110,,,ARB04348_GBP,,,,0.0,,,,,,,,,,
ARB04348_USD,,,,,Wedbush_Brokerage Commissions_20260529,,,,50110,,,ARB04348_USD,,,,113.7,,,,,,,,,,
ARB04357_EUR,,,,,Wedbush_Brokerage Commissions_20260529,,,,50110,,,ARB04357_EUR,,,,55.35,,,,,,,,,,
ARB04357_GBP,,,,,Wedbush_Brokerage Commissions_20260529,,,,50110,,,ARB04357_GBP,,,,0.0,,,,,,,,,,
ARB04384_EUR,,,,,Wedbush_Brokerage Commissions_20260529,,,,50110,,,ARB04384_EUR,,,,219.9,,,,,,,,,,
ARB04384_GBP,,,,,Wedbush_Brokerage Commissions_20260529,,,,50110,,,ARB04384_GBP,,,,0.0,,,,,,,,,,
ARB04384_USD,,,,,Wedbush_Brokerage Commissions_20260529,,,,50110,,,ARB04384_USD,,,,276.0,,,,,,,,,,
ARB04388_USD,,,,,Wedbush_Brokerage Commissions_20260529,,,,50110,,,ARB04388_USD,,,,5.1,,,,,,,,,,
ARB04401_USD,,,,,Wedbush_Brokerage Commissions_20260529,,,,50110,,,ARB04401_USD,,,,52.65,,,,,,,,,,
ARB04402_USD,,,,,Wedbush_Brokerage Commissions_20260529,,,,50110,,,ARB04402_USD,,,,512.7,,,,,,,,,,
ARB04403_USD,,,,,Wedbush_Brokerage Commissions_20260529,,,,50110,,,ARB04403_USD,,,,60.6,,,,,,,,,,
ARB04404_EUR,,,,,Wedbush_Brokerage Commissions_20260529,,,,50110,,,ARB04404_EUR,,,,4.8,,,,,,,,,,
ARB04404_GBP,,,,,Wedbush_Brokerage Commissions_20260529,,,,50110,,,ARB04404_GBP,,,,0.0,,,,,,,,,,
ARB04404_USD,,,,,Wedbush_Brokerage Commissions_20260529,,,,50110,,,ARB04404_USD,,,,372.0,,,,,,,,,,
ARB04405_CAD,,,,,Wedbush_Brokerage Commissions_20260529,,,,50110,,,ARB04405_CAD,,,,0.0,,,,,,,,,,
ARB04405_USD,,,,,Wedbush_Brokerage Commissions_20260529,,,,50110,,,ARB04405_USD,,,,64.8,,,,,,,,,,
ARB04406_CAD,,,,,Wedbush_Brokerage Commissions_20260529,,,,50110,,,ARB04406_CAD,,,,0.0,,,,,,,,,,
ARB04406_EUR,,,,,Wedbush_Brokerage Commissions_20260529,,,,50110,,,ARB04406_EUR,,,,2.4,,,,,,,,,,
ARB04406_GBP,,,,,Wedbush_Brokerage Commissions_20260529,,,,50110,,,ARB04406_GBP,,,,0.0,,,,,,,,,,
ARB04406_USD,,,,,Wedbush_Brokerage Commissions_20260529,,,,50110,,,ARB04406_USD,,,,334.8,,,,,,,,,,
ARB04408_EUR,,,,,Wedbush_Brokerage Commissions_20260529,,,,50110,,,ARB04408_EUR,,,,481.2,,,,,,,,,,
ARB04408_GBP,,,,,Wedbush_Brokerage Commissions_20260529,,,,50110,,,ARB04408_GBP,,,,0.0,,,,,,,,,,
ARB04410_USD,,,,,Wedbush_Brokerage Commissions_20260529,,,,50110,,,ARB04410_USD,,,,499.8,,,,,,,,,,
ARB04413_EUR,,,,,Wedbush_Brokerage Commissions_20260529,,,,50110,,,ARB04413_EUR,,,,2.7,,,,,,,,,,
ARB04413_GBP,,,,,Wedbush_Brokerage Commissions_20260529,,,,50110,,,ARB04413_GBP,,,,0.0,,,,,,,,,,
ARB04413_USD,,,,,Wedbush_Brokerage Commissions_20260529,,,,50110,,,ARB04413_USD,,,,132.3,,,,,,,,,,
ARB04418_USD,,,,,Wedbush_Brokerage Commissions_20260529,,,,50110,,,ARB04418_USD,,,,123.30000000000001,,,,,,,,,,
ARB04451_EUR,,,,,Wedbush_Brokerage Commissions_20260529,,,,50110,,,ARB04451_EUR,,,,255.9,,,,,,,,,,
ARB04451_GBP,,,,,Wedbush_Brokerage Commissions_20260529,,,,50110,,,ARB04451_GBP,,,,0.0,,,,,,,,,,
ARB04451_USD,,,,,Wedbush_Brokerage Commissions_20260529,,,,50110,,,ARB04451_USD,,,,430.8,,,,,,,,,,
ARB04452_EUR,,,,,Wedbush_Brokerage Commissions_20260529,,,,50110,,,ARB04452_EUR,,,,226.8,,,,,,,,,,
ARB04452_GBP,,,,,Wedbush_Brokerage Commissions_20260529,,,,50110,,,ARB04452_GBP,,,,0.0,,,,,,,,,,
ARB04452_USD,,,,,Wedbush_Brokerage Commissions_20260529,,,,50110,,,ARB04452_USD,,,,420.90000000000003,,,,,,,,,,
ARB04454_EUR,,,,,Wedbush_Brokerage Commissions_20260529,,,,50110,,,ARB04454_EUR,,,,270.0,,,,,,,,,,
ARB04454_GBP,,,,,Wedbush_Brokerage Commissions_20260529,,,,50110,,,ARB04454_GBP,,,,0.0,,,,,,,,,,
ARB04454_USD,,,,,Wedbush_Brokerage Commissions_20260529,,,,50110,,,ARB04454_USD,,,,690.6,,,,,,,,,,
ARB04459_CAD,,,,,Wedbush_Brokerage Commissions_20260529,,,,50110,,,ARB04459_CAD,,,,0.0,,,,,,,,,,
ARB04459_USD,,,,,Wedbush_Brokerage Commissions_20260529,,,,50110,,,ARB04459_USD,,,,2.7,,,,,,,,,,
ARB05057_EUR,,,,,Wedbush_Brokerage Commissions_20260529,,,,50110,,,ARB05057_EUR,,,,0.0,,,,,,,,,,
ARB05057_USD,,,,,Wedbush_Brokerage Commissions_20260529,,,,50110,,,ARB05057_USD,,,,1281.45,,,,,,,,,,
ARB05357_EUR,,,,,Wedbush_Brokerage Commissions_20260529,,,,50110,,,ARB05357_EUR,,,,159553.65,,,,,,,,,,
ARB05357_GBP,,,,,Wedbush_Brokerage Commissions_20260529,,,,50110,,,ARB05357_GBP,,,,0.0,,,,,,,,,,
ARB06057_USD,,,,,Wedbush_Brokerage Commissions_20260529,,,,50110,,,ARB06057_USD,,,,2733.75,,,,,,,,,,
ARB06357_USD,,,,,Wedbush_Brokerage Commissions_20260529,,,,50110,,,ARB06357_USD,,,,809.55,,,,,,,,,,
