,Class_ID,PL_TOTAL,OPT_PREMIUM,COMMISSION,CLEARING_FEE,EXCHANG_EFE,BROKERAGE_FEE,GIVEUP_FEE,FLR_FEE,WIR_FEE,Total_Fees,MOTE_PREV,MSOV_PREV,MLOV_PREV,MLQVAL_PREV,MOTE,MSOV,MLOV,MLQVAL,UNREALISED,TRD_RESULT_DIFF,Prev_Bal,Bal,TRD_RESULT,Final
0,ARB00005_USD,0.0,0.0,216235.59999999998,0.0,59586.17,0.0,0.0,0.0,0.0,275821.76999999996,0.0,0.0,0.0,15915048.04,0.0,0.0,0.0,15806315.05,0.0,275821.76999999996,15915048.04,15806315.05,-108732.98999999836,384554.7599999983
1,ARB00005_USD,0.0,0.0,216235.59999999998,0.0,59586.17,0.0,0.0,0.0,0.0,275821.76999999996,0.0,0.0,0.0,15915048.04,0.0,0.0,0.0,-1110632.84,0.0,275821.76999999996,15915048.04,-1110632.84,-17025680.88,17301502.65
2,ARB00005_USD,0.0,0.0,216235.59999999998,0.0,59586.17,0.0,0.0,0.0,0.0,275821.76999999996,0.0,0.0,0.0,-1110026.14,0.0,0.0,0.0,15806315.05,0.0,275821.76999999996,-1110026.14,15806315.05,16916341.19,-16640519.420000002
3,ARB00005_USD,0.0,0.0,216235.59999999998,0.0,59586.17,0.0,0.0,0.0,0.0,275821.76999999996,0.0,0.0,0.0,-1110026.14,0.0,0.0,0.0,-1110632.84,0.0,275821.76999999996,-1110026.14,-1110632.84,-606.7000000001863,276428.47000000015
4,ARB00020_USD,14819.760000000002,0.0,-1119.6,0.0,-1460.66,0.0,0.0,0.0,0.0,-2580.26,-20493.48,0.0,0.0,-101800.44,-15687.58,0.0,0.0,-84755.04,4805.9,17045.4,-101800.44,-84755.04,17045.40000000001,-7.275957614183426e-12
5,ARB00054_USD,0.0,12192.5,-2672.1,0.0,-6413.04,0.0,0.0,0.0,0.0,-9085.14,0.0,-137407.5,129382.5,23696.64,0.0,-152295.0,141140.0,23674.0,-3130.0,-22.639999999999418,23696.64,23674.0,-22.639999999999418,0.0
6,ARB00055_USD,-5617.5,937.5,-126.0,0.0,-159.9,0.0,0.0,0.0,0.0,-285.9,-8929.0,-110000.0,120000.0,-1352.15,-236.35,-54062.5,56250.0,-5437.9,880.1499999999942,-4085.7500000000055,-1352.15,-5437.9,-4085.7499999999995,-5.9117155615240335e-12
7,ARB00068_USD,-119210.0,-23810.0,-1777.95,0.0,-4199.63,0.0,0.0,0.0,0.0,-5977.58,-105715.0,-60080.0,68015.0,-56884.9,0.0,0.0,281.25,-107821.23,98061.25,-50936.330000000016,-56884.9,-107821.23,-50936.329999999994,-2.1827872842550278e-11
8,ARB00090_USD,-10767.5,0.0,-371.55,0.0,-779.1899999999999,0.0,0.0,0.0,0.0,-1150.74,-4653.0,0.0,11675.0,-3286.46,1425.0,0.0,4100.0,-16701.7,-1497.0,-13415.24,-3286.46,-16701.7,-13415.240000000002,1.8189894035458565e-12
9,ARB00110_USD,-2940.0,0.0,-226.5,0.0,-792.5,0.0,0.0,0.0,0.0,-1019.0,300.0,0.0,0.0,1911.62,-550.0,0.0,0.0,-2897.38,-850.0,-4809.0,1911.62,-2897.38,-4809.0,0.0
10,ARB00112_USD,10087.5,0.0,-330.0,0.0,-418.0,0.0,0.0,0.0,0.0,-748.0,0.0,0.0,0.0,-25216.09,-8612.5,0.0,0.0,-24489.09,-8612.5,727.0,-25216.09,-24489.09,727.0,0.0
11,ARB00113_USD,-1520.93,2007.5,-208.35000000000002,0.0,-500.04,0.0,0.0,0.0,0.0,-708.3900000000001,0.0,-87.5,150.0,6340.84,0.0,-12.5,87.5,6131.52,12.5,-209.32000000000016,6340.84,6131.52,-209.3199999999997,-4.547473508864641e-13
12,ARB00122_USD,-9567.5,0.0,-53.550000000000004,0.0,-54.22,0.0,0.0,0.0,0.0,-107.77000000000001,63.0,0.0,0.0,319.4,0.0,0.0,0.0,-9418.87,-63.0,-9738.27,319.4,-9418.87,-9738.27,0.0
13,ARB00123_USD,-56392.5,-97405.0,-87.9,0.0,-246.64,0.0,0.0,0.0,0.0,-334.53999999999996,-155377.5,-62550.0,130339.0,67161.61,-115150.0,-111450.0,243599.0,17617.07,104587.5,-49544.54000000001,67161.61,17617.07,-49544.54,-7.275957614183426e-12
14,ARB00124_USD,-5541.0,0.0,-161.55,0.0,-608.47,0.0,0.0,0.0,0.0,-770.02,-16379.0,0.0,0.0,30075.59,-28330.5,0.0,0.0,11813.07,-11951.5,-18262.52,30075.59,11813.07,-18262.52,0.0
15,ARB00126_USD,1447.5,0.0,-13.05,0.0,-48.36,0.0,0.0,0.0,0.0,-61.41,-4080.0,0.0,0.0,-1059.2,-5507.0,0.0,0.0,-1100.11,-1427.0,-40.91000000000008,-1059.2,-1100.11,-40.909999999999854,-2.2737367544323206e-13
16,ARB00132_USD,-33517.5,16870.0,-1042.5,0.0,-2528.92,0.0,0.0,0.0,0.0,-3571.42,-27380.0,0.0,0.0,12325.44,-2110.0,0.0,0.0,17376.52,25270.0,5051.080000000002,12325.44,17376.52,5051.08,1.8189894035458565e-12
17,ARB00135_USD,-772.5,0.0,-29.4,0.0,-99.96,0.0,0.0,0.0,0.0,-129.35999999999999,0.0,0.0,0.0,0.0,-6680.0,0.0,0.0,-7581.86,-6680.0,-7581.86,0.0,-7581.86,-7581.86,0.0
18,ARB00143_USD,1355.0,0.0,-67.05,0.0,-253.0,0.0,0.0,0.0,0.0,-320.05,-1795.0,0.0,0.0,284.41,-38.0,0.0,0.0,3076.36,1757.0,2791.95,284.41,3076.36,2791.9500000000003,-4.547473508864641e-13
19,ARB00146_USD,-12880.0,0.0,-31.5,0.0,-107.1,0.0,0.0,0.0,0.0,-138.6,-9540.0,0.0,0.0,7656.9,-7080.0,0.0,0.0,-2901.7,2460.0,-10558.6,7656.9,-2901.7,-10558.599999999999,-1.8189894035458565e-12
20,ARB00149_USD,-6092.7,0.0,-77.1,0.0,-374.72,0.0,0.0,0.0,0.0,-451.82000000000005,-11615.4,0.0,0.0,10923.71,2664.9,0.0,0.0,18659.49,14280.3,7735.78,10923.71,18659.49,7735.7800000000025,-2.7284841053187847e-12
21,ARB00156_USD,173702.3,69221.25,-3698.25,0.0,-9622.84,0.0,0.0,0.0,0.0,-13321.09,-898.4,-217625.0,223062.5,106004.35,-167401.0,-127500.0,133125.0,169291.71,-166315.1,63287.359999999986,106004.35,169291.71,63287.359999999986,0.0
22,ARB00160_USD,135.0,0.0,-134.25,0.0,-558.72,0.0,0.0,0.0,0.0,-692.97,-273.0,0.0,0.0,10689.45,0.0,0.0,0.0,10404.48,273.0,-284.97,10689.45,10404.48,-284.97000000000116,1.1368683772161603e-12
23,ARB00161_USD,-13779.5,0.0,-622.35,0.0,-1619.22,0.0,0.0,0.0,0.0,-2241.57,-2768.0,0.0,0.0,-6059.3,-125.0,0.0,0.0,-19437.37,2643.0,-13378.07,-6059.3,-19437.37,-13378.07,0.0
24,ARB00169_USD,49739.11,0.0,-1777.95,0.0,-7408.26,0.0,0.0,0.0,0.0,-9186.210000000001,36737.5,0.0,0.0,-2157.3,1529.41,0.0,0.0,3187.51,-35208.09,5344.810000000005,-2157.3,3187.51,5344.81,4.547473508864641e-12
25,ARB00186_USD,20300.0,0.0,-300.0,0.0,-1247.48,0.0,0.0,0.0,0.0,-1547.48,1610.0,0.0,0.0,-13208.31,-16640.0,0.0,0.0,-12705.79,-18250.0,502.52000000000044,-13208.31,-12705.79,502.5199999999986,1.8189894035458565e-12
26,ARB00188_USD,-8184.5,0.0,-33.45,0.0,-110.6,0.0,0.0,0.0,0.0,-144.05,-4730.0,0.0,0.0,514.73,-280.0,0.0,0.0,-3363.82,4450.0,-3878.5499999999993,514.73,-3363.82,-3878.55,9.094947017729282e-13
27,ARB00193_USD,129911.5,3950.0,-1519.65,0.0,-5294.42,0.0,0.0,0.0,0.0,-6814.07,103105.5,0.0,3600.0,-81106.83,-33997.5,0.0,0.0,-94762.4,-140703.0,-13655.570000000007,-81106.83,-94762.4,-13655.569999999992,-1.4551915228366852e-11
28,ARB00194_USD,268027.4,0.0,-1940.85,0.0,-7170.599999999999,0.0,0.0,0.0,0.0,-9111.449999999999,27947.1,0.0,0.0,23186.14,-214143.7,0.0,0.0,40011.29,-242090.80000000002,16825.149999999994,23186.14,40011.29,16825.15,-7.275957614183426e-12
29,ARB00214_USD,1195.49,0.0,-90.9,0.0,-297.42,0.0,0.0,0.0,0.0,-388.32000000000005,0.0,0.0,0.0,1147.7,0.0,0.0,0.0,1954.87,0.0,807.17,1147.7,1954.87,807.1699999999998,1.1368683772161603e-13
30,ARB00215_USD,5607.68,0.0,-1045.2,0.0,-3074.8,0.0,0.0,0.0,0.0,-4120.0,0.0,0.0,0.0,4010.55,0.0,0.0,0.0,1487.68,0.0,1487.6800000000003,4010.55,1487.68,-2522.87,4010.55
31,ARB00220_USD,3945.81,0.0,-236.4,0.0,-1021.4,0.0,0.0,0.0,0.0,-1257.8,0.0,0.0,0.0,5380.95,0.0,0.0,0.0,2688.01,0.0,2688.01,5380.95,2688.01,-2692.9399999999996,5380.95
32,ARB00257_USD,11948.01,0.0,-1130.1,0.0,-5692.4,0.0,0.0,0.0,0.0,-6822.5,0.0,0.0,0.0,6220.3,0.0,0.0,0.0,5125.51,0.0,5125.51,6220.3,5125.51,-1094.79,6220.3
33,ARB00267_USD,26243.760000000002,0.0,-123.9,0.0,-619.48,0.0,0.0,0.0,0.0,-743.38,-26.85,0.0,0.0,13904.22,-23079.0,0.0,0.0,2448.23,-23052.15,2448.2299999999996,13904.22,2448.23,-11455.99,13904.22
34,ARB00300_EUR,0.0,0.0,146948.22,0.0,0.0,0.0,0.0,0.0,0.0,146948.22,0.0,0.0,0.0,1483578.01,0.0,0.0,0.0,1556526.23,0.0,146948.22,1483578.01,1556526.23,72948.21999999997,74000.00000000003
35,ARB00300_EUR,0.0,0.0,146948.22,0.0,0.0,0.0,0.0,0.0,0.0,146948.22,0.0,0.0,0.0,1483578.01,0.0,0.0,0.0,-633911.92,0.0,146948.22,1483578.01,-633911.92,-2117489.93,2264438.1500000004
36,ARB00300_EUR,0.0,0.0,146948.22,0.0,0.0,0.0,0.0,0.0,0.0,146948.22,0.0,0.0,0.0,-633893.22,0.0,0.0,0.0,1556526.23,0.0,146948.22,-633893.22,1556526.23,2190419.45,-2043471.2300000002
37,ARB00300_EUR,0.0,0.0,146948.22,0.0,0.0,0.0,0.0,0.0,0.0,146948.22,0.0,0.0,0.0,-633893.22,0.0,0.0,0.0,-633911.92,0.0,146948.22,-633893.22,-633911.92,-18.70000000006985,146966.92000000007
38,ARB00300_USD,0.0,0.0,64989.49,0.0,509257.41,0.0,0.0,0.0,0.0,574246.9,0.0,0.0,0.0,10262593.28,0.0,0.0,0.0,10576571.85,0.0,574246.9,10262593.28,10576571.85,313978.5700000003,260268.32999999973
39,ARB00300_USD,0.0,0.0,64989.49,0.0,509257.41,0.0,0.0,0.0,0.0,574246.9,0.0,0.0,0.0,10262593.28,0.0,0.0,0.0,-2499718.11,0.0,574246.9,10262593.28,-2499718.11,-12762311.389999999,13336558.29
40,ARB00300_USD,0.0,0.0,64989.49,0.0,509257.41,0.0,0.0,0.0,0.0,574246.9,0.0,0.0,0.0,-2705207.25,0.0,0.0,0.0,10576571.85,0.0,574246.9,-2705207.25,10576571.85,13281779.1,-12707532.2
41,ARB00300_USD,0.0,0.0,64989.49,0.0,509257.41,0.0,0.0,0.0,0.0,574246.9,0.0,0.0,0.0,-2705207.25,0.0,0.0,0.0,-2499718.11,0.0,574246.9,-2705207.25,-2499718.11,205489.14000000013,368757.7599999999
42,ARB00306_USD,0.0,0.0,0.0,0.0,-4650.0,0.0,0.0,0.0,0.0,-4650.0,0.0,0.0,0.0,-838740.86,0.0,0.0,0.0,-846935.07,0.0,-4650.0,-838740.86,-846935.07,-8194.209999999963,3544.2099999999627
43,ARB00311_USD,4157.74,0.0,12.0,0.0,177.04,0.0,0.0,0.0,0.0,189.04,0.0,0.0,0.0,-4280.14,0.0,0.0,0.0,66.64,0.0,4346.78,-4280.14,66.64,4346.780000000001,-9.094947017729282e-13
44,ARB00320_EUR,16050.0,0.0,-707.4000000000001,0.0,0.0,0.0,0.0,0.0,0.0,-707.4000000000001,9512.5,0.0,0.0,22352.3,375.0,0.0,0.0,28557.4,-9137.5,6205.1,22352.3,28557.4,6205.100000000002,-1.8189894035458565e-12
45,ARB00320_GBP,28500.0,0.0,0.0,-1464.0,-451.68,0.0,0.0,0.0,0.0,-1915.68,19175.0,0.0,0.0,260.24,-2875.0,0.0,0.0,4794.56,-22050.0,4534.32,260.24,4794.56,4534.320000000001,-9.094947017729282e-13
46,ARB00354_USD,4180.0,0.0,-220.8,-36.77,-1678.08,0.0,0.0,0.0,0.0,-1935.6499999999999,-737.6,0.0,0.0,12703.94,4042.4,0.0,0.0,19728.29,4780.0,7024.35,12703.94,19728.29,7024.35,0.0
47,ARB00355_EUR,-2562.5,0.0,-13.8,0.0,0.0,0.0,0.0,0.0,0.0,-13.8,2612.5,0.0,0.0,1817.9,5812.5,0.0,0.0,2441.6,3200.0,623.6999999999998,1817.9,2441.6,623.6999999999998,0.0
48,ARB00355_GBP,200.0,0.0,0.0,-22.88,-8.0,0.0,0.0,0.0,0.0,-30.88,-2337.5,0.0,0.0,-1620.2,-3312.5,0.0,0.0,-2426.08,-975.0,-805.88,-1620.2,-2426.08,-805.8799999999999,-1.1368683772161603e-13
49,ARB00390_CAD,-1450.0,0.0,0.0,0.0,0.0,0.0,0.0,0.0,0.0,0.0,0.0,0.0,0.0,-9344.0,0.0,0.0,0.0,-10794.0,0.0,-1450.0,-9344.0,-10794.0,-1450.0,0.0
50,ARB00390_USD,-40435.0,0.0,-477.29999999999995,-1843.1999999999998,-953.66,0.0,0.0,0.0,0.0,-3274.16,87490.0,0.0,0.0,160142.35,23290.0,0.0,0.0,52233.19,-64200.0,-107909.16,160142.35,52233.19,-107909.16,0.0
51,ARB00410_EUR,0.0,0.0,-2.4,0.0,0.0,0.0,0.0,0.0,0.0,-2.4,0.0,0.0,0.0,-8.1,0.0,0.0,0.0,-10.5,0.0,-2.4,-8.1,-10.5,-2.4000000000000004,4.440892098500626e-16
52,ARB00410_GBP,-50.0,0.0,0.0,-8.8,-3.6799999999999997,0.0,0.0,0.0,0.0,-12.48,45.0,0.0,0.0,692.88,60.0,0.0,0.0,645.4,15.0,-47.480000000000004,692.88,645.4,-47.48000000000002,1.4210854715202004e-14
53,ARB00412_EUR,981.25,0.0,-43.2,0.0,0.0,0.0,0.0,0.0,0.0,-43.2,306.25,0.0,0.0,5319.35,0.0,0.0,0.0,5951.15,-306.25,631.8,5319.35,5951.15,631.7999999999993,6.821210263296962e-13
54,ARB00412_GBP,-2447.5,0.0,0.0,-115.80000000000001,-31.560000000000002,0.0,0.0,0.0,0.0,-147.36,-362.5,0.0,0.0,-4130.82,0.0,0.0,0.0,-6363.18,362.5,-2232.36,-4130.82,-6363.18,-2232.3600000000006,4.547473508864641e-13
55,ARB00412_USD,740.0,0.0,-76.8,-12.81,-583.68,0.0,0.0,0.0,0.0,-673.29,0.0,0.0,0.0,7923.85,-176.0,0.0,0.0,7814.56,-176.0,-109.28999999999996,7923.85,7814.56,-109.28999999999996,0.0
56,ARB00422_EUR,0.0,0.0,-4.8,0.0,0.0,0.0,0.0,0.0,0.0,-4.8,0.0,0.0,0.0,-143.7,0.0,0.0,0.0,-148.5,0.0,-4.8,-143.7,-148.5,-4.800000000000011,1.1546319456101628e-14
57,ARB00422_GBP,-150.0,0.0,0.0,-17.6,-7.38,0.0,0.0,0.0,0.0,-24.98,10.0,0.0,0.0,10721.36,0.0,0.0,0.0,10536.38,-10.0,-184.98,10721.36,10536.38,-184.98000000000138,1.3926637620897964e-12
58,ARB00422_USD,17817.9,0.0,-729.45,-81.6,-9964.78,0.0,0.0,0.0,0.0,-10775.83,4005.6,0.0,0.0,-55540.67,1041.6,0.0,0.0,-51462.6,-2964.0,4078.0700000000015,-55540.67,-51462.6,4078.0699999999997,1.8189894035458565e-12
59,ARB00423_CAD,-2368.0,0.0,0.0,0.0,0.0,0.0,0.0,0.0,0.0,0.0,2496.0,0.0,0.0,3606.0,0.0,0.0,0.0,-1258.0,-2496.0,-4864.0,3606.0,-1258.0,-4864.0,0.0
60,ARB00423_EUR,0.0,0.0,-6.6,0.0,0.0,0.0,0.0,0.0,0.0,-6.6,0.0,0.0,0.0,-1.05,0.0,0.0,0.0,-7.65,0.0,-6.6,-1.05,-7.65,-6.6000000000000005,8.881784197001252e-16
61,ARB00423_GBP,0.0,0.0,0.0,-24.2,-10.12,0.0,0.0,0.0,0.0,-34.32,0.0,0.0,0.0,754.51,0.0,0.0,0.0,720.19,0.0,-34.32,754.51,720.19,-34.319999999999936,-6.394884621840902e-14
62,ARB00423_USD,145897.4,623.25,-2358.75,-680.29,-30722.089999999997,0.0,0.0,0.0,0.0,-33761.13,-59024.2,0.0,1447.5,-73091.65,-135876.4,0.0,5880.0,-32751.83,-72419.7,40339.81999999999,-73091.65,-32751.83,40339.81999999999,0.0
63,ARB00424_CAD,4432.0,0.0,0.0,0.0,0.0,0.0,0.0,0.0,0.0,0.0,10200.0,0.0,0.0,-546.0,1192.0,0.0,0.0,-5122.0,-9008.0,-4576.0,-546.0,-5122.0,-4576.0,0.0
64,ARB00424_EUR,0.0,0.0,-84.45,0.0,0.0,0.0,0.0,0.0,0.0,-84.45,0.0,0.0,0.0,-224.85,0.0,0.0,0.0,-309.3,0.0,-84.45,-224.85,-309.3,-84.45000000000002,1.4210854715202004e-14
65,ARB00424_GBP,-21200.0,0.0,0.0,-309.65,-132.56,0.0,0.0,0.0,0.0,-442.21,6850.0,0.0,0.0,10735.59,18620.0,0.0,0.0,863.38,11770.0,-9872.21,10735.59,863.38,-9872.210000000001,1.8189894035458565e-12
66,ARB00424_USD,-114113.2,26396.0,-2072.85,-2466.6,-21411.96,0.0,0.0,0.0,0.0,-25951.41,-116295.2,0.0,0.0,104841.57,31518.15,-2352.0,6720.0,143354.31,152181.35,38512.74000000002,104841.57,143354.31,38512.73999999999,2.9103830456733704e-11
67,ARB00425_EUR,0.0,0.0,-101.1,0.0,0.0,0.0,0.0,0.0,0.0,-101.1,0.0,0.0,0.0,-96.75,0.0,0.0,0.0,-197.85,0.0,-101.1,-96.75,-197.85,-101.1,0.0
68,ARB00425_GBP,16340.0,0.0,0.0,-370.70000000000005,-160.64000000000001,0.0,0.0,0.0,0.0,-531.34,-1220.0,0.0,0.0,4490.77,-11790.0,0.0,0.0,9729.43,-10570.0,5238.66,4490.77,9729.43,5238.66,0.0
69,ARB00425_USD,49257.2,0.0,-2915.1,-741.6,-38561.880000000005,0.0,0.0,0.0,0.0,-42218.58,-5625.0,0.0,0.0,19634.34,-37541.6,0.0,0.0,-5243.64,-31916.6,-24877.980000000003,19634.34,-5243.64,-24877.98,-3.637978807091713e-12
70,ARB00426_EUR,0.0,0.0,-31.05,0.0,0.0,0.0,0.0,0.0,0.0,-31.05,0.0,0.0,0.0,-29.25,0.0,0.0,0.0,-60.3,0.0,-31.05,-29.25,-60.3,-31.049999999999997,-3.552713678800501e-15
71,ARB00426_GBP,10920.0,0.0,0.0,-113.85,-49.22,0.0,0.0,0.0,0.0,-163.07,-7100.0,0.0,0.0,1576.23,-12390.0,0.0,0.0,7043.16,-5290.0,5466.93,1576.23,7043.16,5466.93,0.0
72,ARB00426_USD,71021.0,0.0,-910.35,-298.67999999999995,-11838.42,0.0,0.0,0.0,0.0,-13047.45,-12842.2,0.0,0.0,19339.85,-75905.6,0.0,0.0,14250.0,-63063.40000000001,-5089.850000000006,19339.85,14250.0,-5089.8499999999985,-7.275957614183426e-12
73,ARB00432_EUR,3612.5,0.0,-406.8,0.0,0.0,0.0,0.0,0.0,0.0,-406.8,375.0,0.0,0.0,4531.8,-825.0,0.0,0.0,6537.5,-1200.0,2005.6999999999998,4531.8,6537.5,2005.6999999999998,0.0
74,ARB00432_GBP,3600.0,0.0,0.0,-811.2,-255.36,0.0,0.0,0.0,0.0,-1066.56,3850.0,0.0,0.0,-1196.94,-625.0,0.0,0.0,-3138.5,-4475.0,-1941.56,-1196.94,-3138.5,-1941.56,0.0
75,ARB00432_USD,250.0,0.0,-6.6,-1.11,-50.16,0.0,0.0,0.0,0.0,-57.87,0.0,0.0,0.0,2516.23,0.0,0.0,0.0,2708.36,0.0,192.13,2516.23,2708.36,192.1300000000001,-1.1368683772161603e-13
76,ARB00435_EUR,0.0,0.0,-3.9,0.0,0.0,0.0,0.0,0.0,0.0,-3.9,0.0,0.0,0.0,-6.9,0.0,0.0,0.0,-10.8,0.0,-3.9,-6.9,-10.8,-3.9000000000000004,4.440892098500626e-16
77,ARB00435_GBP,0.0,0.0,0.0,-14.3,-5.98,0.0,0.0,0.0,0.0,-20.28,0.0,0.0,0.0,-35.88,0.0,0.0,0.0,-56.16,0.0,-20.28,-35.88,-56.16,-20.279999999999994,-7.105427357601002e-15
78,ARB00435_USD,26840.6,0.0,-1743.75,0.0,-24412.5,0.0,0.0,0.0,0.0,-26156.25,-560.0,0.0,0.0,-34066.9,-2941.0,0.0,0.0,-35763.55,-2381.0,-1696.6500000000015,-34066.9,-35763.55,-1696.6500000000015,0.0
79,ARB00442_USD,0.0,0.0,-30.0,0.0,-420.0,0.0,0.0,0.0,0.0,-450.0,18416.8,0.0,0.0,-7153.3,19096.8,0.0,0.0,-6923.3,680.0,230.0,-7153.3,-6923.3,230.0,0.0
80,ARB00443_USD,3136.0,0.0,-30.0,0.0,-420.0,0.0,0.0,0.0,0.0,-450.0,3964.8,0.0,0.0,3556.8,1478.4,0.0,0.0,3756.4,-2486.4,199.5999999999999,3556.8,3756.4,199.5999999999999,0.0
81,ARB00446_EUR,0.0,0.0,-68.1,0.0,0.0,0.0,0.0,0.0,0.0,-68.1,0.0,0.0,0.0,-166.2,0.0,0.0,0.0,-234.3,0.0,-68.1,-166.2,-234.3,-68.10000000000002,2.842170943040401e-14
82,ARB00446_GBP,-11290.0,0.0,0.0,-249.7,-106.42,0.0,0.0,0.0,0.0,-356.12,-4780.0,0.0,0.0,-58.3,5710.0,0.0,0.0,-1214.42,10490.0,-1156.1200000000008,-58.3,-1214.42,-1156.1200000000001,-6.821210263296962e-13
83,ARB00446_USD,58309.4,0.0,-659.55,-171.6,-8713.18,0.0,0.0,0.0,0.0,-9544.33,28558.6,0.0,0.0,-1840.8,-22725.0,0.0,0.0,-4359.33,-51283.6,-2518.529999999999,-1840.8,-4359.33,-2518.5299999999997,9.094947017729282e-13
84,ARB00449_EUR,0.0,0.0,-13.8,0.0,0.0,0.0,0.0,0.0,0.0,-13.8,0.0,0.0,0.0,-11.7,0.0,0.0,0.0,-25.5,0.0,-13.8,-11.7,-25.5,-13.8,0.0
85,ARB00449_GBP,280.0,0.0,0.0,-50.6,-21.48,0.0,0.0,0.0,0.0,-72.08,0.0,0.0,0.0,359.08,0.0,0.0,0.0,567.0,0.0,207.92000000000002,359.08,567.0,207.92000000000002,0.0
86,ARB00449_USD,63637.0,0.0,-415.34999999999997,-1467.6,-1363.1799999999998,0.0,0.0,0.0,0.0,-3246.1299999999997,-127780.6,0.0,0.0,33227.55,-178403.4,0.0,0.0,42995.62,-50622.79999999999,9768.070000000014,33227.55,42995.62,9768.07,1.4551915228366852e-11
87,ARB00456_EUR,0.0,0.0,-71.1,0.0,0.0,0.0,0.0,0.0,0.0,-71.1,0.0,0.0,0.0,1939.3,-487.5,0.0,0.0,1380.7,-487.5,-558.6,1939.3,1380.7,-558.5999999999999,-1.1368683772161603e-13
88,ARB00456_GBP,0.0,0.0,0.0,-137.36,-44.0,0.0,0.0,0.0,0.0,-181.36,0.0,0.0,0.0,-714.72,-1312.5,0.0,0.0,-2208.58,-1312.5,-1493.8600000000001,-714.72,-2208.58,-1493.86,-2.2737367544323206e-13
89,ARB00456_USD,28290.0,0.0,-405.9,-1137.17,-1485.24,0.0,0.0,0.0,0.0,-3028.3100000000004,9157.8,0.0,0.0,37836.47,1110.3,0.0,0.0,55050.66,-8047.499999999999,17214.19,37836.47,55050.66,17214.190000000002,-3.637978807091713e-12
90,ARB00460_CAD,-2296.0,0.0,0.0,0.0,0.0,0.0,0.0,0.0,0.0,0.0,944.0,0.0,0.0,-476.0,0.0,0.0,0.0,-3716.0,-944.0,-3240.0,-476.0,-3716.0,-3240.0,0.0
91,ARB00460_USD,4560.0,0.0,-269.4,0.0,-2436.6,0.0,0.0,0.0,0.0,-2706.0,0.0,0.0,0.0,6365.5,0.0,0.0,0.0,8219.5,0.0,1854.0,6365.5,8219.5,1854.0,0.0
92,ARB00461_CAD,-344.0,0.0,0.0,0.0,0.0,0.0,0.0,0.0,0.0,0.0,1188.0,0.0,0.0,5592.0,0.0,0.0,0.0,4060.0,-1188.0,-1532.0,5592.0,4060.0,-1532.0,0.0
93,ARB00461_USD,0.0,0.0,-231.0,0.0,-1428.48,0.0,0.0,0.0,-29.0,-1688.48,0.0,0.0,0.0,-1034.0,0.0,0.0,0.0,-2524.7,0.0,-1688.48,-1034.0,-2524.7,-1490.6999999999998,-197.7800000000002
94,ARB00461_USD,0.0,0.0,-231.0,0.0,-1428.48,0.0,0.0,0.0,-29.0,-1688.48,0.0,0.0,0.0,-1034.0,-2442.5,0.0,0.0,-2640.28,-2442.5,-4130.98,-1034.0,-2640.28,-1606.2800000000002,-2524.6999999999994
95,ARB00469_CAD,14828.0,0.0,0.0,0.0,0.0,0.0,0.0,0.0,0.0,0.0,0.0,0.0,0.0,-992.0,16.0,0.0,0.0,13852.0,16.0,14844.0,-992.0,13852.0,14844.0,0.0
96,ARB00469_EUR,0.0,0.0,-35.55,0.0,0.0,0.0,0.0,0.0,0.0,-35.55,0.0,0.0,0.0,-147.3,0.0,0.0,0.0,-182.85,0.0,-35.55,-147.3,-182.85,-35.54999999999998,-1.4210854715202004e-14
97,ARB00469_GBP,-8700.0,0.0,0.0,-130.35,-55.519999999999996,0.0,0.0,0.0,0.0,-185.87,0.0,0.0,0.0,-3703.76,-110.0,0.0,0.0,-12699.63,-110.0,-8995.87,-3703.76,-12699.63,-8995.869999999999,-1.8189894035458565e-12
98,ARB00469_USD,21849.5,0.0,-1464.45,-6.0,-20141.6,0.0,0.0,0.0,0.0,-21612.05,-2553.6,0.0,0.0,-23132.45,30.0,0.0,0.0,-20311.4,2583.6,2821.0500000000006,-23132.45,-20311.4,2821.0499999999993,1.3642420526593924e-12
99,ARB00486_EUR,0.0,0.0,-1.5,0.0,0.0,0.0,0.0,0.0,0.0,-1.5,0.0,0.0,0.0,-1.5,0.0,0.0,0.0,-3.0,0.0,-1.5,-1.5,-3.0,-1.5,0.0
100,ARB00486_GBP,0.0,0.0,0.0,-5.5,-2.3,0.0,0.0,0.0,0.0,-7.8,0.0,0.0,0.0,-7.8,0.0,0.0,0.0,-15.6,0.0,-7.8,-7.8,-15.6,-7.8,0.0
101,ARB00486_USD,-14452.5,0.0,-87.9,-322.8,-251.44,0.0,0.0,0.0,0.0,-662.1400000000001,-9670.0,0.0,0.0,16337.73,-3962.5,0.0,0.0,6930.59,5707.5,-9407.14,16337.73,6930.59,-9407.14,0.0
102,ARB00488_USD,-1115.0,0.0,-15.599999999999998,-62.39999999999999,-29.120000000000005,0.0,0.0,0.0,0.0,-107.11999999999999,0.0,0.0,0.0,3564.56,0.0,0.0,0.0,2342.44,0.0,-1222.12,3564.56,2342.44,-1222.12,0.0
103,ARB00493_CAD,-10414.0,0.0,0.0,0.0,0.0,0.0,0.0,0.0,0.0,0.0,13450.0,0.0,0.0,71160.0,17668.0,0.0,0.0,64964.0,4218.0,-6196.0,71160.0,64964.0,-6196.0,0.0
104,ARB00493_EUR,0.0,0.0,-42.15,0.0,0.0,0.0,0.0,0.0,0.0,-42.15,0.0,0.0,0.0,-364.95,0.0,0.0,0.0,-407.1,0.0,-42.15,-364.95,-407.1,-42.150000000000034,3.552713678800501e-14
105,ARB00493_GBP,0.0,0.0,0.0,-154.55,-64.63,0.0,0.0,0.0,0.0,-219.18,-6790.0,0.0,0.0,-9585.32,-6330.0,0.0,0.0,-9344.5,460.0,240.82,-9585.32,-9344.5,240.8199999999997,2.8421709430404007e-13
106,ARB00493_USD,-57180.8,0.0,-444.0,-249.6,-4791.38,0.0,0.0,0.0,0.0,-5484.9800000000005,-15873.4,0.0,0.0,31153.71,63506.4,0.0,0.0,47867.73,79379.8,16714.019999999997,31153.71,47867.73,16714.020000000004,-7.275957614183426e-12
107,ARB00494_CAD,5576.0,0.0,0.0,0.0,0.0,0.0,0.0,0.0,0.0,0.0,8042.0,0.0,0.0,10756.0,-100.0,0.0,0.0,8190.0,-8142.0,-2566.0,10756.0,8190.0,-2566.0,0.0
108,ARB00494_EUR,0.0,0.0,-25.65,0.0,0.0,0.0,0.0,0.0,0.0,-25.65,0.0,0.0,0.0,-25.05,0.0,0.0,0.0,-50.7,0.0,-25.65,-25.05,-50.7,-25.650000000000002,3.552713678800501e-15
109,ARB00494_GBP,15630.0,0.0,0.0,-94.05,-40.510000000000005,0.0,0.0,0.0,0.0,-134.56,1580.0,0.0,0.0,5358.67,-11240.0,0.0,0.0,8034.11,-12820.0,2675.4400000000005,5358.67,8034.11,2675.4399999999996,9.094947017729282e-13
110,ARB00494_USD,93075.0,0.0,-2085.75,-5753.91,-11634.189999999999,0.0,0.0,0.0,0.0,-19473.85,80437.0,0.0,0.0,-2362.14,22561.8,0.0,0.0,13363.81,-57875.2,15725.949999999997,-2362.14,13363.81,15725.949999999999,-1.8189894035458565e-12
111,ARB00503_EUR,0.0,0.0,-6.0,0.0,0.0,0.0,0.0,0.0,0.0,-6.0,0.0,0.0,0.0,-5.1,0.0,0.0,0.0,-6.0,0.0,-6.0,-5.1,-6.0,-0.9000000000000004,-5.1
112,ARB00503_GBP,0.0,0.0,0.0,-22.0,-9.2,0.0,0.0,0.0,0.0,-31.2,0.0,0.0,0.0,-26.52,0.0,0.0,0.0,-31.2,0.0,-31.2,-26.52,-31.2,-4.68,-26.52
113,ARB00503_USD,13782.35,0.0,-107.1,-256.8,-702.94,0.0,0.0,0.0,0.0,-1066.8400000000001,7611.25,0.0,0.0,2448.61,-103.75,0.0,0.0,5000.51,-7715.0,5000.51,2448.61,5000.51,2551.9,2448.61
114,ARB00514_EUR,0.0,0.0,-12.0,0.0,0.0,0.0,0.0,0.0,0.0,-12.0,0.0,0.0,0.0,0.0,0.0,0.0,0.0,-12.0,0.0,-12.0,0.0,-12.0,-12.0,0.0
115,ARB00514_GBP,112.0,0.0,0.0,-54.4,-21.9,0.0,0.0,0.0,0.0,-76.3,0.0,0.0,0.0,0.0,0.0,0.0,0.0,35.7,0.0,35.7,0.0,35.7,35.7,0.0
116,ARB00520_USD,-50.0,0.0,-0.6,0.0,-8.4,0.0,0.0,0.0,0.0,-9.0,0.0,0.0,0.0,-32.0,0.0,0.0,0.0,-59.0,0.0,-59.0,-32.0,-59.0,-27.0,-32.0
117,ARB00567_EUR,0.0,0.0,-53.699999999999996,0.0,0.0,0.0,0.0,0.0,0.0,-53.699999999999996,0.0,0.0,0.0,-41.4,0.0,0.0,0.0,-53.7,0.0,-53.699999999999996,-41.4,-53.7,-12.300000000000004,-41.39999999999999
118,ARB00567_GBP,910.0,0.0,0.0,-196.90000000000003,-84.7,0.0,0.0,0.0,0.0,-281.6,0.0,0.0,0.0,293.74,0.0,0.0,0.0,628.4,0.0,628.4,293.74,628.4,334.65999999999997,293.74
119,ARB00567_USD,-2400.1000000000004,0.0,-160.8,-501.6,-729.6800000000001,0.0,0.0,0.0,0.0,-1392.0800000000002,-3252.35,0.0,0.0,2675.01,4198.7,0.0,0.0,3658.87,7451.049999999999,3658.869999999999,2675.01,3658.87,983.8599999999997,2675.0099999999993
120,ARB00700_USD,0.0,0.0,1720.29,0.0,0.0,0.0,0.0,0.0,0.0,1720.29,0.0,0.0,0.0,1689794.13,0.0,0.0,0.0,1773124.56,0.0,1720.29,1689794.13,1773124.56,83330.43000000017,-81610.14000000017
121,ARB00754_USD,-64405.41000001319,0.0,-1290.45,0.0,-3741.8900000000003,0.0,0.0,0.0,0.0,-5032.34,-35499.88,0.0,0.0,-101827.19,5781.53,0.0,0.0,-129983.53,41281.409999999996,-28156.340000013188,-101827.19,-129983.53,-28156.339999999997,-1.3191311154514551e-08
122,ARB00765_USD,13484.24,0.0,-21.0,0.0,-61.6,0.0,0.0,0.0,0.0,-82.6,0.0,0.0,0.0,-8037.2,0.0,0.0,0.0,5364.44,0.0,13401.64,-8037.2,5364.44,13401.64,0.0
123,ARB01002_USD,44796.66,0.0,-166.2,0.0,-153.02,0.0,0.0,0.0,0.0,-319.22,3421.87,0.0,0.0,27877.41,0.0,0.0,0.0,68932.98,-3421.87,41055.57,27877.41,68932.98,41055.56999999999,7.275957614183426e-12
124,ARB01057_MXN,140680.0,0.0,0.0,0.0,0.0,0.0,0.0,0.0,0.0,0.0,62875.0,0.0,0.0,-584238.0,184625.0,0.0,0.0,-321808.0,121750.0,262430.0,-584238.0,-321808.0,262430.0,0.0
125,ARB01057_USD,-299900.9500000002,0.0,-290.85,0.0,-367.61,0.0,-142.5,0.0,0.0,-800.96,-159047.58,0.0,0.0,255015.62,-315669.05,0.0,0.0,-202307.76,-156621.47,-457323.38000000024,255015.62,-202307.76,-457323.38,-2.3283064365386963e-10
126,ARB01063_USD,860.6800000000003,0.0,-4105.35,0.0,-4959.77,0.0,0.0,0.0,0.0,-9065.12,-30.98,0.0,0.0,14993.71,-3328.4,0.0,0.0,3491.85,-3297.42,-11501.86,14993.71,3491.85,-11501.859999999999,-1.8189894035458565e-12
127,ARB01064_USD,-10460.46,625.0,-1159.8,0.0,-1163.08,0.0,0.0,0.0,0.0,-2322.88,0.0,-6250.0,7968.75,8373.53,0.0,0.0,0.0,-5503.56,-1718.75,-13877.09,8373.53,-5503.56,-13877.09,0.0
128,ARB01065_USD,14268.09,0.0,-401.4,0.0,-368.28,0.0,0.0,0.0,0.0,-769.68,0.0,0.0,0.0,16333.92,0.0,0.0,0.0,29832.33,0.0,13498.41,16333.92,29832.33,13498.410000000002,-1.8189894035458565e-12
129,ARB01066_USD,-673.3,0.0,-110.39999999999999,0.0,-326.28,0.0,0.0,0.0,0.0,-436.67999999999995,0.0,0.0,0.0,-3454.82,0.0,0.0,0.0,-4564.8,0.0,-1109.98,-3454.82,-4564.8,-1109.98,0.0
130,ARB01067_USD,1100.0,0.0,-3.0,0.0,-15.0,0.0,0.0,0.0,0.0,-18.0,0.0,0.0,0.0,151.0,0.0,0.0,0.0,1233.0,0.0,1082.0,151.0,1233.0,1082.0,0.0
131,ARB01071_USD,-154772.94,0.0,-855.6,0.0,-2162.7000000000003,0.0,0.0,0.0,0.0,-3018.3,-95434.8,0.0,0.0,-36580.47,58406.6,0.0,0.0,-40530.31,153841.4,-3949.8399999999965,-36580.47,-40530.31,-3949.8399999999965,0.0
132,ARB01073_USD,-3475.070000000001,0.0,-2206.8,0.0,-3368.8,0.0,0.0,0.0,0.0,-5575.6,0.0,0.0,0.0,1803.71,-203.12,0.0,0.0,-7450.08,-203.12,-9253.790000000003,1803.71,-7450.08,-9253.79,-1.8189894035458565e-12
133,ARB01076_USD,6336.810000000001,0.0,-4273.65,0.0,-4976.02,0.0,0.0,0.0,0.0,-9249.67,83.34,0.0,0.0,21852.75,-140.61,0.0,0.0,18715.94,-223.95000000000002,-3136.8099999999986,21852.75,18715.94,-3136.8100000000013,2.7284841053187847e-12
134,ARB01078_USD,26788.52,0.0,-1070.7,0.0,-2420.86,0.0,0.0,0.0,0.0,-3491.5600000000004,0.0,0.0,0.0,35963.34,0.0,0.0,0.0,59260.3,0.0,23296.96,35963.34,59260.3,23296.960000000006,-7.275957614183426e-12
135,ARB01092_USD,47183.63000000268,0.0,-13767.9,0.0,-21735.58,0.0,0.0,-29.8,0.0,-35533.280000000006,-22116.75,0.0,0.0,23278.05,-18595.65,0.0,0.0,38449.5,3521.0999999999985,15171.450000002675,23278.05,38449.5,15171.45,2.673914423212409e-09
136,ARB01100_USD,-2350.0,0.0,-22.799999999999997,0.0,-77.92,0.0,0.0,0.0,0.0,-100.72,-6144.0,0.0,0.0,624.72,-10520.0,0.0,0.0,-6202.0,-4376.0,-6826.719999999999,624.72,-6202.0,-6826.72,9.094947017729282e-13
137,ARB01117_USD,-775.0,0.0,-3.6,0.0,-13.44,0.0,0.0,0.0,0.0,-17.04,0.0,0.0,0.0,0.0,0.0,0.0,0.0,-792.04,0.0,-792.04,0.0,-792.04,-792.04,0.0
138,ARB01129_USD,-19020.0,0.0,-1.8,0.0,-6.12,0.0,0.0,0.0,0.0,-7.92,-16370.0,0.0,0.0,690.0,0.0,0.0,0.0,-1967.92,16370.0,-2657.9199999999983,690.0,-1967.92,-2657.92,1.8189894035458565e-12
139,ARB01145_USD,-61718.62,0.0,-3472.8,0.0,-4760.68,0.0,0.0,0.0,0.0,-8233.48,-25947.42,0.0,0.0,-19974.84,20853.74,0.0,0.0,-43125.78,46801.16,-23150.940000000002,-19974.84,-43125.78,-23150.94,-3.637978807091713e-12
140,ARB01157_USD,188.5,0.0,-486.75,0.0,-1817.2,0.0,0.0,0.0,0.0,-2303.95,-30195.5,0.0,0.0,16003.37,-13600.5,0.0,0.0,30482.92,16595.0,14479.55,16003.37,30482.92,14479.549999999997,1.8189894035458565e-12
141,ARB01158_USD,-78195.8,-4593.75,-9132.0,0.0,-22043.56,0.0,0.0,0.0,0.0,-31175.56,-378531.5,-5437.5,7937.5,103152.52,-86067.0,-8218.75,16812.5,287745.66,298558.25,184593.14,103152.52,287745.66,184593.13999999996,5.820766091346741e-11
142,ARB01166_USD,-8712.0,0.0,-235.2,0.0,-960.96,0.0,0.0,0.0,0.0,-1196.16,-425.0,0.0,0.0,-2705.63,-575.0,0.0,0.0,-12763.79,-150.0,-10058.16,-2705.63,-12763.79,-10058.16,0.0
143,ARB01172_USD,701.0,0.0,-603.0,0.0,-1382.42,0.0,0.0,0.0,0.0,-1985.42,-9325.0,0.0,0.0,9942.24,-16850.0,0.0,0.0,1132.82,-7525.0,-8809.42,9942.24,1132.82,-8809.42,0.0
144,ARB01176_USD,29692.5,0.0,-951.0,0.0,-3550.4,0.0,0.0,0.0,0.0,-4501.4,2027.0,0.0,0.0,25649.39,17136.0,0.0,0.0,65949.49,15109.0,40300.1,25649.39,65949.49,40300.100000000006,-7.275957614183426e-12
145,ARB01177_USD,0.0,-2331.25,-12.0,0.0,-24.8,0.0,0.0,0.0,0.0,-36.8,0.0,0.0,0.0,-66.24,0.0,0.0,0.0,-2434.29,0.0,-2368.05,-66.24,-2434.29,-2368.05,0.0
146,ARB01195_USD,-2610.0,0.0,-15.3,0.0,-52.02,0.0,0.0,0.0,0.0,-67.32000000000001,0.0,0.0,0.0,-2495.52,-20.0,0.0,0.0,-5192.84,-20.0,-2697.32,-2495.52,-5192.84,-2697.32,0.0
147,ARB01357_CHF,-4987.5,0.0,0.0,0.0,0.0,0.0,0.0,0.0,0.0,0.0,-8531.25,0.0,0.0,-7081.25,-5968.75,0.0,0.0,-9506.25,2562.5,-2425.0,-7081.25,-9506.25,-2425.0,0.0
148,ARB01357_EUR,36495.85000002384,0.0,-10678.949999999999,-8740.8,-2185.2,0.0,0.0,0.0,0.0,-21604.95,-113450.0,0.0,0.0,-343320.75,-119125.0,0.0,0.0,-334104.85,-5675.0,9215.900000023841,-343320.75,-334104.85,9215.900000000023,2.3817847250029445e-08
149,ARB01357_GBP,332820.84999999404,0.0,0.0,-16880.43,-5677.43,0.0,0.0,0.0,0.0,-22557.86,300.0,0.0,0.0,-26580.0,0.0,0.0,0.0,-58860.0,-300.0,309962.98999999405,-26580.0,-58860.0,-32280.0,342242.98999999405
150,ARB01357_GBP,332820.84999999404,0.0,0.0,-16880.43,-5677.43,0.0,0.0,0.0,0.0,-22557.86,300.0,0.0,0.0,-26580.0,-337625.0,0.0,0.0,41889.87,-337925.0,-27662.010000005946,-26580.0,41889.87,68469.87,-96131.88000000594
151,ARB01357_GBP,332820.84999999404,0.0,0.0,-16880.43,-5677.43,0.0,0.0,0.0,0.0,-22557.86,-22010.1,0.0,0.0,15261.78,0.0,0.0,0.0,-58860.0,22010.1,332273.08999999403,15261.78,-58860.0,-74121.78,406394.86999999406
152,ARB01357_GBP,332820.84999999404,0.0,0.0,-16880.43,-5677.43,0.0,0.0,0.0,0.0,-22557.86,-22010.1,0.0,0.0,15261.78,-337625.0,0.0,0.0,41889.87,-315614.9,-5351.91000000597,15261.78,41889.87,26628.090000000004,-31980.000000005974
153,ARB01357_USD,172350.0,0.0,-2435.85,0.0,-16230.0,0.0,0.0,0.0,0.0,-18665.85,694275.0,0.0,0.0,135561.15,846250.0,0.0,0.0,441220.3,151975.0,305659.15,135561.15,441220.3,305659.15,0.0
154,ARB01400_EUR,0.0,0.0,-185.4,0.0,0.0,0.0,0.0,0.0,0.0,-185.4,0.0,0.0,0.0,-77.7,0.0,0.0,0.0,-263.1,0.0,-185.4,-77.7,-263.1,-185.40000000000003,2.842170943040401e-14
155,ARB01400_GBP,0.0,0.0,0.0,-679.8,-284.28,0.0,0.0,0.0,0.0,-964.0799999999999,0.0,0.0,0.0,-404.04,0.0,0.0,0.0,-1368.12,0.0,-964.0799999999999,-404.04,-1368.12,-964.0799999999999,0.0
156,ARB01400_USD,14451.199999999997,0.0,-468.45,-365.40000000000003,-5449.92,0.0,0.0,0.0,0.0,-6283.77,-7740.8,0.0,0.0,1345.82,-9303.0,0.0,0.0,7951.05,-1562.1999999999998,6605.229999999997,1345.82,7951.05,6605.2300000000005,-3.637978807091713e-12
157,ARB01417_EUR,0.0,0.0,-95.39999999999999,0.0,0.0,0.0,0.0,0.0,0.0,-95.39999999999999,0.0,0.0,0.0,-132.6,0.0,0.0,0.0,-228.0,0.0,-95.39999999999999,-132.6,-228.0,-95.4,1.4210854715202004e-14
158,ARB01417_GBP,1060.0,0.0,0.0,-349.8,-149.2,0.0,0.0,0.0,0.0,-499.0,0.0,0.0,0.0,898.14,0.0,0.0,0.0,1459.14,0.0,561.0,898.14,1459.14,561.0000000000001,-1.1368683772161603e-13
159,ARB01417_USD,-11595.1,0.0,-1851.3,-4306.8,-12854.24,0.0,0.0,0.0,0.0,-19012.34,246.4,0.0,0.0,-4108.5,3530.0,0.0,0.0,-31432.34,3283.6,-27323.840000000004,-4108.5,-31432.34,-27323.84,-3.637978807091713e-12
160,ARB01445_EUR,-22900.0,0.0,-849.9,0.0,0.0,0.0,0.0,0.0,0.0,-849.9,-33637.5,0.0,0.0,-630.4,3237.5,0.0,0.0,12494.7,36875.0,13125.099999999999,-630.4,12494.7,13125.1,-1.8189894035458565e-12
161,ARB01445_GBP,14500.0,0.0,0.0,-1799.04,-548.4000000000001,0.0,0.0,0.0,0.0,-2347.44,-2812.5,0.0,0.0,-11019.76,-16925.0,0.0,0.0,-12979.7,-14112.5,-1959.9400000000005,-11019.76,-12979.7,-1959.9400000000005,0.0
162,ARB01457_CAD,5490.0,0.0,0.0,0.0,0.0,0.0,0.0,0.0,0.0,0.0,4720.0,0.0,0.0,336.0,962.0,0.0,0.0,2068.0,-3758.0,1732.0,336.0,2068.0,1732.0,0.0
163,ARB01457_USD,11640.0,0.0,-55.05,-81.0,-365.0,0.0,0.0,0.0,0.0,-501.05,-455.0,0.0,0.0,3846.97,-250.0,0.0,0.0,15190.92,205.0,11343.95,3846.97,15190.92,11343.95,0.0
164,ARB01458_CAD,27288.0,0.0,0.0,0.0,0.0,0.0,0.0,0.0,0.0,0.0,3406.0,0.0,0.0,7100.0,-24200.0,0.0,0.0,6782.0,-27606.0,-318.0,7100.0,6782.0,-318.0,0.0
165,ARB01458_USD,439085.0,0.0,-685.65,-1862.4,-3562.3199999999997,0.0,0.0,0.0,0.0,-6110.37,404635.0,0.0,0.0,100785.34,-23120.0,0.0,0.0,106004.97,-427755.0,5219.630000000005,100785.34,106004.97,5219.630000000005,0.0
166,ARB01466_CAD,1924.0,0.0,0.0,0.0,0.0,0.0,0.0,0.0,0.0,0.0,40.0,0.0,0.0,-1494.0,0.0,0.0,0.0,390.0,-40.0,1884.0,-1494.0,390.0,1884.0,0.0
167,ARB01466_USD,-390.0,0.0,-62.1,0.0,-521.9000000000001,0.0,0.0,0.0,0.0,-584.0000000000001,0.0,0.0,0.0,188.0,0.0,0.0,0.0,-786.0,0.0,-974.0000000000001,188.0,-786.0,-974.0,-1.1368683772161603e-13
168,ARB01472_CAD,1220.0,0.0,0.0,0.0,0.0,0.0,0.0,0.0,0.0,0.0,0.0,0.0,0.0,-6318.0,0.0,0.0,0.0,-5098.0,0.0,1220.0,-6318.0,-5098.0,1220.0,0.0
169,ARB01472_USD,70.0,0.0,-30.0,0.0,-380.0,0.0,0.0,0.0,0.0,-410.0,0.0,0.0,0.0,-191.0,0.0,0.0,0.0,-531.0,0.0,-340.0,-191.0,-531.0,-340.0,0.0
170,ARB01476_USD,-27697.4,0.0,-158.85,0.0,-2223.9,0.0,0.0,0.0,0.0,-2382.75,-23515.0,0.0,0.0,-1688.75,-5640.4,0.0,0.0,-13894.3,17874.6,-12205.550000000003,-1688.75,-13894.3,-12205.55,-3.637978807091713e-12
171,ARB01602_USD,-81.25,0.0,-0.6,0.0,-1.36,0.0,0.0,0.0,0.0,-1.96,0.0,0.0,0.0,41.99,0.0,0.0,0.0,-41.22,0.0,-83.21,41.99,-41.22,-83.21000000000001,1.4210854715202004e-14
172,ARB01606_USD,0.0,0.0,0.0,0.0,-0.1,0.0,0.0,0.0,0.0,-0.1,0.0,0.0,0.0,-166.98,0.0,0.0,0.0,-167.08,0.0,-0.1,-166.98,-167.08,-0.10000000000002274,2.273181642920008e-14
173,ARB02012_USD,-869497.5,752119.5,-5438.400000000001,0.0,-13526.12,0.0,0.0,0.0,0.0,-18964.52,0.0,0.0,265.0,292741.39,-1200.0,0.0,0.0,154933.87,-1465.0,-137807.52000000002,292741.39,154933.87,-137807.52000000002,0.0
174,ARB02040_USD,-1671.8,0.0,-83.7,0.0,-133.92000000000002,0.0,0.0,0.0,0.0,-217.62,187.52,0.0,0.0,21997.02,1249.95,0.0,0.0,21170.03,1062.43,-826.99,21997.02,21170.03,-826.9900000000016,1.5916157281026244e-12
175,ARB02043_USD,-236535.32,0.0,-1657.2,0.0,-4249.71,0.0,0.0,0.0,0.0,-5906.91,-130060.26,0.0,0.0,1889751.98,95052.55,0.0,0.0,1872422.56,225112.81,-17329.420000000013,1889751.98,1872422.56,-17329.419999999925,-8.731149137020111e-11
176,ARB02044_USD,231577.16,0.0,-1295.4,0.0,-2072.64,0.0,0.0,0.0,0.0,-3368.04,6375.44,0.0,0.0,-106945.28,0.0,0.0,0.0,114888.4,-6375.44,221833.68,-106945.28,114888.4,221833.68,0.0
177,ARB02045_USD,-9640.69,0.0,-22.5,0.0,-36.0,0.0,0.0,0.0,0.0,-58.5,921.9,0.0,0.0,24474.77,0.0,0.0,0.0,13853.68,-921.9,-10621.09,24474.77,13853.68,-10621.09,0.0
178,ARB02047_USD,57153.0,0.0,-594.0,0.0,-1150.03,0.0,0.0,0.0,0.0,-1744.03,-41012.0,0.0,0.0,14048.95,-100889.5,0.0,0.0,9580.42,-59877.5,-4468.529999999999,14048.95,9580.42,-4468.530000000001,1.8189894035458565e-12
179,ARB02052_USD,-39052.75,0.0,-129.29999999999998,0.0,-90.08,0.0,0.0,0.0,0.0,-219.38,0.0,0.0,0.0,8877.42,0.0,0.0,0.0,-30394.71,0.0,-39272.13,8877.42,-30394.71,-39272.13,0.0
180,ARB02055_USD,-8637.01,1582.5,-222.9,0.0,-549.24,0.0,0.0,0.0,0.0,-772.14,-2614.2,-34040.0,33787.5,4157.05,6110.96,-45095.0,44540.0,4753.06,8422.659999999996,596.0099999999966,4157.05,4753.06,596.0100000000002,-3.637978807091713e-12
181,ARB02076_USD,10663.419999999998,-875.0,-52617.0,0.0,-54850.11,0.0,0.0,0.0,0.0,-107467.11,2025.23,0.0,625.0,-170443.27,11041.11,0.0,0.0,-259731.08,8390.880000000001,-89287.81,-170443.27,-259731.08,-89287.81,0.0
182,ARB02102_USD,-8552.5,0.0,-648.3,0.0,-2208.42,0.0,0.0,0.0,0.0,-2856.7200000000003,-2397.5,0.0,0.0,7609.8,6597.5,0.0,0.0,5195.58,8995.0,-2414.220000000001,7609.8,5195.58,-2414.2200000000003,-9.094947017729282e-13
183,ARB02103_USD,0.0,46230.0,-1261.35,0.0,-5711.62,0.0,0.0,0.0,0.0,-6972.969999999999,0.0,-537300.0,524100.0,-55884.88,0.0,-202025.0,220080.0,14627.15,31255.0,70512.03,-55884.88,14627.15,70512.03,0.0
184,ARB02116_USD,10834.75,0.0,-313.65,0.0,-1218.31,0.0,0.0,0.0,0.0,-1531.96,-58225.0,0.0,0.0,5883.65,-78711.0,0.0,0.0,-5299.56,-20486.0,-11183.21,5883.65,-5299.56,-11183.21,0.0
185,ARB02118_USD,4580.0,0.0,-453.9,0.0,-1694.56,0.0,0.0,0.0,0.0,-2148.46,282.0,0.0,0.0,23.0,-450.0,0.0,0.0,1722.54,-732.0,1699.54,23.0,1722.54,1699.54,0.0
186,ARB02121_USD,22.870000000000005,0.0,-204.60000000000002,0.0,-268.0,0.0,0.0,0.0,0.0,-472.6,-270.91,0.0,0.0,-67060.33,1062.5,0.0,0.0,-66176.65,1333.41,883.6800000000001,-67060.33,-66176.65,883.6800000000076,-7.503331289626658e-12
187,ARB02129_USD,-49546.1,0.0,-1221.3,0.0,-2421.29,0.0,0.0,0.0,0.0,-3642.59,-63476.5,0.0,0.0,-12996.35,-14846.5,0.0,0.0,-17555.04,48630.0,-4558.690000000002,-12996.35,-17555.04,-4558.6900000000005,-1.8189894035458565e-12
188,ARB02132_USD,-66794.5,0.0,-133.95000000000002,0.0,-515.4399999999999,0.0,0.0,0.0,0.0,-649.39,-39733.0,0.0,0.0,-30170.73,-17125.0,0.0,0.0,-75006.62,22608.0,-44835.89,-30170.73,-75006.62,-44835.89,0.0
189,ARB02135_USD,-21533.75,0.0,-147.3,0.0,-444.00000000000006,0.0,0.0,0.0,0.0,-591.3000000000001,-336.0,0.0,0.0,-1531.27,-1812.5,0.0,0.0,-25132.82,-1476.5,-23601.55,-1531.27,-25132.82,-23601.55,0.0
190,ARB02136_USD,4188.5,0.0,-207.0,0.0,-770.08,0.0,0.0,0.0,0.0,-977.08,-12.5,0.0,0.0,11863.0,6.0,0.0,0.0,15092.92,18.5,3229.92,11863.0,15092.92,3229.92,0.0
191,ARB02145_USD,-496.5,0.0,-148.8,0.0,-555.52,0.0,0.0,0.0,0.0,-704.3199999999999,812.5,0.0,0.0,756.7,0.0,0.0,0.0,-1256.62,-812.5,-2013.32,756.7,-1256.62,-2013.32,0.0
192,ARB02147_USD,-3147.5,0.0,-1827.45,0.0,-3544.0299999999997,0.0,0.0,0.0,0.0,-5371.48,-36665.5,0.0,0.0,10917.26,17126.0,0.0,0.0,56189.78,53791.5,45272.520000000004,10917.26,56189.78,45272.52,7.275957614183426e-12
193,ARB02149_USD,5837.0,0.0,-223.5,0.0,-808.48,0.0,0.0,0.0,0.0,-1031.98,-76.0,0.0,0.0,678.78,0.0,0.0,0.0,5559.8,76.0,4881.02,678.78,5559.8,4881.02,0.0
194,ARB02152_USD,16770.0,0.0,-166.8,0.0,-646.26,0.0,0.0,0.0,0.0,-813.06,-880.0,0.0,0.0,-3523.68,-20150.0,0.0,0.0,-6836.74,-19270.0,-3313.0599999999995,-3523.68,-6836.74,-3313.06,4.547473508864641e-13
195,ARB02154_USD,-110722.5,0.0,-221.4,0.0,-755.76,0.0,0.0,0.0,0.0,-977.16,-81172.5,0.0,0.0,33504.94,-34110.0,0.0,0.0,-31132.22,47062.5,-64637.16,33504.94,-31132.22,-64637.16,0.0
196,ARB02156_USD,-112.5,0.0,-1.8,0.0,-6.72,0.0,0.0,0.0,0.0,-8.52,-262.5,0.0,0.0,-129.21,0.0,0.0,0.0,12.27,262.5,141.48000000000002,-129.21,12.27,141.48000000000002,0.0
197,ARB02158_USD,325.0,18723.75,-1319.85,0.0,-2656.2,0.0,0.0,0.0,0.0,-3976.0499999999997,0.0,-475937.5,493775.0,7722.87,0.0,-112537.5,118862.5,11283.07,-11512.5,3560.2000000000007,7722.87,11283.07,3560.2,9.094947017729282e-13
198,ARB02167_USD,-76668.5,0.0,-837.6,0.0,-1616.34,0.0,0.0,0.0,0.0,-2453.94,0.0,0.0,0.0,-227049.98,0.0,0.0,0.0,-306172.42,0.0,-79122.44,-227049.98,-306172.42,-79122.43999999997,-2.9103830456733704e-11
199,ARB02168_USD,-1850.0,0.0,-7.2,0.0,-24.479999999999997,0.0,0.0,0.0,0.0,-31.679999999999996,-1210.0,0.0,0.0,-2924.88,280.0,0.0,0.0,-3316.56,1490.0,-391.68000000000006,-2924.88,-3316.56,-391.67999999999984,-2.2737367544323206e-13
200,ARB02173_USD,40367.5,-193110.25,-874.65,0.0,-3586.51,0.0,0.0,0.0,0.0,-4461.16,4605.0,-12736.25,12355.0,53056.17,-17975.0,-226504.9,450392.5,97541.11,201688.85,44484.94,53056.17,97541.11,44484.94,0.0
201,ARB02176_USD,-83072.5,0.0,-6887.55,0.0,-27922.2,0.0,0.0,0.0,0.0,-34809.75,-199625.0,0.0,0.0,689049.8,62750.0,0.0,0.0,833542.55,262375.0,144492.75,689049.8,833542.55,144492.75,0.0
202,ARB02177_USD,-54802.5,0.0,-1088.85,0.0,-2107.73,0.0,0.0,0.0,0.0,-3196.58,-37663.0,0.0,0.0,-2875.6,18582.5,0.0,0.0,-4629.18,56245.5,-1753.5800000000017,-2875.6,-4629.18,-1753.5800000000004,-1.3642420526593924e-12
203,ARB02179_USD,-82732.0,0.0,-2826.0,0.0,-5632.360000000001,0.0,0.0,0.0,0.0,-8458.36,23547.5,0.0,0.0,9661.22,137843.0,0.0,0.0,32766.36,114295.5,23105.14,9661.22,32766.36,23105.14,0.0
204,ARB02180_USD,79194.5,0.0,-1792.95,0.0,-3474.55,0.0,0.0,0.0,0.0,-5267.5,-32606.0,0.0,0.0,12104.66,-80740.0,0.0,0.0,37897.66,-48134.0,25793.0,12104.66,37897.66,25793.000000000004,-3.637978807091713e-12
205,ARB02181_USD,-106738.39,0.0,-4077.9,0.0,-7905.8,0.0,0.0,0.0,0.0,-11983.7,-49756.0,0.0,0.0,-4343.14,114896.5,0.0,0.0,41587.27,164652.5,45930.41,-4343.14,41587.27,45930.409999999996,7.275957614183426e-12
206,ARB02182_USD,42364.5,0.0,-1365.6,0.0,-2624.57,0.0,0.0,0.0,0.0,-3990.17,18660.0,0.0,0.0,1250.17,-7351.0,0.0,0.0,13613.5,-26011.0,12363.330000000002,1250.17,13613.5,12363.33,1.8189894035458565e-12
207,ARB02183_USD,-36022.5,0.0,-3114.9,0.0,-11628.960000000001,0.0,0.0,0.0,0.0,-14743.86,-27595.5,0.0,0.0,46932.44,25685.5,0.0,0.0,49447.08,53281.0,2514.6399999999994,46932.44,49447.08,2514.6399999999994,0.0
208,ARB02184_USD,78431.0,0.0,-6234.75,0.0,-12091.43,0.0,0.0,0.0,0.0,-18326.18,-109393.5,0.0,0.0,10139.32,-67400.0,0.0,0.0,112237.64,41993.5,102098.32,10139.32,112237.64,102098.32,0.0
209,ARB02185_USD,892.5,0.0,-39.6,0.0,-147.84,0.0,0.0,0.0,0.0,-187.44,0.0,0.0,0.0,4762.1,476.0,0.0,0.0,5943.16,476.0,1181.06,4762.1,5943.16,1181.0599999999995,4.547473508864641e-13
210,ARB02187_USD,1055.0,0.0,-14.1,0.0,-48.34,0.0,0.0,0.0,0.0,-62.440000000000005,-3614.0,0.0,0.0,-4586.99,-4356.0,0.0,0.0,-4336.43,-742.0,250.55999999999995,-4586.99,-4336.43,250.5599999999995,4.547473508864641e-13
211,ARB02188_USD,4580.0,0.0,-74.4,0.0,-372.0,0.0,0.0,0.0,0.0,-446.4,-70.0,0.0,0.0,762.4,-100.0,0.0,0.0,4866.0,-30.0,4103.6,762.4,4866.0,4103.6,0.0
212,ARB02190_USD,-1230.0,0.0,-74.1,0.0,-144.14000000000001,0.0,0.0,0.0,0.0,-218.24,-3848.0,0.0,0.0,-9300.72,-322.0,0.0,0.0,-7222.96,3526.0,2077.76,-9300.72,-7222.96,2077.7599999999993,9.094947017729282e-13
213,ARB02191_USD,1007.75,0.0,-63.0,0.0,-51.14,0.0,0.0,0.0,0.0,-114.14,0.0,0.0,0.0,1608.32,0.0,0.0,0.0,2501.93,0.0,893.61,1608.32,2501.93,893.6099999999999,1.1368683772161603e-13
214,ARB02196_USD,5050.0,0.0,-15.0,0.0,-56.0,0.0,0.0,0.0,0.0,-71.0,900.0,0.0,0.0,1499.72,-1737.5,0.0,0.0,3841.22,-2637.5,2341.5,1499.72,3841.22,2341.5,0.0
215,ARB02342_EUR,0.0,0.0,-8.4,0.0,0.0,0.0,0.0,0.0,0.0,-8.4,0.0,0.0,0.0,-233.1,0.0,0.0,0.0,-241.5,0.0,-8.4,-233.1,-241.5,-8.400000000000006,5.329070518200751e-15
216,ARB02342_GBP,110.0,0.0,0.0,-16.24,-6.16,0.0,0.0,0.0,0.0,-22.4,0.0,0.0,0.0,-5741.6,0.0,0.0,0.0,-5654.0,0.0,87.6,-5741.6,-5654.0,87.60000000000036,-3.694822225952521e-13
217,ARB02343_EUR,106390.0,0.0,-539.9100000000001,0.0,-533.6,0.0,0.0,0.0,0.0,-1073.5100000000002,-57020.0,0.0,0.0,-966165.75,-6570.0,0.0,0.0,-810179.51,50450.0,155766.49,-966165.75,-810179.51,155986.24,-219.75
218,ARB02343_EUR,106390.0,0.0,-539.9100000000001,0.0,-533.6,0.0,0.0,0.0,0.0,-1073.5100000000002,-57020.0,0.0,0.0,-966165.75,0.0,0.0,0.0,826943.18,57020.0,162336.49,-966165.75,826943.18,1793108.9300000002,-1630772.4400000002
219,ARB02343_EUR,106390.0,0.0,-539.9100000000001,0.0,-533.6,0.0,0.0,0.0,0.0,-1073.5100000000002,0.0,0.0,0.0,827162.93,-6570.0,0.0,0.0,-810179.51,-6570.0,98746.49,827162.93,-810179.51,-1637342.44,1736088.93
220,ARB02343_EUR,106390.0,0.0,-539.9100000000001,0.0,-533.6,0.0,0.0,0.0,0.0,-1073.5100000000002,0.0,0.0,0.0,827162.93,0.0,0.0,0.0,826943.18,0.0,105316.49,827162.93,826943.18,-219.75,105536.24
221,ARB02343_GBP,-73180.0,0.0,0.0,-464.21000000000004,-220.19,0.0,0.0,0.0,0.0,-684.4000000000001,0.0,0.0,0.0,1064086.32,0.0,0.0,0.0,1064086.32,0.0,-73864.4,1064086.32,1064086.32,0.0,-73864.4
222,ARB02343_GBP,-73180.0,0.0,0.0,-464.21000000000004,-220.19,0.0,0.0,0.0,0.0,-684.4000000000001,0.0,0.0,0.0,1064086.32,-74625.0,0.0,0.0,1195119.4,-74625.0,-148489.4,1064086.32,1195119.4,131033.07999999984,-279522.47999999986
223,ARB02343_GBP,-73180.0,0.0,0.0,-464.21000000000004,-220.19,0.0,0.0,0.0,0.0,-684.4000000000001,1255.0,0.0,0.0,1344863.8,0.0,0.0,0.0,1064086.32,-1255.0,-75119.4,1344863.8,1064086.32,-280777.48,205658.08
224,ARB02343_GBP,-73180.0,0.0,0.0,-464.21000000000004,-220.19,0.0,0.0,0.0,0.0,-684.4000000000001,1255.0,0.0,0.0,1344863.8,-74625.0,0.0,0.0,1195119.4,-75880.0,-149744.4,1344863.8,1195119.4,-149744.40000000014,1.4551915228366852e-10
225,ARB02343_USD,43077.55,0.0,-95.25,-0.5,-1314.3000000000002,0.0,0.0,0.0,-80.04,-1490.0900000000001,8054.8,0.0,0.0,2325706.91,-1908.6,0.0,0.0,2357411.01,-9963.4,31624.060000000005,2325706.91,2357411.01,31704.099999999627,-80.03999999962252
226,ARB02343_USD,43077.55,0.0,-95.25,-0.5,-1314.3000000000002,0.0,0.0,0.0,-80.04,-1490.0900000000001,8054.8,0.0,0.0,2325706.91,0.0,0.0,0.0,-2420.13,-8054.8,33532.66,2325706.91,-2420.13,-2328127.04,2361659.7
227,ARB02343_USD,43077.55,0.0,-95.25,-0.5,-1314.3000000000002,0.0,0.0,0.0,-80.04,-1490.0900000000001,0.0,0.0,0.0,-2340.09,-1908.6,0.0,0.0,2357411.01,-1908.6,39678.86000000001,-2340.09,2357411.01,2359751.0999999996,-2320072.2399999998
228,ARB02343_USD,43077.55,0.0,-95.25,-0.5,-1314.3000000000002,0.0,0.0,0.0,-80.04,-1490.0900000000001,0.0,0.0,0.0,-2340.09,0.0,0.0,0.0,-2420.13,0.0,41587.46000000001,-2340.09,-2420.13,-80.03999999999996,41667.50000000001
229,ARB02345_EUR,0.0,0.0,-6.9,0.0,0.0,0.0,0.0,0.0,0.0,-6.9,0.0,0.0,0.0,-12.3,0.0,0.0,0.0,-19.2,0.0,-6.9,-12.3,-19.2,-6.899999999999999,-1.7763568394002505e-15
230,ARB02345_GBP,-4970.0,0.0,0.0,-15.18,-7.82,0.0,0.0,0.0,0.0,-23.0,0.0,0.0,0.0,6824.0,0.0,0.0,0.0,1831.0,0.0,-4993.0,6824.0,1831.0,-4993.0,0.0
231,ARB02355_USD,1690.0,0.0,-55.8,-9.28,-424.08,0.0,0.0,0.0,0.0,-489.15999999999997,-59.3,0.0,0.0,2625.69,204.4,0.0,0.0,4090.23,263.7,1464.5400000000002,2625.69,4090.23,1464.54,2.2737367544323206e-13
232,ARB02376_EUR,0.0,0.0,-515.7,0.0,0.0,0.0,0.0,0.0,0.0,-515.7,0.0,0.0,0.0,-2344.2,0.0,0.0,0.0,-2859.9,0.0,-515.7,-2344.2,-2859.9,-515.7000000000003,2.2737367544323206e-13
233,ARB02376_GBP,4450.0,0.0,0.0,-997.02,-378.18,0.0,0.0,0.0,0.0,-1375.2,0.0,0.0,0.0,8908.8,4620.0,0.0,0.0,16603.6,4620.0,7694.8,8908.8,16603.6,7694.799999999999,9.094947017729282e-13
234,ARB02402_USD,-1250.0,0.0,-94.5,0.0,-1323.0,0.0,0.0,0.0,0.0,-1417.5,0.0,0.0,0.0,-1601.5,2920.0,0.0,0.0,-1349.0,2920.0,252.5,-1601.5,-1349.0,252.5,0.0
235,ARB02416_EUR,0.0,0.0,-20.4,0.0,0.0,0.0,0.0,0.0,0.0,-20.4,0.0,0.0,0.0,-18.75,0.0,0.0,0.0,-39.15,0.0,-20.4,-18.75,-39.15,-20.4,0.0
236,ARB02416_GBP,-1650.0,0.0,0.0,-74.80000000000001,-31.68,0.0,0.0,0.0,0.0,-106.48000000000002,120.0,0.0,0.0,1392.14,2350.0,0.0,0.0,1865.66,2230.0,473.52,1392.14,1865.66,473.52,0.0
237,ARB02416_USD,9542.4,0.0,-162.60000000000002,-342.0,-1239.0,0.0,0.0,0.0,0.0,-1743.6,3465.4,0.0,0.0,17188.59,-63.6,0.0,0.0,21458.39,-3529.0,4269.799999999999,17188.59,21458.39,4269.799999999999,0.0
238,ARB02418_EUR,0.0,0.0,-96.15,0.0,0.0,0.0,0.0,0.0,0.0,-96.15,0.0,0.0,0.0,-149.85,0.0,0.0,0.0,-246.0,0.0,-96.15,-149.85,-246.0,-96.15,0.0
239,ARB02418_GBP,-2340.0,0.0,0.0,-352.55,-150.85,0.0,0.0,0.0,0.0,-503.4,-740.0,0.0,0.0,2196.55,3620.0,0.0,0.0,3713.15,4360.0,1516.6,2196.55,3713.15,1516.6,0.0
240,ARB02418_USD,22347.4,0.0,-1156.2,-408.0,-14949.2,0.0,0.0,0.0,0.0,-16513.4,-2958.4,0.0,0.0,-38.64,-13288.4,0.0,0.0,-4534.64,-10330.0,-4496.0,-38.64,-4534.64,-4496.0,0.0
241,ARB02421_EUR,387.5,0.0,-99.0,0.0,0.0,0.0,0.0,0.0,0.0,-99.0,0.0,0.0,0.0,6306.65,-162.5,0.0,0.0,6432.65,-162.5,126.0,6306.65,6432.65,126.0,0.0
242,ARB02421_GBP,237.5,0.0,0.0,-188.0,-60.8,0.0,0.0,0.0,0.0,-248.8,0.0,0.0,0.0,-7897.56,-1162.5,0.0,0.0,-9071.36,-1162.5,-1173.8,-7897.56,-9071.36,-1173.8000000000002,2.2737367544323206e-13
243,ARB02421_USD,1310.0,0.0,-82.5,-13.76,-627.0,0.0,0.0,0.0,0.0,-723.26,-157.9,0.0,0.0,-884.61,0.0,0.0,0.0,-139.97,157.9,744.64,-884.61,-139.97,744.64,0.0
244,ARB02429_CAD,-430.0,0.0,0.0,0.0,0.0,0.0,0.0,0.0,0.0,0.0,0.0,0.0,0.0,4384.0,-120.0,0.0,0.0,3834.0,-120.0,-550.0,4384.0,3834.0,-550.0,0.0
245,ARB02429_EUR,0.0,0.0,-8.7,0.0,0.0,0.0,0.0,0.0,0.0,-8.7,0.0,0.0,0.0,-105.45,0.0,0.0,0.0,-114.15,0.0,-8.7,-105.45,-114.15,-8.700000000000003,3.552713678800501e-15
246,ARB02429_GBP,-13450.0,0.0,0.0,-31.9,-13.92,0.0,0.0,0.0,0.0,-45.82,-3600.0,0.0,0.0,-13145.37,-720.0,0.0,0.0,-23761.19,2880.0,-10615.82,-13145.37,-23761.19,-10615.819999999998,-1.8189894035458565e-12
247,ARB02429_USD,136846.3,0.0,-290.1,-495.6,-2428.08,0.0,0.0,0.0,0.0,-3213.7799999999997,73171.5,0.0,0.0,36742.53,-33966.55,0.0,0.0,63237.0,-107138.05,26494.469999999987,36742.53,63237.0,26494.47,-1.4551915228366852e-11
248,ARB02432_CAD,22012.0,0.0,0.0,0.0,0.0,0.0,0.0,0.0,0.0,0.0,30012.0,0.0,0.0,17366.0,0.0,0.0,0.0,9366.0,-30012.0,-8000.0,17366.0,9366.0,-8000.0,0.0
249,ARB02432_USD,-530.6,0.0,-95.10000000000001,0.0,-748.9000000000001,0.0,0.0,0.0,0.0,-844.0000000000001,0.0,0.0,0.0,-791.5,0.0,0.0,0.0,-2166.1,0.0,-1374.6000000000001,-791.5,-2166.1,-1374.6,-2.2737367544323206e-13
250,ARB02435_CAD,4068.0,0.0,0.0,0.0,0.0,0.0,0.0,0.0,0.0,0.0,-152.0,0.0,0.0,-2216.0,-768.0,0.0,0.0,1236.0,-616.0,3452.0,-2216.0,1236.0,3452.0,0.0
251,ARB02435_USD,-390.0,0.0,-66.6,0.0,-462.40000000000003,0.0,0.0,0.0,0.0,-529.0,0.0,0.0,0.0,49.5,0.0,0.0,0.0,-869.5,0.0,-919.0,49.5,-869.5,-919.0,0.0
252,ARB02436_EUR,0.0,0.0,-336.3,0.0,0.0,0.0,0.0,0.0,0.0,-336.3,0.0,0.0,0.0,-438.3,0.0,0.0,0.0,-774.6,0.0,-336.3,-438.3,-774.6,-336.3,0.0
253,ARB02436_GBP,4030.0,0.0,0.0,-1233.1000000000001,-527.42,0.0,0.0,0.0,0.0,-1760.52,1090.0,0.0,0.0,655.18,-10.0,0.0,0.0,1824.66,-1100.0,1169.48,655.18,1824.66,1169.48,0.0
254,ARB02436_USD,5057.9,0.0,-647.25,-195.6,-8468.18,0.0,0.0,0.0,0.0,-9311.03,-5593.4,0.0,0.0,11478.85,244.15,0.0,0.0,13063.27,5837.549999999999,1584.4199999999983,11478.85,13063.27,1584.42,-1.8189894035458565e-12
255,ARB02445_USD,64175.0,0.0,-760.35,0.0,-10644.9,0.0,0.0,0.0,0.0,-11405.25,17870.0,0.0,0.0,7784.25,-56760.0,0.0,0.0,-14076.0,-74630.0,-21860.25,7784.25,-14076.0,-21860.25,0.0
256,ARB02447_CAD,840.0,0.0,0.0,0.0,0.0,0.0,0.0,0.0,0.0,0.0,-1630.0,0.0,0.0,634.0,-64.0,0.0,0.0,3040.0,1566.0,2406.0,634.0,3040.0,2406.0,0.0
257,ARB02447_USD,-2820.0,0.0,-37.5,-116.4,-101.92,0.0,0.0,0.0,0.0,-255.82,-4310.0,0.0,0.0,2970.5,-1470.0,0.0,0.0,2734.68,2840.0,-235.82000000000016,2970.5,2734.68,-235.82000000000016,0.0
258,ARB02449_EUR,0.0,0.0,-57.0,0.0,0.0,0.0,0.0,0.0,0.0,-57.0,0.0,0.0,0.0,-69.9,0.0,0.0,0.0,-126.9,0.0,-57.0,-69.9,-126.9,-57.0,0.0
259,ARB02449_GBP,410.0,0.0,0.0,-209.0,-87.7,0.0,0.0,0.0,0.0,-296.7,0.0,0.0,0.0,-283.56,0.0,0.0,0.0,-170.26,0.0,113.30000000000001,-283.56,-170.26,113.30000000000001,0.0
260,ARB02449_USD,515.5,0.0,-465.0,-51.6,-6353.48,0.0,0.0,0.0,0.0,-6870.08,-8785.6,0.0,0.0,-5032.83,5186.25,0.0,0.0,2584.44,13971.85,7617.27,-5032.83,2584.44,7617.27,0.0
261,ARB02452_USD,-5032.5,0.0,-33.9,-120.0,-110.6,0.0,0.0,0.0,0.0,-264.5,-7462.5,0.0,0.0,-4875.36,-3277.5,0.0,0.0,-5987.36,4185.0,-1112.0,-4875.36,-5987.36,-1112.0,0.0
262,ARB02454_EUR,0.0,0.0,-41.4,0.0,0.0,0.0,0.0,0.0,0.0,-41.4,0.0,0.0,0.0,-29.4,0.0,0.0,0.0,-70.8,0.0,-41.4,-29.4,-70.8,-41.4,0.0
263,ARB02454_GBP,8290.0,0.0,0.0,-151.8,-63.74,0.0,0.0,0.0,0.0,-215.54000000000002,-200.0,0.0,0.0,1376.74,-9030.0,0.0,0.0,621.2,-8830.0,-755.54,1376.74,621.2,-755.54,0.0
264,ARB02454_USD,-70544.6,0.0,-82.65,0.0,-1157.1,0.0,0.0,0.0,0.0,-1239.75,-30273.4,0.0,0.0,2070.5,40830.0,0.0,0.0,1389.55,71103.4,-680.9500000000116,2070.5,1389.55,-680.95,-1.1596057447604835e-11
265,ARB02456_EUR,0.0,0.0,-10.05,0.0,0.0,0.0,0.0,0.0,0.0,-10.05,0.0,0.0,0.0,-28.5,0.0,0.0,0.0,-38.55,0.0,-10.05,-28.5,-38.55,-10.049999999999997,-3.552713678800501e-15
266,ARB02456_GBP,-20.0,0.0,0.0,-36.849999999999994,-15.45,0.0,0.0,0.0,0.0,-52.3,0.0,0.0,0.0,-148.2,0.0,0.0,0.0,-220.5,0.0,-72.3,-148.2,-220.5,-72.30000000000001,1.4210854715202004e-14
267,ARB02456_USD,18024.65,0.0,-64.5,-27.0,-821.1,0.0,0.0,0.0,0.0,-912.6,9143.5,0.0,0.0,14788.92,-787.2,0.0,0.0,21970.27,-9930.7,7181.350000000002,14788.92,21970.27,7181.35,1.8189894035458565e-12
268,ARB02458_USD,10990.0,0.0,-87.6,-26.59,-646.18,0.0,0.0,0.0,0.0,-760.3699999999999,-4170.0,0.0,0.0,-1909.39,-17356.4,0.0,0.0,-4866.16,-13186.400000000001,-2956.7700000000004,-1909.39,-4866.16,-2956.7699999999995,-9.094947017729282e-13
269,ARB02463_USD,62563.8,0.0,-199.65,0.0,-2795.1,0.0,0.0,0.0,0.0,-2994.75,15967.6,0.0,0.0,11283.5,-41633.2,0.0,0.0,13251.75,-57600.799999999996,1968.2500000000073,11283.5,13251.75,1968.25,7.275957614183426e-12
270,ARB02473_EUR,0.0,0.0,-13.35,0.0,0.0,0.0,0.0,0.0,0.0,-13.35,-12.5,0.0,0.0,68.4,-262.5,0.0,0.0,-194.95,-250.0,-263.35,68.4,-194.95,-263.35,0.0
271,ARB02473_GBP,0.0,0.0,0.0,-42.72,-10.68,0.0,0.0,0.0,0.0,-53.4,0.0,0.0,0.0,194.42,237.5,0.0,0.0,378.52,237.5,184.1,194.42,378.52,184.1,0.0
272,ARB02473_USD,27170.0,0.0,-455.40000000000003,-1821.6000000000001,-850.0799999999999,0.0,0.0,0.0,0.0,-3127.08,5650.0,0.0,0.0,6636.74,-26190.0,0.0,0.0,-1160.34,-31840.0,-7797.080000000002,6636.74,-1160.34,-7797.08,-1.8189894035458565e-12
273,ARB02476_EUR,1250.0,0.0,-1111.8,0.0,0.0,0.0,0.0,0.0,0.0,-1111.8,79100.0,0.0,0.0,-24809.3,74100.0,0.0,0.0,-29671.1,-5000.0,-4861.8,-24809.3,-29671.1,-4861.799999999999,-9.094947017729282e-13
274,ARB02476_GBP,-189462.5,0.0,0.0,-3333.76,-857.44,0.0,0.0,0.0,0.0,-4191.200000000001,-89100.0,0.0,0.0,6013.8,80175.0,0.0,0.0,-18364.9,169275.0,-24378.70000000001,6013.8,-18364.9,-24378.7,-1.0913936421275139e-11
275,ARB02476_USD,260160.0,0.0,-7040.4,-28161.6,-13142.08,0.0,0.0,0.0,0.0,-48344.08,23650.0,0.0,0.0,-6297.32,99890.0,0.0,0.0,281758.6,76240.0,288055.92,-6297.32,281758.6,288055.92,0.0
276,ARB02477_CAD,0.0,0.0,0.0,0.0,0.0,0.0,0.0,0.0,0.0,0.0,-2928.0,0.0,0.0,2092.0,-2270.0,0.0,0.0,2750.0,658.0,658.0,2092.0,2750.0,658.0,0.0
277,ARB02477_USD,-700.0,0.0,-21.299999999999997,-82.8,-42.04,0.0,0.0,0.0,0.0,-146.14,60.0,0.0,0.0,-1783.6,0.0,0.0,0.0,-2689.74,-60.0,-906.14,-1783.6,-2689.74,-906.1399999999999,-1.1368683772161603e-13
278,ARB02479_CAD,200.0,0.0,0.0,0.0,0.0,0.0,0.0,0.0,0.0,0.0,0.0,0.0,0.0,-1510.0,674.0,0.0,0.0,-636.0,674.0,874.0,-1510.0,-636.0,874.0,0.0
279,ARB02479_USD,18055.6,0.0,-312.9,-213.6,-2562.6800000000003,0.0,0.0,0.0,0.0,-3089.1800000000003,17427.2,0.0,0.0,-2368.4,816.0,0.0,0.0,-4013.18,-16611.2,-1644.7800000000025,-2368.4,-4013.18,-1644.7799999999997,-2.7284841053187847e-12
280,ARB02480_CAD,-384.0,0.0,0.0,0.0,0.0,0.0,0.0,0.0,0.0,0.0,5310.0,0.0,0.0,1516.0,6910.0,0.0,0.0,2732.0,1600.0,1216.0,1516.0,2732.0,1216.0,0.0
281,ARB02480_USD,-2810.0,0.0,-201.3,-745.2,-432.76,0.0,0.0,0.0,0.0,-1379.26,-6860.0,0.0,0.0,3516.58,-260.0,0.0,0.0,5927.32,6600.0,2410.74,3516.58,5927.32,2410.74,0.0
282,ARB02481_CAD,5162.0,0.0,0.0,0.0,0.0,0.0,0.0,0.0,0.0,0.0,482.0,0.0,0.0,5654.0,-782.0,0.0,0.0,9552.0,-1264.0,3898.0,5654.0,9552.0,3898.0,0.0
283,ARB02481_USD,2310.0,0.0,-331.2,-418.8,-1478.94,0.0,0.0,0.0,0.0,-2228.94,-60.0,0.0,0.0,-1148.1,-980.0,0.0,0.0,-1987.04,-920.0,-838.94,-1148.1,-1987.04,-838.94,0.0
284,ARB02482_CAD,198.0,0.0,0.0,0.0,0.0,0.0,0.0,0.0,0.0,0.0,20.0,0.0,0.0,2614.0,538.0,0.0,0.0,3330.0,518.0,716.0,2614.0,3330.0,716.0,0.0
285,ARB02482_USD,0.0,0.0,-40.65,0.0,-230.35,0.0,0.0,0.0,0.0,-271.0,0.0,0.0,0.0,-870.0,0.0,0.0,0.0,-1141.0,0.0,-271.0,-870.0,-1141.0,-271.0,0.0
286,ARB02483_CAD,5834.0,0.0,0.0,0.0,0.0,0.0,0.0,0.0,0.0,0.0,7900.0,0.0,0.0,890.0,7394.0,0.0,0.0,6218.0,-506.0,5328.0,890.0,6218.0,5328.0,0.0
287,ARB02483_USD,3600.0,0.0,-202.5,-393.59999999999997,-773.5799999999999,0.0,0.0,0.0,0.0,-1369.6799999999998,2920.0,0.0,0.0,3979.8,0.0,0.0,0.0,3290.12,-2920.0,-689.6799999999998,3979.8,3290.12,-689.6800000000003,4.547473508864641e-13
288,ARB02484_CAD,-11130.0,0.0,0.0,0.0,0.0,0.0,0.0,0.0,0.0,0.0,-4870.0,0.0,0.0,-16986.0,918.0,0.0,0.0,-22328.0,5788.0,-5342.0,-16986.0,-22328.0,-5342.0,0.0
289,ARB02484_EUR,0.0,0.0,-0.3,0.0,0.0,0.0,0.0,0.0,0.0,-0.3,0.0,0.0,0.0,0.0,0.0,0.0,0.0,-0.3,0.0,-0.3,0.0,-0.3,-0.3,0.0
290,ARB02484_GBP,710.0,0.0,0.0,-1.1,-0.48,0.0,0.0,0.0,0.0,-1.58,610.0,0.0,0.0,320.0,0.0,0.0,0.0,418.42,-610.0,98.41999999999996,320.0,418.42,98.42000000000002,-5.684341886080802e-14
291,ARB02484_USD,5590.0,0.0,-762.45,-1231.2,-3175.91,0.0,0.0,0.0,0.0,-5169.5599999999995,24210.0,0.0,0.0,34337.0,3300.0,0.0,0.0,13847.44,-20910.0,-20489.559999999998,34337.0,13847.44,-20489.559999999998,0.0
292,ARB02485_EUR,0.0,0.0,-113.25,0.0,0.0,0.0,0.0,0.0,0.0,-113.25,0.0,0.0,0.0,-200.55,0.0,0.0,0.0,-313.8,0.0,-113.25,-200.55,-313.8,-113.25,0.0
293,ARB02485_GBP,4340.0,0.0,0.0,-415.25,-176.51,0.0,0.0,0.0,0.0,-591.76,-210.0,0.0,0.0,-796.52,360.0,0.0,0.0,3521.72,570.0,4318.24,-796.52,3521.72,4318.24,0.0
294,ARB02485_USD,19704.1,0.0,-1096.05,-1653.6000000000001,-10328.78,0.0,0.0,0.0,0.0,-13078.43,-15529.35,0.0,0.0,32938.22,-8711.55,0.0,0.0,46381.69,6817.800000000001,13443.47,32938.22,46381.69,13443.470000000001,-1.8189894035458565e-12
295,ARB02488_USD,-3630.0,0.0,-624.0,-2496.0,-1164.8,0.0,0.0,0.0,0.0,-4284.8,-930.0,0.0,0.0,11869.32,15815.0,0.0,0.0,20699.52,16745.0,8830.2,11869.32,20699.52,8830.2,0.0
296,ARB02491_CAD,258.0,0.0,0.0,0.0,0.0,0.0,0.0,0.0,0.0,0.0,0.0,0.0,0.0,840.0,0.0,0.0,0.0,1098.0,0.0,258.0,840.0,1098.0,258.0,0.0
297,ARB02491_EUR,0.0,0.0,-36.9,0.0,0.0,0.0,0.0,0.0,0.0,-36.9,0.0,0.0,0.0,-19.2,0.0,0.0,0.0,-56.1,0.0,-36.9,-19.2,-56.1,-36.900000000000006,7.105427357601002e-15
298,ARB02491_GBP,1660.0,0.0,0.0,-135.3,-58.6,0.0,0.0,0.0,0.0,-193.9,0.0,0.0,0.0,-5260.76,0.0,0.0,0.0,-3794.66,0.0,1466.1,-5260.76,-3794.66,1466.1000000000004,-4.547473508864641e-13
299,ARB02491_USD,-1753.2,0.0,-3.6,0.0,-40.4,0.0,0.0,0.0,0.0,-44.0,0.0,0.0,0.0,10743.7,10.0,0.0,0.0,8956.5,10.0,-1787.2,10743.7,8956.5,-1787.2000000000007,6.821210263296962e-13
300,ARB03003_USD,-13737.5,0.0,-345.0,0.0,-437.0,0.0,0.0,0.0,0.0,-782.0,0.0,0.0,0.0,5142.29,0.0,0.0,0.0,-9377.21,0.0,-14519.5,5142.29,-9377.21,-14519.5,0.0
301,ARB03022_USD,60443.75,160275.0,-5074.2,0.0,-7036.540000000001,-2087.5,0.0,0.0,0.0,-14198.240000000002,-1200.0,-4451393.75,4384418.75,13363.84,41131.25,-5557075.0,5300212.5,72328.1,-147556.25,58964.26000000001,13363.84,72328.1,58964.26000000001,0.0
302,ARB03032_USD,-18725.0,0.0,-831.45,0.0,-1053.17,0.0,0.0,0.0,0.0,-1884.6200000000001,-17062.5,0.0,0.0,-198000.5,-1562.5,0.0,0.0,-203110.12,15500.0,-5109.619999999999,-198000.5,-203110.12,-5109.619999999995,-3.637978807091713e-12
303,ARB03033_USD,-36240.0,6155.0,-549.45,0.0,-1213.76,0.0,0.0,0.0,0.0,-1763.21,-34251.25,0.0,0.0,-3149.0,0.0,0.0,0.0,-745.96,34251.25,2403.040000000001,-3149.0,-745.96,2403.04,9.094947017729282e-13
304,ARB03035_USD,181.5,0.0,-3.75,0.0,-15.35,0.0,0.0,0.0,0.0,-19.1,6.0,0.0,0.0,-27813.59,-59.0,0.0,0.0,-27716.19,-65.0,97.4,-27813.59,-27716.19,97.40000000000146,-1.4495071809506044e-12
305,ARB03037_USD,-49968.99,0.0,-202.5,0.0,-714.18,0.0,0.0,0.0,0.0,-916.68,4463.57,0.0,0.0,57570.8,52538.46,0.0,0.0,54760.02,48074.89,-2810.779999999999,57570.8,54760.02,-2810.780000000006,7.275957614183426e-12
306,ARB03038_USD,3527.5,0.0,-83.1,0.0,-188.36,0.0,0.0,0.0,0.0,-271.46000000000004,-59230.0,0.0,0.0,-75069.28,-46462.5,0.0,0.0,-59045.74,12767.5,16023.54,-75069.28,-59045.74,16023.54,0.0
307,ARB03042_USD,-316.34,0.0,-1.8,0.0,-6.72,0.0,-6.0,-0.18,0.0,-14.7,0.0,0.0,0.0,2767.02,0.0,0.0,0.0,2435.98,0.0,-331.03999999999996,2767.02,2435.98,-331.03999999999996,0.0
308,ARB03043_USD,15351.710000000001,14560.35,-12.6,0.0,-48.84,0.0,-42.0,-1.26,0.0,-104.7,-5631.85,0.0,0.0,-1026.83,-23056.66,-15187.5,0.0,-3831.78,-32612.310000000005,-2804.9500000000044,-1026.83,-3831.78,-2804.9500000000003,-4.092726157978177e-12
309,ARB03046_USD,3517.3599999999997,6000.0,-28.5,0.0,-108.5,0.0,-95.0,-2.87,0.0,-234.87,0.0,0.0,7200.0,59599.39,-3933.97,-1162.5,2400.0,58985.41,-9896.47,-613.9799999999996,59599.39,58985.41,-613.9799999999959,-3.637978807091713e-12
310,ARB03052_USD,19687.35,0.0,-413.85,0.0,-698.61,0.0,0.0,0.0,0.0,-1112.46,4396.75,0.0,0.0,-320563.33,0.0,0.0,0.0,-306385.19,-4396.75,14178.14,-320563.33,-306385.19,14178.140000000014,-1.4551915228366852e-11
311,ARB03057_USD,0.0,0.0,0.0,0.0,-0.88,0.0,0.0,0.0,0.0,-0.88,0.0,0.0,0.0,-92.97,0.0,0.0,0.0,-93.85,0.0,-0.88,-92.97,-93.85,-0.8799999999999955,-4.551914400963142e-15
312,ARB03060_USD,6326.25,0.0,-1040.7,0.0,-1435.12,0.0,0.0,0.0,0.0,-2475.8199999999997,-203030.0,0.0,0.0,-171655.71,-439670.0,0.0,0.0,-404445.28,-236640.0,-232789.57,-171655.71,-404445.28,-232789.57000000004,2.9103830456733704e-11
313,ARB03062_USD,155805.0,0.0,-733.35,0.0,-3194.3199999999997,0.0,0.0,0.0,0.0,-3927.6699999999996,2370.0,0.0,0.0,280686.48,-47455.0,0.0,0.0,382738.81,-49825.0,102052.32999999999,280686.48,382738.81,102052.33000000002,-2.9103830456733704e-11
314,ARB03064_USD,18795.0,0.0,-45.45,0.0,-217.35000000000002,0.0,0.0,0.0,0.0,-262.8,-5100.0,0.0,0.0,-36300.5,-28080.0,0.0,0.0,-40748.3,-22980.0,-4447.799999999999,-36300.5,-40748.3,-4447.800000000003,3.637978807091713e-12
315,ARB03065_USD,1230075.0,-42893.75,-9117.449999999999,0.0,-11670.900000000001,0.0,0.0,0.0,0.0,-20788.35,0.0,0.0,0.0,-823041.68,-1252862.5,-213062.5,261868.75,-37663.35,-1204056.25,-37663.35000000009,-823041.68,-37663.35,785378.3300000001,-823041.6800000002
316,ARB03072_USD,-10687.5,11672.5,-2471.25,0.0,-5883.4,0.0,0.0,0.0,0.0,-8354.65,-14687.5,-122562.5,116057.5,16585.8,0.0,-152295.0,141140.0,19253.65,10037.5,2667.8499999999985,16585.8,19253.65,2667.850000000002,-3.637978807091713e-12
317,ARB03073_USD,0.0,24932.53,-5152.2,0.0,-12365.28,0.0,0.0,0.0,0.0,-17517.48,0.0,-36337.5,35735.0,123439.06,0.0,-7940.0,8665.0,8742.55,1327.5,8742.55,123439.06,8742.55,-114696.51,123439.06
318,ARB03078_USD,3110.0,0.0,-31.2,0.0,-158.0,0.0,0.0,0.0,0.0,-189.2,3450.0,0.0,0.0,210467.0,0.0,0.0,0.0,209937.8,-3450.0,-529.1999999999998,210467.0,209937.8,-529.2000000000116,1.1823431123048067e-11
319,ARB03079_USD,-181828.8,0.0,-376.2,0.0,-1908.6,0.0,0.0,0.0,0.0,-2284.7999999999997,-83775.2,0.0,0.0,-233943.25,0.0,0.0,0.0,-334281.65,83775.2,-100338.39999999998,-233943.25,-334281.65,-100338.40000000002,4.3655745685100555e-11
320,ARB03080_USD,-16500.0,0.0,-147.6,0.0,-501.84000000000003,0.0,0.0,0.0,0.0,-649.44,51440.0,0.0,0.0,-248.96,90.0,0.0,0.0,-68748.4,-51350.0,-68499.44,-248.96,-68748.4,-68499.43999999999,-1.4551915228366852e-11
321,ARB03084_USD,2801.5,0.0,-218.4,0.0,-603.46,0.0,0.0,0.0,0.0,-821.86,0.0,0.0,0.0,4744.38,0.0,0.0,0.0,6724.02,0.0,1979.6399999999999,4744.38,6724.02,1979.6400000000003,-4.547473508864641e-13
322,ARB03088_USD,-657.0,0.0,-16.5,0.0,-22.0,0.0,0.0,0.0,0.0,-38.5,0.0,0.0,0.0,-1022.88,16.0,0.0,0.0,-1702.38,16.0,-679.5,-1022.88,-1702.38,-679.5000000000001,1.1368683772161603e-13
323,ARB03090_USD,2140.0,0.0,-70.2,0.0,-112.67999999999999,0.0,0.0,0.0,0.0,-182.88,0.0,0.0,0.0,4248.7,-9092.0,0.0,0.0,-2886.18,-9092.0,-7134.88,4248.7,-2886.18,-7134.879999999999,-9.094947017729282e-13
324,ARB03093_USD,-4941.5,0.0,-60.75,0.0,-96.34,0.0,0.0,0.0,0.0,-157.09,-31.0,0.0,0.0,2381.02,0.0,0.0,0.0,-2686.57,31.0,-5067.59,2381.02,-2686.57,-5067.59,0.0
325,ARB03096_USD,101.25,0.0,-6.6,0.0,-4.720000000000001,0.0,0.0,0.0,0.0,-11.32,0.0,0.0,0.0,118.07,0.0,0.0,0.0,208.0,0.0,89.93,118.07,208.0,89.93,0.0
326,ARB03100_USD,830.0,0.0,-43.8,0.0,-163.51999999999998,0.0,0.0,0.0,0.0,-207.32,200.0,0.0,0.0,-291.3,0.0,0.0,0.0,131.38,-200.0,422.68000000000006,-291.3,131.38,422.68,5.684341886080802e-14
327,ARB03102_USD,-6366.25,-10272.5,-261.75,0.0,-864.02,0.0,0.0,0.0,0.0,-1125.77,-4975.75,0.0,1150.0,-21940.29,-1036.5,0.0,8057.5,-28858.06,10846.75,-6917.77,-21940.29,-28858.06,-6917.77,0.0
328,ARB03103_USD,325978.0,0.0,-1328.1,0.0,-5029.68,0.0,0.0,0.0,0.0,-6357.780000000001,3525.5,0.0,0.0,19668.31,-304731.2,0.0,0.0,31031.83,-308256.7,11363.51999999996,19668.31,31031.83,11363.52,-4.001776687800884e-11
329,ARB03104_USD,27722.0,1392.5,-1259.25,0.0,-2854.44,0.0,0.0,0.0,0.0,-4113.6900000000005,7354.0,0.0,0.0,-4794.96,-10541.0,0.0,0.0,2310.85,-17895.0,7105.809999999998,-4794.96,2310.85,7105.8099999999995,-1.8189894035458565e-12
330,ARB03105_USD,-24176.260000000002,11028.75,-1235.85,0.0,-4027.82,0.0,0.0,0.0,0.0,-5263.67,-119179.85,0.0,0.0,23987.38,-205410.33,0.0,0.0,-80654.28,-86230.47999999998,-104641.65999999997,23987.38,-80654.28,-104641.66,2.9103830456733704e-11
331,ARB03106_USD,581916.69,0.0,-716.85,0.0,-2195.41,0.0,0.0,0.0,0.0,-2912.2599999999998,66557.95,0.0,0.0,-21230.59,-533971.31,0.0,0.0,-42755.42,-600529.26,-21524.830000000075,-21230.59,-42755.42,-21524.829999999998,-7.639755494892597e-11
332,ARB03107_USD,-42483.5,38540.0,-2693.1,0.0,-10251.26,0.0,0.0,0.0,0.0,-12944.36,-130288.5,0.0,0.0,10171.63,-780.0,0.0,10650.0,133442.27,140158.5,123270.64,10171.63,133442.27,123270.63999999998,1.4551915228366852e-11
333,ARB03108_USD,338807.6,56435.0,-2025.0,0.0,-6296.46,0.0,0.0,0.0,0.0,-8321.46,184572.8,-3600.0,48025.0,432130.97,31907.5,0.0,20250.0,642211.81,-176840.3,210080.83999999997,432130.97,642211.81,210080.84000000008,-1.1641532182693481e-10
334,ARB03109_USD,-122204.5,-17631.0,-1399.05,0.0,-2736.89,0.0,0.0,0.0,0.0,-4135.94,-27985.5,-4000.0,24765.0,-2506.52,16073.0,-3000.0,33368.0,-92816.46,53661.5,-90309.94,-2506.52,-92816.46,-90309.94,0.0
335,ARB03110_USD,-2577.5,0.0,-34.5,0.0,-97.4,0.0,0.0,0.0,0.0,-131.9,5100.0,0.0,0.0,-29203.5,-16100.0,0.0,0.0,-53112.9,-21200.0,-23909.4,-29203.5,-53112.9,-23909.4,0.0
336,ARB03112_USD,-6575.299999999999,0.0,-112.94999999999999,0.0,-477.14,0.0,0.0,0.0,0.0,-590.0899999999999,-10426.0,0.0,0.0,24421.6,15336.6,0.0,0.0,43018.81,25762.6,18597.21,24421.6,43018.81,18597.21,0.0
337,ARB03113_USD,-14191.470000000001,0.0,-111.3,0.0,-208.47,0.0,0.0,0.0,0.0,-319.77,-6187.78,0.0,0.0,-2356.05,0.0,0.0,0.0,-10679.51,6187.78,-8323.460000000003,-2356.05,-10679.51,-8323.46,-3.637978807091713e-12
338,ARB03115_USD,0.0,0.0,0.0,0.0,-1.6,0.0,0.0,0.0,0.0,-1.6,0.0,0.0,0.0,-27311.45,0.0,0.0,0.0,-27313.05,0.0,-1.6,-27311.45,-27313.05,-1.5999999999985448,-1.4552803406786552e-12
339,ARB03116_USD,74635.0,0.0,-168.6,0.0,-327.12,0.0,0.0,0.0,0.0,-495.72,65952.0,0.0,0.0,2968.32,-5870.0,0.0,0.0,5285.6,-71822.0,2317.279999999999,2968.32,5285.6,2317.28,-1.3642420526593924e-12
340,ARB03122_USD,-15269.0,4060.0,-290.85,0.0,-1198.07,0.0,0.0,0.0,0.0,-1488.92,-9174.0,0.0,0.0,-53437.67,21023.0,-2520.0,2180.0,-36278.59,29857.0,17159.08,-53437.67,-36278.59,17159.08,0.0
341,ARB03125_USD,-17027.5,0.0,-88.8,0.0,-301.92,0.0,0.0,0.0,0.0,-390.72,3220.0,0.0,0.0,8499.22,-877.5,0.0,0.0,-13016.5,-4097.5,-21515.72,8499.22,-13016.5,-21515.72,0.0
342,ARB03133_USD,-237234.05,0.0,-1209.0,0.0,-3443.76,0.0,0.0,0.0,0.0,-4652.76,-531186.0,0.0,0.0,34140.47,-263979.0,0.0,0.0,59460.66,267207.0,25320.190000000002,34140.47,59460.66,25320.190000000002,0.0
343,ARB03134_USD,1510.0,0.0,-69.6,0.0,-254.88,0.0,0.0,0.0,0.0,-324.48,0.0,0.0,0.0,5444.57,-112.5,0.0,0.0,6517.59,-112.5,1073.02,5444.57,6517.59,1073.0200000000004,-4.547473508864641e-13
344,ARB03136_USD,-710.0,0.0,-4.2,0.0,-19.44,0.0,0.0,0.0,0.0,-23.64,-1520.0,0.0,0.0,-3549.8,-140.0,0.0,0.0,-2903.44,1380.0,646.36,-3549.8,-2903.44,646.3600000000001,-1.1368683772161603e-13
345,ARB03139_USD,-84327.5,0.0,-121.5,0.0,-414.99,0.0,0.0,0.0,0.0,-536.49,-151865.0,0.0,129475.0,-629814.99,-155640.0,0.0,74525.0,-773403.98,-58725.0,-143588.99,-629814.99,-773403.98,-143588.99,0.0
346,ARB03141_USD,-16593.02,0.0,-1991.7,0.0,-2629.48,0.0,0.0,0.0,0.0,-4621.18,-792.31,0.0,0.0,3491.36,-500.16,0.0,0.0,-17430.69,292.1499999999999,-20922.05,3491.36,-17430.69,-20922.05,0.0
347,ARB03142_USD,-38015.6,0.0,-424.5,0.0,-2026.02,0.0,0.0,0.0,0.0,-2450.52,-15792.0,0.0,0.0,-8908.26,14313.0,0.0,0.0,-19269.38,30105.0,-10361.119999999995,-8908.26,-19269.38,-10361.12,5.4569682106375694e-12
348,ARB03143_USD,65433.8,0.0,-369.6,0.0,-1577.62,0.0,0.0,0.0,0.0,-1947.2199999999998,8224.7,0.0,0.0,595.63,-59864.5,0.0,0.0,-4006.99,-68089.2,-4602.619999999995,595.63,-4006.99,-4602.62,4.547473508864641e-12
349,ARB03144_USD,25515.5,0.0,-168.75,0.0,-645.13,0.0,0.0,0.0,0.0,-813.88,-150.5,0.0,0.0,9922.65,-19668.0,0.0,0.0,15106.77,-19517.5,5184.119999999999,9922.65,15106.77,5184.120000000001,-1.8189894035458565e-12
350,ARB03146_USD,-2343.0,0.0,-400.8,0.0,-1500.88,0.0,0.0,0.0,0.0,-1901.68,-4175.0,0.0,0.0,-8789.56,2240.0,0.0,0.0,-6619.24,6415.0,2170.3199999999997,-8789.56,-6619.24,2170.3199999999997,0.0
351,ARB03154_USD,333.36,0.0,-85.8,0.0,-117.52,0.0,0.0,0.0,0.0,-203.32,0.0,0.0,0.0,-14979.9,0.0,0.0,0.0,-14849.86,0.0,130.04000000000002,-14979.9,-14849.86,130.03999999999905,9.663381206337363e-13
352,ARB03156_USD,17237.5,0.0,-460.8,0.0,-583.68,0.0,0.0,0.0,0.0,-1044.48,4040.94,0.0,0.0,-5818.51,-10820.66,0.0,0.0,-4487.09,-14861.6,1331.42,-5818.51,-4487.09,1331.42,0.0
353,ARB03157_USD,56602.81,0.0,-450.0,0.0,-593.29,0.0,0.0,0.0,0.0,-1043.29,23874.63,0.0,0.0,-36355.6,-32739.97,0.0,0.0,-37410.68,-56614.600000000006,-1055.080000000009,-36355.6,-37410.68,-1055.0800000000017,-7.275957614183426e-12
354,ARB03159_USD,43475.14,0.0,-401.1,0.0,-559.0600000000001,0.0,0.0,0.0,0.0,-960.1600000000001,-40603.69,0.0,0.0,-24547.27,-83690.32,0.0,0.0,-25118.92,-43086.630000000005,-571.6500000000087,-24547.27,-25118.92,-571.6499999999978,-1.0913936421275139e-11
355,ARB03168_USD,-3421.0,0.0,-80.10000000000001,0.0,-299.04,0.0,0.0,0.0,0.0,-379.14000000000004,387.5,0.0,0.0,-2473.44,1812.5,0.0,0.0,-4848.58,1425.0,-2375.14,-2473.44,-4848.58,-2375.14,0.0
356,ARB03174_USD,17308.55,0.0,-219.9,0.0,-296.56,0.0,0.0,0.0,0.0,-516.46,-67785.02,0.0,0.0,2413.57,-84338.81,0.0,0.0,2651.87,-16553.789999999994,238.30000000000655,2413.57,2651.87,238.29999999999973,6.821210263296962e-12
357,ARB03175_USD,29083.31,0.0,-387.6,0.0,-539.24,0.0,0.0,0.0,0.0,-926.84,12050.0,0.0,0.0,-30644.34,-17108.56,0.0,0.0,-31646.43,-29158.56,-1002.0900000000001,-30644.34,-31646.43,-1002.0900000000001,0.0
358,ARB03176_USD,-19647.34,0.0,-529.8,0.0,-739.76,0.0,0.0,0.0,0.0,-1269.56,-161013.45,0.0,0.0,-9882.44,-139652.86,0.0,0.0,-9438.75,21360.590000000026,443.69000000002416,-9882.44,-9438.75,443.6900000000005,2.3646862246096134e-11
359,ARB03185_USD,1725.0,0.0,-144.6,0.0,-183.16,0.0,0.0,0.0,0.0,-327.76,-125.0,0.0,0.0,-4957.62,-1550.0,0.0,0.0,-4985.38,-1425.0,-27.75999999999999,-4957.62,-4985.38,-27.76000000000022,2.2737367544323206e-13
360,ARB03192_USD,-23815.0,0.0,-341.4,0.0,-3857.84,0.0,0.0,0.0,0.0,-4199.24,1758.0,0.0,0.0,-5384.19,26177.5,0.0,0.0,-8978.93,24419.5,-3594.739999999998,-5384.19,-8978.93,-3594.7400000000007,2.7284841053187847e-12
361,ARB03360_EUR,147812.5,0.0,-2967.75,0.0,0.0,0.0,0.0,0.0,0.0,-2967.75,-178387.5,0.0,0.0,112224.5,-73512.5,0.0,0.0,361944.25,104875.0,249719.75,112224.5,361944.25,249719.75,0.0
362,ARB03360_GBP,-651368.75,0.0,0.0,-6434.72,-1936.76,0.0,0.0,0.0,0.0,-8371.48,-403125.0,0.0,0.0,-11440.02,155900.0,0.0,0.0,-112155.25,559025.0,-100715.22999999998,-11440.02,-112155.25,-100715.23,1.4551915228366852e-11
363,ARB03362_EUR,-10087.5,0.0,-544.8,0.0,0.0,0.0,0.0,0.0,0.0,-544.8,-8500.0,0.0,0.0,-24629.4,-2962.5,0.0,0.0,-29724.2,5537.5,-5094.799999999999,-24629.4,-29724.2,-5094.799999999999,0.0
364,ARB03362_GBP,-625.0,0.0,0.0,-1370.4,-382.56,0.0,0.0,0.0,0.0,-1752.96,-17275.0,0.0,0.0,-25048.93,-35212.5,0.0,0.0,-45364.39,-17937.5,-20315.46,-25048.93,-45364.39,-20315.46,0.0
365,ARB03362_USD,45760.0,0.0,-183.9,-735.6,-343.28000000000003,0.0,0.0,0.0,0.0,-1262.78,-58170.0,0.0,0.0,-150681.42,-60110.0,0.0,0.0,-108124.2,-1940.0,42557.22,-150681.42,-108124.2,42557.220000000016,-1.4551915228366852e-11
366,ARB03372_USD,2450.0,0.0,-214.8,-35.8,-1632.48,0.0,0.0,0.0,0.0,-1883.08,-604.0,0.0,0.0,12222.69,4212.4,0.0,0.0,17606.01,4816.4,5383.32,12222.69,17606.01,5383.319999999998,1.8189894035458565e-12
367,ARB03373_USD,60.0,0.0,-19.2,-3.2,-145.92,0.0,0.0,0.0,0.0,-168.32,0.0,0.0,0.0,-1670.4,0.0,0.0,0.0,-108.32,0.0,-108.32,-1670.4,-108.32,1562.0800000000002,-1670.4
368,ARB03378_USD,28105.0,0.0,-147.6,-590.4,-275.52,0.0,0.0,0.0,0.0,-1013.52,0.0,0.0,0.0,-159139.8,-95.0,0.0,0.0,-132143.32,-95.0,26996.48,-159139.8,-132143.32,26996.47999999998,1.8189894035458565e-11
369,ARB03400_EUR,0.0,0.0,-80.4,0.0,0.0,0.0,0.0,0.0,0.0,-80.4,0.0,0.0,0.0,-115.8,0.0,0.0,0.0,-196.2,0.0,-80.4,-115.8,-196.2,-80.39999999999999,-1.4210854715202004e-14
370,ARB03400_GBP,410.0,0.0,0.0,-294.8,-127.38000000000001,0.0,0.0,0.0,0.0,-422.18,-500.0,0.0,0.0,92.12,0.0,0.0,0.0,579.94,500.0,487.82,92.12,579.94,487.82000000000005,-5.684341886080802e-14
371,ARB03400_USD,30720.85,0.0,-652.2,-544.8,-7478.24,0.0,0.0,0.0,0.0,-8675.24,2160.0,0.0,0.0,-1415.2,-32400.0,0.0,0.0,-13929.59,-34560.0,-12514.39,-1415.2,-13929.59,-12514.39,0.0
372,ARB03402_EUR,0.0,0.0,-42.75,0.0,0.0,0.0,0.0,0.0,0.0,-42.75,0.0,0.0,0.0,-80.55,0.0,0.0,0.0,-123.3,0.0,-42.75,-80.55,-123.3,-42.75,0.0
373,ARB03402_GBP,440.0,0.0,0.0,-156.75,-66.41,0.0,0.0,0.0,0.0,-223.16,80.0,0.0,0.0,-109.1,0.0,0.0,0.0,27.74,-80.0,136.84,-109.1,27.74,136.84,0.0
374,ARB03402_USD,39590.2,3080.0,-1311.45,-91.2,-18083.66,0.0,0.0,0.0,0.0,-19486.31,17134.8,0.0,1512.0,-19644.78,-8931.0,0.0,1176.0,-22862.69,-26401.8,-3217.9100000000035,-19644.78,-22862.69,-3217.91,-3.637978807091713e-12
375,ARB03403_CAD,6994.0,0.0,0.0,0.0,0.0,0.0,0.0,0.0,0.0,0.0,-542.0,0.0,0.0,23308.0,-114.0,0.0,0.0,30730.0,428.0,7422.0,23308.0,30730.0,7422.0,0.0
376,ARB03403_USD,-57864.2,0.0,-326.25,-179.4,-1978.32,0.0,0.0,0.0,0.0,-2483.97,33655.4,0.0,0.0,36950.44,121105.0,0.0,0.0,64051.87,87449.6,27101.430000000008,36950.44,64051.87,27101.43,7.275957614183426e-12
377,ARB03404_CAD,374.0,0.0,0.0,0.0,0.0,0.0,0.0,0.0,0.0,0.0,246.0,0.0,0.0,408.0,-116.0,0.0,0.0,420.0,-362.0,12.0,408.0,420.0,12.0,0.0
378,ARB03404_EUR,0.0,0.0,-10.8,0.0,0.0,0.0,0.0,0.0,0.0,-10.8,0.0,0.0,0.0,-2.1,0.0,0.0,0.0,-12.9,0.0,-10.8,-2.1,-12.9,-10.8,0.0
379,ARB03404_GBP,140.0,0.0,0.0,-39.6,-17.08,0.0,0.0,0.0,0.0,-56.68,-60.0,0.0,0.0,49.0,-40.0,0.0,0.0,152.32,20.0,103.32,49.0,152.32,103.32,0.0
380,ARB03404_USD,12817.2,0.0,-317.7,-463.20000000000005,-2785.26,0.0,0.0,0.0,0.0,-3566.1600000000003,3966.25,0.0,0.0,-723.52,-4638.3,0.0,0.0,-77.03,-8604.55,646.4900000000016,-723.52,-77.03,646.49,1.5916157281026244e-12
381,ARB03405_CAD,2602.0,0.0,0.0,0.0,0.0,0.0,0.0,0.0,0.0,0.0,3488.0,0.0,0.0,-218.0,0.0,0.0,0.0,-1104.0,-3488.0,-886.0,-218.0,-1104.0,-886.0,0.0
382,ARB03405_EUR,0.0,0.0,-66.3,0.0,0.0,0.0,0.0,0.0,0.0,-66.3,0.0,0.0,0.0,-93.6,0.0,0.0,0.0,-159.9,0.0,-66.3,-93.6,-159.9,-66.30000000000001,1.4210854715202004e-14
383,ARB03405_GBP,16750.0,0.0,0.0,-243.10000000000002,-103.48,0.0,0.0,0.0,0.0,-346.58000000000004,-6350.0,0.0,0.0,5550.1,-6860.0,0.0,0.0,21443.52,-510.0,15893.419999999998,5550.1,21443.52,15893.42,-1.8189894035458565e-12
384,ARB03405_USD,252294.7,5190.0,-467.1,-1313.0300000000002,-2190.49,0.0,0.0,0.0,0.0,-3970.62,-15669.2,0.0,0.0,113776.35,-114025.75,0.0,0.0,268933.88,-98356.55,155157.53000000003,113776.35,268933.88,155157.53,2.9103830456733704e-11
385,ARB03406_CAD,166.0,0.0,0.0,0.0,0.0,0.0,0.0,0.0,0.0,0.0,3446.0,0.0,0.0,2056.0,-4500.0,0.0,0.0,-5724.0,-7946.0,-7780.0,2056.0,-5724.0,-7780.0,0.0
386,ARB03406_EUR,0.0,0.0,-44.1,0.0,0.0,0.0,0.0,0.0,0.0,-44.1,0.0,0.0,0.0,-93.3,0.0,0.0,0.0,-137.4,0.0,-44.1,-93.3,-137.4,-44.10000000000001,7.105427357601002e-15
387,ARB03406_GBP,5760.0,0.0,0.0,-161.70000000000002,-70.46,0.0,0.0,0.0,0.0,-232.16000000000003,-6320.0,0.0,0.0,4149.0,-12770.0,0.0,0.0,3226.84,-6450.0,-922.1599999999999,4149.0,3226.84,-922.1599999999999,0.0
388,ARB03406_USD,207284.4,0.0,-657.3,-1706.51,-3600.55,0.0,0.0,0.0,0.0,-5964.360000000001,-58435.25,0.0,0.0,114201.99,-218524.76,0.0,0.0,155432.52,-160089.51,41230.52999999997,114201.99,155432.52,41230.529999999984,-1.4551915228366852e-11
389,ARB03407_USD,21170.0,0.0,-1235.3999999999999,-4752.0,-2881.2,0.0,0.0,0.0,0.0,-8868.599999999999,9875.0,0.0,0.0,-172809.5,13490.0,0.0,0.0,-156893.1,3615.0,15916.400000000001,-172809.5,-156893.1,15916.399999999994,7.275957614183426e-12
390,ARB03408_CAD,-5792.0,0.0,0.0,0.0,0.0,0.0,0.0,0.0,0.0,0.0,0.0,0.0,0.0,-21830.0,9910.0,0.0,0.0,-17712.0,9910.0,4118.0,-21830.0,-17712.0,4118.0,0.0
391,ARB03408_EUR,0.0,0.0,-32.099999999999994,0.0,0.0,0.0,0.0,0.0,0.0,-32.099999999999994,0.0,0.0,0.0,-485.85,0.0,0.0,0.0,-517.95,0.0,-32.099999999999994,-485.85,-517.95,-32.10000000000002,2.842170943040401e-14
392,ARB03408_GBP,2470.0,0.0,0.0,-117.7,-50.86,0.0,0.0,0.0,0.0,-168.56,4320.0,0.0,0.0,-42734.92,600.0,0.0,0.0,-44153.48,-3720.0,-1418.56,-42734.92,-44153.48,-1418.560000000005,5.002220859751105e-12
393,ARB03408_USD,297166.5,105110.0,-2173.65,-7358.4,-8016.87,0.0,0.0,0.0,0.0,-17548.92,-134828.75,0.0,40500.0,474940.04,29120.0,0.0,8000.0,991116.37,131448.75,516176.33,474940.04,991116.37,516176.33,0.0
394,ARB03409_EUR,0.0,0.0,-55.8,0.0,0.0,0.0,0.0,0.0,0.0,-55.8,0.0,0.0,0.0,-1733.6,0.0,0.0,0.0,-1789.4,0.0,-55.8,-1733.6,-1789.4,-55.80000000000018,1.8474111129762605e-13
395,ARB03409_GBP,-4130.0,0.0,0.0,-204.6,-86.97,0.0,0.0,0.0,0.0,-291.57,0.0,0.0,0.0,94682.52,2250.0,0.0,0.0,92510.95,2250.0,-2171.5699999999997,94682.52,92510.95,-2171.570000000007,7.275957614183426e-12
396,ARB03409_USD,144127.3,0.0,-2479.3500000000004,-176.6,-33022.259999999995,0.0,0.0,0.0,0.0,-35678.20999999999,-226630.1,0.0,0.0,138306.61,-261868.7,0.0,0.0,211517.1,-35238.600000000006,73210.48999999999,138306.61,211517.1,73210.49000000002,-2.9103830456733704e-11
397,ARB03410_USD,294575.0,0.0,-518.0999999999999,-2072.3999999999996,-967.1199999999999,0.0,0.0,0.0,0.0,-3557.6199999999994,285600.0,0.0,0.0,124092.64,81650.0,0.0,0.0,211160.02,-203950.0,87067.38,124092.64,211160.02,87067.37999999999,1.4551915228366852e-11
398,ARB03412_EUR,0.0,0.0,-3.6,0.0,0.0,0.0,0.0,0.0,0.0,-3.6,0.0,0.0,0.0,-6.75,0.0,0.0,0.0,-10.35,0.0,-3.6,-6.75,-10.35,-3.5999999999999996,-4.440892098500626e-16
399,ARB03412_GBP,0.0,0.0,0.0,-13.2,-5.52,0.0,0.0,0.0,0.0,-18.72,0.0,0.0,0.0,-35.1,0.0,0.0,0.0,-53.82,0.0,-18.72,-35.1,-53.82,-18.72,0.0
400,ARB03412_USD,32153.4,0.0,-256.05,-862.2,-969.3599999999999,0.0,0.0,0.0,0.0,-2087.6099999999997,-3274.0,0.0,0.0,64762.55,-21335.2,0.0,0.0,76767.14,-18061.2,12004.59,64762.55,76767.14,12004.589999999997,3.637978807091713e-12
401,ARB03413_USD,-1095.0,0.0,-250.20000000000002,-1000.8000000000001,-467.04,0.0,0.0,0.0,0.0,-1718.04,-350.0,0.0,0.0,-6293.96,0.0,0.0,0.0,-8757.0,350.0,-2463.04,-6293.96,-8757.0,-2463.04,0.0
402,ARB03422_CAD,3628.0,0.0,0.0,0.0,0.0,0.0,0.0,0.0,0.0,0.0,926.0,0.0,0.0,14792.0,-2568.0,0.0,0.0,14926.0,-3494.0,134.0,14792.0,14926.0,134.0,0.0
403,ARB03422_USD,16248.4,0.0,-215.7,-253.2,-1116.76,0.0,0.0,0.0,0.0,-1585.6599999999999,317.95,0.0,0.0,-5946.86,-14766.45,0.0,0.0,-6368.52,-15084.400000000001,-421.6600000000017,-5946.86,-6368.52,-421.66000000000076,-9.094947017729282e-13
404,ARB03427_USD,168.0,0.0,-17.1,0.0,-239.4,0.0,0.0,0.0,0.0,-256.5,0.0,0.0,0.0,212.0,0.0,0.0,0.0,123.5,0.0,-88.5,212.0,123.5,-88.5,0.0
405,ARB03433_EUR,0.0,0.0,-33.6,0.0,0.0,0.0,0.0,0.0,0.0,-33.6,0.0,0.0,0.0,-34.2,0.0,0.0,0.0,-67.8,0.0,-33.6,-34.2,-67.8,-33.599999999999994,-7.105427357601002e-15
406,ARB03433_GBP,190.0,0.0,0.0,-123.2,-51.68000000000001,0.0,0.0,0.0,0.0,-174.88,110.0,0.0,0.0,491.68,0.0,0.0,0.0,396.8,-110.0,-94.88,491.68,396.8,-94.88,0.0
407,ARB03433_USD,-28757.9,0.0,-231.3,-422.4,-1956.92,0.0,0.0,0.0,0.0,-2610.62,-26129.65,0.0,0.0,33655.57,11888.5,0.0,0.0,40305.2,38018.15,6649.630000000001,33655.57,40305.2,6649.629999999997,3.637978807091713e-12
408,ARB03434_USD,1964.6,0.0,-163.20000000000002,-561.6,-581.28,0.0,0.0,0.0,0.0,-1306.08,0.0,0.0,0.0,5854.06,0.0,0.0,0.0,6512.58,0.0,658.52,5854.06,6512.58,658.5199999999995,4.547473508864641e-13
409,ARB03435_USD,305.0,0.0,-11.4,0.0,-159.6,0.0,0.0,0.0,0.0,-171.0,0.0,0.0,0.0,123.0,0.0,0.0,0.0,257.0,0.0,134.0,123.0,257.0,134.0,0.0
410,ARB03436_CAD,640.0,0.0,0.0,0.0,0.0,0.0,0.0,0.0,0.0,0.0,120.0,0.0,0.0,7392.0,-330.0,0.0,0.0,7582.0,-450.0,190.0,7392.0,7582.0,190.0,0.0
411,ARB03436_EUR,0.0,0.0,-3.3,0.0,0.0,0.0,0.0,0.0,0.0,-3.3,0.0,0.0,0.0,-147.0,0.0,0.0,0.0,-150.3,0.0,-3.3,-147.0,-150.3,-3.3000000000000114,1.1546319456101628e-14
412,ARB03436_GBP,-550.0,0.0,0.0,-12.1,-5.28,0.0,0.0,0.0,0.0,-17.38,-90.0,0.0,0.0,2165.8,0.0,0.0,0.0,1688.42,90.0,-477.38,2165.8,1688.42,-477.3800000000001,1.1368683772161603e-13
413,ARB03436_USD,1168.0,0.0,-71.1,-2.4,-550.62,0.0,0.0,0.0,0.0,-624.12,0.0,0.0,0.0,-3754.67,0.0,0.0,0.0,-3210.79,0.0,543.88,-3754.67,-3210.79,543.8800000000001,-1.1368683772161603e-13
414,ARB03439_USD,-144725.0,138600.0,-331.5,-1296.0,-709.8,0.0,0.0,0.0,0.0,-2337.3,-241381.25,0.0,40500.0,-15480.15,-69573.75,0.0,0.0,107365.05,131307.5,122845.20000000001,-15480.15,107365.05,122845.2,1.4551915228366852e-11
415,ARB03441_EUR,-875.0,0.0,-84.0,0.0,0.0,0.0,0.0,0.0,0.0,-84.0,0.0,0.0,0.0,-101.2,0.0,0.0,0.0,-1060.2,0.0,-959.0,-101.2,-1060.2,-959.0,0.0
416,ARB03441_GBP,-312.5,0.0,0.0,-140.0,-48.8,0.0,0.0,0.0,0.0,-188.8,0.0,0.0,0.0,160.16,0.0,0.0,0.0,-341.14,0.0,-501.3,160.16,-341.14,-501.29999999999995,-5.684341886080802e-14
417,ARB03442_USD,45670.0,0.0,-362.7,-1450.8,-677.04,0.0,0.0,0.0,0.0,-2490.54,-38495.0,0.0,0.0,12616.14,-82325.0,0.0,0.0,11965.6,-43830.0,-650.5400000000009,12616.14,11965.6,-650.539999999999,-1.8189894035458565e-12
418,ARB03443_CAD,-1386.0,0.0,0.0,0.0,0.0,0.0,0.0,0.0,0.0,0.0,0.0,0.0,0.0,430.0,0.0,0.0,0.0,-956.0,0.0,-1386.0,430.0,-956.0,-1386.0,0.0
419,ARB03443_EUR,0.0,0.0,-6.0,0.0,0.0,0.0,0.0,0.0,0.0,-6.0,0.0,0.0,0.0,-6.6,0.0,0.0,0.0,-12.6,0.0,-6.0,-6.6,-12.6,-6.0,0.0
420,ARB03443_GBP,260.0,0.0,0.0,-22.0,-9.6,0.0,0.0,0.0,0.0,-31.6,-280.0,0.0,0.0,935.24,80.0,0.0,0.0,1523.64,360.0,588.4,935.24,1523.64,588.4000000000001,-1.1368683772161603e-13
421,ARB03443_USD,64730.0,0.0,-396.3,-1400.3999999999999,-950.3199999999999,0.0,0.0,0.0,0.0,-2747.0199999999995,-165710.0,0.0,0.0,34260.5,-225140.0,0.0,0.0,36813.48,-59430.0,2552.980000000003,34260.5,36813.48,2552.980000000003,0.0
422,ARB03446_EUR,0.0,0.0,-9.3,0.0,0.0,0.0,0.0,0.0,0.0,-9.3,0.0,0.0,0.0,-83.4,0.0,0.0,0.0,-92.7,0.0,-9.3,-83.4,-92.7,-9.299999999999997,-3.552713678800501e-15
423,ARB03446_GBP,350.0,0.0,0.0,-34.1,-14.88,0.0,0.0,0.0,0.0,-48.980000000000004,-240.0,0.0,0.0,1950.76,0.0,0.0,0.0,2491.78,240.0,541.02,1950.76,2491.78,541.0200000000002,-2.2737367544323206e-13
424,ARB03446_USD,389.2,0.0,-15.9,0.0,-222.6,0.0,0.0,0.0,0.0,-238.5,-156.0,0.0,0.0,1670.0,93.75,0.0,0.0,2070.45,249.75,400.45,1670.0,2070.45,400.4499999999998,1.7053025658242404e-13
425,ARB03454_EUR,-125.0,0.0,-6.0,0.0,0.0,0.0,0.0,0.0,0.0,-6.0,0.0,0.0,0.0,-6326.05,0.0,0.0,0.0,-6457.05,0.0,-131.0,-6326.05,-6457.05,-131.0,0.0
426,ARB03454_GBP,0.0,0.0,0.0,-8.0,-3.2,0.0,0.0,0.0,0.0,-11.2,0.0,0.0,0.0,-2342.29,0.0,0.0,0.0,-2353.49,0.0,-11.2,-2342.29,-2353.49,-11.199999999999818,-1.8118839761882555e-13
427,ARB03454_USD,1200.0,0.0,-53.4,-8.9,-405.84,0.0,0.0,0.0,0.0,-468.14,0.0,0.0,0.0,49.81,0.0,0.0,0.0,781.67,0.0,731.86,49.81,781.67,731.8599999999999,1.1368683772161603e-13
428,ARB03457_EUR,900.0,0.0,-44.400000000000006,0.0,0.0,0.0,0.0,0.0,0.0,-44.400000000000006,12.5,0.0,0.0,-8419.7,0.0,0.0,0.0,-7576.6,-12.5,843.1,-8419.7,-7576.6,843.1000000000004,-3.410605131648481e-13
429,ARB03457_GBP,-375.0,0.0,0.0,-79.36,-26.560000000000002,0.0,0.0,0.0,0.0,-105.92,0.0,0.0,0.0,-4669.71,0.0,0.0,0.0,-5150.63,0.0,-480.92,-4669.71,-5150.63,-480.9200000000001,5.684341886080802e-14
430,ARB03457_USD,3190.0,0.0,-75.9,-12.66,-576.84,0.0,0.0,0.0,0.0,-665.4000000000001,1444.1,0.0,0.0,2909.09,-328.3,0.0,0.0,3661.29,-1772.3999999999999,752.2,2909.09,3661.29,752.1999999999998,2.2737367544323206e-13
431,ARB03459_CHF,-1250.0,0.0,0.0,0.0,0.0,0.0,0.0,0.0,0.0,0.0,-562.5,0.0,0.0,575.0,0.0,0.0,0.0,-112.5,562.5,-687.5,575.0,-112.5,-687.5,0.0
432,ARB03459_EUR,1950.0,0.0,-180.3,-28.8,-7.2,0.0,0.0,0.0,0.0,-216.3,87.5,0.0,0.0,-7937.82,-87.5,0.0,0.0,-6379.12,-175.0,1558.7,-7937.82,-6379.12,1558.6999999999998,2.2737367544323206e-13
433,ARB03459_GBP,-1075.0,0.0,0.0,-327.52,-105.52,0.0,0.0,0.0,0.0,-433.03999999999996,-687.5,0.0,0.0,-1362.97,0.0,0.0,0.0,-2183.51,687.5,-820.54,-1362.97,-2183.51,-820.5400000000002,2.2737367544323206e-13
434,ARB03459_USD,-3840.0,0.0,-22.2,-3.71,-168.72,0.0,0.0,0.0,0.0,-194.63,-3265.0,0.0,0.0,4106.06,-285.5,0.0,0.0,3050.93,2979.5,-1055.13,4106.06,3050.93,-1055.1300000000006,4.547473508864641e-13
435,ARB03460_EUR,0.0,0.0,-7.5,0.0,0.0,0.0,0.0,0.0,0.0,-7.5,0.0,0.0,0.0,-7.2,0.0,0.0,0.0,-14.7,0.0,-7.5,-7.2,-14.7,-7.499999999999999,-8.881784197001252e-16
436,ARB03460_GBP,-17120.0,0.0,0.0,-27.5,-12.0,0.0,0.0,0.0,0.0,-39.5,-17230.0,0.0,0.0,-87.92,0.0,0.0,0.0,-17.42,17230.0,70.5,-87.92,-17.42,70.5,0.0
437,ARB03460_USD,470.0,0.0,-1.8,0.0,-25.2,0.0,0.0,0.0,0.0,-27.0,7981.6,0.0,0.0,787.85,7817.6,0.0,0.0,1066.85,-164.0,279.0,787.85,1066.85,278.9999999999999,1.1368683772161603e-13
438,ARB03468_CAD,-1308.0,0.0,0.0,0.0,0.0,0.0,0.0,0.0,0.0,0.0,0.0,0.0,0.0,22.0,0.0,0.0,0.0,-1286.0,0.0,-1308.0,22.0,-1286.0,-1308.0,0.0
439,ARB03468_USD,0.0,0.0,-7.5,0.0,-42.5,0.0,0.0,0.0,0.0,-50.0,0.0,0.0,0.0,-20.0,0.0,0.0,0.0,-70.0,0.0,-50.0,-20.0,-70.0,-50.0,0.0
440,ARB03474_EUR,2500.0,0.0,-16.2,0.0,0.0,0.0,0.0,0.0,0.0,-16.2,0.0,0.0,0.0,-1550.2,-2275.0,0.0,0.0,-1341.4,-2275.0,208.80000000000018,-1550.2,-1341.4,208.79999999999995,2.2737367544323206e-13
441,ARB03474_GBP,0.0,0.0,0.0,-21.6,-8.64,0.0,0.0,0.0,0.0,-30.240000000000002,0.0,0.0,0.0,-471.04,0.0,0.0,0.0,-501.28,0.0,-30.240000000000002,-471.04,-501.28,-30.239999999999952,-4.973799150320701e-14
442,ARB03475_EUR,987.5,0.0,-105.9,0.0,0.0,0.0,0.0,0.0,0.0,-105.9,0.0,0.0,0.0,36.3,-250.0,0.0,0.0,667.9,-250.0,631.6,36.3,667.9,631.6,0.0
443,ARB03475_GBP,0.0,0.0,0.0,-141.2,-56.48,0.0,0.0,0.0,0.0,-197.67999999999998,0.0,0.0,0.0,-982.24,0.0,0.0,0.0,-1179.92,0.0,-197.67999999999998,-982.24,-1179.92,-197.68000000000006,8.526512829121202e-14
444,ARB03476_EUR,1150.0,0.0,-52.8,0.0,0.0,0.0,0.0,0.0,0.0,-52.8,0.0,0.0,0.0,-5781.2,-687.5,0.0,0.0,-5371.5,-687.5,409.70000000000005,-5781.2,-5371.5,409.6999999999998,2.2737367544323206e-13
445,ARB03476_GBP,0.0,0.0,0.0,-70.4,-28.16,0.0,0.0,0.0,0.0,-98.56,0.0,0.0,0.0,-2332.64,0.0,0.0,0.0,-2431.2,0.0,-98.56,-2332.64,-2431.2,-98.55999999999995,-5.684341886080802e-14
446,ARB03485_EUR,-25.0,0.0,-36.6,0.0,0.0,0.0,0.0,0.0,0.0,-36.6,0.0,0.0,0.0,8859.75,-275.0,0.0,0.0,8523.15,-275.0,-336.6,8859.75,8523.15,-336.60000000000036,3.410605131648481e-13
447,ARB03485_GBP,75.0,0.0,0.0,-55.519999999999996,-20.48,0.0,0.0,0.0,0.0,-76.0,0.0,0.0,0.0,-6388.89,0.0,0.0,0.0,-6389.89,0.0,-1.0,-6388.89,-6389.89,-1.0,0.0
448,ARB03485_USD,1100.0,0.0,-63.0,-10.49,-478.8,0.0,0.0,0.0,0.0,-552.29,-299.4,0.0,0.0,1065.25,0.0,0.0,0.0,1912.36,299.4,847.11,1065.25,1912.36,847.1099999999999,1.1368683772161603e-13
449,ARB03489_EUR,0.0,0.0,-280.95,0.0,0.0,0.0,0.0,0.0,0.0,-280.95,0.0,0.0,0.0,-273.15,0.0,0.0,0.0,-554.1,0.0,-280.95,-273.15,-554.1,-280.95000000000005,5.684341886080802e-14
450,ARB03489_GBP,550.0,0.0,0.0,-1030.15,-447.72,0.0,0.0,0.0,0.0,-1477.8700000000001,-180.0,0.0,0.0,1584.8,70.0,0.0,0.0,906.93,250.0,-677.8700000000001,1584.8,906.93,-677.87,-1.1368683772161603e-13
451,ARB03489_USD,38726.6,0.0,-632.5500000000001,-1538.4,-4189.22,0.0,0.0,0.0,0.0,-6360.17,-2638.8,0.0,0.0,-4736.44,-36698.0,0.0,0.0,-6429.21,-34059.2,-1692.7699999999968,-4736.44,-6429.21,-1692.7700000000004,3.637978807091713e-12
452,ARB03492_CAD,-16.0,0.0,0.0,0.0,0.0,0.0,0.0,0.0,0.0,0.0,0.0,0.0,0.0,-28.0,0.0,0.0,0.0,-44.0,0.0,-16.0,-28.0,-44.0,-16.0,0.0
453,ARB03492_EUR,0.0,0.0,-104.7,0.0,0.0,0.0,0.0,0.0,0.0,-104.7,0.0,0.0,0.0,-124.5,0.0,0.0,0.0,-229.2,0.0,-104.7,-124.5,-229.2,-104.69999999999999,-1.4210854715202004e-14
454,ARB03492_GBP,-15230.0,0.0,0.0,-383.9,-166.79999999999998,0.0,0.0,0.0,0.0,-550.6999999999999,-1230.0,0.0,0.0,1154.3,10640.0,0.0,0.0,-2756.4,11870.0,-3910.7000000000007,1154.3,-2756.4,-3910.7,-9.094947017729282e-13
455,ARB03492_USD,4113.4,0.0,-536.7,0.0,-7483.8,0.0,0.0,0.0,0.0,-8020.5,-19886.8,0.0,0.0,-2485.85,-14502.6,0.0,0.0,-1008.75,5384.199999999999,1477.0999999999985,-2485.85,-1008.75,1477.1,-1.3642420526593924e-12
456,ARB04021_USD,14770.48,0.0,-487.8,0.0,-438.1,0.0,0.0,0.0,0.0,-925.9000000000001,0.0,0.0,0.0,-63.21,0.0,0.0,0.0,13781.37,0.0,13844.58,-63.21,13781.37,13844.58,0.0
457,ARB04023_USD,15420.0,-1065.0,-20.4,0.0,-53.44,0.0,0.0,0.0,0.0,-73.84,0.0,0.0,0.0,39521.3,0.0,0.0,0.0,53802.46,0.0,14281.16,39521.3,53802.46,14281.159999999996,3.637978807091713e-12
458,ARB04024_USD,-5960.0,0.0,-18.45,0.0,-41.82,0.0,0.0,0.0,0.0,-60.269999999999996,-1321.25,0.0,0.0,-26348.3,-51.25,0.0,0.0,-31098.57,1270.0,-4750.27,-26348.3,-31098.57,-4750.27,0.0
459,ARB04029_USD,59613.96,0.0,-11.399999999999999,-0.25,-30.3,0.0,0.0,0.0,0.0,-41.95,32682.55,0.0,0.0,-25212.31,33470.09,0.0,0.0,35147.24,787.5399999999972,60359.55,-25212.31,35147.24,60359.55,0.0
460,ARB04031_USD,-54394.17,0.0,-18693.6,0.0,-30041.8,0.0,0.0,0.0,0.0,-48735.399999999994,-47514.44,0.0,0.0,71328.56,153337.89,0.0,0.0,169051.32,200852.33000000002,97722.76000000002,71328.56,169051.32,97722.76000000001,1.4551915228366852e-11
461,ARB04038_USD,9104.62,0.0,-730.95,0.0,-675.91,0.0,0.0,0.0,0.0,-1406.8600000000001,-2826.66,0.0,0.0,-242479.15,0.0,0.0,0.0,-231954.73,2826.66,10524.42,-242479.15,-231954.73,10524.419999999984,1.6370904631912708e-11
462,ARB04042_USD,23625.01,0.0,-156.6,0.0,-250.56,0.0,0.0,0.0,0.0,-407.15999999999997,625.05,0.0,0.0,-12802.16,0.0,0.0,0.0,9790.64,-625.05,22592.8,-12802.16,9790.64,22592.8,0.0
463,ARB04047_USD,-2237.5,33772.5,-315.3,0.0,-779.76,0.0,0.0,0.0,0.0,-1095.06,0.0,0.0,0.0,-9165.35,0.0,0.0,0.0,21274.59,0.0,30439.94,-9165.35,21274.59,30439.940000000002,-3.637978807091713e-12
464,ARB04048_USD,-1155712.65,1583484.5,-738.3000000000001,0.0,-2883.92,0.0,0.0,0.0,0.0,-3622.2200000000003,-622.0,0.0,0.0,-89369.37,-694907.5,-315392.0,167037.5,-507859.74,-842640.0,-418490.3699999999,-89369.37,-507859.74,-418490.37,1.1641532182693481e-10
465,ARB04048_USD,-1155712.65,1583484.5,-738.3000000000001,0.0,-2883.92,0.0,0.0,0.0,0.0,-3622.2200000000003,-622.0,0.0,0.0,-89369.37,0.0,0.0,0.0,-1.8,622.0,424771.6300000001,-89369.37,-1.8,89367.56999999999,335404.0600000001
466,ARB04048_USD,-1155712.65,1583484.5,-738.3000000000001,0.0,-2883.92,0.0,0.0,0.0,0.0,-3622.2200000000003,0.0,0.0,0.0,-1.8,-694907.5,-315392.0,167037.5,-507859.74,-843262.0,-419112.3699999999,-1.8,-507859.74,-507857.94,88745.57000000012
467,ARB04048_USD,-1155712.65,1583484.5,-738.3000000000001,0.0,-2883.92,0.0,0.0,0.0,0.0,-3622.2200000000003,0.0,0.0,0.0,-1.8,0.0,0.0,0.0,-1.8,0.0,424149.6300000001,-1.8,-1.8,0.0,424149.6300000001
468,ARB04049_USD,-2940.0,0.0,-218.70000000000002,0.0,-1233.5,0.0,0.0,0.0,0.0,-1452.2,42000.0,0.0,0.0,75516.0,36960.0,0.0,0.0,66083.8,-5040.0,-9432.2,75516.0,66083.8,-9432.199999999997,-3.637978807091713e-12
469,ARB04052_USD,-3362.5,0.0,-336.0,0.0,-2134.72,0.0,0.0,0.0,0.0,-2470.72,0.0,0.0,0.0,13658.12,0.0,0.0,0.0,7824.9,0.0,-5833.219999999999,13658.12,7824.9,-5833.220000000001,1.8189894035458565e-12
470,ARB04053_EUR,-2175.0,0.0,-12.99,0.0,-10.14,0.0,0.0,0.0,0.0,-23.130000000000003,0.0,0.0,0.0,-50406.66,0.0,0.0,0.0,-46831.84,0.0,-2198.13,-50406.66,-46831.84,3574.820000000007,-5772.950000000007
471,ARB04053_EUR,-2175.0,0.0,-12.99,0.0,-10.14,0.0,0.0,0.0,0.0,-23.130000000000003,0.0,0.0,0.0,-50406.66,1835.0,0.0,0.0,-92594.59,1835.0,-363.1300000000001,-50406.66,-92594.59,-42187.92999999999,41824.799999999996
472,ARB04053_EUR,-2175.0,0.0,-12.99,0.0,-10.14,0.0,0.0,0.0,0.0,-23.130000000000003,-14342.5,0.0,0.0,-102999.14,0.0,0.0,0.0,-46831.84,14342.5,12144.369999999999,-102999.14,-46831.84,56167.3,-44022.93000000001
473,ARB04053_EUR,-2175.0,0.0,-12.99,0.0,-10.14,0.0,0.0,0.0,0.0,-23.130000000000003,-14342.5,0.0,0.0,-102999.14,1835.0,0.0,0.0,-92594.59,16177.5,13979.369999999999,-102999.14,-92594.59,10404.550000000003,3574.819999999996
474,ARB04053_GBP,-11050.0,0.0,0.0,-18.5,-5.54,0.0,0.0,0.0,0.0,-24.04,-11250.0,0.0,0.0,-89828.41,3375.0,0.0,0.0,-86277.45,14625.0,3550.959999999999,-89828.41,-86277.45,3550.9600000000064,-7.275957614183426e-12
475,ARB04053_USD,-520.97,417.9699999999998,-12.75,0.0,-22.82,0.0,0.0,0.0,-1.26,-36.83,-729.23,0.0,0.0,-170187.04,1750.13,0.0,2968.75,-164877.5,5448.110000000001,5308.280000000001,-170187.04,-164877.5,5309.540000000008,-1.2600000000074942
476,ARB04053_USD,-520.97,417.9699999999998,-12.75,0.0,-22.82,0.0,0.0,0.0,-1.26,-36.83,-729.23,0.0,0.0,-170187.04,0.0,0.0,0.0,-21.66,729.23,589.3999999999997,-170187.04,-21.66,170165.38,-169575.98
477,ARB04053_USD,-520.97,417.9699999999998,-12.75,0.0,-22.82,0.0,0.0,0.0,-1.26,-36.83,0.0,0.0,0.0,-20.4,1750.13,0.0,2968.75,-164877.5,4718.88,4579.05,-20.4,-164877.5,-164857.1,169436.15
478,ARB04053_USD,-520.97,417.9699999999998,-12.75,0.0,-22.82,0.0,0.0,0.0,-1.26,-36.83,0.0,0.0,0.0,-20.4,0.0,0.0,0.0,-21.66,0.0,-139.83000000000027,-20.4,-21.66,-1.2600000000000016,-138.57000000000028
479,ARB04054_USD,483.5,0.0,-35.4,0.0,-96.8,0.0,0.0,0.0,0.0,-132.2,0.0,0.0,0.0,1071.25,0.0,0.0,0.0,1422.55,0.0,351.3,1071.25,1422.55,351.29999999999995,5.684341886080802e-14
480,ARB04055_USD,-1531.0,0.0,-193.8,0.0,-821.84,0.0,0.0,0.0,0.0,-1015.6400000000001,0.0,0.0,0.0,7539.74,0.0,0.0,0.0,4993.1,0.0,-2546.6400000000003,7539.74,4993.1,-2546.6399999999994,-9.094947017729282e-13
481,ARB04057_USD,550.0,0.0,-469.79999999999995,0.0,-1018.98,0.0,0.0,0.0,0.0,-1488.78,2125.0,0.0,0.0,39060.51,-180.0,0.0,0.0,35816.73,-2305.0,-3243.7799999999997,39060.51,35816.73,-3243.779999999999,-9.094947017729282e-13
482,ARB04059_USD,2367475.0,1493280.0,-414.75,0.0,-1017.69,0.0,0.0,-40.82,0.0,-1473.26,-363475.0,-3364915.0,4215862.5,-35488.3,-3824250.0,-5759250.0,6183717.5,-63461.56,-3887255.0,-27973.259999999776,-35488.3,-63461.56,-27973.259999999995,2.1827872842550278e-10
483,ARB04062_USD,0.0,0.0,0.0,0.0,4.6899999999999995,0.0,0.0,0.0,0.0,4.6899999999999995,0.0,0.0,0.0,-35284.72,0.0,0.0,0.0,-35280.03,0.0,4.6899999999999995,-35284.72,-35280.03,4.690000000002328,-2.3288038164537284e-12
484,ARB04065_USD,-2156275.0,1033306.25,-443.24999999999994,0.0,-903.37,0.0,0.0,0.0,0.0,-1346.62,3162.5,-4395250.0,1478831.25,-31742.39,69975.0,-3293756.25,1441293.75,-25289.01,1130768.75,6453.379999999888,-31742.39,-25289.01,6453.380000000001,-1.127773430198431e-10
485,ARB04066_USD,-57050.0,-11440.0,-261.75,0.0,-538.02,0.0,0.0,0.0,0.0,-799.77,21270.0,-328450.0,664115.0,33837.35,-82200.0,-296180.0,806310.0,35542.58,70995.0,1705.2300000000105,33837.35,35542.58,1705.2300000000032,7.275957614183426e-12
486,ARB04067_USD,-856884.0,23949.0,-176.7,0.0,-365.89,0.0,0.0,0.0,0.0,-542.5899999999999,-1660986.0,-1834176.0,4542642.0,-5484.16,-619608.0,-1691115.0,4188177.0,-8987.75,829974.0,-3503.5899999999674,-5484.16,-8987.75,-3503.59,3.2741809263825417e-11
487,ARB04068_USD,151112.5,-131400.0,-677.55,0.0,-1393.4699999999998,0.0,0.0,0.0,0.0,-2071.0199999999995,-43125.0,-1054843.75,1264912.5,-13030.01,12462.5,-1062812.5,1220131.25,7448.97,2837.5,20478.98000000001,-13030.01,7448.97,20478.98,1.0913936421275139e-11
488,ARB04069_USD,152000.0,73450.0,-247.5,0.0,-523.71,0.0,0.0,0.0,0.0,-771.21,-78662.5,-1298581.25,1572381.25,-361.6,-138612.5,-1141875.0,1282137.5,30829.69,-193487.5,31191.290000000008,-361.6,30829.69,31191.289999999997,1.0913936421275139e-11
489,ARB04070_USD,-109975.0,90318.75,-115.94999999999999,0.0,-241.71,0.0,0.0,0.0,0.0,-357.65999999999997,-82012.5,-688587.5,973512.5,17511.82,-4225.0,-636537.5,872275.0,26097.91,28600.0,8586.089999999997,17511.82,26097.91,8586.09,-3.637978807091713e-12
490,ARB04073_USD,-1122.75,0.0,-26.4,0.0,-755.66,0.0,0.0,0.0,0.0,-782.06,0.0,0.0,0.0,28.9,0.0,0.0,0.0,-1875.91,0.0,-1904.81,28.9,-1875.91,-1904.8100000000002,2.2737367544323206e-13
491,ARB04074_USD,19992.14,0.0,-81.15,0.0,-129.84,0.0,0.0,0.0,0.0,-210.99,4640.61,0.0,0.0,8900.95,0.0,0.0,0.0,24041.49,-4640.61,15140.539999999997,8900.95,24041.49,15140.54,-3.637978807091713e-12
492,ARB04075_USD,-2875.2799999999997,0.0,-15.15,0.0,-17.03,0.0,0.0,0.0,0.0,-32.18,9282.44,0.0,0.0,9734.19,17038.3,0.0,0.0,14582.59,7755.859999999999,4848.4,9734.19,14582.59,4848.4,0.0
493,ARB04077_USD,-1020.0,0.0,-2.1,0.0,-10.5,0.0,0.0,0.0,0.0,-12.6,0.0,0.0,0.0,-105.2,3140.0,0.0,0.0,2002.2,3140.0,2107.4,-105.2,2002.2,2107.4,0.0
494,ARB04079_USD,-8260.0,0.0,-2.1,0.0,-10.5,0.0,0.0,0.0,0.0,-12.6,-3920.0,0.0,0.0,-2084.6,4380.0,0.0,0.0,-2057.2,8300.0,27.399999999999636,-2084.6,-2057.2,27.40000000000009,-4.547473508864641e-13
495,ARB04080_USD,-824.8600000000843,0.0,-1693.65,0.0,-3512.0499999999997,0.0,0.0,0.0,0.0,-5205.7,1156.58,0.0,0.0,-4473.89,440.83,0.0,0.0,-11220.2,-715.75,-6746.310000000084,-4473.89,-11220.2,-6746.31,-8.36735125631094e-11
496,ARB04081_USD,-1400.0,0.0,-215.70000000000002,0.0,-488.92,0.0,0.0,0.0,0.0,-704.62,0.0,0.0,0.0,-16391.53,0.0,0.0,0.0,-18496.15,0.0,-2104.62,-16391.53,-18496.15,-2104.6200000000026,2.7284841053187847e-12
497,ARB04082_USD,-1779.05,0.0,-72.6,0.0,-24.2,0.0,0.0,0.0,0.0,-96.8,-10.0,0.0,0.0,-6191.97,0.0,0.0,0.0,-8057.82,10.0,-1865.85,-6191.97,-8057.82,-1865.8499999999995,-4.547473508864641e-13
498,ARB04083_USD,-2772.25,0.0,-9.9,0.0,-8.16,0.0,0.0,0.0,0.0,-18.060000000000002,0.0,0.0,0.0,-4977.81,0.0,0.0,0.0,-7768.12,0.0,-2790.31,-4977.81,-7768.12,-2790.3099999999995,-4.547473508864641e-13
499,ARB04085_USD,-6326.0,0.0,-66.3,0.0,-42.739999999999995,0.0,0.0,0.0,0.0,-109.03999999999999,0.0,0.0,0.0,-62187.24,0.0,0.0,0.0,-68622.28,0.0,-6435.04,-62187.24,-68622.28,-6435.040000000001,9.094947017729282e-13
500,ARB04086_USD,22662.37,0.0,-9594.0,0.0,-21365.46,0.0,0.0,0.0,0.0,-30959.46,-775.0,0.0,0.0,1546.12,-1679.04,0.0,0.0,-7655.01,-904.04,-9201.130000000001,1546.12,-7655.01,-9201.130000000001,0.0
501,ARB04087_USD,-7402.749999999999,0.0,-2917.0499999999997,0.0,-5603.139999999999,0.0,0.0,0.0,0.0,-8520.189999999999,-108.35,0.0,0.0,-5215.93,-1632.79,0.0,0.0,-22663.31,-1524.44,-17447.379999999997,-5215.93,-22663.31,-17447.38,3.637978807091713e-12
502,ARB04088_USD,0.0,-21800.0,-27.0,0.0,-64.8,0.0,0.0,0.0,0.0,-91.8,51000.0,-128175.0,100200.0,230950.0,28200.0,-299150.0,314220.0,229303.2,20245.0,-1646.7999999999993,230950.0,229303.2,-1646.7999999999884,-1.0913936421275139e-11
503,ARB04101_USD,-24641.0,0.0,-30.0,0.0,-145.32,0.0,0.0,0.0,0.0,-175.32,-17745.2,0.0,0.0,-4204.02,5853.0,0.0,0.0,-5422.14,23598.2,-1218.119999999999,-4204.02,-5422.14,-1218.12,9.094947017729282e-13
504,ARB04102_USD,-499.39999999999964,0.0,-211.35,0.0,-1028.6100000000001,0.0,0.0,0.0,0.0,-1239.96,-22858.5,0.0,0.0,-34419.68,-63703.6,0.0,0.0,-77004.14,-40845.1,-42584.46,-34419.68,-77004.14,-42584.46,0.0
505,ARB04103_USD,-30593.0,0.0,-675.0,0.0,-2621.66,0.0,0.0,0.0,0.0,-3296.66,-21125.0,0.0,0.0,-20375.87,11140.0,0.0,0.0,-22000.53,32265.0,-1624.6600000000035,-20375.87,-22000.53,-1624.6599999999999,-3.637978807091713e-12
506,ARB04104_USD,-17364.1,0.0,-414.15000000000003,0.0,-1483.76,0.0,0.0,0.0,0.0,-1897.91,-10567.5,0.0,0.0,13078.65,-1473.5,0.0,0.0,2910.64,9094.0,-10168.009999999998,13078.65,2910.64,-10168.01,1.8189894035458565e-12
507,ARB04105_USD,47240.5,0.0,-560.7,0.0,-2093.28,0.0,0.0,0.0,0.0,-2653.9800000000005,17617.5,0.0,0.0,-30939.41,-2688.0,0.0,0.0,-6658.39,-20305.5,24281.019999999997,-30939.41,-6658.39,24281.02,-3.637978807091713e-12
508,ARB04106_USD,-44785.5,0.0,-797.1,0.0,-2975.4,0.0,0.0,0.0,0.0,-3772.5,-45849.5,0.0,0.0,-4847.42,19818.0,0.0,0.0,12262.08,65667.5,17109.5,-4847.42,12262.08,17109.5,0.0
509,ARB04108_USD,374900.3900000004,0.0,-2764.7999999999997,0.0,-4594.58,0.0,0.0,0.0,0.0,-7359.379999999999,48721.73,0.0,0.0,30201.79,-317312.99,0.0,0.0,31708.08,-366034.72,1506.2900000004447,30201.79,31708.08,1506.2900000000009,4.43833414465189e-10
510,ARB04110_USD,-206.29999999999927,0.0,-85.8,0.0,-386.38,0.0,0.0,0.0,0.0,-472.18,6237.45,0.0,0.0,3251.36,356.8,0.0,0.0,-3307.77,-5880.65,-6559.129999999999,3251.36,-3307.77,-6559.13,9.094947017729282e-13
511,ARB04111_USD,-16750.0,0.0,-1307.55,0.0,-1724.23,0.0,0.0,0.0,0.0,-3031.7799999999997,0.0,0.0,0.0,-46052.66,-6837.5,0.0,0.0,-72671.94,-6837.5,-26619.28,-46052.66,-72671.94,-26619.28,0.0
512,ARB04112_USD,-15831.75,0.0,-156.60000000000002,0.0,-83.52000000000001,0.0,0.0,0.0,0.0,-240.12000000000003,-3600.5,0.0,0.0,-28650.63,0.0,0.0,0.0,-41122.0,3600.5,-12471.37,-28650.63,-41122.0,-12471.369999999999,-1.8189894035458565e-12
513,ARB04113_USD,82708.5,0.0,-234.6,0.0,-861.78,0.0,0.0,0.0,0.0,-1096.3799999999999,-30665.5,0.0,0.0,41912.16,-111040.0,0.0,0.0,43149.78,-80374.5,1237.6199999999953,41912.16,43149.78,1237.6199999999953,0.0
514,ARB04114_USD,-1482.9100000010803,0.0,-1147.65,0.0,-1872.17,0.0,0.0,0.0,0.0,-3019.82,-8421.4,0.0,0.0,6482.57,3487.97,0.0,0.0,13889.21,11909.369999999999,7406.639999998919,6482.57,13889.21,7406.639999999999,-1.0804797057062387e-09
515,ARB04116_USD,-34723.0,40590.0,-778.2,0.0,-2418.6,0.0,0.0,0.0,0.0,-3196.8,-16728.0,-59820.0,111255.0,-11425.37,-163.25,-70000.0,114460.0,834.58,9589.75,12259.949999999997,-11425.37,834.58,12259.95,-3.637978807091713e-12
516,ARB04117_USD,0.0,51579.5,-208.5,0.0,-507.54,0.0,0.0,0.0,0.0,-716.04,0.0,-660.0,63720.5,1518.41,0.0,-5795.0,66632.0,50158.37,-2223.5,48639.96,1518.41,50158.37,48639.96,0.0
517,ARB04118_USD,15688.0,0.0,-95.7,0.0,-379.84,0.0,0.0,0.0,0.0,-475.53999999999996,15166.0,0.0,0.0,9017.22,5801.4,0.0,0.0,14865.08,-9364.6,5847.859999999999,9017.22,14865.08,5847.860000000001,-1.8189894035458565e-12
518,ARB04119_USD,0.0,520.0,-30.150000000000002,0.0,-76.53,0.0,0.0,0.0,0.0,-106.68,0.0,0.0,500.0,-956.5,-30.0,-1240.0,1650.0,-663.18,-120.0,293.32,-956.5,-663.18,293.32000000000005,-5.684341886080802e-14
519,ARB04157_USD,-800.0,0.0,-86.1,0.0,-332.0,0.0,0.0,0.0,0.0,-418.1,0.0,0.0,0.0,43.78,587.5,0.0,0.0,-586.82,587.5,-630.5999999999999,43.78,-586.82,-630.6,1.1368683772161603e-13
520,ARB04158_USD,25.0,0.0,-0.3,0.0,-1.12,0.0,0.0,0.0,0.0,-1.4200000000000002,0.0,0.0,0.0,148.58,0.0,0.0,0.0,172.16,0.0,23.58,148.58,172.16,23.579999999999984,1.4210854715202004e-14
521,ARB04159_USD,-87.5,0.0,-2.1,0.0,-7.84,0.0,0.0,0.0,0.0,-9.94,0.0,0.0,0.0,-26.7,0.0,0.0,0.0,-124.14,0.0,-97.44,-26.7,-124.14,-97.44,0.0
522,ARB04160_USD,-600.0,0.0,-28.2,0.0,-105.28,0.0,0.0,0.0,0.0,-133.48,0.0,0.0,0.0,-1317.26,0.0,0.0,0.0,-2050.74,0.0,-733.48,-1317.26,-2050.74,-733.4799999999998,-2.2737367544323206e-13
523,ARB04161_USD,-748.5,0.0,-95.39999999999999,0.0,-356.16,0.0,0.0,0.0,0.0,-451.56,0.0,0.0,0.0,0.0,0.0,0.0,0.0,-1200.06,0.0,-1200.06,0.0,-1200.06,-1200.06,0.0
524,ARB04162_USD,100.0,0.0,-6.9,0.0,-25.759999999999998,0.0,0.0,0.0,0.0,-32.66,0.0,0.0,0.0,-789.46,0.0,0.0,0.0,-722.12,0.0,67.34,-789.46,-722.12,67.34000000000003,-2.842170943040401e-14
525,ARB04164_USD,-8614.8,0.0,-257.4,0.0,-348.48,0.0,0.0,0.0,0.0,-605.88,-7792.02,0.0,0.0,-2424.7,-837.8,0.0,0.0,-4691.16,6954.22,-2266.459999999998,-2424.7,-4691.16,-2266.46,1.8189894035458565e-12
526,ARB04165_USD,-2321.0400000000373,0.0,-121.8,0.0,-160.70000000000002,0.0,0.0,0.0,0.0,-282.5,-6708.94,0.0,0.0,-12383.91,-1812.81,0.0,0.0,-10091.32,4896.129999999999,2292.589999999962,-12383.91,-10091.32,2292.59,-3.8198777474462986e-11
527,ARB04166_USD,-26526.93,0.0,-210.9,0.0,-300.8,0.0,0.0,0.0,0.0,-511.70000000000005,-24280.88,0.0,0.0,-6251.24,1837.75,0.0,0.0,-7171.24,26118.63,-920.0,-6251.24,-7171.24,-920.0,0.0
528,ARB04167_USD,5825.860000000001,0.0,-313.79999999999995,0.0,-437.43000000000006,0.0,0.0,0.0,0.0,-751.23,-13788.52,0.0,0.0,-7034.55,-19243.37,0.0,0.0,-7414.77,-5454.8499999999985,-380.2199999999975,-7034.55,-7414.77,-380.22000000000025,2.7284841053187847e-12
529,ARB04168_USD,4274.25,0.0,-317.4,0.0,-426.35,0.0,0.0,0.0,0.0,-743.75,-31469.64,0.0,0.0,-5008.37,-35756.36,0.0,0.0,-5764.59,-4286.720000000001,-756.2200000000012,-5008.37,-5764.59,-756.2200000000003,-9.094947017729282e-13
530,ARB04336_USD,-5.32,0.0,0.0,0.0,0.0,0.0,0.0,0.0,0.0,0.0,0.0,0.0,0.0,-103500.39,0.0,0.0,0.0,-103505.71,0.0,-5.32,-103500.39,-103505.71,-5.320000000006985,6.984635092521785e-12
531,ARB04345_USD,1022.2599999999993,0.0,-69.30000000000001,-13.84,-103.94,0.0,0.0,0.0,0.0,-187.08,-4264.68,0.0,0.0,-25389.24,-6959.92,0.0,0.0,-27249.3,-2695.24,-1860.0600000000004,-25389.24,-27249.3,-1860.0599999999977,-2.7284841053187847e-12
532,ARB04348_EUR,0.0,0.0,-18.9,0.0,0.0,0.0,0.0,0.0,0.0,-18.9,0.0,0.0,0.0,-1.8,0.0,0.0,0.0,-20.7,0.0,-18.9,-1.8,-20.7,-18.9,0.0
533,ARB04348_GBP,-77860.0,0.0,0.0,-69.3,-29.439999999999998,0.0,0.0,0.0,0.0,-98.74,-10150.0,0.0,0.0,-10159.48,0.0,0.0,0.0,-77968.22,10150.0,-67808.74,-10159.48,-77968.22,-67808.74,0.0
534,ARB04348_USD,163515.0,0.0,-73.5,-91.2,-389.86,0.0,0.0,0.0,0.0,-554.56,25165.0,0.0,0.0,-622.53,0.0,0.0,0.0,137172.91,-25165.0,137795.44,-622.53,137172.91,137795.44,0.0
535,ARB04357_EUR,537.5,0.0,-25.5,0.0,0.0,0.0,0.0,0.0,0.0,-25.5,6.25,0.0,0.0,-41316.5,4612.5,0.0,0.0,-36198.25,4606.25,5118.25,-41316.5,-36198.25,5118.25,0.0
536,ARB04357_GBP,0.0,0.0,0.0,-34.0,-13.6,0.0,0.0,0.0,0.0,-47.6,0.0,0.0,0.0,-275.8,0.0,0.0,0.0,-323.4,0.0,-47.6,-275.8,-323.4,-47.599999999999966,-3.552713678800501e-14
537,ARB04384_EUR,-8912.5,0.0,-170.4,0.0,0.0,0.0,0.0,0.0,0.0,-170.4,-3400.0,0.0,0.0,27.8,6950.0,0.0,0.0,1267.1,10350.0,1267.1000000000004,27.8,1267.1,1239.3,27.80000000000041
538,ARB04384_GBP,-9050.0,0.0,0.0,-356.0,-109.28,0.0,0.0,0.0,0.0,-465.28,14612.5,0.0,0.0,-933.1,24387.5,0.0,0.0,259.72,9775.0,259.71999999999935,-933.1,259.72,1192.8200000000002,-933.1000000000008
539,ARB04384_USD,1475.0,0.0,-259.8,-988.8,-637.84,0.0,0.0,0.0,0.0,-1886.44,0.0,0.0,0.0,-1773.42,89.6,0.0,0.0,-321.84,89.6,-321.84000000000003,-1773.42,-321.84,1451.5800000000002,-1773.42
540,ARB04388_USD,0.0,0.0,-0.3,-0.05,-0.14,0.0,0.0,0.0,0.0,-0.49,-10140.5,0.0,0.0,-54261.0,-26827.46,0.0,0.0,-70948.45,-16686.96,-16687.45,-54261.0,-70948.45,-16687.449999999997,-3.637978807091713e-12
541,ARB04401_USD,10960.0,0.0,-52.2,-208.8,-97.44,0.0,0.0,0.0,0.0,-358.44,5020.0,0.0,0.0,5984.24,1625.0,0.0,0.0,13190.8,-3395.0,7206.5599999999995,5984.24,13190.8,7206.5599999999995,0.0
542,ARB04402_USD,146925.0,0.0,-479.09999999999997,-1916.3999999999999,-894.3199999999999,0.0,0.0,0.0,0.0,-3289.8199999999997,28135.0,0.0,0.0,113145.64,-117325.0,0.0,0.0,111320.82,-145460.0,-1824.820000000007,113145.64,111320.82,-1824.8199999999924,-1.4551915228366852e-11
543,ARB04403_USD,-4214.0,0.0,-57.3,0.0,-802.2,0.0,0.0,0.0,0.0,-859.5,0.0,0.0,0.0,-1157.4,2761.2,0.0,0.0,-3469.7,2761.2,-2312.3,-1157.4,-3469.7,-2312.2999999999997,-4.547473508864641e-13
544,ARB04404_EUR,0.0,0.0,-4.8,0.0,0.0,0.0,0.0,0.0,0.0,-4.8,0.0,0.0,0.0,0.0,0.0,0.0,0.0,-4.8,0.0,-4.8,0.0,-4.8,-4.8,0.0
545,ARB04404_GBP,320.0,0.0,0.0,-17.6,-7.68,0.0,0.0,0.0,0.0,-25.28,0.0,0.0,0.0,0.0,0.0,0.0,0.0,294.72,0.0,294.72,0.0,294.72,294.72,0.0
546,ARB04404_USD,-2186.2,0.0,-318.0,-1058.4,-1241.52,0.0,0.0,0.0,0.0,-2617.92,-497.4,0.0,0.0,12478.04,-4744.0,0.0,0.0,3427.32,-4246.6,-9050.720000000001,12478.04,3427.32,-9050.720000000001,0.0
547,ARB04405_CAD,-2494.0,0.0,0.0,0.0,0.0,0.0,0.0,0.0,0.0,0.0,-9108.0,0.0,0.0,1330.0,-9990.0,0.0,0.0,-2046.0,-882.0,-3376.0,1330.0,-2046.0,-3376.0,0.0
548,ARB04405_USD,7700.0,0.0,-39.0,0.0,-316.0,0.0,0.0,0.0,0.0,-355.0,-5972.0,0.0,0.0,1677.0,-13592.0,0.0,0.0,1402.0,-7620.0,-275.0,1677.0,1402.0,-275.0,0.0
549,ARB04406_CAD,13038.0,0.0,0.0,0.0,0.0,0.0,0.0,0.0,0.0,0.0,-66802.0,0.0,0.0,-1488.0,-78348.0,0.0,0.0,4.0,-11546.0,1492.0,-1488.0,4.0,1492.0,0.0
550,ARB04406_EUR,0.0,0.0,-1.2,0.0,0.0,0.0,0.0,0.0,0.0,-1.2,0.0,0.0,0.0,-9.0,0.0,0.0,0.0,-10.2,0.0,-1.2,-9.0,-10.2,-1.1999999999999993,-6.661338147750939e-16
551,ARB04406_GBP,0.0,0.0,0.0,-4.4,-1.92,0.0,0.0,0.0,0.0,-6.32,0.0,0.0,0.0,702.6,-820.0,0.0,0.0,-123.72,-820.0,-826.32,702.6,-123.72,-826.32,0.0
552,ARB04406_USD,59135.0,0.0,-199.2,-436.79999999999995,-811.34,0.0,0.0,0.0,0.0,-1447.3400000000001,33100.0,0.0,0.0,-915.6,-24200.0,0.0,0.0,-527.94,-57300.0,387.6600000000035,-915.6,-527.94,387.65999999999997,3.524291969370097e-12
553,ARB04408_EUR,1968.75,0.0,-399.45,0.0,0.0,0.0,0.0,0.0,0.0,-399.45,-1375.0,0.0,0.0,-2225.2,968.75,0.0,0.0,1687.85,2343.75,3913.05,-2225.2,1687.85,3913.0499999999997,4.547473508864641e-13
554,ARB04408_GBP,6087.5,0.0,0.0,-866.08,-260.68,0.0,0.0,0.0,0.0,-1126.76,11562.5,0.0,0.0,-16430.92,2375.0,0.0,0.0,-20657.68,-9187.5,-4226.76,-16430.92,-20657.68,-4226.760000000002,1.8189894035458565e-12
555,ARB04410_USD,58180.0,0.0,-401.70000000000005,-1606.8000000000002,-749.8399999999999,0.0,0.0,0.0,0.0,-2758.34,27575.0,0.0,0.0,9921.44,-16545.0,0.0,0.0,21223.1,-44120.0,11301.660000000003,9921.44,21223.1,11301.659999999998,5.4569682106375694e-12
556,ARB04413_EUR,0.0,0.0,-2.1,0.0,0.0,0.0,0.0,0.0,0.0,-2.1,0.0,0.0,0.0,-4.2,0.0,0.0,0.0,-6.3,0.0,-2.1,-4.2,-6.3,-2.0999999999999996,-4.440892098500626e-16
557,ARB04413_GBP,160.0,0.0,0.0,-7.7,-3.36,0.0,0.0,0.0,0.0,-11.06,80.0,0.0,0.0,577.88,200.0,0.0,0.0,846.82,120.0,268.94,577.88,846.82,268.94000000000005,-5.684341886080802e-14
558,ARB04413_USD,17662.0,0.0,-119.10000000000001,0.0,-1667.3999999999999,0.0,0.0,0.0,0.0,-1786.4999999999998,18398.0,0.0,0.0,1538.9,2544.0,0.0,0.0,1560.4,-15854.0,21.5,1538.9,1560.4,21.5,0.0
559,ARB04418_USD,17605.0,0.0,-95.4,-381.6,-178.07999999999998,0.0,0.0,0.0,0.0,-655.0799999999999,-11080.0,0.0,0.0,-15562.68,-22795.0,0.0,0.0,-10327.76,-11715.0,5234.919999999998,-15562.68,-10327.76,5234.92,-1.8189894035458565e-12
560,ARB04451_EUR,0.0,0.0,-225.3,0.0,0.0,0.0,0.0,0.0,0.0,-225.3,0.0,0.0,0.0,-252.0,0.0,0.0,0.0,-477.3,0.0,-225.3,-252.0,-477.3,-225.3,0.0
561,ARB04451_GBP,110.0,0.0,0.0,-826.1,-360.48,0.0,0.0,0.0,0.0,-1186.58,-6650.0,0.0,0.0,3222.8,-3690.0,0.0,0.0,5106.22,2960.0,1883.42,3222.8,5106.22,1883.42,0.0
562,ARB04451_USD,6390.0,0.0,-372.6,-840.0,-2668.4,0.0,0.0,0.0,0.0,-3881.0,1536.0,0.0,0.0,-507.12,-1410.0,0.0,0.0,-944.12,-2946.0,-437.0,-507.12,-944.12,-437.0,0.0
563,ARB04452_EUR,0.0,0.0,-201.0,0.0,0.0,0.0,0.0,0.0,0.0,-201.0,0.0,0.0,0.0,-184.8,0.0,0.0,0.0,-385.8,0.0,-201.0,-184.8,-385.8,-201.0,0.0
564,ARB04452_GBP,540.0,0.0,0.0,-737.0,-321.6,0.0,0.0,0.0,0.0,-1058.6,370.0,0.0,0.0,2366.72,0.0,0.0,0.0,1478.12,-370.0,-888.5999999999999,2366.72,1478.12,-888.5999999999999,0.0
565,ARB04452_USD,-1910.0,0.0,-355.2,-962.4,-2053.52,0.0,0.0,0.0,0.0,-3371.12,-2894.0,0.0,0.0,933.74,1620.0,0.0,0.0,166.62,4514.0,-767.1199999999999,933.74,166.62,-767.12,1.1368683772161603e-13
566,ARB04454_EUR,0.0,0.0,-215.4,0.0,0.0,0.0,0.0,0.0,0.0,-215.4,0.0,0.0,0.0,-225.0,0.0,0.0,0.0,-440.4,0.0,-215.4,-225.0,-440.4,-215.39999999999998,-2.842170943040401e-14
567,ARB04454_GBP,1510.0,0.0,0.0,-789.8,-344.64,0.0,0.0,0.0,0.0,-1134.44,0.0,0.0,0.0,3865.0,0.0,0.0,0.0,4240.56,0.0,375.55999999999995,3865.0,4240.56,375.5600000000004,-4.547473508864641e-13
568,ARB04454_USD,1920.0,0.0,-562.8,-1896.0,-2128.0,0.0,0.0,0.0,0.0,-4586.8,2976.0,0.0,0.0,-2516.94,-2390.0,0.0,0.0,-10549.74,-5366.0,-8032.8,-2516.94,-10549.74,-8032.799999999999,-9.094947017729282e-13
569,ARB04459_CAD,-178.0,0.0,0.0,0.0,0.0,0.0,0.0,0.0,0.0,0.0,0.0,0.0,0.0,-120.0,0.0,0.0,0.0,-298.0,0.0,-178.0,-120.0,-298.0,-178.0,0.0
570,ARB04459_USD,0.0,0.0,-2.1,0.0,-11.9,0.0,0.0,0.0,0.0,-14.0,0.0,0.0,0.0,-126.0,0.0,0.0,0.0,-140.0,0.0,-14.0,-126.0,-140.0,-14.0,0.0
571,ARB05057_EUR,43356.25,0.0,0.0,0.0,0.0,0.0,0.0,0.0,0.0,0.0,101506.25,0.0,0.0,214650.0,47200.0,0.0,0.0,203700.0,-54306.25,-10950.0,214650.0,203700.0,-10950.0,0.0
572,ARB05057_USD,0.0,0.0,-1081.95,0.0,-1370.47,0.0,0.0,0.0,0.0,-2452.42,0.0,0.0,0.0,-1932.74,0.0,0.0,0.0,-4385.16,0.0,-2452.42,-1932.74,-4385.16,-2452.42,0.0
573,ARB05357_EUR,-2413573.75,0.0,-119366.7,0.0,0.0,0.0,0.0,0.0,0.0,-119366.7,5345531.25,0.0,0.0,-113338.5,7580462.5,0.0,0.0,-411347.7,2234931.25,-298009.2000000002,-113338.5,-411347.7,-298009.2,-1.7462298274040222e-10
574,ARB05357_GBP,0.0,0.0,0.0,-159156.24000000002,-63661.6,0.0,0.0,0.0,0.0,-222817.84000000003,0.0,0.0,0.0,-224361.2,0.0,0.0,0.0,-447179.04,0.0,-222817.84000000003,-224361.2,-447179.04,-222817.83999999997,-5.820766091346741e-11
575,ARB06057_USD,147935.45999999964,0.0,-2405.1,0.0,-3785.14,0.0,0.0,0.0,0.0,-6190.24,-106714.1,0.0,0.0,-10478.88,-217649.35,0.0,0.0,20331.09,-110935.25,30809.969999999652,-10478.88,20331.09,30809.97,-3.4924596548080444e-10
576,ARB06357_USD,-4910.0,0.0,-762.6,-127.17,-1728.56,0.0,0.0,0.0,0.0,-2618.33,-19525.0,0.0,0.0,-5432.98,-2350.0,0.0,0.0,4213.69,17175.0,9646.67,-5432.98,4213.69,9646.669999999998,1.8189894035458565e-12
