,Class_ID,PL_TOTAL,OPT_PREMIUM,COMMISSION,CLEARING_FEE,EXCHANG_EFE,BROKERAGE_FEE,GIVEUP_FEE,FLR_FEE,WIR_FEE,Total_Fees,MOTE_PREV,MSOV_PREV,MLOV_PREV,MLQVAL_PREV,MOTE,MSOV,MLOV,MLQVAL,UNREALISED,TRD_RESULT_CALCULATION,Prev_Bal,Bal,TRD_RESULT,Final
0,ARB00017_USD,817.5,0.0,-2.1,0.0,-28.5,0.0,0.0,0.0,0.0,-30.6,0.0,0.0,0.0,2622.7,0.0,0.0,0.0,3409.6,0.0,817.5,2622.7,3409.6,786.9000000000001,30.6
1,ARB00020_USD,-157390.28,0.0,-4235.7,0.0,-5494.91,0.0,0.0,0.0,0.0,-9730.61,-67056.43,0.0,0.0,4456.62,-2650.0,0.0,0.0,-102714.46,64406.42999999999,-92983.85,4456.62,-102714.46,-107171.08,14187.23
2,ARB00033_USD,-11455.370000001043,0.0,-2862.45,0.0,-4023.3700000000003,0.0,0.0,0.0,0.0,-6885.82,3020.83,0.0,0.0,-57466.93,0.0,0.0,0.0,-78828.95,-3020.83,-14476.200000001043,-57466.93,-78828.95,-21362.019999999997,6885.82
3,ARB00054_USD,0.0,56370.0,-4951.05,0.0,-11882.519999999999,0.0,0.0,0.0,0.0,-16833.57,0.0,-153165.0,131352.5,12608.35,0.0,-15012.5,15225.0,74169.78,22025.0,78395.0,12608.35,74169.78,61561.43,16833.57
4,ARB00055_USD,-38230.0,-4375.0,-818.1,0.0,-1248.1,0.0,0.0,0.0,0.0,-2066.2,-342.5,-261250.0,269375.0,-7655.85,-27812.5,-75000.0,84375.0,-78547.05,-26220.0,-68825.0,-7655.85,-78547.05,-70891.2,2066.2
5,ARB00068_USD,57742.5,59775.0,-2191.5,0.0,-5262.68,0.0,0.0,0.0,0.0,-7454.18,25177.5,0.0,10531.25,89203.4,-140027.5,0.0,0.0,23530.47,-175736.25,-58218.75,89203.4,23530.47,-65672.93,7454.18
6,ARB00090_USD,6647.1,-31750.0,-1601.6999999999998,0.0,-3494.0,0.0,0.0,0.0,0.0,-5095.7,0.0,0.0,0.0,-184915.98,-750.0,0.0,14975.0,-200889.58,14225.0,-10877.900000000001,-184915.98,-200889.58,-15973.599999999977,5095.7
7,ARB00110_USD,-5132.5,0.0,-203.4,0.0,-708.4599999999999,0.0,0.0,0.0,0.0,-911.8599999999999,-5222.5,0.0,0.0,-926.72,1190.0,0.0,0.0,-558.58,6412.5,1280.0,-926.72,-558.58,368.14,911.86
8,ARB00112_USD,-52687.5,0.0,-1241.4,0.0,-1572.44,0.0,0.0,0.0,0.0,-2813.84,-34937.5,0.0,0.0,-497.19,225.0,0.0,0.0,-20836.03,35162.5,-17525.0,-497.19,-20836.03,-20338.84,2813.84
9,ARB00113_USD,0.0,-562.5,-206.1,0.0,-356.24,0.0,0.0,0.0,0.0,-562.34,0.0,-54045.0,57330.0,3458.87,0.0,-51657.5,53995.0,1386.53,-947.5,-1510.0,3458.87,1386.53,-2072.34,562.34
10,ARB00122_USD,4484.0,0.0,-19.5,0.0,-17.12,0.0,0.0,0.0,0.0,-36.620000000000005,730.25,0.0,0.0,1146.65,410.25,0.0,0.0,5274.03,-320.0,4164.0,1146.65,5274.03,4127.379999999999,36.62
11,ARB00123_USD,95649.5,215662.5,-466.05,0.0,-905.86,0.0,0.0,0.0,0.0,-1371.91,-32925.5,-19375.0,141240.0,-60539.38,-105641.5,0.0,97062.0,151881.71,-97519.0,213793.0,-60539.38,151881.71,212421.09,1371.91
12,ARB00124_USD,-145762.94,0.0,-471.0,0.0,-1677.85,0.0,0.0,0.0,0.0,-2148.85,-107773.0,0.0,0.0,278108.4,-47766.5,0.0,0.0,190203.11,60006.5,-85756.44,278108.4,190203.11,-87905.29000000004,2148.85
13,ARB00126_USD,-12675.0,0.0,-107.55,0.0,-359.59000000000003,0.0,0.0,0.0,0.0,-467.14000000000004,-15501.0,0.0,0.0,-29337.42,-13646.0,0.0,0.0,-40624.56,1855.0,-10820.0,-29337.42,-40624.56,-11287.14,467.14
14,ARB00132_USD,587.5,3757.5,-187.65,0.0,-437.92,0.0,0.0,0.0,0.0,-625.57,-5575.0,-2590.0,2130.0,-1704.55,-6992.5,-3165.0,3195.0,1087.38,-927.5,3417.5,-1704.55,1087.38,2791.9300000000003,625.57
15,ARB00135_USD,115.0,0.0,-2.4,0.0,-8.16,0.0,0.0,0.0,0.0,-10.56,0.0,0.0,0.0,589.96,0.0,0.0,0.0,694.4,0.0,115.0,589.96,694.4,104.43999999999994,10.56
16,ARB00143_USD,-35532.0,0.0,-128.25,0.0,-477.63,0.0,0.0,0.0,0.0,-605.88,-23358.5,0.0,0.0,-23099.76,-1218.5,0.0,0.0,-37097.64,22140.0,-13392.0,-23099.76,-37097.64,-13997.880000000001,605.88
17,ARB00146_USD,-733.0,0.0,-30.9,0.0,-109.86,0.0,0.0,0.0,0.0,-140.76,-5148.0,0.0,0.0,784.56,-4013.0,0.0,0.0,1045.8,1135.0,402.0,784.56,1045.8,261.24,140.76
18,ARB00149_USD,-33118.6,0.0,-838.5,0.0,-3904.48,0.0,0.0,0.0,0.0,-4742.98,-40465.2,0.0,0.0,-19474.13,19075.4,0.0,0.0,2204.89,59540.6,26422.0,-19474.13,2204.89,21679.02,4742.98
19,ARB00156_USD,-1207676.98,-29890.0,-5929.5,0.0,-13498.24,0.0,0.0,0.0,0.0,-19427.739999999998,-1182086.94,-105252.5,112202.5,156972.15,22867.5,-70807.5,72095.0,99269.37,1199291.94,-38275.04000000004,156972.15,99269.37,-57702.78,19427.74
20,ARB00159_USD,-837.5,0.0,-40.8,0.0,-51.68,0.0,0.0,0.0,0.0,-92.47999999999999,0.0,0.0,0.0,-1239.6,0.0,0.0,0.0,-2169.58,0.0,-837.5,-1239.6,-2169.58,-929.98,92.48
21,ARB00160_USD,8769.0,0.0,-537.0,0.0,-2099.0,0.0,0.0,0.0,0.0,-2636.0,1181.0,0.0,0.0,-8781.58,-10625.0,0.0,0.0,-14454.58,-11806.0,-3037.0,-8781.58,-14454.58,-5673.0,2636.0
22,ARB00161_USD,4139.25,0.0,-101.7,0.0,-319.89,0.0,0.0,0.0,0.0,-421.59,-6117.5,0.0,0.0,92.99,5111.0,0.0,0.0,15039.15,11228.5,15367.75,92.99,15039.15,14946.16,421.59
23,ARB00169_USD,-275932.49,0.0,-3566.55,0.0,-10059.169999999998,0.0,0.0,0.0,0.0,-13625.719999999998,-22688.0,0.0,0.0,29756.12,261229.25,0.0,0.0,24115.16,283917.25,7984.760000000009,29756.12,24115.16,-5640.959999999999,13625.72
24,ARB00186_USD,-133894.0,0.0,-618.3000000000001,0.0,-2933.94,0.0,0.0,0.0,0.0,-3552.2400000000002,-134135.0,0.0,0.0,26065.83,68620.0,0.0,0.0,91374.59,202755.0,68861.0,26065.83,91374.59,65308.759999999995,3552.24
25,ARB00188_USD,3611.0,0.0,-51.6,0.0,-244.14000000000001,0.0,0.0,0.0,0.0,-295.74,810.0,0.0,0.0,-1181.07,1340.0,0.0,0.0,2664.19,530.0,4141.0,-1181.07,2664.19,3845.26,295.74
26,ARB00193_USD,-442986.5,790.0,-1600.5,0.0,-5764.0,0.0,0.0,0.0,0.0,-7364.5,-189753.5,0.0,10600.0,33580.84,189721.0,0.0,15390.0,-31715.66,384264.5,-57932.0,33580.84,-31715.66,-65296.5,7364.5
27,ARB00194_USD,167920.2,0.0,-2553.15,0.0,-10526.27,0.0,0.0,0.0,0.0,-13079.42,100151.8,0.0,0.0,-1097.36,-10976.6,0.0,0.0,42615.02,-111128.40000000001,56791.8,-1097.36,42615.02,43712.38,13079.42
28,ARB00201_USD,9327.119999999999,0.0,-53.1,0.0,-77.89,0.0,0.0,0.0,0.0,-130.99,6325.65,0.0,0.0,-800.43,-583.1,0.0,0.0,9329.45,-6908.75,2418.369999999999,-800.43,9329.45,10129.880000000001,-7711.51
29,ARB00203_USD,440.0,0.0,-61.5,0.0,-256.15,0.0,0.0,0.0,0.0,-317.65,0.0,0.0,0.0,2693.25,0.0,0.0,0.0,2815.6,0.0,440.0,2693.25,2815.6,122.34999999999991,317.65
30,ARB00214_USD,3711.78,0.0,-362.09999999999997,0.0,-1186.47,0.0,0.0,0.0,0.0,-1548.57,0.0,0.0,0.0,6233.58,0.0,0.0,0.0,2163.21,0.0,3711.78,6233.58,2163.21,-4070.37,7782.15
31,ARB00215_USD,27945.58,0.0,-3943.2,0.0,-16122.89,0.0,0.0,0.0,0.0,-20066.09,0.0,0.0,0.0,11470.89,0.0,0.0,0.0,7879.49,0.0,27945.58,11470.89,7879.49,-3591.3999999999996,31536.98
32,ARB00220_USD,20317.57,0.0,-1399.2,0.0,-4505.2300000000005,0.0,0.0,0.0,0.0,-5904.43,0.0,0.0,0.0,15783.4,0.0,0.0,0.0,14413.14,0.0,20317.57,15783.4,14413.14,-1370.2600000000002,21687.83
33,ARB00257_USD,50309.01,0.0,-6275.7,0.0,-23829.16,0.0,0.0,0.0,0.0,-30104.86,0.0,0.0,0.0,9036.4,0.0,0.0,0.0,20204.15,0.0,50309.01,9036.4,20204.15,11167.750000000002,39141.26
34,ARB00267_USD,-9135.349999999999,0.0,-225.9,0.0,-1007.5699999999999,0.0,0.0,0.0,0.0,-1233.47,-33397.6,0.0,0.0,11225.01,-6470.6,0.0,0.0,16558.18,26927.0,17791.65,11225.01,16558.18,5333.17,12458.48
35,ARB00320_EUR,12812.5,0.0,-4278.0,-97.92,-24.48,0.0,0.0,0.0,0.0,-4400.4,18262.5,0.0,0.0,-584.1,-1925.0,0.0,0.0,-11775.4,-20187.5,-7375.0,-584.1,-11775.4,-11191.3,3816.3
36,ARB00320_GBP,-15350.0,0.0,0.0,-8890.48,-2726.3199999999997,0.0,0.0,0.0,0.0,-11616.8,-25200.0,0.0,0.0,-3343.8,0.0,0.0,0.0,-1766.8,25200.0,9850.0,-3343.8,-1766.8,1577.0000000000002,8273.0
37,ARB00333_EUR,-7912.5,0.0,-1053.3,0.0,0.0,0.0,0.0,0.0,0.0,-1053.3,-1237.5,0.0,0.0,-5197.5,0.0,0.0,0.0,-12925.8,1237.5,-6675.0,-5197.5,-12925.8,-7728.299999999999,1053.3
38,ARB00333_GBP,-2112.5,0.0,0.0,-1688.8799999999999,-602.4,0.0,0.0,0.0,0.0,-2291.2799999999997,-1725.0,0.0,0.0,-8600.01,0.0,0.0,0.0,-11278.79,1725.0,-387.5,-8600.01,-11278.79,-2678.7800000000007,2291.28
39,ARB00354_USD,16250.0,0.0,-247.2,-41.15,-1878.72,0.0,0.0,0.0,0.0,-2167.07,18.7,0.0,0.0,20784.72,-2192.9,0.0,0.0,32656.05,-2211.6,14038.4,20784.72,32656.05,11871.329999999998,2167.07
40,ARB00355_EUR,-5975.0,0.0,-231.60000000000002,0.0,0.0,0.0,0.0,0.0,0.0,-231.60000000000002,-262.5,0.0,0.0,-505.8,-1325.0,0.0,0.0,-7774.9,-1062.5,-7037.5,-505.8,-7774.9,-7269.099999999999,231.6
41,ARB00355_GBP,-3262.5,0.0,0.0,-470.64,-146.64,0.0,0.0,0.0,0.0,-617.28,-25.0,0.0,0.0,411.44,1137.5,0.0,0.0,-2305.84,1162.5,-2100.0,411.44,-2305.84,-2717.28,617.28
42,ARB00390_CAD,12718.0,0.0,0.0,0.0,0.0,0.0,0.0,0.0,0.0,0.0,-2260.0,0.0,0.0,121588.0,198.0,0.0,0.0,136764.0,2458.0,15176.0,121588.0,136764.0,15176.0,0.0
43,ARB00390_USD,483250.0,0.0,-2535.75,-9082.5,-5734.44,0.0,0.0,0.0,0.0,-17352.69,18960.0,0.0,0.0,22109.16,23450.0,0.0,0.0,492496.47,4490.0,487740.0,22109.16,492496.47,470387.31,17352.69
44,ARB00410_EUR,0.0,0.0,-1.05,0.0,0.0,0.0,0.0,0.0,0.0,-1.05,0.0,0.0,0.0,-2.4,0.0,0.0,0.0,-3.45,0.0,0.0,-2.4,-3.45,-1.0500000000000003,1.05
45,ARB00410_GBP,585.0,0.0,0.0,-3.85,-1.61,0.0,0.0,0.0,0.0,-5.46,220.0,0.0,0.0,607.52,-195.0,0.0,0.0,772.06,-415.0,170.0,607.52,772.06,164.53999999999996,5.46
46,ARB00412_EUR,-1631.25,0.0,-1650.6,-877.44,-219.36,0.0,0.0,0.0,0.0,-2747.4,-6675.0,0.0,0.0,-2943.2,0.0,0.0,0.0,-646.85,6675.0,5043.75,-2943.2,-646.85,2296.35,2747.4
47,ARB00412_GBP,-625.0,0.0,0.0,-2475.84,-825.6,0.0,0.0,0.0,0.0,-3301.44,725.0,0.0,0.0,1828.0,0.0,0.0,0.0,-2823.44,-725.0,-1350.0,1828.0,-2823.44,-4651.4400000000005,3301.44
48,ARB00412_USD,4480.0,0.0,-52.8,-8.78,-401.28,0.0,0.0,0.0,0.0,-462.85999999999996,62.8,0.0,0.0,3636.23,0.0,0.0,0.0,7590.57,-62.8,4417.2,3636.23,7590.57,3954.3399999999997,462.86
49,ARB00422_EUR,0.0,0.0,-52.5,0.0,0.0,0.0,0.0,0.0,0.0,-52.5,0.0,0.0,0.0,-71.55,0.0,0.0,0.0,-124.05,0.0,0.0,-71.55,-124.05,-52.5,52.5
50,ARB00422_GBP,840.0,0.0,0.0,-192.5,-80.69999999999999,0.0,0.0,0.0,0.0,-273.2,1250.0,0.0,0.0,11476.83,-400.0,0.0,0.0,10393.63,-1650.0,-810.0,11476.83,10393.63,-1083.2000000000007,273.2
51,ARB00422_USD,25780.8,0.0,-1206.75,-898.8000000000001,-14168.14,0.0,0.0,0.0,0.0,-16273.689999999999,5202.05,0.0,0.0,-56981.7,11702.25,0.0,0.0,-40974.39,6500.2,32281.0,-56981.7,-40974.39,16007.309999999998,16273.69
52,ARB00423_CAD,32934.0,0.0,0.0,0.0,0.0,0.0,0.0,0.0,0.0,0.0,-56.0,0.0,0.0,20120.0,0.0,0.0,0.0,53110.0,56.0,32990.0,20120.0,53110.0,32990.0,0.0
53,ARB00423_EUR,0.0,0.0,-24.9,0.0,0.0,0.0,0.0,0.0,0.0,-24.9,0.0,0.0,0.0,-264.25,0.0,0.0,0.0,-289.15,0.0,0.0,-264.25,-289.15,-24.899999999999977,24.9
54,ARB00423_GBP,-8440.0,0.0,0.0,-91.3,-38.94,0.0,0.0,0.0,0.0,-130.24,2380.0,0.0,0.0,7574.43,500.0,0.0,0.0,-2875.81,-1880.0,-10320.0,7574.43,-2875.81,-10450.24,130.24
55,ARB00423_USD,185541.2,224.0,-3592.95,-2020.8200000000002,-43895.12,0.0,0.0,0.0,0.0,-49508.89,1562.8,0.0,110.0,91823.13,-19482.6,0.0,0.0,206924.04,-21155.399999999998,164609.80000000002,91823.13,206924.04,115100.91,49508.89
56,ARB00424_CAD,46306.0,0.0,0.0,0.0,0.0,0.0,0.0,0.0,0.0,0.0,2200.0,0.0,0.0,55344.0,4434.0,0.0,0.0,103884.0,2234.0,48540.0,55344.0,103884.0,48540.0,0.0
57,ARB00424_EUR,0.0,0.0,-303.75,0.0,0.0,0.0,0.0,0.0,0.0,-303.75,0.0,0.0,0.0,-560.7,0.0,0.0,0.0,-864.45,0.0,0.0,-560.7,-864.45,-303.75,303.75
58,ARB00424_GBP,-16380.0,0.0,0.0,-1113.75,-471.84999999999997,0.0,0.0,0.0,0.0,-1585.6,-24210.0,0.0,0.0,-37022.83,2690.0,0.0,0.0,-28088.43,26900.0,10520.0,-37022.83,-28088.43,8934.400000000001,1585.6
59,ARB00424_USD,337347.8,1700.0,-3901.2,-11236.2,-20059.66,0.0,0.0,0.0,0.0,-35197.06,120793.8,0.0,700.0,70301.38,17615.5,0.0,0.0,270273.82,-103878.3,235169.5,70301.38,270273.82,199972.44,35197.06
60,ARB00425_CAD,11904.0,0.0,0.0,0.0,0.0,0.0,0.0,0.0,0.0,0.0,4978.0,0.0,0.0,36582.0,10328.0,0.0,0.0,53836.0,5350.0,17254.0,36582.0,53836.0,17254.0,0.0
61,ARB00425_EUR,0.0,0.0,-220.5,0.0,0.0,0.0,0.0,0.0,0.0,-220.5,0.0,0.0,0.0,-459.9,0.0,0.0,0.0,-680.4,0.0,0.0,-459.9,-680.4,-220.5,220.5
62,ARB00425_GBP,-300.0,0.0,0.0,-808.4999999999999,-350.12000000000006,0.0,0.0,0.0,0.0,-1158.62,-2460.0,0.0,0.0,5411.88,0.0,0.0,0.0,6413.26,2460.0,2160.0,5411.88,6413.26,1001.3800000000001,1158.62
63,ARB00425_USD,165396.8,0.0,-6024.75,-7790.4,-60635.62,0.0,0.0,0.0,0.0,-74450.77,-17807.2,0.0,0.0,-46133.28,28944.4,0.0,0.0,91564.35,46751.600000000006,212148.4,-46133.28,91564.35,137697.63,74450.77
64,ARB00426_CAD,13646.0,0.0,0.0,0.0,0.0,0.0,0.0,0.0,0.0,0.0,4844.0,0.0,0.0,32832.0,6800.0,0.0,0.0,48434.0,1956.0,15602.0,32832.0,48434.0,15602.0,0.0
65,ARB00426_EUR,0.0,0.0,-70.05,0.0,0.0,0.0,0.0,0.0,0.0,-70.05,0.0,0.0,0.0,-225.15,0.0,0.0,0.0,-295.2,0.0,0.0,-225.15,-295.2,-70.04999999999998,70.05
66,ARB00426_GBP,84600.0,0.0,0.0,-256.85,-110.12,0.0,0.0,0.0,0.0,-366.97,75100.0,0.0,0.0,-20572.42,-6690.0,0.0,0.0,-18129.39,-81790.0,2810.0,-20572.42,-18129.39,2443.029999999999,366.97
67,ARB00426_USD,116783.0,0.0,-1828.9499999999998,-1948.8,-19598.940000000002,0.0,0.0,0.0,0.0,-23376.690000000002,37785.6,0.0,0.0,-3118.97,13997.4,0.0,0.0,66499.14,-23788.199999999997,92994.8,-3118.97,66499.14,69618.11,23376.69
68,ARB00432_EUR,-80762.5,0.0,-1317.0,0.0,0.0,0.0,0.0,0.0,0.0,-1317.0,-44287.5,0.0,0.0,-2071.3,9850.0,0.0,0.0,-30013.3,54137.5,-26625.0,-2071.3,-30013.3,-27942.0,1317.0
69,ARB00432_GBP,15062.5,0.0,0.0,-2564.6400000000003,-817.9200000000001,0.0,0.0,0.0,0.0,-3382.5600000000004,0.0,0.0,0.0,-419.29,250.0,0.0,0.0,11510.65,250.0,15312.5,-419.29,11510.65,11929.94,3382.56
70,ARB00432_USD,9810.0,0.0,-188.4,-31.43,-1431.84,0.0,0.0,0.0,0.0,-1651.6699999999998,-822.0,0.0,0.0,-8178.09,0.0,0.0,0.0,802.24,822.0,10632.0,-8178.09,802.24,8980.33,1651.67
71,ARB00435_EUR,0.0,0.0,-12.9,0.0,0.0,0.0,0.0,0.0,0.0,-12.9,0.0,0.0,0.0,-5.1,0.0,0.0,0.0,-18.0,0.0,0.0,-5.1,-18.0,-12.9,12.9
72,ARB00435_GBP,0.0,0.0,0.0,-47.3,-19.78,0.0,0.0,0.0,0.0,-67.08,0.0,0.0,0.0,-26.52,0.0,0.0,0.0,-93.6,0.0,0.0,-26.52,-93.6,-67.08,67.08
73,ARB00435_USD,31805.6,0.0,-2157.9,0.0,-30210.6,0.0,0.0,0.0,0.0,-32368.5,784.0,0.0,0.0,2893.0,1848.0,0.0,0.0,3394.1,1064.0,32869.6,2893.0,3394.1,501.0999999999999,32368.5
74,ARB00442_EUR,0.0,0.0,-2.1,0.0,0.0,0.0,0.0,0.0,0.0,-2.1,0.0,0.0,0.0,-12.0,0.0,0.0,0.0,-14.1,0.0,0.0,-12.0,-14.1,-2.0999999999999996,2.1
75,ARB00442_GBP,-20400.0,0.0,0.0,-7.7,-3.36,0.0,0.0,0.0,0.0,-11.06,-20410.0,0.0,0.0,3226.8,0.0,0.0,0.0,3225.74,20410.0,10.0,3226.8,3225.74,-1.0600000000004002,11.06
76,ARB00442_USD,34227.2,0.0,-75.6,0.0,-1058.4,0.0,0.0,0.0,0.0,-1134.0,14643.2,0.0,0.0,10750.6,-1963.2,0.0,0.0,27237.4,-16606.4,17620.799999999996,10750.6,27237.4,16486.800000000003,1134.0
77,ARB00443_USD,-336.0,0.0,-18.0,0.0,-252.0,0.0,0.0,0.0,0.0,-270.0,-179.2,0.0,0.0,2148.0,0.0,0.0,0.0,1721.2,179.2,-156.8,2148.0,1721.2,-426.79999999999995,270.0
78,ARB00444_USD,0.0,0.0,-1.2,0.0,-16.8,0.0,0.0,0.0,0.0,-18.0,6876.8,0.0,0.0,722.0,7324.8,0.0,0.0,1152.0,448.0,448.0,722.0,1152.0,430.0,18.0
79,ARB00446_EUR,0.0,0.0,-274.95,0.0,0.0,0.0,0.0,0.0,0.0,-274.95,0.0,0.0,0.0,-261.75,0.0,0.0,0.0,-536.7,0.0,0.0,-261.75,-536.7,-274.95000000000005,274.95
80,ARB00446_GBP,-21140.0,0.0,0.0,-1008.15,-426.20000000000005,0.0,0.0,0.0,0.0,-1434.35,-27580.0,0.0,0.0,-845.99,-1370.0,0.0,0.0,2789.66,26210.0,5070.0,-845.99,2789.66,3635.6499999999996,1434.35
81,ARB00446_USD,5459.5999999999985,0.0,-1542.3,-410.4,-20347.32,0.0,0.0,0.0,0.0,-22300.02,-58108.0,0.0,0.0,-7715.08,-27693.0,0.0,0.0,5859.5,30415.0,35874.6,-7715.08,5859.5,13574.58,22300.02
82,ARB00449_EUR,0.0,0.0,-23.7,0.0,0.0,0.0,0.0,0.0,0.0,-23.7,0.0,0.0,0.0,-38.7,0.0,0.0,0.0,-62.4,0.0,0.0,-38.7,-62.4,-23.699999999999996,23.7
83,ARB00449_GBP,-690.0,0.0,0.0,-86.9,-36.42,0.0,0.0,0.0,0.0,-123.32000000000001,-270.0,0.0,0.0,-861.76,450.0,0.0,0.0,-955.08,720.0,30.0,-861.76,-955.08,-93.32000000000005,123.32
84,ARB00449_USD,104025.2,0.0,-2255.7,-8636.4,-5382.72,0.0,0.0,0.0,0.0,-16274.82,-94778.0,0.0,0.0,22767.11,-140641.2,0.0,0.0,64654.29,-45863.20000000001,58161.999999999985,22767.11,64654.29,41887.18,16274.82
85,ARB00456_EUR,-39812.5,0.0,-3840.0,0.0,0.0,0.0,0.0,0.0,0.0,-3840.0,-6612.5,0.0,0.0,-4101.8,0.0,0.0,0.0,-41141.8,6612.5,-33200.0,-4101.8,-41141.8,-37040.0,3840.0
86,ARB00456_GBP,-4062.5,0.0,0.0,-9220.32,-2633.76,0.0,0.0,0.0,0.0,-11854.08,-13425.0,0.0,0.0,16906.18,0.0,0.0,0.0,14414.6,13425.0,9362.5,16906.18,14414.6,-2491.58,11854.08
87,ARB00456_USD,132620.0,0.0,-2613.9,-7264.3,-9652.28,0.0,0.0,0.0,0.0,-19530.480000000003,14999.8,0.0,0.0,-69531.77,10200.0,0.0,0.0,38757.95,-4799.799999999999,127820.2,-69531.77,38757.95,108289.72,19530.48
88,ARB00460_CAD,45352.0,0.0,0.0,0.0,0.0,0.0,0.0,0.0,0.0,0.0,-1880.0,0.0,0.0,15370.0,0.0,0.0,0.0,62602.0,1880.0,47232.0,15370.0,62602.0,47232.0,0.0
89,ARB00460_USD,-725.0,0.0,-726.9,0.0,-4406.6,0.0,0.0,0.0,0.0,-5133.5,0.0,0.0,0.0,-5882.5,0.0,0.0,0.0,-11741.0,0.0,-725.0,-5882.5,-11741.0,-5858.5,5133.5
90,ARB00461_CAD,17190.0,0.0,0.0,0.0,0.0,0.0,0.0,0.0,0.0,0.0,-58.0,0.0,0.0,-17530.0,-1936.0,0.0,0.0,-2218.0,-1878.0,15312.0,-17530.0,-2218.0,15312.0,0.0
91,ARB00461_USD,0.0,0.0,-43.5,0.0,-246.5,0.0,0.0,0.0,0.0,-290.0,0.0,0.0,0.0,-3092.0,0.0,0.0,0.0,-3382.0,0.0,0.0,-3092.0,-3382.0,-290.0,290.0
92,ARB00469_CAD,44832.0,0.0,0.0,0.0,0.0,0.0,0.0,0.0,0.0,0.0,-392.0,0.0,0.0,14192.0,4496.0,0.0,0.0,63912.0,4888.0,49720.0,14192.0,63912.0,49720.0,0.0
93,ARB00469_EUR,0.0,0.0,-53.85,0.0,0.0,0.0,0.0,0.0,0.0,-53.85,0.0,0.0,0.0,-726.2,0.0,0.0,0.0,-780.05,0.0,0.0,-726.2,-780.05,-53.84999999999991,53.85
94,ARB00469_GBP,6820.0,0.0,0.0,-197.45,-83.58,0.0,0.0,0.0,0.0,-281.03,170.0,0.0,0.0,29644.48,580.0,0.0,0.0,36593.45,410.0,7230.0,29644.48,36593.45,6948.9699999999975,281.03
95,ARB00469_USD,17613.05,-5544.0,-1738.5,-49.61,-23473.149999999998,0.0,0.0,0.0,0.0,-25261.26,-1140.0,0.0,0.0,-53557.46,-2145.2,-1008.0,4368.0,-64394.87,2354.8,14423.849999999999,-53557.46,-64394.87,-10837.410000000003,25261.26
96,ARB00486_EUR,0.0,0.0,-3.9,0.0,0.0,0.0,0.0,0.0,0.0,-3.9,0.0,0.0,0.0,-6.0,0.0,0.0,0.0,-9.9,0.0,0.0,-6.0,-9.9,-3.9000000000000004,3.9
97,ARB00486_GBP,0.0,0.0,0.0,-14.3,-5.98,0.0,0.0,0.0,0.0,-20.28,0.0,0.0,0.0,-31.2,0.0,0.0,0.0,-51.48,0.0,0.0,-31.2,-51.48,-20.279999999999998,20.28
98,ARB00486_USD,69967.5,0.0,-723.9,-2818.8,-1584.2399999999998,0.0,0.0,0.0,0.0,-5126.9400000000005,-2040.0,0.0,0.0,-5025.86,1431.25,0.0,0.0,63285.95,3471.25,73438.75,-5025.86,63285.95,68311.81,5126.94
99,ARB00488_EUR,0.0,0.0,-1.2,0.0,0.0,0.0,0.0,0.0,0.0,-1.2,0.0,0.0,0.0,-0.6,0.0,0.0,0.0,-1.8,0.0,0.0,-0.6,-1.8,-1.2000000000000002,1.2
100,ARB00488_GBP,0.0,0.0,0.0,-4.4,-1.84,0.0,0.0,0.0,0.0,-6.24,0.0,0.0,0.0,-3.12,0.0,0.0,0.0,-9.36,0.0,0.0,-3.12,-9.36,-6.239999999999999,6.24
101,ARB00488_USD,7276.25,0.0,-132.6,-518.4,-283.92,0.0,0.0,0.0,0.0,-934.9200000000001,0.0,0.0,0.0,-126.18,0.0,0.0,0.0,6215.15,0.0,7276.25,-126.18,6215.15,6341.33,934.92
102,ARB00493_CAD,65300.0,0.0,0.0,0.0,0.0,0.0,0.0,0.0,0.0,0.0,41288.0,0.0,0.0,39750.0,-1994.0,0.0,0.0,61768.0,-43282.0,22018.0,39750.0,61768.0,22018.0,0.0
103,ARB00493_EUR,0.0,0.0,-198.45,0.0,0.0,0.0,0.0,0.0,0.0,-198.45,0.0,0.0,0.0,-79.05,0.0,0.0,0.0,-277.5,0.0,0.0,-79.05,-277.5,-198.45,198.45
104,ARB00493_GBP,1580.0,0.0,0.0,-727.6500000000001,-305.85,0.0,0.0,0.0,0.0,-1033.5,230.0,0.0,0.0,-9545.64,-750.0,0.0,0.0,-9979.14,-980.0,600.0,-9545.64,-9979.14,-433.5,1033.5
105,ARB00493_USD,-21115.0,0.0,-967.0500000000001,-1892.4,-6490.92,0.0,0.0,0.0,0.0,-9350.37,-21506.4,0.0,0.0,10772.45,-1286.4,0.0,0.0,527.08,20220.0,-895.0,10772.45,527.08,-10245.37,9350.37
106,ARB00494_CAD,23504.0,0.0,0.0,0.0,0.0,0.0,0.0,0.0,0.0,0.0,450.0,0.0,0.0,26916.0,-148.0,0.0,0.0,49822.0,-598.0,22906.0,26916.0,49822.0,22906.0,0.0
107,ARB00494_EUR,0.0,0.0,-107.4,0.0,0.0,0.0,0.0,0.0,0.0,-107.4,0.0,0.0,0.0,-310.35,0.0,0.0,0.0,-417.75,0.0,0.0,-310.35,-417.75,-107.39999999999998,107.4
108,ARB00494_GBP,-150.0,0.0,0.0,-393.8,-168.06,0.0,0.0,0.0,0.0,-561.86,-1440.0,0.0,0.0,-2624.79,3410.0,0.0,0.0,1513.35,4850.0,4700.0,-2624.79,1513.35,4138.139999999999,561.86
109,ARB00494_USD,89493.4,0.0,-5243.55,-17846.129999999997,-18245.43,0.0,0.0,0.0,0.0,-41335.11,-19322.6,0.0,0.0,6458.13,20044.2,0.0,0.0,93983.22,39366.8,128860.2,6458.13,93983.22,87525.09,41335.11
110,ARB00501_EUR,-437.5,0.0,-36.9,0.0,0.0,0.0,0.0,0.0,0.0,-36.9,1087.5,0.0,0.0,79.0,0.0,0.0,0.0,-1482.9,-1087.5,-1525.0,79.0,-1482.9,-1561.9,36.9
111,ARB00501_GBP,0.0,0.0,0.0,-49.2,-19.68,0.0,0.0,0.0,0.0,-68.88,0.0,0.0,0.0,-39.2,0.0,0.0,0.0,-108.08,0.0,0.0,-39.2,-108.08,-68.88,68.88
112,ARB00503_EUR,0.0,0.0,-1.8,0.0,0.0,0.0,0.0,0.0,0.0,-1.8,0.0,0.0,0.0,-2.4,0.0,0.0,0.0,-4.2,0.0,0.0,-2.4,-4.2,-1.8000000000000003,1.8
113,ARB00503_GBP,0.0,0.0,0.0,-6.6,-2.76,0.0,0.0,0.0,0.0,-9.36,0.0,0.0,0.0,-12.48,0.0,0.0,0.0,-21.84,0.0,0.0,-12.48,-21.84,-9.36,9.36
114,ARB00503_USD,12340.9,0.0,-88.5,-45.6,-1100.68,0.0,0.0,0.0,0.0,-1234.78,9109.85,0.0,0.0,-4376.0,-2081.25,0.0,0.0,-4460.98,-11191.1,1149.7999999999993,-4376.0,-4460.98,-84.97999999999956,1234.78
115,ARB00514_EUR,0.0,0.0,-43.2,0.0,0.0,0.0,0.0,0.0,0.0,-43.2,0.0,0.0,0.0,-37.8,0.0,0.0,0.0,-43.2,0.0,0.0,-37.8,-43.2,-5.400000000000006,5.4
116,ARB00514_GBP,640.0,0.0,0.0,-97.44,-48.4,0.0,0.0,0.0,0.0,-145.84,0.0,0.0,0.0,99.2,0.0,0.0,0.0,494.16,0.0,640.0,99.2,494.16,394.96000000000004,245.04
117,ARB00520_EUR,0.0,0.0,-203.4,0.0,0.0,0.0,0.0,0.0,0.0,-203.4,0.0,0.0,0.0,-7.8,0.0,0.0,0.0,-203.4,0.0,0.0,-7.8,-203.4,-195.6,195.6
118,ARB00520_GBP,1700.0,0.0,0.0,-440.12,-219.48000000000002,0.0,0.0,0.0,0.0,-659.6,0.0,0.0,0.0,-8.32,0.0,0.0,0.0,1040.4,0.0,1700.0,-8.32,1040.4,1048.72,651.28
119,ARB00557_EUR,112.5,0.0,-156.0,0.0,0.0,0.0,0.0,0.0,0.0,-156.0,0.0,0.0,0.0,-0.6,0.0,0.0,0.0,-43.5,0.0,112.5,-0.6,-43.5,-42.9,155.4
120,ARB00557_GBP,895.0,0.0,0.0,-331.76000000000005,-168.88,0.0,0.0,0.0,0.0,-500.64000000000004,0.0,0.0,0.0,6.84,0.0,0.0,0.0,394.36,0.0,895.0,6.84,394.36,387.52000000000004,507.48
121,ARB00567_EUR,0.0,0.0,-38.1,0.0,0.0,0.0,0.0,0.0,0.0,-38.1,0.0,0.0,0.0,-28.5,0.0,0.0,0.0,-38.1,0.0,0.0,-28.5,-38.1,-9.600000000000001,9.6
122,ARB00567_GBP,1050.0,0.0,0.0,-139.70000000000002,-60.12,0.0,0.0,0.0,0.0,-199.82000000000002,-390.0,0.0,0.0,230.96,10.0,0.0,0.0,1250.18,400.0,1450.0,230.96,1250.18,1019.22,430.78
123,ARB00567_USD,12122.5,0.0,-140.4,-478.8,-513.24,0.0,0.0,0.0,0.0,-1132.44,-2070.4,0.0,0.0,2613.31,1350.7,0.0,0.0,14411.16,3421.1000000000004,15543.6,2613.31,14411.16,11797.85,3745.75
124,ARB00754_USD,-100729.4699999952,0.0,-1826.1,0.0,-5718.589999999999,0.0,0.0,0.0,0.0,-7544.689999999999,-13664.25,0.0,0.0,-207622.15,-96764.79,0.0,0.0,-398996.85,-83100.54,-183830.00999999518,-207622.15,-398996.85,-191374.69999999998,7544.69
125,ARB00765_USD,2671.820000000298,0.0,-18.15,0.0,-53.24,0.0,0.0,0.0,0.0,-71.39,-48211.24,0.0,0.0,-58864.6,0.0,0.0,0.0,-8052.93,48211.24,50883.060000000296,-58864.6,-8052.93,50811.67,71.39
126,ARB01002_USD,-1710.25,0.0,-168.6,0.0,-153.68,0.0,0.0,0.0,0.0,-322.28,0.0,0.0,0.0,8815.06,0.0,0.0,0.0,6782.53,0.0,-1710.25,8815.06,6782.53,-2032.5299999999997,322.28
127,ARB01057_MXN,589472.0,0.0,0.0,0.0,0.0,0.0,0.0,0.0,0.0,0.0,645650.0,0.0,0.0,367148.0,606925.0,0.0,0.0,917895.0,-38725.0,550747.0,367148.0,917895.0,550747.0,0.0
128,ARB01057_USD,68470.52000000002,0.0,-426.6,0.0,-509.29999999999995,0.0,-296.5,-3.06,0.0,-1235.46,82267.52,0.0,0.0,317414.65,-846333.38,0.0,0.0,-543951.19,-928600.9,-860130.38,317414.65,-543951.19,-861365.84,1235.46
129,ARB01063_JPY,2560750.0,0.0,0.0,0.0,0.0,0.0,0.0,0.0,0.0,0.0,0.0,0.0,0.0,-375000.0,0.0,0.0,0.0,935750.0,0.0,2560750.0,-375000.0,935750.0,1310750.0,1250000.0
130,ARB01063_USD,74608.38999999966,0.0,-3962.55,0.0,-11171.72,0.0,0.0,0.0,0.0,-15134.27,0.0,0.0,0.0,65558.17,-777.85,0.0,0.0,132096.94,-777.85,73830.53999999966,65558.17,132096.94,66538.77,7291.77
131,ARB01064_USD,14260.960000000894,-8125.0,-1311.0,0.0,-2933.1600000000003,-100.0,0.0,0.0,0.0,-4344.16,229.24,0.0,0.0,17573.08,-250.0,-46250.0,51875.0,24510.64,5145.76,11281.720000000894,17573.08,24510.64,6937.559999999998,4344.16
132,ARB01065_USD,8650.910000000003,0.0,-428.7,0.0,-395.36,0.0,0.0,0.0,0.0,-824.06,0.0,0.0,0.0,29424.26,0.0,0.0,0.0,37251.11,0.0,8650.910000000003,29424.26,37251.11,7826.850000000002,824.06
133,ARB01066_USD,3715.0399999999995,0.0,-112.8,0.0,-444.40000000000003,0.0,0.0,0.0,0.0,-557.2,0.0,0.0,0.0,11464.76,0.0,0.0,0.0,14622.6,0.0,3715.0399999999995,11464.76,14622.6,3157.84,557.2
134,ARB01067_USD,160.0,0.0,-3.5999999999999996,0.0,-29.6,0.0,0.0,0.0,0.0,-33.2,0.0,0.0,0.0,22090.1,0.0,0.0,0.0,22216.9,0.0,160.0,22090.1,22216.9,126.80000000000291,33.2
135,ARB01071_USD,54274.3,0.0,-1716.9,0.0,-7111.92,0.0,0.0,0.0,0.0,-8828.82,66617.6,0.0,0.0,2694.51,33657.0,0.0,0.0,15179.39,-32960.600000000006,21313.699999999997,2694.51,15179.39,12484.88,8828.82
136,ARB01076_USD,47838.32,0.0,-4538.1,0.0,-12247.119999999999,0.0,0.0,0.0,0.0,-16785.22,0.0,0.0,0.0,25780.47,-736.32,0.0,0.0,56097.25,-736.32,47102.0,25780.47,56097.25,30316.78,16785.22
137,ARB01078_USD,87994.85,0.0,-1875.3,0.0,-3476.42,0.0,0.0,0.0,0.0,-5351.72,0.0,0.0,0.0,33484.74,0.0,0.0,0.0,116127.87,0.0,87994.85,33484.74,116127.87,82643.13,5351.72
138,ARB01092_USD,100036.5,0.0,-9241.65,0.0,-22868.24,0.0,0.0,-73.18,0.0,-32183.07,1718.75,0.0,0.0,111940.11,-9444.0,0.0,0.0,168630.79,-11162.75,88873.75,111940.11,168630.79,56690.68000000001,32183.07
139,ARB01117_USD,-662.5,0.0,-4.5,0.0,-16.8,0.0,0.0,0.0,0.0,-21.3,0.0,0.0,0.0,-20322.03,0.0,0.0,0.0,-21005.83,0.0,-662.5,-20322.03,-21005.83,-683.8000000000029,21.3
140,ARB01145_USD,-827442.84,0.0,-10187.1,0.0,-14426.52,0.0,0.0,0.0,0.0,-24613.620000000003,-471530.89,0.0,0.0,177217.6,12100.0,0.0,0.0,-191207.97,483630.89,-343811.94999999995,177217.6,-191207.97,-368425.57,24613.62
141,ARB01157_USD,49637.5,0.0,-1044.3000000000002,0.0,-3898.7200000000003,0.0,0.0,0.0,0.0,-4943.02,-42211.5,0.0,0.0,30537.95,-92564.5,0.0,0.0,24879.43,-50353.0,-715.5,30537.95,24879.43,-5658.52,4943.02
142,ARB01158_USD,-279165.5,20887.5,-5471.849999999999,0.0,-12229.99,0.0,0.0,0.0,0.0,-17701.84,-211836.0,-11750.0,32093.75,66402.5,-61838.0,-6937.5,9812.5,-77048.09,132529.25,-125748.75,66402.5,-77048.09,-143450.59,17701.84
143,ARB01166_USD,6894.0,0.0,-186.29999999999998,0.0,-702.62,0.0,0.0,0.0,0.0,-888.92,-75.0,0.0,0.0,-6523.67,0.0,0.0,0.0,-443.59,75.0,6969.0,-6523.67,-443.59,6080.08,888.92
144,ARB01172_USD,-5602.5,2418.75,-544.9499999999999,0.0,-1084.56,0.0,0.0,0.0,0.0,-1629.5099999999998,-6918.5,-5075.0,6837.5,-578.78,-4284.5,0.0,0.0,-4520.54,871.5,-2312.25,-578.78,-4520.54,-3941.76,1629.51
145,ARB01176_USD,-163368.5,0.0,-2989.35,0.0,-6736.28,0.0,0.0,0.0,0.0,-9725.63,-42069.23,0.0,0.0,114914.51,5035.42,0.0,0.0,-11074.97,47104.65,-116263.85,114914.51,-11074.97,-125989.48,9725.63
146,ARB01177_USD,487.5,-6063.0,-31.8,0.0,-65.38,0.0,0.0,0.0,0.0,-97.17999999999999,-4037.5,-12996.25,20751.25,-23631.56,0.0,-20297.0,26701.0,-26617.74,2686.5,-2889.0,-23631.56,-26617.74,-2986.1800000000003,97.18
147,ARB01195_USD,-6740.0,0.0,-43.2,0.0,-146.88,0.0,0.0,0.0,0.0,-190.07999999999998,2550.0,0.0,0.0,4715.3,6810.0,0.0,0.0,2045.22,4260.0,-2480.0,4715.3,2045.22,-2670.08,190.08
148,ARB01357_CHF,34525.0,0.0,0.0,0.0,0.0,0.0,0.0,0.0,0.0,0.0,-3937.5,0.0,0.0,-2087.5,-85075.0,0.0,0.0,-48700.0,-81137.5,-46612.5,-2087.5,-48700.0,-46612.5,0.0
149,ARB01357_EUR,-45462.5,0.0,-23303.550000000003,-9339.84,-2334.96,0.0,0.0,0.0,0.0,-34978.350000000006,8268.75,0.0,0.0,-102329.7,337531.25,0.0,0.0,146491.95,329262.5,283800.0,-102329.7,146491.95,248821.65000000002,34978.35
150,ARB01357_GBP,-361854.5500000119,0.0,0.0,-62757.02,-15818.699999999999,0.0,0.0,0.0,0.0,-78575.72,-17850.0,0.0,0.0,-340892.32,93950.0,0.0,0.0,-669522.59,111800.0,-250054.55000001192,-340892.32,-669522.59,-328630.26999999996,78575.72
151,ARB01357_USD,178150.0,0.0,-2541.45,0.0,-16969.5,0.0,-200.0,-6.0,0.0,-19716.95,-30175.0,0.0,0.0,-64089.65,689025.0,0.0,0.0,813543.4,719200.0,897350.0,-64089.65,813543.4,877633.05,19716.95
152,ARB01400_EUR,0.0,0.0,-131.7,0.0,0.0,0.0,0.0,0.0,0.0,-131.7,0.0,0.0,0.0,-120.3,0.0,0.0,0.0,-252.0,0.0,0.0,-120.3,-252.0,-131.7,131.7
153,ARB01400_GBP,0.0,0.0,0.0,-482.9,-201.94,0.0,0.0,0.0,0.0,-684.8399999999999,0.0,0.0,0.0,-625.56,0.0,0.0,0.0,-1310.4,0.0,0.0,-625.56,-1310.4,-684.8400000000001,684.84
154,ARB01400_USD,23120.8,0.0,-193.79999999999998,-120.0,-2349.2,0.0,0.0,0.0,0.0,-2663.0,-5455.0,0.0,0.0,3616.6,-29350.6,0.0,0.0,178.8,-23895.6,-774.7999999999993,3616.6,178.8,-3437.7999999999997,2663.0
155,ARB01417_EUR,0.0,0.0,-150.3,0.0,0.0,0.0,0.0,0.0,0.0,-150.3,0.0,0.0,0.0,-644.7,0.0,0.0,0.0,-795.0,0.0,0.0,-644.7,-795.0,-150.29999999999995,150.3
156,ARB01417_GBP,0.0,0.0,0.0,-551.0999999999999,-230.45999999999998,0.0,0.0,0.0,0.0,-781.56,0.0,0.0,0.0,-12820.8,0.0,0.0,0.0,-13602.36,0.0,0.0,-12820.8,-13602.36,-781.5600000000013,781.56
157,ARB01417_USD,144123.15,0.0,-5241.15,-18416.399999999998,-17513.02,0.0,0.0,0.0,0.0,-41170.56999999999,825.0,0.0,0.0,-14570.48,10647.5,0.0,0.0,98204.6,9822.5,153945.65,-14570.48,98204.6,112775.08,41170.57
158,ARB01445_EUR,-33237.5,0.0,-2926.5,0.0,0.0,0.0,0.0,0.0,0.0,-2926.5,-23600.0,0.0,0.0,-27043.0,0.0,0.0,0.0,-39607.0,23600.0,-9637.5,-27043.0,-39607.0,-12564.0,2926.5
159,ARB01445_GBP,-6237.5,0.0,0.0,-4708.4,-1676.0,0.0,0.0,0.0,0.0,-6384.4,-3500.0,0.0,0.0,-2722.41,0.0,0.0,0.0,-11844.31,3500.0,-2737.5,-2722.41,-11844.31,-9121.9,6384.4
160,ARB01457_CAD,6356.0,0.0,0.0,0.0,0.0,0.0,0.0,0.0,0.0,0.0,854.0,0.0,0.0,30250.0,-5718.0,0.0,0.0,30034.0,-6572.0,-216.0,30250.0,30034.0,-216.0,0.0
161,ARB01457_USD,9350.0,0.0,-462.3,-619.1999999999999,-2443.96,0.0,0.0,0.0,0.0,-3525.46,-1420.0,0.0,0.0,-12788.3,-3810.0,0.0,0.0,-9353.76,-2390.0,6960.0,-12788.3,-9353.76,3434.539999999999,3525.46
162,ARB01458_CAD,10010.0,0.0,0.0,0.0,0.0,0.0,0.0,0.0,0.0,0.0,-10146.0,0.0,0.0,18968.0,-10388.0,0.0,0.0,28736.0,-242.0,9768.0,18968.0,28736.0,9768.0,0.0
163,ARB01458_USD,95005.0,0.0,-1165.95,-2069.94,-7093.52,0.0,0.0,0.0,0.0,-10329.41,-10010.0,0.0,0.0,1145.5,71320.0,0.0,0.0,167151.09,81330.0,176335.0,1145.5,167151.09,166005.59,10329.41
164,ARB01466_CAD,4852.0,0.0,0.0,0.0,0.0,0.0,0.0,0.0,0.0,0.0,-574.0,0.0,0.0,3016.0,32.0,0.0,0.0,8474.0,606.0,5458.0,3016.0,8474.0,5458.0,0.0
165,ARB01466_USD,560.0,0.0,-83.1,0.0,-645.9,0.0,0.0,0.0,0.0,-729.0,0.0,0.0,0.0,-959.5,55.0,0.0,0.0,-1073.5,55.0,615.0,-959.5,-1073.5,-114.0,729.0
166,ARB01472_CAD,26288.0,0.0,0.0,0.0,0.0,0.0,0.0,0.0,0.0,0.0,-294.0,0.0,0.0,4764.0,1552.0,0.0,0.0,32898.0,1846.0,28134.0,4764.0,32898.0,28134.0,0.0
167,ARB01472_USD,0.0,0.0,-21.0,0.0,-139.0,0.0,0.0,0.0,0.0,-160.0,0.0,0.0,0.0,-421.0,0.0,0.0,0.0,-581.0,0.0,0.0,-421.0,-581.0,-160.0,160.0
168,ARB01476_EUR,-30562.5,0.0,-1351.5,0.0,0.0,0.0,0.0,0.0,0.0,-1351.5,-26075.0,0.0,0.0,-15792.1,0.0,0.0,0.0,-21631.1,26075.0,-4487.5,-15792.1,-21631.1,-5838.999999999998,1351.5
169,ARB01476_GBP,-19300.0,0.0,0.0,-2281.92,-789.36,0.0,0.0,0.0,0.0,-3071.28,0.0,0.0,0.0,116.43,0.0,0.0,0.0,-22254.85,0.0,-19300.0,116.43,-22254.85,-22371.28,3071.28
170,ARB01476_USD,115384.0,0.0,-464.09999999999997,-1489.8,-1978.3400000000001,0.0,0.0,0.0,0.0,-3932.24,22245.8,0.0,0.0,-55332.74,-52655.0,0.0,0.0,-18781.78,-74900.8,40483.2,-55332.74,-18781.78,36550.96,3932.24
171,ARB01606_USD,22239.75,0.0,-140.7,0.0,-376.48,0.0,0.0,0.0,0.0,-517.1800000000001,-2857.5,0.0,0.0,6180.41,0.0,0.0,0.0,30760.48,2857.5,25097.25,6180.41,30760.48,24580.07,517.18
172,ARB01607_EUR,-7890.0,0.0,-295.2,0.0,-982.5,0.0,0.0,0.0,0.0,-1277.7,0.0,0.0,0.0,-27982.94,0.0,0.0,0.0,-37150.64,0.0,-7890.0,-27982.94,-37150.64,-9167.7,1277.7
173,ARB01607_USD,-24438.5,0.0,-80.4,0.0,-138.12,0.0,0.0,0.0,-73.8,-292.32,0.0,0.0,0.0,-27581.829999999998,0.0,0.0,0.0,-52312.649999999994,0.0,-24438.5,-27581.829999999998,-52312.649999999994,-24730.819999999996,292.32
174,ARB01612_USD,-272.5,0.0,-8.4,0.0,-4.48,0.0,0.0,0.0,0.0,-12.88,0.0,0.0,0.0,-3541.86,0.0,0.0,0.0,-3827.24,0.0,-272.5,-3541.86,-3827.24,-285.37999999999965,12.88
175,ARB01613_USD,-903.75,0.0,-199.2,0.0,-106.24,0.0,0.0,0.0,0.0,-305.44,0.0,0.0,0.0,-3478.96,0.0,0.0,0.0,-4688.15,0.0,-903.75,-3478.96,-4688.15,-1209.1899999999996,305.44
176,ARB02012_USD,-1318827.5,1212292.0,-4551.3,0.0,-11339.44,0.0,0.0,0.0,0.0,-15890.740000000002,0.0,0.0,0.0,149415.61,0.0,0.0,0.0,26989.37,0.0,-106535.5,149415.61,26989.37,-122426.23999999999,15890.74
177,ARB02040_USD,22632.29,0.0,-487.79999999999995,0.0,-780.48,0.0,0.0,0.0,0.0,-1268.28,4843.77,0.0,0.0,17697.93,0.0,0.0,0.0,34218.17,-4843.77,17788.52,17697.93,34218.17,16520.239999999998,1268.28
178,ARB02043_USD,965754.52,0.0,-2437.05,0.0,-6249.07,0.0,0.0,0.0,0.0,-8686.119999999999,152444.8,0.0,0.0,1514173.79,-9264.5,0.0,0.0,2309532.89,-161709.3,804045.22,1514173.79,2309532.89,795359.1000000001,8686.12
179,ARB02044_USD,346859.23000000004,0.0,-5770.5,0.0,-8251.54,0.0,0.0,0.0,0.0,-14022.04,31407.05,0.0,0.0,184596.25,14671.79,0.0,0.0,500698.18,-16735.26,330123.97000000003,184596.25,500698.18,316101.93,14022.04
180,ARB02045_USD,24427.96,0.0,-201.6,0.0,-340.28000000000003,0.0,0.0,0.0,0.0,-541.88,0.0,0.0,0.0,-2310.11,0.0,0.0,0.0,21575.97,0.0,24427.96,-2310.11,21575.97,23886.08,541.88
181,ARB02047_USD,8533.0,0.0,-865.6500000000001,0.0,-1615.8799999999999,0.0,0.0,0.0,0.0,-2481.5299999999997,-13374.5,0.0,0.0,-227.01,-48107.5,0.0,0.0,-28908.54,-34733.0,-26200.0,-227.01,-28908.54,-28681.530000000002,2481.53
182,ARB02052_USD,7038.0,0.0,-144.3,0.0,-78.24000000000001,0.0,0.0,0.0,0.0,-222.54000000000002,0.0,0.0,0.0,4337.87,0.0,0.0,0.0,11153.33,0.0,7038.0,4337.87,11153.33,6815.46,222.54
183,ARB02055_USD,-18897.96,987.5,-796.9499999999999,0.0,-1377.66,0.0,0.0,0.0,0.0,-2174.61,-2019.97,-18447.5,17945.0,5509.2,3886.0,-41965.0,42270.0,-7862.4,6713.470000000001,-11196.989999999998,5509.2,-7862.4,-13371.599999999999,2174.61
184,ARB02076_USD,-115397.85,-4131.25,-6643.05,0.0,-17404.8,0.0,0.0,0.0,0.0,-24047.85,10201.27,-550.0,10160.0,14273.58,-8584.41,0.0,0.0,-147943.55,-28395.68,-147924.78,14273.58,-147943.55,-162217.12999999998,14292.35
185,ARB02102_USD,2146.0,0.0,-313.2,0.0,-1071.28,0.0,0.0,0.0,0.0,-1384.48,5175.0,0.0,0.0,-52128.2,2505.0,0.0,0.0,-54036.68,-2670.0,-524.0,-52128.2,-54036.68,-1908.4800000000032,1384.48
186,ARB02103_USD,50000.0,-87082.5,-3594.0,0.0,-13950.76,0.0,0.0,0.0,0.0,-17544.760000000002,0.0,-148530.0,130810.0,-110269.74,0.0,-35560.0,31040.0,-151697.0,13200.0,-23882.5,-110269.74,-151697.0,-41427.259999999995,17544.76
187,ARB02116_USD,26867.5,0.0,-217.35,0.0,-787.3499999999999,0.0,0.0,0.0,0.0,-1004.6999999999999,-14188.5,0.0,0.0,13695.96,-58602.5,0.0,0.0,-4855.24,-44414.0,-17546.5,13695.96,-4855.24,-18551.199999999997,1004.7
188,ARB02118_USD,-2690.0,0.0,-300.3,0.0,-1121.1200000000001,0.0,0.0,0.0,0.0,-1421.42,-2122.0,0.0,0.0,-56.57,-718.0,0.0,0.0,-2763.99,1404.0,-1286.0,-56.57,-2763.99,-2707.4199999999996,1421.42
189,ARB02121_USD,-111311.06,592.5,-1580.4,0.0,-2110.24,0.0,0.0,0.0,0.0,-3690.64,-85768.2,-4077.5,4931.25,-27868.92,0.0,0.0,0.0,-57363.67,84914.45,-25804.11,-27868.92,-57363.67,-29494.75,3690.64
190,ARB02129_USD,-153300.8,0.0,-1480.65,0.0,-3044.7799999999997,0.0,0.0,0.0,0.0,-4525.43,-91575.4,0.0,0.0,14784.95,38149.9,0.0,0.0,-13315.98,129725.29999999999,-23575.5,14784.95,-13315.98,-28100.93,4525.43
191,ARB02132_USD,-17058.0,0.0,-243.9,0.0,-894.32,0.0,0.0,0.0,0.0,-1138.22,-29205.0,0.0,0.0,-43974.17,-3887.5,0.0,0.0,-36852.89,25317.5,8259.5,-43974.17,-36852.89,7121.279999999999,1138.22
192,ARB02135_USD,-11191.0,0.0,-159.75,0.0,-503.12,0.0,0.0,0.0,0.0,-662.87,-13129.5,0.0,0.0,-22962.71,3291.5,0.0,0.0,-18395.58,16421.0,5230.0,-22962.71,-18395.58,4567.129999999997,662.87
193,ARB02136_USD,1627.5,0.0,-274.8,0.0,-897.5,0.0,0.0,0.0,0.0,-1172.3,-725.0,0.0,0.0,-1768.02,100.0,0.0,0.0,-487.82,825.0,2452.5,-1768.02,-487.82,1280.2,1172.3
194,ARB02147_USD,-125101.0,0.0,-2423.55,0.0,-4526.16,0.0,0.0,0.0,0.0,-6949.71,-58143.5,0.0,0.0,24880.5,89166.5,0.0,0.0,40139.79,147310.0,22209.0,24880.5,40139.79,15259.29,6949.71
195,ARB02149_USD,2439.0,0.0,-115.5,0.0,-426.4,0.0,0.0,0.0,0.0,-541.9,0.0,0.0,0.0,4677.17,-475.0,0.0,0.0,6099.27,-475.0,1964.0,4677.17,6099.27,1422.1000000000004,541.9
196,ARB02152_USD,-26662.5,0.0,-401.4,0.0,-1716.22,0.0,0.0,0.0,0.0,-2117.62,-70087.5,0.0,0.0,17049.82,-9885.0,0.0,0.0,48472.2,60202.5,33540.0,17049.82,48472.2,31422.379999999997,2117.62
197,ARB02154_USD,9487.5,0.0,-144.0,0.0,-497.6,0.0,0.0,0.0,0.0,-641.6,-42967.5,0.0,0.0,34694.62,-60260.0,0.0,0.0,26248.02,-17292.5,-7805.0,34694.62,26248.02,-8446.600000000002,641.6
198,ARB02156_USD,402.5,0.0,-19.5,0.0,-74.08,0.0,0.0,0.0,0.0,-93.58,-130.0,0.0,0.0,1020.35,0.0,0.0,0.0,1459.27,130.0,532.5,1020.35,1459.27,438.91999999999996,93.58
199,ARB02158_USD,3925.0,-34952.5,-534.15,0.0,-846.98,0.0,0.0,0.0,0.0,-1381.13,0.0,-127625.0,139912.5,-2299.73,0.0,-29560.0,32337.5,-44218.36,-9510.0,-40537.5,-2299.73,-44218.36,-41918.63,1381.13
200,ARB02167_USD,-84443.0,0.0,-745.5,0.0,-2252.48,0.0,0.0,0.0,0.0,-2997.98,0.0,0.0,0.0,-208724.13,0.0,0.0,0.0,-296165.11,0.0,-84443.0,-208724.13,-296165.11,-87440.97999999998,2997.98
201,ARB02168_USD,2375.0,0.0,-25.5,0.0,-86.7,0.0,0.0,0.0,0.0,-112.2,1690.0,0.0,0.0,2640.86,-3900.0,0.0,0.0,-686.34,-5590.0,-3215.0,2640.86,-686.34,-3327.2000000000003,112.2
202,ARB02173_USD,2495.0,-54142.5,-957.45,0.0,-2791.46,0.0,0.0,0.0,0.0,-3748.91,-4862.5,-498545.0,470501.25,27735.94,-9987.5,-364336.25,345920.0,-23157.97,4502.5,-47145.0,27735.94,-23157.97,-50893.91,3748.91
203,ARB02176_USD,-195515.0,0.0,-13283.400000000001,0.0,-32876.97,0.0,0.0,0.0,0.0,-46160.37,-6475.0,0.0,0.0,248481.77,62330.0,0.0,0.0,75611.4,68805.0,-126710.0,248481.77,75611.4,-172870.37,46160.37
204,ARB02177_USD,-38664.0,0.0,-1438.5,0.0,-2685.2,0.0,0.0,0.0,0.0,-4123.7,-2150.0,0.0,0.0,-1922.44,38878.0,0.0,0.0,-3682.14,41028.0,2364.0,-1922.44,-3682.14,-1759.6999999999998,4123.7
205,ARB02179_USD,-237886.0,0.0,-2994.9,0.0,-5934.22,0.0,0.0,0.0,0.0,-8929.12,-189120.0,0.0,0.0,5508.38,59372.0,0.0,0.0,7185.26,248492.0,10606.0,5508.38,7185.26,1676.88,8929.12
206,ARB02180_USD,-62809.0,0.0,-1926.6000000000001,0.0,-3596.3199999999997,0.0,0.0,0.0,0.0,-5522.92,13149.5,0.0,0.0,6276.54,60170.5,0.0,0.0,-15034.38,47021.0,-15788.0,6276.54,-15034.38,-21310.92,5522.92
207,ARB02181_USD,-9938.5,0.0,-6297.0,0.0,-11754.4,0.0,0.0,0.0,0.0,-18051.4,-32338.0,0.0,0.0,7228.34,40861.5,0.0,0.0,52437.94,73199.5,63261.0,7228.34,52437.94,45209.600000000006,18051.4
208,ARB02182_USD,-34163.5,0.0,-1621.8,0.0,-3027.36,0.0,0.0,0.0,0.0,-4649.16,-21112.5,0.0,0.0,4581.51,10065.5,0.0,0.0,-3053.15,31178.0,-2985.5,4581.51,-3053.15,-7634.66,4649.16
209,ARB02183_USD,-2869.5,0.0,-3319.8,0.0,-12393.92,0.0,0.0,0.0,0.0,-15713.720000000001,-9675.0,0.0,0.0,13856.02,-2416.0,0.0,0.0,2531.8,7259.0,4389.5,13856.02,2531.8,-11324.220000000001,15713.72
210,ARB02184_USD,24228.0,0.0,-8953.8,0.0,-16713.76,0.0,0.0,0.0,0.0,-25667.559999999998,-9585.5,0.0,0.0,-93060.81,26702.5,0.0,0.0,-58212.37,36288.0,60516.0,-93060.81,-58212.37,34848.439999999995,25667.56
211,ARB02185_USD,-7820.5,0.0,-119.7,0.0,-446.88,0.0,0.0,0.0,0.0,-566.58,10.0,0.0,0.0,676.92,4000.0,0.0,0.0,-3720.16,3990.0,-3830.5,676.92,-3720.16,-4397.08,566.58
212,ARB02187_USD,-1289.5,0.0,-32.699999999999996,0.0,-96.34,0.0,0.0,0.0,0.0,-129.04,-4664.0,0.0,0.0,-12564.59,-7300.0,0.0,0.0,-16619.13,-2636.0,-3925.5,-12564.59,-16619.13,-4054.540000000001,129.04
213,ARB02190_USD,-61505.0,0.0,-154.5,0.0,-288.4,0.0,0.0,0.0,0.0,-442.9,-38428.5,0.0,0.0,-6185.07,10374.0,0.0,0.0,-19330.47,48802.5,-12702.5,-6185.07,-19330.47,-13145.400000000001,442.9
214,ARB02191_USD,-3048.25,0.0,-33.6,0.0,-32.7,0.0,0.0,0.0,0.0,-66.30000000000001,0.0,0.0,0.0,-316.8,0.0,0.0,0.0,-3431.35,0.0,-3048.25,-316.8,-3431.35,-3114.5499999999997,66.3
215,ARB02195_USD,0.0,-291.25,-85.95,0.0,-167.87,0.0,0.0,0.0,0.0,-253.82,0.0,-14943.75,11293.75,-1424.4,0.0,-15275.0,9500.0,-4094.47,-2125.0,-2416.25,-1424.4,-4094.47,-2670.0699999999997,253.82
216,ARB02342_EUR,0.0,0.0,-109.2,0.0,0.0,0.0,0.0,0.0,0.0,-109.2,0.0,0.0,0.0,-51.6,0.0,0.0,0.0,-160.8,0.0,0.0,-51.6,-160.8,-109.20000000000002,109.2
217,ARB02342_GBP,-7120.0,0.0,0.0,-211.12,-80.08,0.0,0.0,0.0,0.0,-291.2,0.0,0.0,0.0,742.4,0.0,0.0,0.0,-6668.8,0.0,-7120.0,742.4,-6668.8,-7411.2,291.2
218,ARB02343_EUR,143190.0,0.0,-645.18,0.0,-511.8,0.0,0.0,0.0,0.0,-1156.98,70810.0,0.0,0.0,-213592.79000000004,-3430.0,0.0,0.0,-145799.77000000002,-74240.0,68950.0,-213592.79000000004,-145799.77000000002,67793.02000000002,1156.98
219,ARB02343_GBP,783050.0,0.0,0.0,-724.3800000000001,-354.02,0.0,0.0,0.0,0.0,-1078.4,-79200.0,0.0,0.0,1432917.02,0.0,0.0,0.0,2294088.62,79200.0,862250.0,1432917.02,2294088.62,861171.6000000001,1078.4
220,ARB02343_USD,-85598.75,0.0,-139.8,-1.55,-1897.68,0.0,0.0,0.0,-76.77,-2115.8,-5888.8,0.0,0.0,2268931.03,57018.35,0.0,0.0,2244123.63,62907.15,-22691.6,2268931.03,2244123.63,-24807.399999999907,2115.8
221,ARB02355_USD,6550.0,0.0,-209.4,-34.92,-1591.44,0.0,0.0,0.0,0.0,-1835.76,-431.0,0.0,0.0,4577.12,0.0,0.0,0.0,9722.36,431.0,6981.0,4577.12,9722.36,5145.240000000001,1835.76
222,ARB02376_EUR,0.0,0.0,-282.9,0.0,0.0,0.0,0.0,0.0,0.0,-282.9,0.0,0.0,0.0,-2061.3,0.0,0.0,0.0,-2344.2,0.0,0.0,-2061.3,-2344.2,-282.89999999999964,282.9
223,ARB02376_GBP,1990.0,0.0,0.0,-546.94,-207.45999999999998,0.0,0.0,0.0,0.0,-754.4000000000001,-30.0,0.0,0.0,7643.2,0.0,0.0,0.0,8908.8,30.0,2020.0,7643.2,8908.8,1265.5999999999995,754.4
224,ARB02402_USD,395.0,0.0,-25.05,0.0,-350.7,0.0,0.0,0.0,0.0,-375.75,20.0,0.0,0.0,-9102.25,0.0,0.0,0.0,-9103.0,-20.0,375.0,-9102.25,-9103.0,-0.75,375.75
225,ARB02416_EUR,0.0,0.0,-14.700000000000001,0.0,0.0,0.0,0.0,0.0,0.0,-14.700000000000001,0.0,0.0,0.0,-38.7,0.0,0.0,0.0,-53.4,0.0,0.0,-38.7,-53.4,-14.699999999999996,14.7
226,ARB02416_GBP,25910.0,0.0,0.0,-53.900000000000006,-22.7,0.0,0.0,0.0,0.0,-76.60000000000001,-114190.0,0.0,0.0,-2731.64,-139530.0,0.0,0.0,-2238.24,-25340.0,570.0,-2731.64,-2238.24,493.4000000000001,76.6
227,ARB02416_USD,24426.0,0.0,-861.9,-3249.6,-2209.48,0.0,0.0,0.0,0.0,-6320.98,6388.2,0.0,0.0,3540.56,18725.4,0.0,0.0,33982.78,12337.2,36763.2,3540.56,33982.78,30442.219999999998,6320.98
228,ARB02418_EUR,0.0,0.0,-178.95,0.0,0.0,0.0,0.0,0.0,0.0,-178.95,0.0,0.0,0.0,-369.15,0.0,0.0,0.0,-548.1,0.0,0.0,-369.15,-548.1,-178.95000000000005,178.95
229,ARB02418_GBP,1710.0,0.0,0.0,-656.1500000000001,-281.39,0.0,0.0,0.0,0.0,-937.5400000000001,-2020.0,0.0,0.0,-4299.36,150.0,0.0,0.0,-1356.9,2170.0,3880.0,-4299.36,-1356.9,2942.4599999999996,937.54
230,ARB02418_USD,42526.2,0.0,-1878.0,-1254.0,-22488.2,0.0,0.0,0.0,0.0,-25620.2,-7504.2,0.0,0.0,-8946.02,-10140.6,0.0,0.0,5323.58,-2636.4000000000005,39889.799999999996,-8946.02,5323.58,14269.6,25620.2
231,ARB02421_EUR,-17350.0,0.0,-1466.4,-476.16,-119.04,0.0,0.0,0.0,0.0,-2061.6000000000004,-20006.25,0.0,0.0,83.5,12.5,0.0,0.0,690.65,20018.75,2668.75,83.5,690.65,607.15,2061.6
232,ARB02421_GBP,1562.5,0.0,0.0,-2118.0,-754.3199999999999,0.0,0.0,0.0,0.0,-2872.3199999999997,-250.0,0.0,0.0,-343.0,-75.0,0.0,0.0,-1477.82,175.0,1737.5,-343.0,-1477.82,-1134.82,2872.32
233,ARB02421_USD,-1790.0,0.0,-156.9,-26.09,-1192.44,0.0,0.0,0.0,0.0,-1375.43,-539.7,0.0,0.0,4901.33,0.0,0.0,0.0,2275.6,539.7,-1250.3,4901.33,2275.6,-2625.73,1375.43
234,ARB02429_CAD,1884.0,0.0,0.0,0.0,0.0,0.0,0.0,0.0,0.0,0.0,774.0,0.0,0.0,2504.0,0.0,0.0,0.0,3614.0,-774.0,1110.0,2504.0,3614.0,1110.0,0.0
235,ARB02429_EUR,0.0,0.0,-5.4,0.0,0.0,0.0,0.0,0.0,0.0,-5.4,0.0,0.0,0.0,-76.5,0.0,0.0,0.0,-81.9,0.0,0.0,-76.5,-81.9,-5.400000000000006,5.4
236,ARB02429_GBP,13600.0,0.0,0.0,-19.8,-8.64,0.0,0.0,0.0,0.0,-28.44,11590.0,0.0,0.0,-16532.9,4180.0,0.0,0.0,-10371.34,-7410.0,6190.0,-16532.9,-10371.34,6161.560000000001,28.44
237,ARB02429_USD,365.7999999999993,0.0,-252.0,-496.8,-1826.04,0.0,0.0,0.0,0.0,-2574.84,46048.05,0.0,0.0,-1976.41,82627.45,0.0,0.0,32393.95,36579.399999999994,36945.2,-1976.41,32393.95,34370.36,2574.84
238,ARB02432_CAD,40712.0,0.0,0.0,0.0,0.0,0.0,0.0,0.0,0.0,0.0,2184.0,0.0,0.0,22904.0,-68.0,0.0,0.0,61364.0,-2252.0,38460.0,22904.0,61364.0,38460.0,0.0
239,ARB02432_USD,65.0,0.0,-81.6,0.0,-512.4,0.0,0.0,0.0,0.0,-594.0,0.0,0.0,0.0,-649.3,0.0,0.0,0.0,-1178.3,0.0,65.0,-649.3,-1178.3,-529.0,594.0
240,ARB02435_CAD,14920.0,0.0,0.0,0.0,0.0,0.0,0.0,0.0,0.0,0.0,626.0,0.0,0.0,8244.0,-80.0,0.0,0.0,22458.0,-706.0,14214.0,8244.0,22458.0,14214.0,0.0
241,ARB02435_USD,-135.0,0.0,-72.89999999999999,0.0,-443.09999999999997,0.0,0.0,0.0,0.0,-516.0,0.0,0.0,0.0,-1031.5,0.0,0.0,0.0,-1682.5,0.0,-135.0,-1031.5,-1682.5,-651.0,516.0
242,ARB02436_EUR,0.0,0.0,-421.2,0.0,0.0,0.0,0.0,0.0,0.0,-421.2,0.0,0.0,0.0,-777.3,0.0,0.0,0.0,-1198.5,0.0,0.0,-777.3,-1198.5,-421.20000000000005,421.2
243,ARB02436_GBP,5330.0,0.0,0.0,-1544.4,-661.4200000000001,0.0,0.0,0.0,0.0,-2205.82,80.0,0.0,0.0,-3102.52,-170.0,0.0,0.0,-228.34,-250.0,5080.0,-3102.52,-228.34,2874.18,2205.82
244,ARB02436_USD,12814.849999999999,0.0,-795.15,0.0,-11132.1,0.0,0.0,0.0,0.0,-11927.25,-544.9,0.0,0.0,16872.55,-183.8,0.0,0.0,18121.25,361.09999999999997,13175.949999999999,16872.55,18121.25,1248.7000000000007,11927.25
245,ARB02445_USD,80250.0,0.0,-751.35,0.0,-10518.9,0.0,0.0,0.0,0.0,-11270.25,2150.0,0.0,0.0,-114698.8,-38205.0,0.0,0.0,-86074.05,-40355.0,39895.0,-114698.8,-86074.05,28624.75,11270.25
246,ARB02447_CAD,13018.0,0.0,0.0,0.0,0.0,0.0,0.0,0.0,0.0,0.0,2832.0,0.0,0.0,1004.0,-15860.0,0.0,0.0,-4670.0,-18692.0,-5674.0,1004.0,-4670.0,-5674.0,0.0
247,ARB02447_USD,1340.0,0.0,-271.20000000000005,-321.6,-1231.28,0.0,0.0,0.0,0.0,-1824.08,0.0,0.0,0.0,-5337.0,0.0,0.0,0.0,-5821.08,0.0,1340.0,-5337.0,-5821.08,-484.0799999999999,1824.08
248,ARB02449_EUR,0.0,0.0,-39.9,0.0,0.0,0.0,0.0,0.0,0.0,-39.9,0.0,0.0,0.0,-194.1,0.0,0.0,0.0,-234.0,0.0,0.0,-194.1,-234.0,-39.900000000000006,39.9
249,ARB02449_GBP,510.0,0.0,0.0,-146.3,-61.36,0.0,0.0,0.0,0.0,-207.66000000000003,-220.0,0.0,0.0,2228.58,0.0,0.0,0.0,2750.92,220.0,730.0,2228.58,2750.92,522.3400000000001,207.66
250,ARB02449_USD,12667.5,0.0,-604.2,-782.4,-6085.5199999999995,0.0,0.0,0.0,0.0,-7472.119999999999,-324.8,0.0,0.0,9167.98,-67.2,0.0,0.0,14620.96,257.6,12925.1,9167.98,14620.96,5452.98,7472.12
251,ARB02452_CAD,10.0,0.0,0.0,0.0,0.0,0.0,0.0,0.0,0.0,0.0,2.0,0.0,0.0,74.0,0.0,0.0,0.0,82.0,-2.0,8.0,74.0,82.0,8.0,0.0
252,ARB02452_EUR,0.0,0.0,-2.1,0.0,0.0,0.0,0.0,0.0,0.0,-2.1,0.0,0.0,0.0,-4.8,0.0,0.0,0.0,-6.9,0.0,0.0,-4.8,-6.9,-2.1000000000000005,2.1
253,ARB02452_GBP,0.0,0.0,0.0,-7.7,-3.22,0.0,0.0,0.0,0.0,-10.92,0.0,0.0,0.0,-24.96,0.0,0.0,0.0,-35.88,0.0,0.0,-24.96,-35.88,-10.920000000000002,10.92
254,ARB02452_USD,48262.5,0.0,-337.20000000000005,-1334.4,-665.62,0.0,0.0,0.0,0.0,-2337.2200000000003,53.75,0.0,0.0,-4550.5,-1131.25,0.0,0.0,40189.78,-1185.0,47077.5,-4550.5,40189.78,44740.28,2337.22
255,ARB02454_EUR,0.0,0.0,-30.6,0.0,0.0,0.0,0.0,0.0,0.0,-30.6,0.0,0.0,0.0,-60.9,0.0,0.0,0.0,-91.5,0.0,0.0,-60.9,-91.5,-30.6,30.6
256,ARB02454_GBP,6080.0,0.0,0.0,-112.2,-47.760000000000005,0.0,0.0,0.0,0.0,-159.96,-90.0,0.0,0.0,1692.54,-5270.0,0.0,0.0,2432.58,-5180.0,900.0,1692.54,2432.58,740.04,159.96
257,ARB02454_USD,15777.4,0.0,-99.14999999999999,0.0,-1388.1000000000001,0.0,0.0,0.0,0.0,-1487.2500000000002,10444.4,0.0,0.0,1762.15,1286.0,0.0,0.0,6893.9,-9158.4,6619.0,1762.15,6893.9,5131.75,1487.25
258,ARB02456_EUR,0.0,0.0,-27.900000000000002,0.0,0.0,0.0,0.0,0.0,0.0,-27.900000000000002,0.0,0.0,0.0,-72.15,0.0,0.0,0.0,-100.05,0.0,0.0,-72.15,-100.05,-27.89999999999999,27.9
259,ARB02456_GBP,490.0,0.0,0.0,-102.3,-42.86,0.0,0.0,0.0,0.0,-145.16,0.0,0.0,0.0,-575.98,0.0,0.0,0.0,-231.14,0.0,490.0,-575.98,-231.14,344.84000000000003,145.16
260,ARB02456_USD,-1439.6000000000004,0.0,-103.35,-100.19999999999999,-1142.96,0.0,0.0,0.0,0.0,-1346.51,-12430.0,0.0,0.0,15989.98,-2729.0,0.0,0.0,22904.87,9701.0,8261.4,15989.98,22904.87,6914.889999999999,1346.51
261,ARB02458_USD,15110.0,0.0,-187.2,-31.18,-1422.72,0.0,0.0,0.0,0.0,-1641.1,3156.0,0.0,0.0,7467.32,-275.0,0.0,0.0,17505.22,-3431.0,11679.0,7467.32,17505.22,10037.900000000001,1641.1
262,ARB02463_USD,10680.0,0.0,-49.2,0.0,-688.8,0.0,0.0,0.0,0.0,-738.0,1335.0,0.0,0.0,2642.8,-108.0,0.0,0.0,11141.8,-1443.0,9237.0,2642.8,11141.8,8499.0,738.0
263,ARB02473_EUR,-1550.0,0.0,-94.65,0.0,0.0,0.0,0.0,0.0,0.0,-94.65,12.5,0.0,0.0,1651.05,-25.0,0.0,0.0,-31.1,-37.5,-1587.5,1651.05,-31.1,-1682.1499999999999,94.65
264,ARB02473_GBP,-1375.0,0.0,0.0,-190.88,-59.72,0.0,0.0,0.0,0.0,-250.6,50.0,0.0,0.0,139.78,662.5,0.0,0.0,-873.32,612.5,-762.5,139.78,-873.32,-1013.1,250.6
265,ARB02473_USD,30660.0,0.0,-791.1,-3164.4,-1476.72,0.0,0.0,0.0,0.0,-5432.22,0.0,0.0,0.0,350.86,-11980.0,0.0,0.0,13598.64,-11980.0,18680.0,350.86,13598.64,13247.779999999999,5432.22
266,ARB02476_EUR,159837.5,0.0,-4541.4,0.0,0.0,0.0,0.0,0.0,0.0,-4541.4,0.0,0.0,0.0,14344.2,-74112.5,0.0,0.0,95527.8,-74112.5,85725.0,14344.2,95527.8,81183.6,4541.4
267,ARB02476_GBP,-437.5,0.0,0.0,-9838.560000000001,-2962.56,0.0,0.0,0.0,0.0,-12801.12,0.0,0.0,0.0,-15535.91,7362.5,0.0,0.0,-21412.03,7362.5,6925.0,-15535.91,-21412.03,-5876.119999999999,12801.12
268,ARB02476_USD,1374390.0,0.0,-12795.0,-51180.0,-23884.0,0.0,0.0,0.0,0.0,-87859.0,0.0,0.0,0.0,-28037.14,-78430.0,0.0,0.0,1180063.86,-78430.0,1295960.0,-28037.14,1180063.86,1208101.0,87859.0
269,ARB02477_CAD,1642.0,0.0,0.0,0.0,0.0,0.0,0.0,0.0,0.0,0.0,844.0,0.0,0.0,488.0,812.0,0.0,0.0,2098.0,-32.0,1610.0,488.0,2098.0,1610.0,0.0
270,ARB02477_USD,14830.0,0.0,-205.5,-679.2,-519.26,0.0,0.0,0.0,0.0,-1403.96,0.0,0.0,0.0,-1012.0,0.0,0.0,0.0,12414.04,0.0,14830.0,-1012.0,12414.04,13426.04,1403.96
271,ARB02479_CAD,4316.0,0.0,0.0,0.0,0.0,0.0,0.0,0.0,0.0,0.0,-1702.0,0.0,0.0,-5722.0,-2760.0,0.0,0.0,-2464.0,-1058.0,3258.0,-5722.0,-2464.0,3258.0,0.0
272,ARB02479_USD,1495.6,0.0,-544.2,-180.0,-5047.8,0.0,0.0,0.0,0.0,-5772.0,3852.8,0.0,0.0,-2563.9,4459.6,0.0,0.0,-6233.5,606.8000000000002,2102.4,-2563.9,-6233.5,-3669.6,5772.0
273,ARB02480_CAD,15286.0,0.0,0.0,0.0,0.0,0.0,0.0,0.0,0.0,0.0,8818.0,0.0,0.0,12430.0,12062.0,0.0,0.0,30960.0,3244.0,18530.0,12430.0,30960.0,18530.0,0.0
274,ARB02480_USD,3320.0,0.0,-323.7,-340.8,-1510.54,0.0,0.0,0.0,0.0,-2175.04,0.0,0.0,0.0,-3359.0,-4320.0,0.0,0.0,-6534.04,-4320.0,-1000.0,-3359.0,-6534.04,-3175.04,2175.04
275,ARB02481_CAD,33520.0,0.0,0.0,0.0,0.0,0.0,0.0,0.0,0.0,0.0,18072.0,0.0,0.0,12648.0,10510.0,0.0,0.0,38606.0,-7562.0,25958.0,12648.0,38606.0,25958.0,0.0
276,ARB02481_USD,7250.0,0.0,-1114.2,-1238.3999999999999,-5137.32,0.0,0.0,0.0,0.0,-7489.92,0.0,0.0,0.0,-9842.0,0.0,0.0,0.0,-10081.92,0.0,7250.0,-9842.0,-10081.92,-239.92000000000007,7489.92
277,ARB02482_CAD,1886.0,0.0,0.0,0.0,0.0,0.0,0.0,0.0,0.0,0.0,722.0,0.0,0.0,2752.0,0.0,0.0,0.0,3916.0,-722.0,1164.0,2752.0,3916.0,1164.0,0.0
278,ARB02482_USD,0.0,0.0,-106.8,0.0,-605.2,0.0,0.0,0.0,0.0,-712.0,0.0,0.0,0.0,-5286.0,0.0,0.0,0.0,-5998.0,0.0,0.0,-5286.0,-5998.0,-712.0,712.0
279,ARB02483_CAD,37178.0,0.0,0.0,0.0,0.0,0.0,0.0,0.0,0.0,0.0,1308.0,0.0,0.0,3820.0,-8970.0,0.0,0.0,30720.0,-10278.0,26900.0,3820.0,30720.0,26900.0,0.0
280,ARB02483_USD,6910.0,0.0,-1215.6,-1111.2,-5832.76,0.0,0.0,0.0,0.0,-8159.56,0.0,0.0,0.0,-2886.0,0.0,0.0,0.0,-4135.56,0.0,6910.0,-2886.0,-4135.56,-1249.5600000000004,8159.56
281,ARB02484_CAD,77488.0,0.0,0.0,0.0,0.0,0.0,0.0,0.0,0.0,0.0,0.0,0.0,0.0,-2816.0,0.0,0.0,0.0,74672.0,0.0,77488.0,-2816.0,74672.0,77488.0,0.0
282,ARB02484_USD,38430.0,0.0,-3307.8,-6746.4,-12372.619999999999,0.0,0.0,0.0,0.0,-22426.82,-10.0,0.0,0.0,-17647.5,160.0,0.0,0.0,-1474.32,170.0,38600.0,-17647.5,-1474.32,16173.18,22426.82
283,ARB02485_EUR,0.0,0.0,-255.14999999999998,0.0,0.0,0.0,0.0,0.0,0.0,-255.14999999999998,0.0,0.0,0.0,-628.8,0.0,0.0,0.0,-883.95,0.0,0.0,-628.8,-883.95,-255.1500000000001,255.15
284,ARB02485_GBP,1200.0,0.0,0.0,-935.55,-395.65,0.0,0.0,0.0,0.0,-1331.1999999999998,-3350.0,0.0,0.0,23623.4,-2360.0,0.0,0.0,24482.2,990.0,2190.0,23623.4,24482.2,858.7999999999993,1331.2
285,ARB02485_USD,125967.85,0.0,-2248.6499999999996,-5493.599999999999,-14817.18,0.0,0.0,0.0,0.0,-22559.43,-5399.4,0.0,0.0,-24465.87,-9509.3,0.0,0.0,74832.65,-4109.9,121857.95000000001,-24465.87,74832.65,99298.51999999999,22559.43
286,ARB02491_EUR,0.0,0.0,-28.2,0.0,0.0,0.0,0.0,0.0,0.0,-28.2,0.0,0.0,0.0,-37.5,0.0,0.0,0.0,-65.7,0.0,0.0,-37.5,-65.7,-28.200000000000003,28.2
287,ARB02491_GBP,2560.0,0.0,0.0,-103.4,-45.12,0.0,0.0,0.0,0.0,-148.52,720.0,0.0,0.0,-2047.38,50.0,0.0,0.0,-305.9,-670.0,1890.0,-2047.38,-305.9,1741.48,148.52
288,ARB02491_USD,4974.8,0.0,-11.700000000000001,0.0,-163.79999999999998,0.0,0.0,0.0,0.0,-175.49999999999997,3590.0,0.0,0.0,4275.95,0.0,0.0,0.0,5485.25,-3590.0,1384.8000000000002,4275.95,5485.25,1209.3000000000002,175.5
289,ARB03003_USD,-173150.0,0.0,-1169.4,0.0,-1481.24,0.0,0.0,0.0,0.0,-2650.6400000000003,-148125.0,-5312.5,6718.75,42951.88,0.0,0.0,0.0,13869.99,146718.75,-26431.25,42951.88,13869.99,-29081.89,2650.64
290,ARB03022_USD,-292012.5,196387.5,-8298.15,0.0,-12298.25,-25.0,0.0,0.0,0.0,-20621.4,244831.25,-2036400.0,1492950.0,51003.68,-96112.5,-3505043.75,3466068.75,98288.53,163531.25,67906.25,51003.68,98288.53,47284.85,20621.4
291,ARB03032_USD,9121.0,0.0,-4515.3,0.0,-5719.18,0.0,0.0,0.0,0.0,-10234.48,132668.75,0.0,0.0,6702.08,-64837.5,0.0,0.0,-191917.65,-197506.25,-188385.25,6702.08,-191917.65,-198619.72999999998,10234.48
292,ARB03033_USD,14600.0,-19652.5,-703.65,0.0,-1587.8600000000001,0.0,0.0,0.0,0.0,-2291.51,2695.0,0.0,0.0,19731.94,0.0,-700.0,850.0,9842.93,-2545.0,-7597.5,19731.94,9842.93,-9889.009999999998,2291.51
293,ARB03034_USD,-27075.0,0.0,-0.75,0.0,-1.4500000000000002,0.0,0.0,0.0,0.0,-2.2,-16025.0,0.0,0.0,-25315.4,-14446.0,0.0,0.0,-50813.6,1579.0,-25496.0,-25315.4,-50813.6,-25498.199999999997,2.2
294,ARB03035_USD,-55627.01000000001,21150.0,-13.5,0.0,-66.36,0.0,0.0,0.0,0.0,-79.86,-68305.79,-9400.0,20700.0,-55147.43,4119.5,-29775.0,31100.0,-27254.01,62450.28999999999,27973.279999999984,-55147.43,-27254.01,27893.420000000002,79.86
295,ARB03037_USD,-46324.08,0.0,-381.45,0.0,-1406.6100000000001,0.0,0.0,0.0,0.0,-1788.0600000000002,11172.28,0.0,0.0,38311.88,-871.72,0.0,0.0,-21844.26,-12044.0,-58368.08,38311.88,-21844.26,-60156.14,1788.06
296,ARB03038_USD,-27723.67,0.0,-145.8,0.0,-330.48,0.0,0.0,0.0,0.0,-476.28000000000003,-52376.25,0.0,0.0,-31230.44,30257.55,0.0,0.0,23203.41,82633.8,54910.130000000005,-31230.44,23203.41,54433.85,476.28
297,ARB03041_USD,0.0,0.0,-3.3,0.0,-12.32,0.0,-11.0,-0.33,0.0,-26.95,0.0,0.0,0.0,-20303.18,-1145.01,0.0,0.0,-21475.14,-1145.01,-1145.01,-20303.18,-21475.14,-1171.9599999999991,26.95
298,ARB03042_USD,0.0,-645.0,-0.9,0.0,-3.66,0.0,-3.0,-0.09,0.0,-7.65,0.0,0.0,0.0,3551.8,0.0,-135.0,585.0,3341.15,450.0,-195.0,3551.8,3341.15,-210.6500000000001,15.65
299,ARB03043_USD,1100.9400000000003,2118.75,-7.2,0.0,-27.18,0.0,-24.0,-0.73,0.0,-59.11,0.0,0.0,0.0,-2056.31,0.0,-1050.0,0.0,54.27,-1050.0,2169.6900000000005,-2056.31,54.27,2110.58,59.11
300,ARB03044_USD,-20537.23,0.0,-32.25,0.0,-96.60000000000001,0.0,-107.5,-3.19,0.0,-239.54000000000002,524.78,0.0,0.0,2935.3,0.0,0.0,0.0,-18366.25,-524.78,-21062.01,2935.3,-18366.25,-21301.55,239.54
301,ARB03046_USD,22054.54,0.0,-24.3,0.0,-90.72,0.0,-81.0,-2.41,0.0,-198.42999999999998,4987.5,0.0,0.0,28326.9,4140.52,0.0,0.0,49336.03,-846.9799999999996,21207.56,28326.9,49336.03,21009.129999999997,198.43
302,ARB03052_USD,-7668.810000000001,0.0,-472.65,0.0,-607.57,0.0,0.0,0.0,0.0,-1080.22,7168.3,0.0,0.0,-341555.31,6831.0,0.0,0.0,-350641.64,-337.3000000000002,-8006.1100000000015,-341555.31,-350641.64,-9086.330000000016,1080.22
303,ARB03057_USD,-2671.94,0.0,-48.0,0.0,-85.47999999999999,0.0,0.0,0.0,0.0,-133.48,0.0,0.0,0.0,-3286.19,0.0,0.0,0.0,-6091.61,0.0,-2671.94,-3286.19,-6091.61,-2805.4199999999996,133.48
304,ARB03060_USD,-838852.5,0.0,-8573.85,0.0,-11241.84,0.0,0.0,0.0,0.0,-19815.690000000002,-475077.5,0.0,0.0,-271020.29,-13543.75,0.0,0.0,22487.56,461533.75,-377318.75,-271020.29,22487.56,293507.85,-670826.6
305,ARB03062_USD,51725.0,0.0,-736.2,0.0,-1766.2999999999997,0.0,0.0,0.0,0.0,-2502.5,13472.5,0.0,0.0,188309.39,4080.0,0.0,0.0,228139.39,-9392.5,42332.5,188309.39,228139.39,39830.0,2502.5
306,ARB03064_USD,-17251.5,0.0,-96.6,0.0,-170.21,0.0,0.0,0.0,0.0,-266.81,0.0,0.0,0.0,-34264.99,-950.0,0.0,0.0,-52733.3,-950.0,-18201.5,-34264.99,-52733.3,-18468.310000000005,266.81
307,ARB03065_USD,572811.6299999952,356550.0,-38936.85,0.0,-50637.200000000004,0.0,0.0,0.0,0.0,-89574.05,2077111.52,-2690850.0,3531237.5,1254534.94,0.0,0.0,0.0,-823176.5,-2917499.02,-1988137.3900000048,1254534.94,-823176.5,-2077711.44,89574.05
308,ARB03072_USD,-2787.5,54030.0,-4984.95,0.0,-11822.36,0.0,0.0,0.0,0.0,-16807.31,0.0,-233850.0,216562.5,11236.92,-24462.5,-14412.5,14675.0,38759.61,-6912.5,44330.0,11236.92,38759.61,27522.690000000002,16807.31
309,ARB03073_USD,0.0,167025.05,-14290.8,0.0,-34297.92,0.0,0.0,0.0,0.0,-48588.72,0.0,-355637.5,344927.5,92515.3,0.0,-47118.5,40423.0,122450.83,4014.5,171039.55,92515.3,122450.83,29935.53,141104.02
310,ARB03074_USD,1458.0,0.0,-14.1,0.0,-59.76,0.0,0.0,0.0,0.0,-73.86,0.0,0.0,0.0,-3710.26,329.4,0.0,0.0,1713.54,329.4,1787.4,-3710.26,1713.54,5423.8,-3636.4
311,ARB03078_USD,31150.0,0.0,-202.5,0.0,-951.3999999999999,0.0,0.0,0.0,0.0,-1153.8999999999999,-400.0,0.0,0.0,112352.5,0.0,0.0,0.0,142748.6,400.0,31550.0,112352.5,142748.6,30396.100000000006,1153.9
312,ARB03079_USD,-543677.2,0.0,-4489.200000000001,0.0,-20949.6,0.0,0.0,0.0,0.0,-25438.8,-79520.0,0.0,0.0,188466.25,25242.0,0.0,0.0,-275887.75,104762.0,-438915.19999999995,188466.25,-275887.75,-464354.0,25438.8
313,ARB03080_USD,-63620.0,0.0,-364.2,0.0,-1238.28,0.0,0.0,0.0,0.0,-1602.48,-7210.0,0.0,0.0,61335.12,88400.0,0.0,0.0,91722.64,95610.0,31990.0,61335.12,91722.64,30387.519999999997,1602.48
314,ARB03084_JPY,2935000.0,0.0,0.0,0.0,0.0,0.0,0.0,0.0,0.0,0.0,0.0,0.0,0.0,5962500.0,0.0,0.0,0.0,147500.0,0.0,2935000.0,5962500.0,147500.0,-5815000.0,8750000.0
315,ARB03084_USD,-8416.98999999836,0.0,-668.7,0.0,-1756.51,0.0,0.0,0.0,0.0,-2425.21,513.68,0.0,0.0,-39196.23,-291.76,0.0,0.0,4173.63,-805.4399999999999,-9222.429999998361,-39196.23,4173.63,43369.86,-52592.29
316,ARB03088_USD,4688.5,0.0,-50.1,0.0,-135.72,0.0,0.0,0.0,0.0,-185.82,0.0,0.0,0.0,-6535.76,76.0,0.0,0.0,-1957.08,76.0,4764.5,-6535.76,-1957.08,4578.68,185.82
317,ARB03090_USD,501.0,0.0,-170.4,0.0,-297.32,0.0,0.0,0.0,0.0,-467.72,0.0,0.0,0.0,22670.48,0.0,0.0,0.0,22703.76,0.0,501.0,22670.48,22703.76,33.279999999998836,467.72
318,ARB03093_USD,-2142.5,0.0,-22.799999999999997,0.0,-22.240000000000002,0.0,0.0,0.0,0.0,-45.04,0.0,0.0,0.0,789.3,0.0,0.0,0.0,-1398.24,0.0,-2142.5,789.3,-1398.24,-2187.54,45.04
319,ARB03096_USD,1980.5,0.0,-13.2,0.0,-18.08,0.0,0.0,0.0,0.0,-31.279999999999998,0.0,0.0,0.0,10950.54,1060.0,0.0,0.0,13959.76,1060.0,3040.5,10950.54,13959.76,3009.2199999999993,31.28
320,ARB03100_USD,-3095.5,0.0,-122.1,0.0,-455.84000000000003,0.0,0.0,0.0,0.0,-577.94,0.0,0.0,0.0,-74.5,0.0,0.0,0.0,-3747.94,0.0,-3095.5,-74.5,-3747.94,-3673.44,577.94
321,ARB03102_USD,33330.75,15340.0,-180.3,0.0,-459.21,0.0,0.0,0.0,0.0,-639.51,-13535.0,0.0,87.5,-41.65,-17432.5,0.0,230.0,44234.59,-3755.0,44915.75,-41.65,44234.59,44276.24,639.51
322,ARB03103_USD,4425.649999999994,0.0,-1860.0,0.0,-6978.24,0.0,0.0,0.0,0.0,-8838.24,-9790.0,0.0,0.0,26972.82,-25085.0,0.0,0.0,7265.23,-15295.0,-10869.350000000006,26972.82,7265.23,-19707.59,8838.24
323,ARB03104_USD,47832.5,4690.0,-1512.6,0.0,-3563.44,0.0,0.0,0.0,0.0,-5076.04,-14721.5,-225.0,915.0,10225.94,-55226.0,0.0,0.0,16477.9,-41194.5,11328.0,10225.94,16477.9,6251.960000000001,5076.04
324,ARB03105_USD,260477.83,23310.0,-2527.9500000000003,0.0,-9087.51,0.0,0.0,0.0,0.0,-11615.460000000001,-87894.25,0.0,7840.0,-164752.79,-346002.45,0.0,0.0,-158528.62,-265948.2,17839.629999999946,-164752.79,-158528.62,6224.170000000013,11615.46
325,ARB03106_USD,-902987.38,7500.0,-2161.95,0.0,-6131.64,0.0,0.0,0.0,0.0,-8293.59,-973371.07,0.0,7560.0,1258.47,-145441.4,0.0,0.0,-82152.83,820369.6699999999,-75117.71000000008,1258.47,-82152.83,-83411.3,8293.59
326,ARB03107_USD,35105.5,73847.5,-4484.1,0.0,-15192.81,0.0,0.0,0.0,0.0,-19676.91,0.0,0.0,0.0,241334.74,0.0,0.0,0.0,330610.83,0.0,108953.0,241334.74,330610.83,89276.09000000003,19676.91
327,ARB03108_USD,-618776.25,135192.5,-6771.9,0.0,-22554.41,0.0,0.0,0.0,0.0,-29326.309999999998,-994250.8,0.0,219287.5,221128.51,-326409.0,0.0,265225.0,421997.75,713779.3,230195.55000000005,221128.51,421997.75,200869.24,29326.31
328,ARB03109_USD,103846.75,-25945.0,-1610.1,0.0,-3140.56,0.0,0.0,0.0,0.0,-4750.66,-2001.75,-5000.0,18750.0,4801.47,-10079.5,-5250.0,34520.0,85394.81,7442.25,85344.0,4801.47,85394.81,80593.34,4750.66
329,ARB03110_USD,-140579.5,0.0,-303.9,0.0,-1329.2800000000002,0.0,0.0,0.0,0.0,-1633.1800000000003,-164030.0,0.0,0.0,-15432.34,-12310.0,0.0,0.0,-5925.02,151720.0,11140.5,-15432.34,-5925.02,9507.32,1633.18
330,ARB03112_USD,-24583.9,0.0,-187.05,0.0,-669.63,0.0,0.0,0.0,0.0,-856.6800000000001,-20420.0,0.0,0.0,-24154.5,1515.0,0.0,0.0,-27660.08,21935.0,-2648.9000000000015,-24154.5,-27660.08,-3505.5800000000017,856.68
331,ARB03113_USD,-4070.879999998957,0.0,-284.54999999999995,0.0,-507.19000000000005,0.0,0.0,0.0,0.0,-791.74,-4916.67,0.0,0.0,-2204.74,854.24,0.0,0.0,-1296.45,5770.91,1700.030000001043,-2204.74,-1296.45,908.2899999999997,791.74
332,ARB03115_USD,110001.0,0.0,-719.1,0.0,-2799.44,0.0,0.0,0.0,0.0,-3518.54,136532.5,0.0,0.0,-8328.45,12392.5,0.0,0.0,-25985.99,-124140.0,-14139.0,-8328.45,-25985.99,-17657.54,3518.54
333,ARB03116_USD,1740.0,0.0,-145.65,0.0,-271.88,0.0,0.0,0.0,0.0,-417.53,-29202.5,0.0,0.0,629.49,-17685.0,0.0,0.0,13469.46,11517.5,13257.5,629.49,13469.46,12839.97,417.53
334,ARB03122_USD,-52216.3,-4550.0,-931.5,0.0,-4083.8700000000003,0.0,0.0,0.0,0.0,-5015.370000000001,-54234.2,0.0,0.0,-29914.92,-4863.0,-7210.0,3840.0,-45695.39,46001.2,-10765.100000000006,-29914.92,-45695.39,-15780.470000000001,5015.37
335,ARB03125_USD,10650.0,0.0,-20.1,0.0,-68.34,0.0,0.0,0.0,0.0,-88.44,-8060.0,0.0,0.0,5473.24,-24750.0,0.0,0.0,-655.2,-16690.0,-6040.0,5473.24,-655.2,-6128.44,88.44
336,ARB03126_USD,0.0,1980.0,-1.05,0.0,-5.6,0.0,0.0,0.0,0.0,-6.6499999999999995,0.0,0.0,1960.0,-6814.25,0.0,0.0,0.0,-6800.9,-1960.0,20.0,-6814.25,-6800.9,13.350000000000364,6.65
337,ARB03133_USD,-106612.8,0.0,-1908.1499999999999,0.0,-5279.99,0.0,0.0,0.0,0.0,-7188.139999999999,-365612.0,0.0,0.0,71014.33,-271298.7,0.0,0.0,51526.69,94313.29999999999,-12299.500000000015,71014.33,51526.69,-19487.64,7188.14
338,ARB03134_USD,-24095.0,0.0,-80.1,0.0,-279.31,0.0,0.0,0.0,0.0,-359.40999999999997,-28477.5,0.0,0.0,2777.7,-2095.0,0.0,0.0,4705.79,26382.5,2287.5,2777.7,4705.79,1928.0900000000001,359.41
339,ARB03136_USD,-3060.0,0.0,-22.200000000000003,0.0,-104.68,0.0,0.0,0.0,0.0,-126.88000000000001,-5880.0,0.0,0.0,-1874.28,-6370.0,0.0,0.0,-5551.16,-490.0,-3550.0,-1874.28,-5551.16,-3676.88,126.88
340,ARB03139_USD,-250593.90000000002,67128.5,-418.05,0.0,-1043.76,0.0,0.0,0.0,0.0,-1461.81,-131171.0,0.0,211175.0,-213488.45,-178412.5,0.0,238522.0,-418310.16,-19894.5,-203359.90000000002,-213488.45,-418310.16,-204821.70999999996,1461.81
341,ARB03141_USD,38170.509999999995,0.0,-2981.7,0.0,-4482.32,0.0,0.0,0.0,0.0,-7464.0199999999995,1312.62,0.0,0.0,-4364.9,0.0,0.0,0.0,25028.97,-1312.62,36857.88999999999,-4364.9,25028.97,29393.870000000003,7464.02
342,ARB03142_USD,15636.7,0.0,-344.7,0.0,-1699.22,0.0,0.0,0.0,0.0,-2043.92,18586.0,0.0,0.0,-11289.02,320.0,0.0,0.0,-15962.24,-18266.0,-2629.2999999999993,-11289.02,-15962.24,-4673.219999999999,2043.92
343,ARB03143_USD,81688.1,0.0,-619.5,0.0,-2839.84,0.0,0.0,0.0,0.0,-3459.34,34770.9,0.0,0.0,-25847.57,-37863.7,0.0,0.0,-20253.41,-72634.6,9053.5,-25847.57,-20253.41,5594.16,3459.34
344,ARB03144_USD,-2962.65,0.0,-120.3,0.0,-455.46000000000004,0.0,0.0,0.0,0.0,-575.76,-4878.75,0.0,0.0,5991.79,-893.5,0.0,0.0,6438.63,3985.25,1022.5999999999999,5991.79,6438.63,446.84000000000015,575.76
345,ARB03146_USD,-14683.5,0.0,-633.3000000000001,0.0,-2420.56,0.0,0.0,0.0,0.0,-3053.86,-1082.5,0.0,0.0,8400.54,-2519.0,0.0,0.0,-10773.32,-1436.5,-16120.0,8400.54,-10773.32,-19173.86,3053.86
346,ARB03147_USD,130.0,0.0,-4.5,0.0,-24.0,0.0,0.0,0.0,0.0,-28.5,440.0,0.0,0.0,-129.5,0.0,0.0,0.0,-468.0,-440.0,-310.0,-129.5,-468.0,-338.5,28.5
347,ARB03150_USD,-15595.85,0.0,-907.8,0.0,-1156.0,0.0,0.0,0.0,0.0,-2063.8,-7145.9,-2187.5,2812.5,-16860.67,0.0,0.0,0.0,-27999.42,6520.9,-9074.95,-16860.67,-27999.42,-11138.75,2063.8
348,ARB03154_USD,-78022.91,0.0,-969.9000000000001,0.0,-1229.9,0.0,0.0,0.0,0.0,-2199.8,-63225.0,-1750.0,2250.0,2287.82,0.0,0.0,0.0,-15209.89,62725.0,-15297.910000000003,2287.82,-15209.89,-17497.71,2199.8
349,ARB03156_USD,33760.82999999984,0.0,-1200.3,0.0,-1717.6699999999998,0.0,0.0,0.0,0.0,-2917.97,49311.55,0.0,0.0,3744.74,11041.78,0.0,0.0,-3682.17,-38269.770000000004,-4508.940000000162,3744.74,-3682.17,-7426.91,2917.97
350,ARB03157_USD,330433.58,0.0,-2160.3,0.0,-3041.36,0.0,0.0,0.0,0.0,-5201.66,383886.21,0.0,0.0,-14901.58,43732.52,0.0,0.0,-29823.35,-340153.69,-9720.109999999986,-14901.58,-29823.35,-14921.769999999999,5201.66
351,ARB03159_USD,98045.44,0.0,-1062.6,0.0,-1671.51,0.0,0.0,0.0,0.0,-2734.1099999999997,108164.34,0.0,0.0,-6575.8,2708.87,0.0,0.0,-16719.94,-105455.47,-7410.029999999999,-6575.8,-16719.94,-10144.14,2734.11
352,ARB03168_USD,-2314.5,0.0,-81.0,0.0,-302.4,0.0,0.0,0.0,0.0,-383.4,-2101.0,0.0,0.0,-7442.84,50.0,0.0,0.0,-7989.74,2151.0,-163.5,-7442.84,-7989.74,-546.8999999999996,383.4
353,ARB03174_USD,62900.53,0.0,-586.5,0.0,-836.0600000000001,0.0,0.0,0.0,0.0,-1422.56,63610.15,0.0,0.0,21111.57,-14601.25,0.0,0.0,4378.14,-78211.4,-15310.869999999995,21111.57,4378.14,-16733.43,1422.56
354,ARB03175_USD,-30433.19,0.0,-2178.6,0.0,-3206.66,0.0,0.0,0.0,0.0,-5385.26,23547.11,0.0,0.0,31726.76,0.0,0.0,0.0,-27638.8,-23547.11,-53980.3,31726.76,-27638.8,-59365.56,5385.26
355,ARB03176_USD,176702.89,0.0,-2014.5,0.0,-2699.77,0.0,0.0,0.0,0.0,-4714.27,133144.42,0.0,0.0,36697.29,-80573.05,0.0,0.0,-5031.56,-213717.47000000003,-37014.580000000016,36697.29,-5031.56,-41728.85,4714.27
356,ARB03185_USD,28375.0,0.0,-357.0,0.0,-452.2,0.0,0.0,0.0,0.0,-809.2,44237.5,0.0,0.0,12523.98,0.0,0.0,0.0,-4147.72,-44237.5,-15862.5,12523.98,-4147.72,-16671.7,809.2
357,ARB03192_USD,-7879.0,0.0,-386.70000000000005,0.0,-1443.68,0.0,0.0,0.0,0.0,-1830.38,-9904.0,0.0,0.0,-4392.89,-2118.0,0.0,0.0,-6316.27,7786.0,-93.0,-4392.89,-6316.27,-1923.38,1830.38
358,ARB03360_EUR,294855.0,0.0,-33757.05,0.0,0.0,0.0,0.0,0.0,0.0,-33757.05,-253425.0,0.0,0.0,-414627.25,73825.0,0.0,0.0,45306.25,327250.0,622105.0,-414627.25,45306.25,459933.5,162171.5
359,ARB03360_GBP,-1664522.0,0.0,0.0,-77697.40000000001,-22601.32,0.0,0.0,0.0,0.0,-100298.72,222756.25,0.0,0.0,354956.89,713712.5,0.0,0.0,-37356.16,490956.25,-1173565.75,354956.89,-37356.16,-392313.05000000005,-781252.7
360,ARB03362_EUR,-54950.0,0.0,-1755.0,0.0,0.0,0.0,0.0,0.0,0.0,-1755.0,-14000.0,0.0,0.0,12031.1,0.0,0.0,0.0,-30673.9,14000.0,-40950.0,12031.1,-30673.9,-42705.0,1755.0
361,ARB03362_GBP,-32187.5,0.0,0.0,-3121.2,-1047.6,0.0,0.0,0.0,0.0,-4168.799999999999,-12375.0,0.0,0.0,4826.27,0.0,0.0,0.0,-19155.03,12375.0,-19812.5,4826.27,-19155.03,-23981.3,4168.8
362,ARB03362_USD,-8670.0,0.0,-80.4,-321.6,-150.08,0.0,0.0,0.0,0.0,-552.08,0.0,0.0,0.0,-217240.78,0.0,0.0,0.0,-226462.86,0.0,-8670.0,-217240.78,-226462.86,-9222.079999999987,552.08
363,ARB03364_EUR,-50.0,0.0,-1.7999999999999998,0.0,0.0,0.0,0.0,0.0,0.0,-1.7999999999999998,-50.0,0.0,0.0,8645.7,0.0,0.0,0.0,8643.9,50.0,0.0,8645.7,8643.9,-1.8000000000010914,1.8
364,ARB03364_GBP,-350.0,0.0,0.0,-4.64,-1.28,0.0,0.0,0.0,0.0,-5.92,0.0,0.0,0.0,-9127.94,0.0,0.0,0.0,-9483.86,0.0,-350.0,-9127.94,-9483.86,-355.9200000000001,5.92
365,ARB03372_USD,14700.0,0.0,-199.8,-33.31,-1518.48,0.0,0.0,0.0,0.0,-1751.5900000000001,97.8,0.0,0.0,17430.4,-2292.9,0.0,0.0,27988.11,-2390.7000000000003,12309.3,17430.4,27988.11,10557.71,1751.59
366,ARB03373_USD,4470.0,0.0,-139.8,-23.27,-1062.48,0.0,0.0,0.0,0.0,-1225.55,571.6,0.0,0.0,398.02,0.0,0.0,0.0,2672.85,-571.6,3898.4,398.02,2672.85,2274.83,1623.57
367,ARB03378_USD,-51770.0,0.0,-124.35,-497.4,-232.12,0.0,0.0,0.0,0.0,-853.87,0.0,0.0,0.0,-142167.26,6365.0,0.0,0.0,-188426.13,6365.0,-45405.0,-142167.26,-188426.13,-46258.869999999995,853.87
368,ARB03400_EUR,0.0,0.0,-52.8,0.0,0.0,0.0,0.0,0.0,0.0,-52.8,0.0,0.0,0.0,-268.2,0.0,0.0,0.0,-321.0,0.0,0.0,-268.2,-321.0,-52.80000000000001,52.8
369,ARB03400_GBP,680.0,0.0,0.0,-193.6,-82.82,0.0,0.0,0.0,0.0,-276.41999999999996,0.0,0.0,0.0,1681.02,50.0,0.0,0.0,2134.6,50.0,730.0,1681.02,2134.6,453.5799999999999,276.42
370,ARB03400_USD,2443.7000000000007,0.0,-619.2,-860.4,-6058.92,0.0,0.0,0.0,0.0,-7538.52,-181.65,0.0,0.0,2254.85,756.0,0.0,0.0,-1902.32,937.65,3381.350000000001,2254.85,-1902.32,-4157.17,7538.52
371,ARB03402_EUR,0.0,0.0,-61.5,0.0,0.0,0.0,0.0,0.0,0.0,-61.5,0.0,0.0,0.0,-129.3,0.0,0.0,0.0,-190.8,0.0,0.0,-129.3,-190.8,-61.5,61.5
372,ARB03402_GBP,0.0,0.0,0.0,-225.5,-94.3,0.0,0.0,0.0,0.0,-319.8,0.0,0.0,0.0,836.56,0.0,0.0,0.0,516.76,0.0,0.0,836.56,516.76,-319.79999999999995,319.8
373,ARB03402_USD,56101.25,3099.5,-2546.1000000000004,-1657.2,-30618.56,0.0,0.0,0.0,0.0,-34821.86,1111.6,0.0,680.5,9800.95,-4505.8,0.0,0.0,27881.94,-6297.9,52902.85,9800.95,27881.94,18080.989999999998,34821.86
374,ARB03403_CAD,-784.0,0.0,0.0,0.0,0.0,0.0,0.0,0.0,0.0,0.0,-272.0,0.0,0.0,7524.0,-2656.0,0.0,0.0,4356.0,-2384.0,-3168.0,7524.0,4356.0,-3168.0,0.0
375,ARB03403_EUR,0.0,0.0,-12.0,0.0,0.0,0.0,0.0,0.0,0.0,-12.0,0.0,0.0,0.0,-84.3,0.0,0.0,0.0,-96.3,0.0,0.0,-84.3,-96.3,-12.0,12.0
376,ARB03403_GBP,620.0,0.0,0.0,-44.0,-19.2,0.0,0.0,0.0,0.0,-63.2,0.0,0.0,0.0,5666.02,0.0,0.0,0.0,6222.82,0.0,620.0,5666.02,6222.82,556.7999999999993,63.2
377,ARB03403_USD,-208466.75,0.0,-822.5999999999999,-2144.4,-3236.7200000000003,0.0,0.0,0.0,0.0,-6203.72,-421618.1,0.0,0.0,-8579.12,-224039.35,0.0,0.0,-25670.84,197578.74999999997,-10888.00000000003,-8579.12,-25670.84,-17091.72,6203.72
378,ARB03404_CAD,-524.0,0.0,0.0,0.0,0.0,0.0,0.0,0.0,0.0,0.0,-1876.0,0.0,0.0,1352.0,-1014.0,0.0,0.0,1690.0,862.0,338.0,1352.0,1690.0,338.0,0.0
379,ARB03404_EUR,0.0,0.0,-9.6,0.0,0.0,0.0,0.0,0.0,0.0,-9.6,0.0,0.0,0.0,-44.1,0.0,0.0,0.0,-53.7,0.0,0.0,-44.1,-53.7,-9.600000000000001,9.6
380,ARB03404_GBP,-670.0,0.0,0.0,-35.2,-15.32,0.0,0.0,0.0,0.0,-50.52,30.0,0.0,0.0,-1712.22,1240.0,0.0,0.0,-1222.74,1210.0,540.0,-1712.22,-1222.74,489.48,50.52
381,ARB03404_USD,33760.65,0.0,-668.85,-1344.0,-4660.85,0.0,0.0,0.0,0.0,-6673.700000000001,9268.7,0.0,0.0,-290.58,-3939.95,0.0,0.0,13587.72,-13208.650000000001,20552.0,-290.58,13587.72,13878.3,6673.7
382,ARB03405_CAD,2158.0,0.0,0.0,0.0,0.0,0.0,0.0,0.0,0.0,0.0,-78.0,0.0,0.0,11798.0,-2960.0,0.0,0.0,11074.0,-2882.0,-724.0,11798.0,11074.0,-724.0,0.0
383,ARB03405_EUR,0.0,0.0,-101.7,0.0,0.0,0.0,0.0,0.0,0.0,-101.7,0.0,0.0,0.0,-436.4,0.0,0.0,0.0,-538.1,0.0,0.0,-436.4,-538.1,-101.70000000000005,101.7
384,ARB03405_GBP,-61760.0,0.0,0.0,-372.9,-161.82,0.0,0.0,0.0,0.0,-534.72,-97870.0,0.0,0.0,-64524.3,-11140.0,0.0,0.0,-40089.02,86730.0,24970.0,-64524.3,-40089.02,24435.280000000006,534.72
385,ARB03405_USD,384659.8,6505.0,-1968.75,-6185.99,-7799.8,0.0,0.0,0.0,0.0,-15954.54,81661.1,-16875.0,20622.5,14790.59,28890.55,0.0,1380.0,334862.8,-55138.05,336026.75,14790.59,334862.8,320072.20999999996,15954.54
386,ARB03406_CAD,-6078.0,0.0,0.0,0.0,0.0,0.0,0.0,0.0,0.0,0.0,-4854.0,0.0,0.0,12228.0,-1554.0,0.0,0.0,9450.0,3300.0,-2778.0,12228.0,9450.0,-2778.0,0.0
387,ARB03406_EUR,0.0,0.0,-82.5,0.0,0.0,0.0,0.0,0.0,0.0,-82.5,0.0,0.0,0.0,-324.2,0.0,0.0,0.0,-406.7,0.0,0.0,-324.2,-406.7,-82.5,82.5
388,ARB03406_GBP,124680.0,0.0,0.0,-302.5,-131.31,0.0,0.0,0.0,0.0,-433.81,76880.0,0.0,0.0,1062.19,-45890.0,0.0,0.0,2538.38,-122770.0,1910.0,1062.19,2538.38,1476.19,433.81
389,ARB03406_USD,349596.5,0.0,-2117.4,-6215.549999999999,-10366.68,0.0,0.0,0.0,0.0,-18699.629999999997,92740.9,0.0,0.0,-17128.89,-70890.5,0.0,0.0,150136.58,-163631.4,185965.1,-17128.89,150136.58,167265.46999999997,18699.63
390,ARB03407_CAD,1500.0,0.0,0.0,0.0,0.0,0.0,0.0,0.0,0.0,0.0,0.0,0.0,0.0,184.0,0.0,0.0,0.0,1684.0,0.0,1500.0,184.0,1684.0,1500.0,0.0
391,ARB03407_USD,110830.0,0.0,-7659.3,-30517.2,-14411.36,0.0,0.0,0.0,0.0,-52587.86,0.0,0.0,0.0,32699.66,21800.0,0.0,0.0,112741.8,21800.0,132630.0,32699.66,112741.8,80042.14,52587.86
392,ARB03408_CAD,8464.0,0.0,0.0,0.0,0.0,0.0,0.0,0.0,0.0,0.0,0.0,0.0,0.0,-6628.0,1140.0,0.0,0.0,2976.0,1140.0,9604.0,-6628.0,2976.0,9604.0,0.0
393,ARB03408_EUR,0.0,0.0,-135.45,0.0,0.0,0.0,0.0,0.0,0.0,-135.45,0.0,0.0,0.0,-271.35,0.0,0.0,0.0,-406.8,0.0,0.0,-271.35,-406.8,-135.45,135.45
394,ARB03408_GBP,26990.0,0.0,0.0,-496.65,-216.51999999999998,0.0,0.0,0.0,0.0,-713.17,47940.0,0.0,0.0,-45555.86,30880.0,0.0,0.0,-36339.03,-17060.0,9930.0,-45555.86,-36339.03,9216.830000000002,713.17
395,ARB03408_USD,451601.0,31933.75,-6399.15,-23329.2,-16500.36,0.0,0.0,0.0,0.0,-46228.71,-12855.0,0.0,34000.0,-252332.11,-57361.25,0.0,84350.0,190817.68,5843.75,489378.5,-252332.11,190817.68,443149.79,46228.71
396,ARB03409_EUR,0.0,0.0,-235.65,0.0,0.0,0.0,0.0,0.0,0.0,-235.65,0.0,0.0,0.0,-1211.15,0.0,0.0,0.0,-1446.8,0.0,0.0,-1211.15,-1446.8,-235.64999999999986,235.65
397,ARB03409_GBP,61160.0,0.0,0.0,-864.05,-367.28000000000003,0.0,0.0,0.0,0.0,-1231.33,-16000.0,0.0,0.0,-45207.25,-20580.0,0.0,0.0,10141.42,-4580.0,56580.0,-45207.25,10141.42,55348.67,1231.33
398,ARB03409_USD,170547.15,0.0,-3175.7999999999997,-14.72,-43894.8,0.0,0.0,0.0,0.0,-47085.32,165923.55,0.0,0.0,152095.5,180834.15,0.0,0.0,290467.93,14910.600000000006,185457.75,152095.5,290467.93,138372.43,47085.32
399,ARB03412_EUR,0.0,0.0,-0.3,0.0,0.0,0.0,0.0,0.0,0.0,-0.3,0.0,0.0,0.0,-9.0,0.0,0.0,0.0,-9.3,0.0,0.0,-9.0,-9.3,-0.3000000000000007,0.3
400,ARB03412_GBP,0.0,0.0,0.0,-1.1,-0.46,0.0,0.0,0.0,0.0,-1.56,0.0,0.0,0.0,-46.8,0.0,0.0,0.0,-48.36,0.0,0.0,-46.8,-48.36,-1.5600000000000023,1.56
401,ARB03412_USD,19053.0,0.0,-375.45,-1177.8,-1683.64,0.0,0.0,0.0,0.0,-3236.8900000000003,300.0,0.0,0.0,20641.22,9910.0,0.0,0.0,46067.33,9610.0,28663.0,20641.22,46067.33,25426.11,3236.89
402,ARB03413_USD,20625.0,0.0,-281.7,-1126.8,-525.84,0.0,0.0,0.0,0.0,-1934.3400000000001,0.0,0.0,0.0,-16673.58,-10175.0,0.0,0.0,-8157.92,-10175.0,10450.0,-16673.58,-8157.92,8515.660000000002,1934.34
403,ARB03415_CAD,-4194.0,0.0,0.0,0.0,0.0,0.0,0.0,0.0,0.0,0.0,-2374.0,0.0,0.0,3252.0,2948.0,0.0,0.0,4380.0,5322.0,1128.0,3252.0,4380.0,1128.0,0.0
404,ARB03415_EUR,0.0,0.0,-78.0,0.0,0.0,0.0,0.0,0.0,0.0,-78.0,0.0,0.0,0.0,-106.5,0.0,0.0,0.0,-184.5,0.0,0.0,-106.5,-184.5,-78.0,78.0
405,ARB03415_GBP,2570.0,0.0,0.0,-286.0,-124.8,0.0,0.0,0.0,0.0,-410.8,90.0,0.0,0.0,-3910.9,420.0,0.0,0.0,-1421.7,330.0,2900.0,-3910.9,-1421.7,2489.2,410.8
406,ARB03415_USD,-23595.75,0.0,-450.75,-898.2,-2573.46,0.0,0.0,0.0,0.0,-3922.41,9841.25,0.0,0.0,-4487.13,27700.0,0.0,0.0,-14146.54,17858.75,-5737.0,-4487.13,-14146.54,-9659.41,3922.41
407,ARB03422_CAD,4000.0,0.0,0.0,0.0,0.0,0.0,0.0,0.0,0.0,0.0,1750.0,0.0,0.0,10422.0,-588.0,0.0,0.0,12084.0,-2338.0,1662.0,10422.0,12084.0,1662.0,0.0
408,ARB03422_USD,15912.5,0.0,-656.6999999999999,-2278.7999999999997,-1673.94,0.0,0.0,0.0,0.0,-4609.44,2948.8,0.0,0.0,-5613.26,5610.7,0.0,0.0,8351.7,2661.8999999999996,18574.4,-5613.26,8351.7,13964.960000000001,4609.44
409,ARB03426_USD,0.0,3864.0,-0.75,0.0,-10.5,0.0,0.0,0.0,0.0,-11.25,0.0,0.0,1176.0,582.25,0.0,0.0,0.0,3259.0,-1176.0,2688.0,582.25,3259.0,2676.75,11.25
410,ARB03427_USD,5376.0,0.0,-6.0,0.0,-84.0,0.0,0.0,0.0,0.0,-90.0,5040.0,0.0,0.0,962.0,0.0,0.0,0.0,1208.0,-5040.0,336.0,962.0,1208.0,246.0,90.0
411,ARB03433_EUR,0.0,0.0,-48.3,0.0,0.0,0.0,0.0,0.0,0.0,-48.3,0.0,0.0,0.0,-68.1,0.0,0.0,0.0,-116.4,0.0,0.0,-68.1,-116.4,-48.30000000000001,48.3
412,ARB03433_GBP,0.0,0.0,0.0,-177.1,-74.06,0.0,0.0,0.0,0.0,-251.16,-90.0,0.0,0.0,-225.14,-110.0,0.0,0.0,-496.3,-20.0,-20.0,-225.14,-496.3,-271.16,251.16
413,ARB03433_USD,-21240.2,0.0,-686.1,-1581.6,-4807.88,0.0,0.0,0.0,0.0,-7075.58,-24080.4,0.0,0.0,17938.25,18827.6,0.0,0.0,32530.47,42908.0,21667.8,17938.25,32530.47,14592.220000000001,7075.58
414,ARB03434_USD,13727.2,0.0,-486.0,-1908.0,-1016.4,0.0,0.0,0.0,0.0,-3410.4,33.6,0.0,0.0,-308.84,0.0,0.0,0.0,9974.36,-33.6,13693.6,-308.84,9974.36,10283.2,3410.4
415,ARB03436_CAD,326.0,0.0,0.0,0.0,0.0,0.0,0.0,0.0,0.0,0.0,0.0,0.0,0.0,1674.0,480.0,0.0,0.0,2480.0,480.0,806.0,1674.0,2480.0,806.0,0.0
416,ARB03436_EUR,0.0,0.0,-58.8,0.0,0.0,0.0,0.0,0.0,0.0,-58.8,0.0,0.0,0.0,-42.3,0.0,0.0,0.0,-101.1,0.0,0.0,-42.3,-101.1,-58.8,58.8
417,ARB03436_GBP,1920.0,0.0,0.0,-215.6,-94.08,0.0,0.0,0.0,0.0,-309.68,0.0,0.0,0.0,637.22,0.0,0.0,0.0,2247.54,0.0,1920.0,637.22,2247.54,1610.32,309.68
418,ARB03436_USD,1020.0,0.0,-192.9,-504.0,-719.3000000000001,0.0,0.0,0.0,0.0,-1416.2,-224.0,0.0,0.0,-3747.85,-2352.0,0.0,0.0,-6272.05,-2128.0,-1108.0,-3747.85,-6272.05,-2524.2000000000003,1416.2
419,ARB03439_EUR,0.0,0.0,-11.4,0.0,0.0,0.0,0.0,0.0,0.0,-11.4,0.0,0.0,0.0,-27.9,0.0,0.0,0.0,-39.3,0.0,0.0,-27.9,-39.3,-11.399999999999999,11.4
420,ARB03439_GBP,48640.0,0.0,0.0,-41.8,-17.48,0.0,0.0,0.0,0.0,-59.28,86013.8,0.0,0.0,-10686.7,86633.8,0.0,0.0,38514.02,620.0,49260.0,-10686.7,38514.02,49200.72,59.28
421,ARB03439_USD,-111364.2,0.0,-341.70000000000005,-1257.6000000000001,-969.0799999999999,0.0,0.0,0.0,0.0,-2568.38,-16387.65,0.0,17000.0,79847.5,25781.15,0.0,20500.0,11583.72,45668.8,-65695.4,79847.5,11583.72,-68263.78,2568.38
422,ARB03441_EUR,0.0,0.0,-30.0,0.0,0.0,0.0,0.0,0.0,0.0,-30.0,0.0,0.0,0.0,-1282.8,0.0,0.0,0.0,-1312.8,0.0,0.0,-1282.8,-1312.8,-30.0,30.0
423,ARB03441_GBP,-937.5,0.0,0.0,-68.0,-20.0,0.0,0.0,0.0,0.0,-88.0,0.0,0.0,0.0,-602.54,0.0,0.0,0.0,-1628.04,0.0,-937.5,-602.54,-1628.04,-1025.5,88.0
424,ARB03442_USD,20550.0,0.0,-556.8,-2227.2,-1039.36,0.0,0.0,0.0,0.0,-3823.3599999999997,12510.0,0.0,0.0,6661.46,14520.0,0.0,0.0,25398.1,2010.0,22560.0,6661.46,25398.1,18736.64,3823.36
425,ARB03443_CAD,-1078.0,0.0,0.0,0.0,0.0,0.0,0.0,0.0,0.0,0.0,-2558.0,0.0,0.0,5726.0,-2124.0,0.0,0.0,5082.0,434.0,-644.0,5726.0,5082.0,-644.0,0.0
426,ARB03443_EUR,0.0,0.0,-1.5,0.0,0.0,0.0,0.0,0.0,0.0,-1.5,0.0,0.0,0.0,-18.3,0.0,0.0,0.0,-19.8,0.0,0.0,-18.3,-19.8,-1.5,1.5
427,ARB03443_GBP,-4620.0,0.0,0.0,-5.5,-2.4,0.0,0.0,0.0,0.0,-7.9,23100.0,0.0,0.0,3803.62,27530.0,0.0,0.0,3605.72,4430.0,-190.0,3803.62,3605.72,-197.9000000000001,7.9
428,ARB03443_USD,115472.2,0.0,-1219.5,-4767.6,-2598.7799999999997,0.0,0.0,0.0,0.0,-8585.880000000001,-39779.8,0.0,0.0,-13314.39,-88274.0,0.0,0.0,45077.73,-48494.2,66978.0,-13314.39,45077.73,58392.12,8585.88
429,ARB03446_EUR,0.0,0.0,-13.5,0.0,0.0,0.0,0.0,0.0,0.0,-13.5,0.0,0.0,0.0,-51.9,0.0,0.0,0.0,-65.4,0.0,0.0,-51.9,-65.4,-13.500000000000007,13.5
430,ARB03446_GBP,820.0,0.0,0.0,-49.5,-21.6,0.0,0.0,0.0,0.0,-71.1,210.0,0.0,0.0,1506.66,30.0,0.0,0.0,2075.56,-180.0,640.0,1506.66,2075.56,568.8999999999999,71.1
431,ARB03446_USD,601.7,0.0,-159.89999999999998,0.0,-2238.6000000000004,0.0,0.0,0.0,0.0,-2398.5000000000005,-10689.2,0.0,0.0,-3413.1,-5386.35,0.0,0.0,92.95,5302.85,5904.55,-3413.1,92.95,3506.0499999999997,2398.5
432,ARB03450_EUR,-18012.5,0.0,-525.9,0.0,0.0,0.0,0.0,0.0,0.0,-525.9,-17562.5,0.0,0.0,-4303.7,0.0,0.0,0.0,-5279.6,17562.5,-450.0,-4303.7,-5279.6,-975.9000000000005,525.9
433,ARB03450_GBP,0.0,0.0,0.0,-701.2,-280.48,0.0,0.0,0.0,0.0,-981.6800000000001,0.0,0.0,0.0,-622.29,0.0,0.0,0.0,-1603.97,0.0,0.0,-622.29,-1603.97,-981.6800000000001,981.68
434,ARB03450_USD,40.0,0.0,-1.2,-0.2,-9.12,0.0,0.0,0.0,0.0,-10.52,0.0,0.0,0.0,63.4,0.0,0.0,0.0,92.88,0.0,40.0,63.4,92.88,29.479999999999997,10.52
435,ARB03454_EUR,14431.25,0.0,-704.4000000000001,-57.6,-14.4,0.0,0.0,0.0,0.0,-776.4000000000001,13437.5,0.0,0.0,-6662.4,0.0,0.0,0.0,-6445.05,-13437.5,993.75,-6662.4,-6445.05,217.34999999999945,776.4
436,ARB03454_GBP,0.0,0.0,0.0,-915.2,-366.08,0.0,0.0,0.0,0.0,-1281.28,0.0,0.0,0.0,-1049.81,0.0,0.0,0.0,-2331.09,0.0,0.0,-1049.81,-2331.09,-1281.2800000000002,1281.28
437,ARB03454_USD,240.0,0.0,-16.2,-2.7,-123.12,0.0,0.0,0.0,0.0,-142.02,0.0,0.0,0.0,-370.48,0.0,0.0,0.0,-272.5,0.0,240.0,-370.48,-272.5,97.98000000000002,142.02
438,ARB03457_EUR,-52687.5,0.0,-632.4,0.0,0.0,0.0,0.0,0.0,0.0,-632.4,-47775.0,0.0,0.0,-3786.0,0.0,0.0,0.0,-9330.9,47775.0,-4912.5,-3786.0,-9330.9,-5544.9,632.4
439,ARB03457_GBP,-250.0,0.0,0.0,-973.12,-355.84000000000003,0.0,0.0,0.0,0.0,-1328.96,300.0,0.0,0.0,-1264.21,0.0,0.0,0.0,-3143.17,-300.0,-550.0,-1264.21,-3143.17,-1878.96,1328.96
440,ARB03457_USD,4580.0,0.0,-171.9,-28.66,-1306.44,0.0,0.0,0.0,0.0,-1507.0,-317.8,0.0,0.0,1170.6,14.2,0.0,0.0,4575.6,332.0,4912.0,1170.6,4575.6,3405.0000000000005,1507.0
441,ARB03459_CHF,1137.5,0.0,0.0,0.0,0.0,0.0,0.0,0.0,0.0,0.0,-250.0,0.0,0.0,-250.0,0.0,0.0,0.0,1137.5,250.0,1387.5,-250.0,1137.5,1387.5,0.0
442,ARB03459_EUR,2150.0,0.0,-549.0,-234.24,-58.56,0.0,0.0,0.0,0.0,-841.8,8462.5,0.0,0.0,-891.32,0.0,0.0,0.0,-8045.62,-8462.5,-6312.5,-891.32,-8045.62,-7154.3,841.8
443,ARB03459_GBP,5275.0,0.0,0.0,-904.32,-292.32,0.0,0.0,0.0,0.0,-1196.64,4812.5,0.0,0.0,61.57,0.0,0.0,0.0,-672.57,-4812.5,462.5,61.57,-672.57,-734.1400000000001,1196.64
444,ARB03459_USD,6550.0,0.0,-229.2,-38.14,-1741.92,0.0,0.0,0.0,0.0,-2009.26,293.2,0.0,0.0,-332.96,-170.0,0.0,0.0,3744.58,-463.2,6086.8,-332.96,3744.58,4077.54,2009.26
445,ARB03460_EUR,0.0,0.0,-32.4,0.0,0.0,0.0,0.0,0.0,0.0,-32.4,0.0,0.0,0.0,-131.4,0.0,0.0,0.0,-163.8,0.0,0.0,-131.4,-163.8,-32.400000000000006,32.4
446,ARB03460_GBP,-1640.0,0.0,0.0,-118.8,-51.84,0.0,0.0,0.0,0.0,-170.64,-19040.0,0.0,0.0,-842.04,-17600.0,0.0,0.0,-1212.68,1440.0,-200.0,-842.04,-1212.68,-370.6400000000001,170.64
447,ARB03460_USD,-990.4000000000001,0.0,-67.5,0.0,-945.0,0.0,0.0,0.0,0.0,-1012.5,-548.8,0.0,0.0,471.9,0.0,0.0,0.0,-982.2,548.8,-441.60000000000014,471.9,-982.2,-1454.1,1012.5
448,ARB03463_USD,-1230.0,0.0,-11.7,0.0,-163.8,0.0,0.0,0.0,0.0,-175.5,-400.0,0.0,0.0,-2305.0,-1020.0,0.0,0.0,-4330.5,-620.0,-1850.0,-2305.0,-4330.5,-2025.5,175.5
449,ARB03468_CAD,938.0,0.0,0.0,0.0,0.0,0.0,0.0,0.0,0.0,0.0,144.0,0.0,0.0,4468.0,0.0,0.0,0.0,5262.0,-144.0,794.0,4468.0,5262.0,794.0,0.0
450,ARB03468_USD,0.0,0.0,-9.45,0.0,-53.55,0.0,0.0,0.0,0.0,-63.0,0.0,0.0,0.0,-431.0,0.0,0.0,0.0,-494.0,0.0,0.0,-431.0,-494.0,-63.0,63.0
451,ARB03474_EUR,837.5,0.0,-141.0,0.0,0.0,0.0,0.0,0.0,0.0,-141.0,2375.0,0.0,0.0,79.5,0.0,0.0,0.0,-1599.0,-2375.0,-1537.5,79.5,-1599.0,-1678.5,141.0
452,ARB03474_GBP,0.0,0.0,0.0,-188.0,-75.2,0.0,0.0,0.0,0.0,-263.2,0.0,0.0,0.0,-205.6,0.0,0.0,0.0,-468.8,0.0,0.0,-205.6,-468.8,-263.20000000000005,263.2
453,ARB03475_EUR,-20612.5,0.0,-277.2,0.0,0.0,0.0,0.0,0.0,0.0,-277.2,-18362.5,0.0,0.0,1443.0,0.0,0.0,0.0,-1084.2,18362.5,-2250.0,1443.0,-1084.2,-2527.2,277.2
454,ARB03475_GBP,0.0,0.0,0.0,-369.59999999999997,-147.84,0.0,0.0,0.0,0.0,-517.4399999999999,0.0,0.0,0.0,-386.4,0.0,0.0,0.0,-903.84,0.0,0.0,-386.4,-903.84,-517.44,517.44
455,ARB03476_EUR,-12750.0,0.0,-401.4,0.0,0.0,0.0,0.0,0.0,0.0,-401.4,-9212.5,0.0,0.0,178.7,0.0,0.0,0.0,-3760.2,9212.5,-3537.5,178.7,-3760.2,-3938.8999999999996,401.4
456,ARB03476_GBP,0.0,0.0,0.0,-535.2,-214.08,0.0,0.0,0.0,0.0,-749.2800000000001,0.0,0.0,0.0,-1404.16,0.0,0.0,0.0,-2153.44,0.0,0.0,-1404.16,-2153.44,-749.28,749.28
457,ARB03485_EUR,-19725.0,0.0,-489.0,0.0,0.0,0.0,0.0,0.0,0.0,-489.0,-23737.5,0.0,0.0,2528.15,0.0,0.0,0.0,6051.65,23737.5,4012.5,2528.15,6051.65,3523.4999999999995,489.0
458,ARB03485_GBP,3025.0,0.0,0.0,-720.32,-270.56,0.0,0.0,0.0,0.0,-990.8800000000001,3350.0,0.0,0.0,-481.37,0.0,0.0,0.0,-1797.25,-3350.0,-325.0,-481.37,-1797.25,-1315.88,990.88
459,ARB03485_USD,560.0,0.0,-6.0,-1.0,-45.6,0.0,0.0,0.0,0.0,-52.6,142.8,0.0,0.0,1766.7,0.0,0.0,0.0,2131.3,-142.8,417.2,1766.7,2131.3,364.60000000000014,52.6
460,ARB03489_EUR,0.0,0.0,-208.20000000000002,0.0,0.0,0.0,0.0,0.0,0.0,-208.20000000000002,0.0,0.0,0.0,-571.2,0.0,0.0,0.0,-779.4,0.0,0.0,-571.2,-779.4,-208.19999999999993,208.2
461,ARB03489_GBP,2320.0,0.0,0.0,-763.4,-328.85999999999996,0.0,0.0,0.0,0.0,-1092.26,-2430.0,0.0,0.0,3227.76,-1160.0,0.0,0.0,5725.5,1270.0,3590.0,3227.76,5725.5,2497.74,1092.26
462,ARB03489_USD,13085.0,0.0,-884.4000000000001,-3220.8,-2611.84,0.0,0.0,0.0,0.0,-6717.040000000001,-454.0,0.0,0.0,-1813.3,2050.0,0.0,0.0,7058.66,2504.0,15589.0,-1813.3,7058.66,8871.96,6717.04
463,ARB03492_CAD,6876.0,0.0,0.0,0.0,0.0,0.0,0.0,0.0,0.0,0.0,-1494.0,0.0,0.0,4246.0,416.0,0.0,0.0,13032.0,1910.0,8786.0,4246.0,13032.0,8786.0,0.0
464,ARB03492_EUR,0.0,0.0,-156.3,0.0,0.0,0.0,0.0,0.0,0.0,-156.3,0.0,0.0,0.0,-111.9,0.0,0.0,0.0,-268.2,0.0,0.0,-111.9,-268.2,-156.29999999999998,156.3
465,ARB03492_GBP,3820.0,0.0,0.0,-573.1,-250.08,0.0,0.0,0.0,0.0,-823.1800000000001,-170.0,0.0,0.0,1150.66,-370.0,0.0,0.0,3947.48,-200.0,3620.0,1150.66,3947.48,2796.8199999999997,823.18
466,ARB03492_USD,23489.4,0.0,-613.8,0.0,-8273.2,0.0,0.0,0.0,0.0,-8887.0,7324.8,0.0,0.0,2233.3,508.6,0.0,0.0,10019.5,-6816.2,16673.2,2233.3,10019.5,7786.2,8887.0
467,ARB04021_USD,-10290.0,0.0,-264.0,0.0,-237.56,0.0,0.0,0.0,0.0,-501.56,0.0,0.0,0.0,6345.04,0.0,0.0,0.0,-4446.52,0.0,-10290.0,6345.04,-4446.52,-10791.560000000001,501.56
468,ARB04022_USD,-15330.279999999999,0.0,-1247.4,0.0,-1786.76,0.0,0.0,0.0,0.0,-3034.16,833.39,0.0,0.0,37048.6,0.0,0.0,0.0,17850.77,-833.39,-16163.669999999998,37048.6,17850.77,-19197.829999999998,3034.16
469,ARB04023_USD,47061.0,0.0,-36.3,0.0,-94.24000000000001,0.0,0.0,0.0,0.0,-130.54000000000002,0.0,0.0,0.0,36497.8,0.0,0.0,0.0,83428.26,0.0,47061.0,36497.8,83428.26,46930.45999999999,130.54
470,ARB04024_USD,1993.25,0.0,-35.55,0.0,-80.58,0.0,0.0,0.0,0.0,-116.13,-1096.25,0.0,0.0,-17925.19,303.75,0.0,0.0,-14648.07,1400.0,3393.25,-17925.19,-14648.07,3277.119999999999,116.13
471,ARB04029_USD,-92249.83,0.0,-29.85,-0.6699999999999999,-77.48,0.0,0.0,0.0,0.0,-108.0,-55149.83,0.0,0.0,-7200.42,-20279.2,0.0,0.0,-64687.62,34870.630000000005,-57379.2,-7200.42,-64687.62,-57487.200000000004,108.0
472,ARB04031_USD,-12695.590000003576,0.0,-11981.999999999998,0.0,-21922.57,0.0,0.0,0.0,0.0,-33904.57,-21525.0,0.0,0.0,39528.83,11462.69,0.0,0.0,25916.36,32987.69,20292.099999996426,39528.83,25916.36,-13612.470000000001,33904.57
473,ARB04038_USD,25477.260000000002,0.0,-287.7,0.0,-232.04,0.0,0.0,0.0,0.0,-519.74,-19052.06,0.0,0.0,-254889.69,-752.08,0.0,0.0,-211632.19,18299.98,43777.240000000005,-254889.69,-211632.19,43257.5,519.74
474,ARB04039_USD,-49349.0,0.0,-31.35,0.0,-42.18,0.0,0.0,0.0,0.0,-73.53,-2098.5,0.0,0.0,-101370.62,0.0,0.0,0.0,-148694.65,2098.5,-47250.5,-101370.62,-148694.65,-47324.03,73.53
475,ARB04042_USD,65620.58,0.0,-267.45,0.0,-426.52,0.0,0.0,0.0,0.0,-693.97,6006.34,0.0,0.0,6444.98,0.0,0.0,0.0,65365.25,-6006.34,59614.240000000005,6444.98,65365.25,58920.270000000004,693.97
476,ARB04047_USD,193237.5,-127842.5,-1064.1,0.0,-2674.48,0.0,0.0,0.0,0.0,-3738.58,0.0,0.0,0.0,15109.76,0.0,0.0,0.0,76766.18,0.0,65395.0,15109.76,76766.18,61656.41999999999,3738.58
477,ARB04048_USD,133450.3,36200.0,-192.15,0.0,-817.13,0.0,0.0,0.0,0.0,-1009.28,33185.6,0.0,15000.0,91479.38,0.0,0.0,0.0,211934.8,-48185.6,121464.69999999998,91479.38,211934.8,120455.41999999998,1009.28
478,ARB04049_USD,165165.0,0.0,-404.4,0.0,-2291.6,0.0,0.0,0.0,0.0,-2696.0,5565.0,0.0,0.0,168682.65,6090.0,0.0,0.0,331676.65,525.0,165690.0,168682.65,331676.65,162994.00000000003,2696.0
479,ARB04052_USD,-8900.0,0.0,-65.1,0.0,-581.28,0.0,0.0,0.0,0.0,-646.38,0.0,0.0,0.0,209.96,0.0,0.0,0.0,-9336.42,0.0,-8900.0,209.96,-9336.42,-9546.38,646.38
480,ARB04053_EUR,-128637.24,0.0,-88.95,0.0,-72.48,0.0,0.0,0.0,0.0,-161.43,0.0,0.0,0.0,3247.64,-23482.5,0.0,0.0,-149033.53,-23482.5,-152119.74,3247.64,-149033.53,-152281.17,161.43
481,ARB04053_USD,-143622.49,0.0,-80.1,0.0,-136.64,0.0,0.0,0.0,-9.0,-225.73999999999998,-32395.98,0.0,0.0,-66623.81999999999,-4667.04,0.0,0.0,-182743.11,27728.94,-115893.54999999999,-66623.81999999999,-182743.11,-116119.29,225.74
482,ARB04055_USD,-11789.0,0.0,-69.0,0.0,-277.18,0.0,0.0,0.0,0.0,-346.18,0.0,0.0,0.0,7267.84,0.0,0.0,0.0,-4867.34,0.0,-11789.0,7267.84,-4867.34,-12135.18,346.18
483,ARB04057_USD,11905.75,0.0,-3178.6499999999996,0.0,-7122.72,0.0,0.0,0.0,0.0,-10301.369999999999,-287.5,0.0,0.0,4669.06,3788.75,0.0,0.0,10349.69,4076.25,15982.0,4669.06,10349.69,5680.63,10301.37
484,ARB04059_USD,668975.0,-860615.0,-473.7,0.0,-1164.4,0.0,0.0,-46.46,0.0,-1684.5600000000002,225112.5,-856840.0,704405.0,-11778.11,645725.0,-885017.5,491322.5,-25750.17,179352.5,-12287.5,-11778.11,-25750.17,-13972.059999999998,1684.56
485,ARB04062_USD,-114584.76,0.0,-223.5,0.0,-233.02,0.0,0.0,0.0,0.0,-456.52,12898.48,0.0,0.0,62478.52,-5327.38,0.0,0.0,-70788.62,-18225.86,-132810.62,62478.52,-70788.62,-133267.13999999998,456.52
486,ARB04065_USD,-193162.5,17968.75,-404.7,0.0,-779.16,0.0,0.0,0.0,0.0,-1183.86,-158350.0,-1526212.5,2288350.0,76748.29,-39525.0,-1595281.25,2407675.0,69451.93,169081.25,-6112.5,76748.29,69451.93,-7296.360000000001,1183.86
487,ARB04066_USD,62640.0,-35505.0,-379.20000000000005,0.0,-729.08,0.0,0.0,0.0,0.0,-1108.2800000000002,71250.0,-457445.0,670540.0,42170.31,40050.0,-650630.0,877975.0,51247.03,-16950.0,10185.0,42170.31,51247.03,9076.720000000001,1108.28
488,ARB04067_USD,72570.0,484827.0,-643.0500000000001,0.0,-1238.36,0.0,0.0,0.0,0.0,-1881.4099999999999,256968.0,-3335484.0,2827683.0,-80100.41,483498.0,-5755113.0,4499625.0,-45741.82,-521157.0,36240.0,-80100.41,-45741.82,34358.590000000004,1881.41
489,ARB04068_USD,-90525.0,-21893.75,-934.95,0.0,-1803.3799999999999,0.0,0.0,0.0,0.0,-2738.33,-34725.0,-702462.5,832887.5,-15120.55,-3425.0,-1271331.25,1497125.0,-3608.88,126668.75,14250.0,-15120.55,-3608.88,11511.669999999998,2738.33
490,ARB04069_USD,-44275.0,75381.25,-366.9,0.0,-706.2900000000001,0.0,0.0,0.0,0.0,-1073.19,-21887.5,-791350.0,929775.0,23362.25,-3312.5,-1258431.25,1350281.25,25395.31,-28000.0,3106.25,23362.25,25395.31,2033.0600000000013,1073.19
491,ARB04070_USD,-12287.5,-25312.5,-39.150000000000006,0.0,-75.36,0.0,0.0,0.0,0.0,-114.51,-1875.0,-227387.5,354231.25,17492.2,-4625.0,-344650.0,529143.75,34677.69,54900.0,17300.0,17492.2,34677.69,17185.49,114.51
492,ARB04085_USD,-2738.25,0.0,-155.4,0.0,-94.76,0.0,0.0,0.0,0.0,-250.16000000000003,0.0,0.0,0.0,-65499.21,0.0,0.0,0.0,-68487.62,0.0,-2738.25,-65499.21,-68487.62,-2988.409999999996,250.16
493,ARB04088_USD,172198.0,5025.0,-23.25,0.0,-54.2,0.0,0.0,0.0,0.0,-77.45,189478.0,-527625.0,520112.6,129674.39,-42600.0,-1053175.0,987725.0,16804.34,-290015.6,-112792.59999999998,129674.39,16804.34,-112870.05,77.45
494,ARB04101_USD,-41913.52000000002,-9643.0,-1099.35,0.0,-3935.68,0.0,0.0,0.0,0.0,-5035.03,13506.5,-2100.0,174.0,-7170.3,-834.1,-1812.5,8002.0,-69986.95,-6225.1,-57781.62000000002,-7170.3,-69986.95,-62816.649999999994,5035.03
495,ARB04102_USD,4563.0999999999985,-17450.0,-742.95,0.0,-3334.9300000000003,0.0,0.0,0.0,0.0,-4077.88,5241.5,-1685.0,68276.0,-65759.13,38685.6,-5.0,69131.5,-46744.31,35979.600000000006,23092.700000000004,-65759.13,-46744.31,19014.820000000007,4077.88
496,ARB04103_USD,-92810.3,0.0,-566.7,0.0,-2104.2,0.0,0.0,0.0,0.0,-2670.8999999999996,-65107.6,0.0,0.0,13284.64,70.0,0.0,0.0,-17018.96,65177.6,-27632.700000000004,13284.64,-17018.96,-30303.6,2670.9
497,ARB04104_USD,39550.0,0.0,-433.79999999999995,0.0,-1554.6399999999999,0.0,0.0,0.0,0.0,-1988.4399999999998,9758.5,0.0,0.0,12704.2,-24319.5,0.0,0.0,16187.76,-34078.0,5472.0,12704.2,16187.76,3483.5599999999995,1988.44
498,ARB04105_USD,-157221.5,0.0,-1394.25,0.0,-5205.2,0.0,0.0,0.0,0.0,-6599.45,-184369.5,0.0,0.0,26605.45,-29863.0,0.0,0.0,17291.0,154506.5,-2715.0,26605.45,17291.0,-9314.45,6599.45
499,ARB04106_USD,188138.3,0.0,-1952.55,0.0,-7448.28,0.0,0.0,0.0,0.0,-9400.83,216126.5,0.0,0.0,13384.71,-1112.8,0.0,0.0,-25117.12,-217239.3,-29101.0,13384.71,-25117.12,-38501.83,9400.83
500,ARB04107_USD,0.0,0.0,0.0,0.0,-0.6,0.0,0.0,0.0,0.0,-0.6,0.0,0.0,0.0,-7395.38,0.0,0.0,0.0,-7395.98,0.0,0.0,-7395.38,-7395.98,-0.5999999999994543,0.6
501,ARB04108_USD,-292808.25,0.0,-6531.6,0.0,-10210.44,0.0,0.0,0.0,0.0,-16742.04,-27158.55,0.0,0.0,24531.32,261982.97,0.0,0.0,4122.55,289141.52,-3666.7299999999814,24531.32,4122.55,-20408.77,16742.04
502,ARB04110_USD,43810.5,-107.5,-788.85,0.0,-3680.0,0.0,0.0,0.0,0.0,-4468.85,-6675.3,0.0,0.0,26583.02,0.0,0.0,0.0,72492.47,6675.3,50378.3,26583.02,72492.47,45909.45,4468.85
503,ARB04111_USD,-24505.969999998808,0.0,-368.85,0.0,-697.15,0.0,0.0,0.0,0.0,-1066.0,-16841.76,0.0,0.0,-37337.35,0.0,0.0,0.0,-46067.56,16841.76,-7664.2099999988095,-37337.35,-46067.56,-8730.21,1066.0
504,ARB04112_USD,-12723.0,0.0,-158.7,0.0,-84.69,0.0,0.0,0.0,0.0,-243.39,0.0,0.0,0.0,-34094.34,0.0,0.0,0.0,-47060.73,0.0,-12723.0,-34094.34,-47060.73,-12966.390000000007,243.39
505,ARB04113_USD,37171.0,0.0,-261.6,0.0,-970.3199999999999,0.0,0.0,0.0,0.0,-1231.92,-239.0,0.0,0.0,-2111.22,-40651.0,0.0,0.0,-6584.14,-40412.0,-3241.0,-2111.22,-6584.14,-4472.92,1231.92
506,ARB04114_USD,-66920.60000000056,0.0,-1905.45,0.0,-3067.27,0.0,0.0,0.0,0.0,-4972.72,-35703.67,0.0,0.0,2900.87,25015.27,0.0,0.0,-8273.51,60718.94,-6201.6600000005565,2900.87,-8273.51,-11174.380000000001,4972.72
507,ARB04155_USD,34849.0,0.0,-269.1,0.0,-1103.6399999999999,0.0,0.0,0.0,0.0,-1372.7399999999998,5490.0,0.0,0.0,-2293.9,-30549.5,0.0,0.0,-4857.14,-36039.5,-1190.5,-2293.9,-4857.14,-2563.2400000000002,1372.74
508,ARB04156_USD,49441.0,0.0,-250.2,0.0,-1054.3,0.0,0.0,0.0,0.0,-1304.5,-1275.0,0.0,0.0,-3289.55,-50219.0,0.0,0.0,-4097.05,-48944.0,497.0,-3289.55,-4097.05,-807.5,1304.5
509,ARB04157_USD,-212.5,0.0,-8.1,0.0,-30.240000000000002,0.0,0.0,0.0,0.0,-38.34,0.0,0.0,0.0,-1356.72,0.0,0.0,0.0,-1607.56,0.0,-212.5,-1356.72,-1607.56,-250.83999999999992,38.34
510,ARB04158_USD,187.5,0.0,-0.3,0.0,-1.12,0.0,0.0,0.0,0.0,-1.4200000000000002,0.0,0.0,0.0,-113.34,0.0,0.0,0.0,72.74,0.0,187.5,-113.34,72.74,186.07999999999998,1.42
511,ARB04159_USD,162.5,0.0,-4.2,0.0,-15.68,0.0,0.0,0.0,0.0,-19.88,0.0,0.0,0.0,11.68,0.0,0.0,0.0,154.3,0.0,162.5,11.68,154.3,142.62,19.88
512,ARB04160_USD,-1200.0,0.0,-134.7,0.0,-502.88,0.0,0.0,0.0,0.0,-637.5799999999999,0.0,0.0,0.0,155.84,0.0,0.0,0.0,-1681.74,0.0,-1200.0,155.84,-1681.74,-1837.58,637.58
513,ARB04161_USD,-2187.5,0.0,-53.4,0.0,-199.36,0.0,0.0,0.0,0.0,-252.76000000000002,0.0,0.0,0.0,-401.26,0.0,0.0,0.0,-2841.52,0.0,-2187.5,-401.26,-2841.52,-2440.26,252.76
514,ARB04162_USD,-250.0,0.0,-19.5,0.0,-72.8,0.0,0.0,0.0,0.0,-92.3,0.0,0.0,0.0,314.82,0.0,0.0,0.0,-27.48,0.0,-250.0,314.82,-27.48,-342.3,92.3
515,ARB04163_USD,7069.12,0.0,-242.1,0.0,-348.14,0.0,0.0,0.0,0.0,-590.24,12008.13,0.0,0.0,-4660.92,0.0,0.0,0.0,-10190.17,-12008.13,-4939.009999999999,-4660.92,-10190.17,-5529.25,590.24
516,ARB04164_USD,4496.679999999999,0.0,-427.2,0.0,-589.74,0.0,0.0,0.0,0.0,-1016.94,-549.7,0.0,0.0,3844.41,-6271.25,0.0,0.0,1602.6,-5721.55,-1224.8700000000008,3844.41,1602.6,-2241.81,1016.94
517,ARB04165_USD,-6666.61,0.0,-323.7,0.0,-417.84,0.0,0.0,0.0,0.0,-741.54,2200.08,0.0,0.0,-2525.15,4624.96,0.0,0.0,-7508.42,2424.88,-4241.73,-2525.15,-7508.42,-4983.27,741.54
518,ARB04166_USD,2139.530000000028,0.0,-868.8,0.0,-1204.34,0.0,0.0,0.0,0.0,-2073.14,5037.03,0.0,0.0,2158.11,-2104.12,0.0,0.0,-4916.65,-7141.15,-5001.619999999972,2158.11,-4916.65,-7074.76,2073.14
519,ARB04167_USD,3658.459999999999,0.0,-354.29999999999995,0.0,-504.2,0.0,0.0,0.0,0.0,-858.5,10366.53,0.0,0.0,3464.76,-370.85,0.0,0.0,-4472.66,-10737.380000000001,-7078.920000000002,3464.76,-4472.66,-7937.42,858.5
520,ARB04168_USD,-8177.240000000002,0.0,-593.1,0.0,-849.1800000000001,0.0,0.0,0.0,0.0,-1442.2800000000002,-10863.72,0.0,0.0,977.93,-4792.08,0.0,0.0,-2569.95,6071.639999999999,-2105.600000000002,977.93,-2569.95,-3547.8799999999997,1442.28
521,ARB04336_USD,-8.73,0.0,0.0,0.0,0.0,0.0,0.0,0.0,0.0,0.0,0.0,0.0,0.0,-103483.16,0.0,0.0,0.0,-103491.89,0.0,-8.73,-103483.16,-103491.89,-8.729999999995925,-0.0
522,ARB04345_USD,-20584.41999999999,0.0,-2654.65,-534.98,-3963.0,0.0,0.0,0.0,0.0,-7152.63,-23936.5,0.0,0.0,-42301.99,9437.55,0.0,0.0,-36664.99,33374.05,12789.630000000012,-42301.99,-36664.99,5637.0,7152.63
523,ARB04348_EUR,0.0,0.0,-1.8,0.0,0.0,0.0,0.0,0.0,0.0,-1.8,0.0,0.0,0.0,2734.6,0.0,0.0,0.0,2732.8,0.0,0.0,2734.6,2732.8,-1.7999999999997272,1.8
524,ARB04348_GBP,-540.0,0.0,0.0,-6.6,-2.88,0.0,0.0,0.0,0.0,-9.48,5640.0,0.0,0.0,5571.23,0.0,0.0,0.0,-618.25,-5640.0,-6180.0,5571.23,-618.25,-6189.48,9.48
525,ARB04348_USD,130885.6,0.0,-25.200000000000003,-48.0,-207.2,0.0,0.0,0.0,0.0,-280.4,-14978.6,0.0,0.0,-4758.9,0.0,0.0,0.0,140824.9,14978.6,145864.2,-4758.9,140824.9,145583.8,280.4
526,ARB04357_EUR,-418.75,0.0,-246.15,0.0,0.0,0.0,0.0,0.0,0.0,-246.15,37.5,0.0,0.0,-2225.2,-475.0,0.0,0.0,-3402.6,-512.5,-931.25,-2225.2,-3402.6,-1177.4,246.15
527,ARB04357_GBP,0.0,0.0,0.0,-328.2,-131.28,0.0,0.0,0.0,0.0,-459.48,0.0,0.0,0.0,-334.19,0.0,0.0,0.0,-793.67,0.0,0.0,-334.19,-793.67,-459.47999999999996,459.48
528,ARB04401_USD,101810.0,0.0,-2472.75,-9888.12,-4620.1,0.0,0.0,0.0,0.0,-16980.97,-8788.9,0.0,0.0,-8223.33,-10175.0,0.0,0.0,75219.6,-1386.1000000000004,100423.9,-8223.33,75219.6,83442.93000000001,16980.97
529,ARB04402_USD,714515.0,0.0,-4342.2,-17368.8,-8105.4400000000005,0.0,0.0,0.0,0.0,-29816.440000000002,0.0,0.0,0.0,250.0,-309195.0,0.0,0.0,375753.56,-309195.0,405320.0,250.0,375753.56,375503.56,29816.44
530,ARB04403_USD,-5482.4,0.0,-32.4,0.0,-453.6,0.0,0.0,0.0,0.0,-486.0,-5532.0,0.0,0.0,-721.0,0.0,0.0,0.0,-1157.4,5532.0,49.600000000000364,-721.0,-1157.4,-436.4000000000001,486.0
531,ARB04404_EUR,0.0,0.0,-1.2,0.0,0.0,0.0,0.0,0.0,0.0,-1.2,0.0,0.0,0.0,-5.7,0.0,0.0,0.0,-6.9,0.0,0.0,-5.7,-6.9,-1.2000000000000002,1.2
532,ARB04404_GBP,90.0,0.0,0.0,-4.4,-1.92,0.0,0.0,0.0,0.0,-6.32,0.0,0.0,0.0,369.98,0.0,0.0,0.0,453.66,0.0,90.0,369.98,453.66,83.68,6.32
533,ARB04404_USD,15733.4,0.0,-1486.1999999999998,-5840.4,-3090.9199999999996,0.0,0.0,0.0,0.0,-10417.519999999999,-3177.6,0.0,0.0,-2282.6,-4480.0,0.0,0.0,1730.88,-1302.4,14431.0,-2282.6,1730.88,4013.48,10417.52
534,ARB04405_CAD,51070.0,0.0,0.0,0.0,0.0,0.0,0.0,0.0,0.0,0.0,49836.0,0.0,0.0,8794.0,0.0,0.0,0.0,10028.0,-49836.0,1234.0,8794.0,10028.0,1234.0,0.0
535,ARB04405_EUR,0.0,0.0,-20.4,0.0,0.0,0.0,0.0,0.0,0.0,-20.4,0.0,0.0,0.0,-6.0,0.0,0.0,0.0,-26.4,0.0,0.0,-6.0,-26.4,-20.4,20.4
536,ARB04405_GBP,-42810.0,0.0,0.0,-74.8,-31.880000000000003,0.0,0.0,0.0,0.0,-106.68,0.0,0.0,0.0,278.4,43710.0,0.0,0.0,1071.72,43710.0,900.0,278.4,1071.72,793.32,106.68
537,ARB04405_USD,227912.0,0.0,-217.8,0.0,-1724.2,0.0,0.0,0.0,0.0,-1942.0,207916.0,0.0,0.0,835.5,-5425.0,0.0,0.0,13464.5,-213341.0,14571.0,835.5,13464.5,12629.0,1942.0
538,ARB04406_CAD,80088.0,0.0,0.0,0.0,0.0,0.0,0.0,0.0,0.0,0.0,-822.0,0.0,0.0,10202.0,-74254.0,0.0,0.0,16858.0,-73432.0,6656.0,10202.0,16858.0,6656.0,0.0
539,ARB04406_EUR,0.0,0.0,-9.6,0.0,0.0,0.0,0.0,0.0,0.0,-9.6,0.0,0.0,0.0,-3.0,0.0,0.0,0.0,-12.6,0.0,0.0,-3.0,-12.6,-9.6,9.6
540,ARB04406_GBP,2010.0,0.0,0.0,-35.2,-15.36,0.0,0.0,0.0,0.0,-50.56,1800.0,0.0,0.0,224.2,450.0,0.0,0.0,833.64,-1350.0,660.0,224.2,833.64,609.44,50.56
541,ARB04406_USD,-1055.0,0.0,-198.89999999999998,-278.4,-880.1199999999999,0.0,0.0,0.0,0.0,-1357.4199999999998,665.2,0.0,0.0,-1745.5,-254.8,0.0,0.0,-5077.92,-920.0,-1975.0,-1745.5,-5077.92,-3332.42,1357.42
542,ARB04408_EUR,2127.5,0.0,-1380.3000000000002,0.0,0.0,0.0,0.0,0.0,0.0,-1380.3000000000002,-2225.0,0.0,0.0,-4175.45,-668.75,0.0,0.0,-1872.0,1556.25,3683.75,-4175.45,-1872.0,2303.45,1380.3
543,ARB04408_GBP,-6100.0,0.0,0.0,-3287.04,-942.64,0.0,0.0,0.0,0.0,-4229.68,7700.0,0.0,0.0,1498.3,-187.5,0.0,0.0,-16718.88,-7887.5,-13987.5,1498.3,-16718.88,-18217.18,4229.68
544,ARB04410_USD,17685.0,0.0,-1781.1,-7124.4,-3324.72,0.0,0.0,0.0,0.0,-12230.22,-60250.0,0.0,0.0,-5692.48,0.0,0.0,0.0,60012.3,60250.0,77935.0,-5692.48,60012.3,65704.78,12230.22
545,ARB04413_EUR,0.0,0.0,-0.9,0.0,0.0,0.0,0.0,0.0,0.0,-0.9,0.0,0.0,0.0,-2.7,0.0,0.0,0.0,-3.6,0.0,0.0,-2.7,-3.6,-0.8999999999999999,0.9
546,ARB04413_GBP,160.0,0.0,0.0,-3.3,-1.44,0.0,0.0,0.0,0.0,-4.74,490.0,0.0,0.0,385.78,560.0,0.0,0.0,611.04,70.0,230.0,385.78,611.04,225.26,4.74
547,ARB04413_USD,-19379.6,0.0,-19.65,0.0,-275.1,0.0,0.0,0.0,0.0,-294.75,-9864.4,0.0,0.0,-459.85,12250.0,0.0,0.0,1980.2,22114.4,2734.800000000003,-459.85,1980.2,2440.05,294.75
548,ARB04451_EUR,0.0,0.0,-397.8,0.0,0.0,0.0,0.0,0.0,0.0,-397.8,0.0,0.0,0.0,-454.8,0.0,0.0,0.0,-852.6,0.0,0.0,-454.8,-852.6,-397.8,397.8
549,ARB04451_GBP,9800.0,0.0,0.0,-1458.6,-636.48,0.0,0.0,0.0,0.0,-2095.08,30.0,0.0,0.0,3884.72,1890.0,0.0,0.0,13449.64,1860.0,11660.0,3884.72,13449.64,9564.92,2095.08
550,ARB04451_USD,6300.0,0.0,-308.4,0.0,-4317.6,0.0,0.0,0.0,0.0,-4626.0,-860.0,0.0,0.0,528.6,-1790.0,0.0,0.0,1272.6,-930.0,5370.0,528.6,1272.6,743.9999999999999,4626.0
551,ARB04452_EUR,0.0,0.0,-195.3,0.0,0.0,0.0,0.0,0.0,0.0,-195.3,0.0,0.0,0.0,-331.2,0.0,0.0,0.0,-526.5,0.0,0.0,-331.2,-526.5,-195.3,195.3
552,ARB04452_GBP,6620.0,0.0,0.0,-716.1,-312.48,0.0,0.0,0.0,0.0,-1028.58,0.0,0.0,0.0,1315.68,-1540.0,0.0,0.0,5367.1,-1540.0,5080.0,1315.68,5367.1,4051.42,1028.58
553,ARB04452_USD,5410.0,0.0,-137.1,0.0,-1919.4,0.0,0.0,0.0,0.0,-2056.5,0.0,0.0,0.0,-70.5,-1330.0,0.0,0.0,1953.0,-1330.0,4080.0,-70.5,1953.0,2023.5,2056.5
554,ARB04454_EUR,0.0,0.0,-394.5,0.0,0.0,0.0,0.0,0.0,0.0,-394.5,0.0,0.0,0.0,-628.8,0.0,0.0,0.0,-1023.3,0.0,0.0,-628.8,-1023.3,-394.5,394.5
555,ARB04454_GBP,6800.0,0.0,0.0,-1446.5,-631.2,0.0,0.0,0.0,0.0,-2077.7,0.0,0.0,0.0,-2171.68,-1030.0,0.0,0.0,1520.62,-1030.0,5770.0,-2171.68,1520.62,3692.2999999999997,2077.7
556,ARB04454_USD,930.0,0.0,-254.7,0.0,-3565.8,0.0,0.0,0.0,0.0,-3820.5,-240.0,0.0,0.0,-6194.5,2140.0,0.0,0.0,-6705.0,2380.0,3310.0,-6194.5,-6705.0,-510.5,3820.5
557,ARB05057_EUR,-57210.0,0.0,0.0,0.0,0.0,0.0,0.0,0.0,0.0,0.0,-141343.75,0.0,0.0,-158892.25,-72681.25,0.0,0.0,-147439.75,68662.5,11452.5,-158892.25,-147439.75,11452.5,0.0
558,ARB05057_USD,0.0,0.0,-651.75,0.0,-825.55,0.0,0.0,0.0,0.0,-1477.3,0.0,0.0,0.0,-24184.0,0.0,0.0,0.0,-25661.3,0.0,0.0,-24184.0,-25661.3,-1477.2999999999993,1477.3
559,ARB05357_EUR,-319893.90000009537,0.0,-154090.05,0.0,0.0,0.0,0.0,0.0,0.0,-154090.05,-391637.5,0.0,0.0,563233.7,-175943.75,0.0,0.0,304943.5,215693.75,-104200.15000009537,563233.7,304943.5,-258290.19999999995,154090.05
560,ARB05357_GBP,0.0,0.0,0.0,-205869.56,-81765.2,0.0,0.0,0.0,0.0,-287634.76,0.0,0.0,0.0,-716226.71,0.0,0.0,0.0,-1003861.47,0.0,0.0,-716226.71,-1003861.47,-287634.76,287634.76
561,ARB06057_USD,-88929.26999999583,0.0,-3109.35,0.0,-4160.87,0.0,0.0,0.0,0.0,-7270.219999999999,-129622.91,0.0,0.0,-26651.41,160883.74,0.0,0.0,167655.75,290506.65,201577.3800000042,-26651.41,167655.75,194307.16,7270.22
562,ARB06357_USD,24900.0,0.0,-771.3,-126.93,-1727.54,0.0,0.0,0.0,0.0,-2625.77,6415.0,0.0,0.0,36647.47,-7000.0,0.0,0.0,45506.7,-13415.0,11485.0,36647.47,45506.7,8859.229999999996,2625.77
