,DONOTIMPORT,JOURNAL,DATE,REVERSEDATE,DESCRIPTION,REFERENCE_NO,SOURCEENTITY,LINE_NO,ACCT_NO,LOCATION_ID,DEPT_ID,GLENTRY_CLASSID,GLENTRY_PROJECTID,DOCUMENT,MEMO,DEBIT,CREDIT,CURRENCY,EXCH_RATE_DATE,EXCH_RATE_TYPE_ID,EXCHANGE_RATE,GLENTRY_CUSTOMERID,GLENTRY_VENDORID,GLENTRY_EMPLOYEEID,GLENTRY_ITEMID,ALLOCATION_ID
0,,GJ,3/24/2026,,"Wedbush_Trading gain (loss), net_20260324",,,,12100,303P,D24300,ARB00017_USD,,,,817.5,,,,,,C00017,,,,
1,,GJ,3/24/2026,,"Wedbush_Trading gain (loss), net_20260324",,,,12100,303P,D24300,ARB00020_USD,,,,,92983.85,,,,,C00020,,,,
2,,GJ,3/24/2026,,"Wedbush_Trading gain (loss), net_20260324",,,,12100,303P,D21300,ARB00033_USD,,,,,14476.200000001043,,,,,C00033,,,,
3,,GJ,3/24/2026,,"Wedbush_Trading gain (loss), net_20260324",,,,12100,303P,D21300,ARB00054_USD,,,,78395.0,,,,,,C00054,,,,
4,,GJ,3/24/2026,,"Wedbush_Trading gain (loss), net_20260324",,,,12100,303P,D21300,ARB00055_USD,,,,,68825.0,,,,,C00054,,,,
5,,GJ,3/24/2026,,"Wedbush_Trading gain (loss), net_20260324",,,,12100,303P,D21300,ARB00068_USD,,,,,58218.75,,,,,C03068,,,,
6,,GJ,3/24/2026,,"Wedbush_Trading gain (loss), net_20260324",,,,12100,303P,D21300,ARB00090_USD,,,,,10877.900000000001,,,,,C00090,,,,
7,,GJ,3/24/2026,,"Wedbush_Trading gain (loss), net_20260324",,,,12100,303P,D23300,ARB00110_USD,,,,1280.0,,,,,,C00110,,,,
8,,GJ,3/24/2026,,"Wedbush_Trading gain (loss), net_20260324",,,,12100,303P,D23300,ARB00112_USD,,,,,17525.0,,,,,C00112,,,,
9,,GJ,3/24/2026,,"Wedbush_Trading gain (loss), net_20260324",,,,12100,303P,D23300,ARB00113_USD,,,,,1510.0,,,,,C00112,,,,
10,,GJ,3/24/2026,,"Wedbush_Trading gain (loss), net_20260324",,,,12100,303P,D23300,ARB00122_USD,,,,4164.0,,,,,,C00122,,,,
11,,GJ,3/24/2026,,"Wedbush_Trading gain (loss), net_20260324",,,,12100,303P,D23080,ARB00123_USD,,,,213793.0,,,,,,C01231,,,,
12,,GJ,3/24/2026,,"Wedbush_Trading gain (loss), net_20260324",,,,12100,303P,D23020,ARB00124_USD,,,,,85756.44,,,,,C00124,,,,
13,,GJ,3/24/2026,,"Wedbush_Trading gain (loss), net_20260324",,,,12100,303P,D23020,ARB00126_USD,,,,,10820.0,,,,,C00426,,,,
14,,GJ,3/24/2026,,"Wedbush_Trading gain (loss), net_20260324",,,,12100,303P,D23300,ARB00132_USD,,,,3417.5,,,,,,C00132,,,,
15,,GJ,3/24/2026,,"Wedbush_Trading gain (loss), net_20260324",,,,12100,303P,D23300,ARB00135_USD,,,,115.0,,,,,,C00135,,,,
16,,GJ,3/24/2026,,"Wedbush_Trading gain (loss), net_20260324",,,,12100,303P,D23020,ARB00143_USD,,,,,13392.0,,,,,C00125,,,,
17,,GJ,3/24/2026,,"Wedbush_Trading gain (loss), net_20260324",,,,12100,303P,D23020,ARB00146_USD,,,,402.0,,,,,,C00146,,,,
18,,GJ,3/24/2026,,"Wedbush_Trading gain (loss), net_20260324",,,,12100,303P,D23300,ARB00149_USD,,,,26422.0,,,,,,C00149,,,,
19,,GJ,3/24/2026,,"Wedbush_Trading gain (loss), net_20260324",,,,12100,303P,D23300,ARB00156_USD,,,,,38275.04000000004,,,,,C00156,,,,
20,,GJ,3/24/2026,,"Wedbush_Trading gain (loss), net_20260324",,,,12100,303P,D23300,ARB00159_USD,,,,,837.5,,,,,C00159,,,,
21,,GJ,3/24/2026,,"Wedbush_Trading gain (loss), net_20260324",,,,12100,303P,D23010,ARB00160_USD,,,,,3037.0,,,,,C00160,,,,
22,,GJ,3/24/2026,,"Wedbush_Trading gain (loss), net_20260324",,,,12100,303P,D23010,ARB00161_USD,,,,15367.75,,,,,,C00161,,,,
23,,GJ,3/24/2026,,"Wedbush_Trading gain (loss), net_20260324",,,,12100,303P,D23010,ARB00169_USD,,,,7984.760000000009,,,,,,C00469,,,,
24,,GJ,3/24/2026,,"Wedbush_Trading gain (loss), net_20260324",,,,12100,303P,D23060,ARB00186_USD,,,,68861.0,,,,,,C00186,,,,
25,,GJ,3/24/2026,,"Wedbush_Trading gain (loss), net_20260324",,,,12100,303P,D23060,ARB00188_USD,,,,4141.0,,,,,,C00186,,,,
26,,GJ,3/24/2026,,"Wedbush_Trading gain (loss), net_20260324",,,,12100,303P,D23300,ARB00193_USD,,,,,57932.0,,,,,C00193,,,,
27,,GJ,3/24/2026,,"Wedbush_Trading gain (loss), net_20260324",,,,12100,303P,D23300,ARB00194_USD,,,,56791.8,,,,,,C00194,,,,
28,,GJ,3/24/2026,,"Wedbush_Trading gain (loss), net_20260324",,,,12100,303P,D22000,ARB00201_USD,,,,2418.369999999999,,,,,,C00201,,,,
29,,GJ,3/24/2026,,"Wedbush_Trading gain (loss), net_20260324",,,,12100,303P,D22000,ARB00203_USD,,,,440.0,,,,,,C00203,,,,
30,,GJ,3/24/2026,,"Wedbush_Trading gain (loss), net_20260324",,,,12100,303P,D22000,ARB00214_USD,,,,3711.78,,,,,,C00214,,,,
31,,GJ,3/24/2026,,"Wedbush_Trading gain (loss), net_20260324",,,,12100,303P,D22000,ARB00215_USD,,,,27945.58,,,,,,C00215,,,,
32,,GJ,3/24/2026,,"Wedbush_Trading gain (loss), net_20260324",,,,12100,303P,D22000,ARB00220_USD,,,,20317.57,,,,,,C00220,,,,
33,,GJ,3/24/2026,,"Wedbush_Trading gain (loss), net_20260324",,,,12100,303P,D22000,ARB00257_USD,,,,50309.01,,,,,,C00257,,,,
34,,GJ,3/24/2026,,"Wedbush_Trading gain (loss), net_20260324",,,,12100,303P,D22000,ARB00267_USD,,,,17791.65,,,,,,C00267,,,,
35,,GJ,3/24/2026,,"Wedbush_Trading gain (loss), net_20260324",,,,12100,ATGN,D24300,ARB00320_EUR,,,,,7375.0,,,,,C00020,,,,
36,,GJ,3/24/2026,,"Wedbush_Trading gain (loss), net_20260324",,,,12100,ATGN,D24300,ARB00320_GBP,,,,9850.0,,,,,,C00020,,,,
37,,GJ,3/24/2026,,"Wedbush_Trading gain (loss), net_20260324",,,,12100,ATGN,D21300,ARB00333_EUR,,,,,6675.0,,,,,C00033,,,,
38,,GJ,3/24/2026,,"Wedbush_Trading gain (loss), net_20260324",,,,12100,ATGN,D21300,ARB00333_GBP,,,,,387.5,,,,,C00033,,,,
39,,GJ,3/24/2026,,"Wedbush_Trading gain (loss), net_20260324",,,,12100,ATGN,D21300,ARB00354_USD,,,,14038.4,,,,,,C00054,,,,
40,,GJ,3/24/2026,,"Wedbush_Trading gain (loss), net_20260324",,,,12100,ATGN,D21300,ARB00355_EUR,,,,,7037.5,,,,,C00054,,,,
41,,GJ,3/24/2026,,"Wedbush_Trading gain (loss), net_20260324",,,,12100,ATGN,D21300,ARB00355_GBP,,,,,2100.0,,,,,C00054,,,,
42,,GJ,3/24/2026,,"Wedbush_Trading gain (loss), net_20260324",,,,12100,ATGN,D21300,ARB00390_CAD,,,,15176.0,,,,,,C00090,,,,
43,,GJ,3/24/2026,,"Wedbush_Trading gain (loss), net_20260324",,,,12100,ATGN,D21300,ARB00390_USD,,,,487740.0,,,,,,C00090,,,,
44,,GJ,3/24/2026,,"Wedbush_Trading gain (loss), net_20260324",,,,12100,ATGN,D23300,ARB00410_EUR,,,,,0.0,,,,,C00110,,,,
45,,GJ,3/24/2026,,"Wedbush_Trading gain (loss), net_20260324",,,,12100,ATGN,D23300,ARB00410_GBP,,,,170.0,,,,,,C00110,,,,
46,,GJ,3/24/2026,,"Wedbush_Trading gain (loss), net_20260324",,,,12100,ATGN,D23300,ARB00412_EUR,,,,5043.75,,,,,,C00112,,,,
47,,GJ,3/24/2026,,"Wedbush_Trading gain (loss), net_20260324",,,,12100,ATGN,D23300,ARB00412_GBP,,,,,1350.0,,,,,C00112,,,,
48,,GJ,3/24/2026,,"Wedbush_Trading gain (loss), net_20260324",,,,12100,ATGN,D23300,ARB00412_USD,,,,4417.2,,,,,,C00112,,,,
49,,GJ,3/24/2026,,"Wedbush_Trading gain (loss), net_20260324",,,,12100,ATGN,D23300,ARB00422_EUR,,,,,0.0,,,,,C00122,,,,
50,,GJ,3/24/2026,,"Wedbush_Trading gain (loss), net_20260324",,,,12100,ATGN,D23300,ARB00422_GBP,,,,,810.0,,,,,C00122,,,,
51,,GJ,3/24/2026,,"Wedbush_Trading gain (loss), net_20260324",,,,12100,ATGN,D23300,ARB00422_USD,,,,32281.0,,,,,,C00122,,,,
52,,GJ,3/24/2026,,"Wedbush_Trading gain (loss), net_20260324",,,,12100,ATGN,D23080,ARB00423_CAD,,,,32990.0,,,,,,C01231,,,,
53,,GJ,3/24/2026,,"Wedbush_Trading gain (loss), net_20260324",,,,12100,ATGN,D23080,ARB00423_EUR,,,,,0.0,,,,,C01231,,,,
54,,GJ,3/24/2026,,"Wedbush_Trading gain (loss), net_20260324",,,,12100,ATGN,D23080,ARB00423_GBP,,,,,10320.0,,,,,C01231,,,,
55,,GJ,3/24/2026,,"Wedbush_Trading gain (loss), net_20260324",,,,12100,ATGN,D23080,ARB00423_USD,,,,164609.80000000002,,,,,,C01231,,,,
56,,GJ,3/24/2026,,"Wedbush_Trading gain (loss), net_20260324",,,,12100,ATGN,D23020,ARB00424_CAD,,,,48540.0,,,,,,C00124,,,,
57,,GJ,3/24/2026,,"Wedbush_Trading gain (loss), net_20260324",,,,12100,ATGN,D23020,ARB00424_EUR,,,,,0.0,,,,,C00124,,,,
58,,GJ,3/24/2026,,"Wedbush_Trading gain (loss), net_20260324",,,,12100,ATGN,D23020,ARB00424_GBP,,,,10520.0,,,,,,C00124,,,,
59,,GJ,3/24/2026,,"Wedbush_Trading gain (loss), net_20260324",,,,12100,ATGN,D23020,ARB00424_USD,,,,235169.5,,,,,,C00124,,,,
60,,GJ,3/24/2026,,"Wedbush_Trading gain (loss), net_20260324",,,,12100,ATGN,D23020,ARB00425_CAD,,,,17254.0,,,,,,C00125,,,,
61,,GJ,3/24/2026,,"Wedbush_Trading gain (loss), net_20260324",,,,12100,ATGN,D23020,ARB00425_EUR,,,,,0.0,,,,,C00125,,,,
62,,GJ,3/24/2026,,"Wedbush_Trading gain (loss), net_20260324",,,,12100,ATGN,D23020,ARB00425_GBP,,,,2160.0,,,,,,C00125,,,,
63,,GJ,3/24/2026,,"Wedbush_Trading gain (loss), net_20260324",,,,12100,ATGN,D23020,ARB00425_USD,,,,212148.4,,,,,,C00125,,,,
64,,GJ,3/24/2026,,"Wedbush_Trading gain (loss), net_20260324",,,,12100,ATGN,D23020,ARB00426_CAD,,,,15602.0,,,,,,C00426,,,,
65,,GJ,3/24/2026,,"Wedbush_Trading gain (loss), net_20260324",,,,12100,ATGN,D23020,ARB00426_EUR,,,,,0.0,,,,,C00426,,,,
66,,GJ,3/24/2026,,"Wedbush_Trading gain (loss), net_20260324",,,,12100,ATGN,D23020,ARB00426_GBP,,,,2810.0,,,,,,C00426,,,,
67,,GJ,3/24/2026,,"Wedbush_Trading gain (loss), net_20260324",,,,12100,ATGN,D23020,ARB00426_USD,,,,92994.8,,,,,,C00426,,,,
68,,GJ,3/24/2026,,"Wedbush_Trading gain (loss), net_20260324",,,,12100,ATGN,D23300,ARB00432_EUR,,,,,26625.0,,,,,C00132,,,,
69,,GJ,3/24/2026,,"Wedbush_Trading gain (loss), net_20260324",,,,12100,ATGN,D23300,ARB00432_GBP,,,,15312.5,,,,,,C00132,,,,
70,,GJ,3/24/2026,,"Wedbush_Trading gain (loss), net_20260324",,,,12100,ATGN,D23300,ARB00432_USD,,,,10632.0,,,,,,C00132,,,,
71,,GJ,3/24/2026,,"Wedbush_Trading gain (loss), net_20260324",,,,12100,ATGN,D23300,ARB00435_EUR,,,,,0.0,,,,,C00135,,,,
72,,GJ,3/24/2026,,"Wedbush_Trading gain (loss), net_20260324",,,,12100,ATGN,D23300,ARB00435_GBP,,,,,0.0,,,,,C00135,,,,
73,,GJ,3/24/2026,,"Wedbush_Trading gain (loss), net_20260324",,,,12100,ATGN,D23300,ARB00435_USD,,,,32869.6,,,,,,C00135,,,,
74,,GJ,3/24/2026,,"Wedbush_Trading gain (loss), net_20260324",,,,12100,ATGN,D23020,ARB00442_EUR,,,,,0.0,,,,,C00124,,,,
75,,GJ,3/24/2026,,"Wedbush_Trading gain (loss), net_20260324",,,,12100,ATGN,D23020,ARB00442_GBP,,,,10.0,,,,,,C00124,,,,
76,,GJ,3/24/2026,,"Wedbush_Trading gain (loss), net_20260324",,,,12100,ATGN,D23020,ARB00442_USD,,,,17620.799999999996,,,,,,C00124,,,,
77,,GJ,3/24/2026,,"Wedbush_Trading gain (loss), net_20260324",,,,12100,ATGN,D23020,ARB00443_USD,,,,,156.8,,,,,C00125,,,,
78,,GJ,3/24/2026,,"Wedbush_Trading gain (loss), net_20260324",,,,12100,ATGN,D23020,ARB00444_USD,,,,448.0,,,,,,C00426,,,,
79,,GJ,3/24/2026,,"Wedbush_Trading gain (loss), net_20260324",,,,12100,ATGN,D23020,ARB00446_EUR,,,,,0.0,,,,,C00146,,,,
80,,GJ,3/24/2026,,"Wedbush_Trading gain (loss), net_20260324",,,,12100,ATGN,D23020,ARB00446_GBP,,,,5070.0,,,,,,C00146,,,,
81,,GJ,3/24/2026,,"Wedbush_Trading gain (loss), net_20260324",,,,12100,ATGN,D23020,ARB00446_USD,,,,35874.6,,,,,,C00146,,,,
82,,GJ,3/24/2026,,"Wedbush_Trading gain (loss), net_20260324",,,,12100,ATGN,D23300,ARB00449_EUR,,,,,0.0,,,,,C00149,,,,
83,,GJ,3/24/2026,,"Wedbush_Trading gain (loss), net_20260324",,,,12100,ATGN,D23300,ARB00449_GBP,,,,30.0,,,,,,C00149,,,,
84,,GJ,3/24/2026,,"Wedbush_Trading gain (loss), net_20260324",,,,12100,ATGN,D23300,ARB00449_USD,,,,58161.999999999985,,,,,,C00149,,,,
85,,GJ,3/24/2026,,"Wedbush_Trading gain (loss), net_20260324",,,,12100,ATGN,D23300,ARB00456_EUR,,,,,33200.0,,,,,C00156,,,,
86,,GJ,3/24/2026,,"Wedbush_Trading gain (loss), net_20260324",,,,12100,ATGN,D23300,ARB00456_GBP,,,,9362.5,,,,,,C00156,,,,
87,,GJ,3/24/2026,,"Wedbush_Trading gain (loss), net_20260324",,,,12100,ATGN,D23300,ARB00456_USD,,,,127820.2,,,,,,C00156,,,,
88,,GJ,3/24/2026,,"Wedbush_Trading gain (loss), net_20260324",,,,12100,ATGN,D23010,ARB00460_CAD,,,,47232.0,,,,,,C00160,,,,
89,,GJ,3/24/2026,,"Wedbush_Trading gain (loss), net_20260324",,,,12100,ATGN,D23010,ARB00460_USD,,,,,725.0,,,,,C00160,,,,
90,,GJ,3/24/2026,,"Wedbush_Trading gain (loss), net_20260324",,,,12100,ATGN,D23010,ARB00461_CAD,,,,15312.0,,,,,,C00161,,,,
91,,GJ,3/24/2026,,"Wedbush_Trading gain (loss), net_20260324",,,,12100,ATGN,D23010,ARB00461_USD,,,,,0.0,,,,,C00161,,,,
92,,GJ,3/24/2026,,"Wedbush_Trading gain (loss), net_20260324",,,,12100,ATGN,D23010,ARB00469_CAD,,,,49720.0,,,,,,C00469,,,,
93,,GJ,3/24/2026,,"Wedbush_Trading gain (loss), net_20260324",,,,12100,ATGN,D23010,ARB00469_EUR,,,,,0.0,,,,,C00469,,,,
94,,GJ,3/24/2026,,"Wedbush_Trading gain (loss), net_20260324",,,,12100,ATGN,D23010,ARB00469_GBP,,,,7230.0,,,,,,C00469,,,,
95,,GJ,3/24/2026,,"Wedbush_Trading gain (loss), net_20260324",,,,12100,ATGN,D23010,ARB00469_USD,,,,14423.849999999999,,,,,,C00469,,,,
96,,GJ,3/24/2026,,"Wedbush_Trading gain (loss), net_20260324",,,,12100,ATGN,D23060,ARB00486_EUR,,,,,0.0,,,,,C00186,,,,
97,,GJ,3/24/2026,,"Wedbush_Trading gain (loss), net_20260324",,,,12100,ATGN,D23060,ARB00486_GBP,,,,,0.0,,,,,C00186,,,,
98,,GJ,3/24/2026,,"Wedbush_Trading gain (loss), net_20260324",,,,12100,ATGN,D23060,ARB00486_USD,,,,73438.75,,,,,,C00186,,,,
99,,GJ,3/24/2026,,"Wedbush_Trading gain (loss), net_20260324",,,,12100,ATGN,D23060,ARB00488_EUR,,,,,0.0,,,,,C00186,,,,
100,,GJ,3/24/2026,,"Wedbush_Trading gain (loss), net_20260324",,,,12100,ATGN,D23060,ARB00488_GBP,,,,,0.0,,,,,C00186,,,,
101,,GJ,3/24/2026,,"Wedbush_Trading gain (loss), net_20260324",,,,12100,ATGN,D23060,ARB00488_USD,,,,7276.25,,,,,,C00186,,,,
102,,GJ,3/24/2026,,"Wedbush_Trading gain (loss), net_20260324",,,,12100,ATGN,D23300,ARB00493_CAD,,,,22018.0,,,,,,C00193,,,,
103,,GJ,3/24/2026,,"Wedbush_Trading gain (loss), net_20260324",,,,12100,ATGN,D23300,ARB00493_EUR,,,,,0.0,,,,,C00193,,,,
104,,GJ,3/24/2026,,"Wedbush_Trading gain (loss), net_20260324",,,,12100,ATGN,D23300,ARB00493_GBP,,,,600.0,,,,,,C00193,,,,
105,,GJ,3/24/2026,,"Wedbush_Trading gain (loss), net_20260324",,,,12100,ATGN,D23300,ARB00493_USD,,,,,895.0,,,,,C00193,,,,
106,,GJ,3/24/2026,,"Wedbush_Trading gain (loss), net_20260324",,,,12100,ATGN,D23300,ARB00494_CAD,,,,22906.0,,,,,,C00194,,,,
107,,GJ,3/24/2026,,"Wedbush_Trading gain (loss), net_20260324",,,,12100,ATGN,D23300,ARB00494_EUR,,,,,0.0,,,,,C00194,,,,
108,,GJ,3/24/2026,,"Wedbush_Trading gain (loss), net_20260324",,,,12100,ATGN,D23300,ARB00494_GBP,,,,4700.0,,,,,,C00194,,,,
109,,GJ,3/24/2026,,"Wedbush_Trading gain (loss), net_20260324",,,,12100,ATGN,D23300,ARB00494_USD,,,,128860.2,,,,,,C00194,,,,
110,,GJ,3/24/2026,,"Wedbush_Trading gain (loss), net_20260324",,,,12100,ATGN,D22000,ARB00501_EUR,,,,,1525.0,,,,,C00201,,,,
111,,GJ,3/24/2026,,"Wedbush_Trading gain (loss), net_20260324",,,,12100,ATGN,D22000,ARB00501_GBP,,,,,0.0,,,,,C00201,,,,
112,,GJ,3/24/2026,,"Wedbush_Trading gain (loss), net_20260324",,,,12100,ATGN,D22000,ARB00503_EUR,,,,,0.0,,,,,C00203,,,,
113,,GJ,3/24/2026,,"Wedbush_Trading gain (loss), net_20260324",,,,12100,ATGN,D22000,ARB00503_GBP,,,,,0.0,,,,,C00203,,,,
114,,GJ,3/24/2026,,"Wedbush_Trading gain (loss), net_20260324",,,,12100,ATGN,D22000,ARB00503_USD,,,,1149.7999999999993,,,,,,C00203,,,,
115,,GJ,3/24/2026,,"Wedbush_Trading gain (loss), net_20260324",,,,12100,ATGN,D22000,ARB00514_EUR,,,,,0.0,,,,,C00214,,,,
116,,GJ,3/24/2026,,"Wedbush_Trading gain (loss), net_20260324",,,,12100,ATGN,D22000,ARB00514_GBP,,,,640.0,,,,,,C00214,,,,
117,,GJ,3/24/2026,,"Wedbush_Trading gain (loss), net_20260324",,,,12100,ATGN,D22000,ARB00520_EUR,,,,,0.0,,,,,C00220,,,,
118,,GJ,3/24/2026,,"Wedbush_Trading gain (loss), net_20260324",,,,12100,ATGN,D22000,ARB00520_GBP,,,,1700.0,,,,,,C00220,,,,
119,,GJ,3/24/2026,,"Wedbush_Trading gain (loss), net_20260324",,,,12100,ATGN,D22000,ARB00557_EUR,,,,112.5,,,,,,C00257,,,,
120,,GJ,3/24/2026,,"Wedbush_Trading gain (loss), net_20260324",,,,12100,ATGN,D22000,ARB00557_GBP,,,,895.0,,,,,,C00257,,,,
121,,GJ,3/24/2026,,"Wedbush_Trading gain (loss), net_20260324",,,,12100,ATGN,D22000,ARB00567_EUR,,,,,0.0,,,,,C00267,,,,
122,,GJ,3/24/2026,,"Wedbush_Trading gain (loss), net_20260324",,,,12100,ATGN,D22000,ARB00567_GBP,,,,1450.0,,,,,,C00267,,,,
123,,GJ,3/24/2026,,"Wedbush_Trading gain (loss), net_20260324",,,,12100,ATGN,D22000,ARB00567_USD,,,,15543.6,,,,,,C00267,,,,
124,,GJ,3/24/2026,,"Wedbush_Trading gain (loss), net_20260324",,,,12100,303S,D21300,ARB00754_USD,,,,,183830.00999999518,,,,,C00754,,,,
125,,GJ,3/24/2026,,"Wedbush_Trading gain (loss), net_20260324",,,,12100,303S,D21030,ARB00765_USD,,,,50883.060000000296,,,,,,C00765,,,,
126,,GJ,3/24/2026,,"Wedbush_Trading gain (loss), net_20260324",,,,12100,303P,D21030,ARB01002_USD,,,,,1710.25,,,,,C01064,,,,
127,,GJ,3/24/2026,,"Wedbush_Trading gain (loss), net_20260324",,,,12100,303P,D21300,ARB01057_MXN,,,,550747.0,,,,,,C01057,,,,
128,,GJ,3/24/2026,,"Wedbush_Trading gain (loss), net_20260324",,,,12100,303P,D21300,ARB01057_USD,,,,,860130.38,,,,,C01057,,,,
129,,GJ,3/24/2026,,"Wedbush_Trading gain (loss), net_20260324",,,,12100,303P,D21030,ARB01063_JPY,,,,2560750.0,,,,,,C01063,,,,
130,,GJ,3/24/2026,,"Wedbush_Trading gain (loss), net_20260324",,,,12100,303P,D21030,ARB01063_USD,,,,73830.53999999966,,,,,,C01063,,,,
131,,GJ,3/24/2026,,"Wedbush_Trading gain (loss), net_20260324",,,,12100,303P,D21030,ARB01064_USD,,,,11281.720000000894,,,,,,C01064,,,,
132,,GJ,3/24/2026,,"Wedbush_Trading gain (loss), net_20260324",,,,12100,303P,D21030,ARB01065_USD,,,,8650.910000000003,,,,,,C01065,,,,
133,,GJ,3/24/2026,,"Wedbush_Trading gain (loss), net_20260324",,,,12100,303P,D21030,ARB01066_USD,,,,3715.0399999999995,,,,,,C01066,,,,
134,,GJ,3/24/2026,,"Wedbush_Trading gain (loss), net_20260324",,,,12100,303P,D21030,ARB01067_USD,,,,160.0,,,,,,C01067,,,,
135,,GJ,3/24/2026,,"Wedbush_Trading gain (loss), net_20260324",,,,12100,303P,D21030,ARB01071_USD,,,,21313.699999999997,,,,,,C01071,,,,
136,,GJ,3/24/2026,,"Wedbush_Trading gain (loss), net_20260324",,,,12100,303P,D21030,ARB01076_USD,,,,47102.0,,,,,,C01076,,,,
137,,GJ,3/24/2026,,"Wedbush_Trading gain (loss), net_20260324",,,,12100,303P,D21030,ARB01078_USD,,,,87994.85,,,,,,C01078,,,,
138,,GJ,3/24/2026,,"Wedbush_Trading gain (loss), net_20260324",,,,12100,303P,D21030,ARB01092_USD,,,,88873.75,,,,,,C01092,,,,
139,,GJ,3/24/2026,,"Wedbush_Trading gain (loss), net_20260324",,,,12100,303P,D23020,ARB01117_USD,,,,,662.5,,,,,C01117,,,,
140,,GJ,3/24/2026,,"Wedbush_Trading gain (loss), net_20260324",,,,12100,303P,D23300,ARB01145_USD,,,,,343811.94999999995,,,,,C01145,,,,
141,,GJ,3/24/2026,,"Wedbush_Trading gain (loss), net_20260324",,,,12100,303P,D23010,ARB01157_USD,,,,,715.5,,,,,C01157,,,,
142,,GJ,3/24/2026,,"Wedbush_Trading gain (loss), net_20260324",,,,12100,303P,D23010,ARB01158_USD,,,,,125748.75,,,,,C01158,,,,
143,,GJ,3/24/2026,,"Wedbush_Trading gain (loss), net_20260324",,,,12100,303P,D23010,ARB01166_USD,,,,6969.0,,,,,,C01166,,,,
144,,GJ,3/24/2026,,"Wedbush_Trading gain (loss), net_20260324",,,,12100,303P,D23010,ARB01172_USD,,,,,2312.25,,,,,C01172,,,,
145,,GJ,3/24/2026,,"Wedbush_Trading gain (loss), net_20260324",,,,12100,303P,D23010,ARB01176_USD,,,,,116263.85,,,,,C01176,,,,
146,,GJ,3/24/2026,,"Wedbush_Trading gain (loss), net_20260324",,,,12100,303P,D23010,ARB01177_USD,,,,,2889.0,,,,,C00469,,,,
147,,GJ,3/24/2026,,"Wedbush_Trading gain (loss), net_20260324",,,,12100,303P,D23300,ARB01195_USD,,,,,2480.0,,,,,C00193,,,,
148,,GJ,3/24/2026,,"Wedbush_Trading gain (loss), net_20260324",,,,12100,ATGN,D21300,ARB01357_CHF,,,,,46612.5,,,,,C01057,,,,
149,,GJ,3/24/2026,,"Wedbush_Trading gain (loss), net_20260324",,,,12100,ATGN,D21300,ARB01357_EUR,,,,283800.0,,,,,,C01057,,,,
150,,GJ,3/24/2026,,"Wedbush_Trading gain (loss), net_20260324",,,,12100,ATGN,D21300,ARB01357_GBP,,,,,250054.55000001192,,,,,C01057,,,,
151,,GJ,3/24/2026,,"Wedbush_Trading gain (loss), net_20260324",,,,12100,ATGN,D21300,ARB01357_USD,,,,897350.0,,,,,,C01057,,,,
152,,GJ,3/24/2026,,"Wedbush_Trading gain (loss), net_20260324",,,,12100,ATGN,D23020,ARB01400_EUR,,,,,0.0,,,,,C00146,,,,
153,,GJ,3/24/2026,,"Wedbush_Trading gain (loss), net_20260324",,,,12100,ATGN,D23020,ARB01400_GBP,,,,,0.0,,,,,C00146,,,,
154,,GJ,3/24/2026,,"Wedbush_Trading gain (loss), net_20260324",,,,12100,ATGN,D23020,ARB01400_USD,,,,,774.7999999999993,,,,,C00146,,,,
155,,GJ,3/24/2026,,"Wedbush_Trading gain (loss), net_20260324",,,,12100,ATGN,D23020,ARB01417_EUR,,,,,0.0,,,,,C01117,,,,
156,,GJ,3/24/2026,,"Wedbush_Trading gain (loss), net_20260324",,,,12100,ATGN,D23020,ARB01417_GBP,,,,,0.0,,,,,C01117,,,,
157,,GJ,3/24/2026,,"Wedbush_Trading gain (loss), net_20260324",,,,12100,ATGN,D23020,ARB01417_USD,,,,153945.65,,,,,,C01117,,,,
158,,GJ,3/24/2026,,"Wedbush_Trading gain (loss), net_20260324",,,,12100,ATGN,D23300,ARB01445_EUR,,,,,9637.5,,,,,C01145,,,,
159,,GJ,3/24/2026,,"Wedbush_Trading gain (loss), net_20260324",,,,12100,ATGN,D23300,ARB01445_GBP,,,,,2737.5,,,,,C01145,,,,
160,,GJ,3/24/2026,,"Wedbush_Trading gain (loss), net_20260324",,,,12100,ATGN,D23010,ARB01457_CAD,,,,,216.0,,,,,C01157,,,,
161,,GJ,3/24/2026,,"Wedbush_Trading gain (loss), net_20260324",,,,12100,ATGN,D23010,ARB01457_USD,,,,6960.0,,,,,,C01157,,,,
162,,GJ,3/24/2026,,"Wedbush_Trading gain (loss), net_20260324",,,,12100,ATGN,D23010,ARB01458_CAD,,,,9768.0,,,,,,C01158,,,,
163,,GJ,3/24/2026,,"Wedbush_Trading gain (loss), net_20260324",,,,12100,ATGN,D23010,ARB01458_USD,,,,176335.0,,,,,,C01158,,,,
164,,GJ,3/24/2026,,"Wedbush_Trading gain (loss), net_20260324",,,,12100,ATGN,D23010,ARB01466_CAD,,,,5458.0,,,,,,C01166,,,,
165,,GJ,3/24/2026,,"Wedbush_Trading gain (loss), net_20260324",,,,12100,ATGN,D23010,ARB01466_USD,,,,615.0,,,,,,C01166,,,,
166,,GJ,3/24/2026,,"Wedbush_Trading gain (loss), net_20260324",,,,12100,ATGN,D23010,ARB01472_CAD,,,,28134.0,,,,,,C01172,,,,
167,,GJ,3/24/2026,,"Wedbush_Trading gain (loss), net_20260324",,,,12100,ATGN,D23010,ARB01472_USD,,,,,0.0,,,,,C01172,,,,
168,,GJ,3/24/2026,,"Wedbush_Trading gain (loss), net_20260324",,,,12100,ATGN,D23010,ARB01476_EUR,,,,,4487.5,,,,,C01176,,,,
169,,GJ,3/24/2026,,"Wedbush_Trading gain (loss), net_20260324",,,,12100,ATGN,D23010,ARB01476_GBP,,,,,19300.0,,,,,C01176,,,,
170,,GJ,3/24/2026,,"Wedbush_Trading gain (loss), net_20260324",,,,12100,ATGN,D23010,ARB01476_USD,,,,40483.2,,,,,,C01176,,,,
171,,GJ,3/24/2026,,"Wedbush_Trading gain (loss), net_20260324",,,,12100,303P,D21300,ARB01606_USD,,,,25097.25,,,,,,C01606,,,,
172,,GJ,3/24/2026,,"Wedbush_Trading gain (loss), net_20260324",,,,12100,303P,D21300,ARB01607_EUR,,,,,7890.0,,,,,C01607,,,,
173,,GJ,3/24/2026,,"Wedbush_Trading gain (loss), net_20260324",,,,12100,303P,D21300,ARB01607_USD,,,,,24438.5,,,,,C01607,,,,
174,,GJ,3/24/2026,,"Wedbush_Trading gain (loss), net_20260324",,,,12100,303P,D21300,ARB01612_USD,,,,,272.5,,,,,C01612,,,,
175,,GJ,3/24/2026,,"Wedbush_Trading gain (loss), net_20260324",,,,12100,303P,D21300,ARB01613_USD,,,,,903.75,,,,,C01613,,,,
176,,GJ,3/24/2026,,"Wedbush_Trading gain (loss), net_20260324",,,,12100,303P,D21300,ARB02012_USD,,,,,106535.5,,,,,C02012,,,,
177,,GJ,3/24/2026,,"Wedbush_Trading gain (loss), net_20260324",,,,12100,303P,D21300,ARB02040_USD,,,,17788.52,,,,,,C02040,,,,
178,,GJ,3/24/2026,,"Wedbush_Trading gain (loss), net_20260324",,,,12100,303P,D21300,ARB02043_USD,,,,804045.22,,,,,,C02520,,,,
179,,GJ,3/24/2026,,"Wedbush_Trading gain (loss), net_20260324",,,,12100,303P,D21300,ARB02044_USD,,,,330123.97000000003,,,,,,C02044,,,,
180,,GJ,3/24/2026,,"Wedbush_Trading gain (loss), net_20260324",,,,12100,303P,D21300,ARB02045_USD,,,,24427.96,,,,,,C02045,,,,
181,,GJ,3/24/2026,,"Wedbush_Trading gain (loss), net_20260324",,,,12100,303P,D21030,ARB02047_USD,,,,,26200.0,,,,,C01092,,,,
182,,GJ,3/24/2026,,"Wedbush_Trading gain (loss), net_20260324",,,,12100,303P,D21030,ARB02052_USD,,,,7038.0,,,,,,C01078,,,,
183,,GJ,3/24/2026,,"Wedbush_Trading gain (loss), net_20260324",,,,12100,303P,D21300,ARB02055_USD,,,,,11196.989999999998,,,,,C00054,,,,
184,,GJ,3/24/2026,,"Wedbush_Trading gain (loss), net_20260324",,,,12100,303P,D21300,ARB02076_USD,,,,,147924.78,,,,,C02076,,,,
185,,GJ,3/24/2026,,"Wedbush_Trading gain (loss), net_20260324",,,,12100,303P,D23010,ARB02102_USD,,,,,524.0,,,,,C02102,,,,
186,,GJ,3/24/2026,,"Wedbush_Trading gain (loss), net_20260324",,,,12100,303P,D23010,ARB02103_USD,,,,,23882.5,,,,,C00163,,,,
187,,GJ,3/24/2026,,"Wedbush_Trading gain (loss), net_20260324",,,,12100,303P,D23080,ARB02116_USD,,,,,17546.5,,,,,C02116,,,,
188,,GJ,3/24/2026,,"Wedbush_Trading gain (loss), net_20260324",,,,12100,303P,D23080,ARB02118_USD,,,,,1286.0,,,,,C01234,,,,
189,,GJ,3/24/2026,,"Wedbush_Trading gain (loss), net_20260324",,,,12100,303P,D23300,ARB02121_USD,,,,,25804.11,,,,,C02121,,,,
190,,GJ,3/24/2026,,"Wedbush_Trading gain (loss), net_20260324",,,,12100,303P,D23020,ARB02129_USD,,,,,23575.5,,,,,C02129,,,,
191,,GJ,3/24/2026,,"Wedbush_Trading gain (loss), net_20260324",,,,12100,303P,D23010,ARB02132_USD,,,,8259.5,,,,,,C02132,,,,
192,,GJ,3/24/2026,,"Wedbush_Trading gain (loss), net_20260324",,,,12100,303P,D23010,ARB02135_USD,,,,5230.0,,,,,,C02135,,,,
193,,GJ,3/24/2026,,"Wedbush_Trading gain (loss), net_20260324",,,,12100,303P,D23010,ARB02136_USD,,,,2452.5,,,,,,C02136,,,,
194,,GJ,3/24/2026,,"Wedbush_Trading gain (loss), net_20260324",,,,12100,303P,D23010,ARB02147_USD,,,,22209.0,,,,,,C02147,,,,
195,,GJ,3/24/2026,,"Wedbush_Trading gain (loss), net_20260324",,,,12100,303P,D23010,ARB02149_USD,,,,1964.0,,,,,,C02149,,,,
196,,GJ,3/24/2026,,"Wedbush_Trading gain (loss), net_20260324",,,,12100,303P,D23060,ARB02152_USD,,,,33540.0,,,,,,C00186,,,,
197,,GJ,3/24/2026,,"Wedbush_Trading gain (loss), net_20260324",,,,12100,303P,D23300,ARB02154_USD,,,,,7805.0,,,,,C00149,,,,
198,,GJ,3/24/2026,,"Wedbush_Trading gain (loss), net_20260324",,,,12100,303P,D23020,ARB02156_USD,,,,532.5,,,,,,C02156,,,,
199,,GJ,3/24/2026,,"Wedbush_Trading gain (loss), net_20260324",,,,12100,303P,D23300,ARB02158_USD,,,,,40537.5,,,,,C01145,,,,
200,,GJ,3/24/2026,,"Wedbush_Trading gain (loss), net_20260324",,,,12100,303P,D23300,ARB02167_USD,,,,,84443.0,,,,,C00118,,,,
201,,GJ,3/24/2026,,"Wedbush_Trading gain (loss), net_20260324",,,,12100,303P,D23300,ARB02168_USD,,,,,3215.0,,,,,C00194,,,,
202,,GJ,3/24/2026,,"Wedbush_Trading gain (loss), net_20260324",,,,12100,303P,D23010,ARB02173_USD,,,,,47145.0,,,,,C00463,,,,
203,,GJ,3/24/2026,,"Wedbush_Trading gain (loss), net_20260324",,,,12100,303P,D23010,ARB02176_USD,,,,,126710.0,,,,,C00463,,,,
204,,GJ,3/24/2026,,"Wedbush_Trading gain (loss), net_20260324",,,,12100,303P,D23010,ARB02177_USD,,,,2364.0,,,,,,C02177,,,,
205,,GJ,3/24/2026,,"Wedbush_Trading gain (loss), net_20260324",,,,12100,303P,D23010,ARB02179_USD,,,,10606.0,,,,,,C02179,,,,
206,,GJ,3/24/2026,,"Wedbush_Trading gain (loss), net_20260324",,,,12100,303P,D23010,ARB02180_USD,,,,,15788.0,,,,,C02180,,,,
207,,GJ,3/24/2026,,"Wedbush_Trading gain (loss), net_20260324",,,,12100,303P,D23010,ARB02181_USD,,,,63261.0,,,,,,C02181,,,,
208,,GJ,3/24/2026,,"Wedbush_Trading gain (loss), net_20260324",,,,12100,303P,D23010,ARB02182_USD,,,,,2985.5,,,,,C02182,,,,
209,,GJ,3/24/2026,,"Wedbush_Trading gain (loss), net_20260324",,,,12100,303P,D23010,ARB02183_USD,,,,4389.5,,,,,,C02183,,,,
210,,GJ,3/24/2026,,"Wedbush_Trading gain (loss), net_20260324",,,,12100,303P,D23010,ARB02184_USD,,,,60516.0,,,,,,C02184,,,,
211,,GJ,3/24/2026,,"Wedbush_Trading gain (loss), net_20260324",,,,12100,303P,D23010,ARB02185_USD,,,,,3830.5,,,,,C02185,,,,
212,,GJ,3/24/2026,,"Wedbush_Trading gain (loss), net_20260324",,,,12100,303P,D23010,ARB02187_USD,,,,,3925.5,,,,,C02187,,,,
213,,GJ,3/24/2026,,"Wedbush_Trading gain (loss), net_20260324",,,,12100,303P,D23010,ARB02190_USD,,,,,12702.5,,,,,C02147,,,,
214,,GJ,3/24/2026,,"Wedbush_Trading gain (loss), net_20260324",,,,12100,303P,D23010,ARB02191_USD,,,,,3048.25,,,,,C00469,,,,
215,,GJ,3/24/2026,,"Wedbush_Trading gain (loss), net_20260324",,,,12100,303P,D23010,ARB02195_USD,,,,,2416.25,,,,,C01172,,,,
216,,GJ,3/24/2026,,"Wedbush_Trading gain (loss), net_20260324",,,,12100,ATGN,D21300,ARB02342_EUR,,,,,0.0,,,,,C02042,,,,
217,,GJ,3/24/2026,,"Wedbush_Trading gain (loss), net_20260324",,,,12100,ATGN,D21300,ARB02342_GBP,,,,,7120.0,,,,,C02042,,,,
218,,GJ,3/24/2026,,"Wedbush_Trading gain (loss), net_20260324",,,,12100,ATGN,D21300,ARB02343_EUR,,,,68950.0,,,,,,C02520,,,,
219,,GJ,3/24/2026,,"Wedbush_Trading gain (loss), net_20260324",,,,12100,ATGN,D21300,ARB02343_GBP,,,,862250.0,,,,,,C02520,,,,
220,,GJ,3/24/2026,,"Wedbush_Trading gain (loss), net_20260324",,,,12100,ATGN,D21300,ARB02343_USD,,,,,22691.6,,,,,C02520,,,,
221,,GJ,3/24/2026,,"Wedbush_Trading gain (loss), net_20260324",,,,12100,ATGN,D21300,ARB02355_USD,,,,6981.0,,,,,,C00054,,,,
222,,GJ,3/24/2026,,"Wedbush_Trading gain (loss), net_20260324",,,,12100,ATGN,D21300,ARB02376_EUR,,,,,0.0,,,,,C02076,,,,
223,,GJ,3/24/2026,,"Wedbush_Trading gain (loss), net_20260324",,,,12100,ATGN,D21300,ARB02376_GBP,,,,2020.0,,,,,,C02076,,,,
224,,GJ,3/24/2026,,"Wedbush_Trading gain (loss), net_20260324",,,,12100,ATGN,D23010,ARB02402_USD,,,,375.0,,,,,,C02102,,,,
225,,GJ,3/24/2026,,"Wedbush_Trading gain (loss), net_20260324",,,,12100,ATGN,D23080,ARB02416_EUR,,,,,0.0,,,,,C02116,,,,
226,,GJ,3/24/2026,,"Wedbush_Trading gain (loss), net_20260324",,,,12100,ATGN,D23080,ARB02416_GBP,,,,570.0,,,,,,C02116,,,,
227,,GJ,3/24/2026,,"Wedbush_Trading gain (loss), net_20260324",,,,12100,ATGN,D23080,ARB02416_USD,,,,36763.2,,,,,,C02116,,,,
228,,GJ,3/24/2026,,"Wedbush_Trading gain (loss), net_20260324",,,,12100,ATGN,D23080,ARB02418_EUR,,,,,0.0,,,,,C01234,,,,
229,,GJ,3/24/2026,,"Wedbush_Trading gain (loss), net_20260324",,,,12100,ATGN,D23080,ARB02418_GBP,,,,3880.0,,,,,,C01234,,,,
230,,GJ,3/24/2026,,"Wedbush_Trading gain (loss), net_20260324",,,,12100,ATGN,D23080,ARB02418_USD,,,,39889.799999999996,,,,,,C01234,,,,
231,,GJ,3/24/2026,,"Wedbush_Trading gain (loss), net_20260324",,,,12100,ATGN,D23300,ARB02421_EUR,,,,2668.75,,,,,,C02121,,,,
232,,GJ,3/24/2026,,"Wedbush_Trading gain (loss), net_20260324",,,,12100,ATGN,D23300,ARB02421_GBP,,,,1737.5,,,,,,C02121,,,,
233,,GJ,3/24/2026,,"Wedbush_Trading gain (loss), net_20260324",,,,12100,ATGN,D23300,ARB02421_USD,,,,,1250.3,,,,,C02121,,,,
234,,GJ,3/24/2026,,"Wedbush_Trading gain (loss), net_20260324",,,,12100,ATGN,D23020,ARB02429_CAD,,,,1110.0,,,,,,C02129,,,,
235,,GJ,3/24/2026,,"Wedbush_Trading gain (loss), net_20260324",,,,12100,ATGN,D23020,ARB02429_EUR,,,,,0.0,,,,,C02129,,,,
236,,GJ,3/24/2026,,"Wedbush_Trading gain (loss), net_20260324",,,,12100,ATGN,D23020,ARB02429_GBP,,,,6190.0,,,,,,C02129,,,,
237,,GJ,3/24/2026,,"Wedbush_Trading gain (loss), net_20260324",,,,12100,ATGN,D23020,ARB02429_USD,,,,36945.2,,,,,,C02129,,,,
238,,GJ,3/24/2026,,"Wedbush_Trading gain (loss), net_20260324",,,,12100,ATGN,D23010,ARB02432_CAD,,,,38460.0,,,,,,C02132,,,,
239,,GJ,3/24/2026,,"Wedbush_Trading gain (loss), net_20260324",,,,12100,ATGN,D23010,ARB02432_USD,,,,65.0,,,,,,C02132,,,,
240,,GJ,3/24/2026,,"Wedbush_Trading gain (loss), net_20260324",,,,12100,ATGN,D23010,ARB02435_CAD,,,,14214.0,,,,,,C02135,,,,
241,,GJ,3/24/2026,,"Wedbush_Trading gain (loss), net_20260324",,,,12100,ATGN,D23010,ARB02435_USD,,,,,135.0,,,,,C02135,,,,
242,,GJ,3/24/2026,,"Wedbush_Trading gain (loss), net_20260324",,,,12100,ATGN,D23010,ARB02436_EUR,,,,,0.0,,,,,C02136,,,,
243,,GJ,3/24/2026,,"Wedbush_Trading gain (loss), net_20260324",,,,12100,ATGN,D23010,ARB02436_GBP,,,,5080.0,,,,,,C02136,,,,
244,,GJ,3/24/2026,,"Wedbush_Trading gain (loss), net_20260324",,,,12100,ATGN,D23010,ARB02436_USD,,,,13175.949999999999,,,,,,C02136,,,,
245,,GJ,3/24/2026,,"Wedbush_Trading gain (loss), net_20260324",,,,12100,ATGN,D23010,ARB02445_USD,,,,39895.0,,,,,,C02145,,,,
246,,GJ,3/24/2026,,"Wedbush_Trading gain (loss), net_20260324",,,,12100,ATGN,D23010,ARB02447_CAD,,,,,5674.0,,,,,C02147,,,,
247,,GJ,3/24/2026,,"Wedbush_Trading gain (loss), net_20260324",,,,12100,ATGN,D23010,ARB02447_USD,,,,1340.0,,,,,,C02147,,,,
248,,GJ,3/24/2026,,"Wedbush_Trading gain (loss), net_20260324",,,,12100,ATGN,D23010,ARB02449_EUR,,,,,0.0,,,,,C02149,,,,
249,,GJ,3/24/2026,,"Wedbush_Trading gain (loss), net_20260324",,,,12100,ATGN,D23010,ARB02449_GBP,,,,730.0,,,,,,C02149,,,,
250,,GJ,3/24/2026,,"Wedbush_Trading gain (loss), net_20260324",,,,12100,ATGN,D23010,ARB02449_USD,,,,12925.1,,,,,,C02149,,,,
251,,GJ,3/24/2026,,"Wedbush_Trading gain (loss), net_20260324",,,,12100,ATGN,D23060,ARB02452_CAD,,,,8.0,,,,,,C00186,,,,
252,,GJ,3/24/2026,,"Wedbush_Trading gain (loss), net_20260324",,,,12100,ATGN,D23060,ARB02452_EUR,,,,,0.0,,,,,C00186,,,,
253,,GJ,3/24/2026,,"Wedbush_Trading gain (loss), net_20260324",,,,12100,ATGN,D23060,ARB02452_GBP,,,,,0.0,,,,,C00186,,,,
254,,GJ,3/24/2026,,"Wedbush_Trading gain (loss), net_20260324",,,,12100,ATGN,D23060,ARB02452_USD,,,,47077.5,,,,,,C00186,,,,
255,,GJ,3/24/2026,,"Wedbush_Trading gain (loss), net_20260324",,,,12100,ATGN,D23300,ARB02454_EUR,,,,,0.0,,,,,C00149,,,,
256,,GJ,3/24/2026,,"Wedbush_Trading gain (loss), net_20260324",,,,12100,ATGN,D23300,ARB02454_GBP,,,,900.0,,,,,,C00149,,,,
257,,GJ,3/24/2026,,"Wedbush_Trading gain (loss), net_20260324",,,,12100,ATGN,D23300,ARB02454_USD,,,,6619.0,,,,,,C00149,,,,
258,,GJ,3/24/2026,,"Wedbush_Trading gain (loss), net_20260324",,,,12100,ATGN,D23020,ARB02456_EUR,,,,,0.0,,,,,C02156,,,,
259,,GJ,3/24/2026,,"Wedbush_Trading gain (loss), net_20260324",,,,12100,ATGN,D23020,ARB02456_GBP,,,,490.0,,,,,,C02156,,,,
260,,GJ,3/24/2026,,"Wedbush_Trading gain (loss), net_20260324",,,,12100,ATGN,D23020,ARB02456_USD,,,,8261.4,,,,,,C02156,,,,
261,,GJ,3/24/2026,,"Wedbush_Trading gain (loss), net_20260324",,,,12100,ATGN,D23300,ARB02458_USD,,,,11679.0,,,,,,C01145,,,,
262,,GJ,3/24/2026,,"Wedbush_Trading gain (loss), net_20260324",,,,12100,ATGN,D23080,ARB02463_USD,,,,9237.0,,,,,,C01231,,,,
263,,GJ,3/24/2026,,"Wedbush_Trading gain (loss), net_20260324",,,,12100,ATGN,D23010,ARB02473_EUR,,,,,1587.5,,,,,C00463,,,,
264,,GJ,3/24/2026,,"Wedbush_Trading gain (loss), net_20260324",,,,12100,ATGN,D23010,ARB02473_GBP,,,,,762.5,,,,,C00463,,,,
265,,GJ,3/24/2026,,"Wedbush_Trading gain (loss), net_20260324",,,,12100,ATGN,D23010,ARB02473_USD,,,,18680.0,,,,,,C00463,,,,
266,,GJ,3/24/2026,,"Wedbush_Trading gain (loss), net_20260324",,,,12100,ATGN,D23010,ARB02476_EUR,,,,85725.0,,,,,,C00463,,,,
267,,GJ,3/24/2026,,"Wedbush_Trading gain (loss), net_20260324",,,,12100,ATGN,D23010,ARB02476_GBP,,,,6925.0,,,,,,C00463,,,,
268,,GJ,3/24/2026,,"Wedbush_Trading gain (loss), net_20260324",,,,12100,ATGN,D23010,ARB02476_USD,,,,1295960.0,,,,,,C00463,,,,
269,,GJ,3/24/2026,,"Wedbush_Trading gain (loss), net_20260324",,,,12100,ATGN,D23010,ARB02477_CAD,,,,1610.0,,,,,,C02177,,,,
270,,GJ,3/24/2026,,"Wedbush_Trading gain (loss), net_20260324",,,,12100,ATGN,D23010,ARB02477_USD,,,,14830.0,,,,,,C02177,,,,
271,,GJ,3/24/2026,,"Wedbush_Trading gain (loss), net_20260324",,,,12100,ATGN,D23010,ARB02479_CAD,,,,3258.0,,,,,,C02179,,,,
272,,GJ,3/24/2026,,"Wedbush_Trading gain (loss), net_20260324",,,,12100,ATGN,D23010,ARB02479_USD,,,,2102.4,,,,,,C02179,,,,
273,,GJ,3/24/2026,,"Wedbush_Trading gain (loss), net_20260324",,,,12100,ATGN,D23010,ARB02480_CAD,,,,18530.0,,,,,,C02180,,,,
274,,GJ,3/24/2026,,"Wedbush_Trading gain (loss), net_20260324",,,,12100,ATGN,D23010,ARB02480_USD,,,,,1000.0,,,,,C02180,,,,
275,,GJ,3/24/2026,,"Wedbush_Trading gain (loss), net_20260324",,,,12100,ATGN,D23010,ARB02481_CAD,,,,25958.0,,,,,,C02181,,,,
276,,GJ,3/24/2026,,"Wedbush_Trading gain (loss), net_20260324",,,,12100,ATGN,D23010,ARB02481_USD,,,,7250.0,,,,,,C02181,,,,
277,,GJ,3/24/2026,,"Wedbush_Trading gain (loss), net_20260324",,,,12100,ATGN,D23010,ARB02482_CAD,,,,1164.0,,,,,,C02182,,,,
278,,GJ,3/24/2026,,"Wedbush_Trading gain (loss), net_20260324",,,,12100,ATGN,D23010,ARB02482_USD,,,,,0.0,,,,,C02182,,,,
279,,GJ,3/24/2026,,"Wedbush_Trading gain (loss), net_20260324",,,,12100,ATGN,D23010,ARB02483_CAD,,,,26900.0,,,,,,C02183,,,,
280,,GJ,3/24/2026,,"Wedbush_Trading gain (loss), net_20260324",,,,12100,ATGN,D23010,ARB02483_USD,,,,6910.0,,,,,,C02183,,,,
281,,GJ,3/24/2026,,"Wedbush_Trading gain (loss), net_20260324",,,,12100,ATGN,D23010,ARB02484_CAD,,,,77488.0,,,,,,C02184,,,,
282,,GJ,3/24/2026,,"Wedbush_Trading gain (loss), net_20260324",,,,12100,ATGN,D23010,ARB02484_USD,,,,38600.0,,,,,,C02184,,,,
283,,GJ,3/24/2026,,"Wedbush_Trading gain (loss), net_20260324",,,,12100,ATGN,D23010,ARB02485_EUR,,,,,0.0,,,,,C02185,,,,
284,,GJ,3/24/2026,,"Wedbush_Trading gain (loss), net_20260324",,,,12100,ATGN,D23010,ARB02485_GBP,,,,2190.0,,,,,,C02185,,,,
285,,GJ,3/24/2026,,"Wedbush_Trading gain (loss), net_20260324",,,,12100,ATGN,D23010,ARB02485_USD,,,,121857.95000000001,,,,,,C02185,,,,
286,,GJ,3/24/2026,,"Wedbush_Trading gain (loss), net_20260324",,,,12100,ATGN,D23010,ARB02491_EUR,,,,,0.0,,,,,C00469,,,,
287,,GJ,3/24/2026,,"Wedbush_Trading gain (loss), net_20260324",,,,12100,ATGN,D23010,ARB02491_GBP,,,,1890.0,,,,,,C00469,,,,
288,,GJ,3/24/2026,,"Wedbush_Trading gain (loss), net_20260324",,,,12100,ATGN,D23010,ARB02491_USD,,,,1384.8000000000002,,,,,,C00469,,,,
289,,GJ,3/24/2026,,"Wedbush_Trading gain (loss), net_20260324",,,,12100,303P,D21300,ARB03003_USD,,,,,26431.25,,,,,C03003,,,,
290,,GJ,3/24/2026,,"Wedbush_Trading gain (loss), net_20260324",,,,12100,303P,D21300,ARB03022_USD,,,,67906.25,,,,,,C00034,,,,
291,,GJ,3/24/2026,,"Wedbush_Trading gain (loss), net_20260324",,,,12100,303P,D21300,ARB03032_USD,,,,,188385.25,,,,,C00049,,,,
292,,GJ,3/24/2026,,"Wedbush_Trading gain (loss), net_20260324",,,,12100,303P,D21300,ARB03033_USD,,,,,7597.5,,,,,C00049,,,,
293,,GJ,3/24/2026,,"Wedbush_Trading gain (loss), net_20260324",,,,12100,303P,D21300,ARB03034_USD,,,,,25496.0,,,,,C00049,,,,
294,,GJ,3/24/2026,,"Wedbush_Trading gain (loss), net_20260324",,,,12100,303P,D21300,ARB03035_USD,,,,27973.279999999984,,,,,,C00049,,,,
295,,GJ,3/24/2026,,"Wedbush_Trading gain (loss), net_20260324",,,,12100,303P,D21300,ARB03037_USD,,,,,58368.08,,,,,C03037,,,,
296,,GJ,3/24/2026,,"Wedbush_Trading gain (loss), net_20260324",,,,12100,303P,D21300,ARB03038_USD,,,,54910.130000000005,,,,,,C03038,,,,
297,,GJ,3/24/2026,,"Wedbush_Trading gain (loss), net_20260324",,,,12100,303P,D21300,ARB03041_USD,,,,,1145.01,,,,,C03040,,,,
298,,GJ,3/24/2026,,"Wedbush_Trading gain (loss), net_20260324",,,,12100,303P,D21300,ARB03042_USD,,,,,195.0,,,,,C03040,,,,
299,,GJ,3/24/2026,,"Wedbush_Trading gain (loss), net_20260324",,,,12100,303P,D21300,ARB03043_USD,,,,2169.6900000000005,,,,,,C03040,,,,
300,,GJ,3/24/2026,,"Wedbush_Trading gain (loss), net_20260324",,,,12100,303P,D21300,ARB03044_USD,,,,,21062.01,,,,,C03040,,,,
301,,GJ,3/24/2026,,"Wedbush_Trading gain (loss), net_20260324",,,,12100,303P,D21300,ARB03046_USD,,,,21207.56,,,,,,C03040,,,,
302,,GJ,3/24/2026,,"Wedbush_Trading gain (loss), net_20260324",,,,12100,303P,D21300,ARB03052_USD,,,,,8006.1100000000015,,,,,C03071,,,,
303,,GJ,3/24/2026,,"Wedbush_Trading gain (loss), net_20260324",,,,12100,303P,D21300,ARB03057_USD,,,,,2671.94,,,,,C01057,,,,
304,,GJ,3/24/2026,,"Wedbush_Trading gain (loss), net_20260324",,,,12100,303P,D21300,ARB03060_USD,,,,,377318.75,,,,,C03060,,,,
305,,GJ,3/24/2026,,"Wedbush_Trading gain (loss), net_20260324",,,,12100,303P,D21300,ARB03062_USD,,,,42332.5,,,,,,C03062,,,,
306,,GJ,3/24/2026,,"Wedbush_Trading gain (loss), net_20260324",,,,12100,303P,D21300,ARB03064_USD,,,,,18201.5,,,,,C03064,,,,
307,,GJ,3/24/2026,,"Wedbush_Trading gain (loss), net_20260324",,,,12100,303P,D21300,ARB03065_USD,,,,,1988137.3900000048,,,,,C03065,,,,
308,,GJ,3/24/2026,,"Wedbush_Trading gain (loss), net_20260324",,,,12100,303P,D21300,ARB03072_USD,,,,44330.0,,,,,,C03072,,,,
309,,GJ,3/24/2026,,"Wedbush_Trading gain (loss), net_20260324",,,,12100,303P,D21300,ARB03073_USD,,,,171039.55,,,,,,C03073,,,,
310,,GJ,3/24/2026,,"Wedbush_Trading gain (loss), net_20260324",,,,12100,303P,D21300,ARB03074_USD,,,,1787.4,,,,,,C03073,,,,
311,,GJ,3/24/2026,,"Wedbush_Trading gain (loss), net_20260324",,,,12100,303P,D21300,ARB03078_USD,,,,31550.0,,,,,,C03078,,,,
312,,GJ,3/24/2026,,"Wedbush_Trading gain (loss), net_20260324",,,,12100,303P,D21300,ARB03079_USD,,,,,438915.19999999995,,,,,C03078,,,,
313,,GJ,3/24/2026,,"Wedbush_Trading gain (loss), net_20260324",,,,12100,303P,D21300,ARB03080_USD,,,,31990.0,,,,,,C03078,,,,
314,,GJ,3/24/2026,,"Wedbush_Trading gain (loss), net_20260324",,,,12100,303P,D21030,ARB03084_JPY,,,,2935000.0,,,,,,C03084,,,,
315,,GJ,3/24/2026,,"Wedbush_Trading gain (loss), net_20260324",,,,12100,303P,D21030,ARB03084_USD,,,,,9222.429999998361,,,,,C03084,,,,
316,,GJ,3/24/2026,,"Wedbush_Trading gain (loss), net_20260324",,,,12100,303P,D21300,ARB03088_USD,,,,4764.5,,,,,,C03088,,,,
317,,GJ,3/24/2026,,"Wedbush_Trading gain (loss), net_20260324",,,,12100,303P,D21300,ARB03090_USD,,,,501.0,,,,,,C03090,,,,
318,,GJ,3/24/2026,,"Wedbush_Trading gain (loss), net_20260324",,,,12100,303P,D21300,ARB03093_USD,,,,,2142.5,,,,,C03093,,,,
319,,GJ,3/24/2026,,"Wedbush_Trading gain (loss), net_20260324",,,,12100,303P,D21300,ARB03096_USD,,,,3040.5,,,,,,C03096,,,,
320,,GJ,3/24/2026,,"Wedbush_Trading gain (loss), net_20260324",,,,12100,303P,D23300,ARB03100_USD,,,,,3095.5,,,,,C03100,,,,
321,,GJ,3/24/2026,,"Wedbush_Trading gain (loss), net_20260324",,,,12100,303P,D23080,ARB03102_USD,,,,44915.75,,,,,,C03102,,,,
322,,GJ,3/24/2026,,"Wedbush_Trading gain (loss), net_20260324",,,,12100,303P,D23300,ARB03103_USD,,,,,10869.350000000006,,,,,CX3103,,,,
323,,GJ,3/24/2026,,"Wedbush_Trading gain (loss), net_20260324",,,,12100,303P,D23300,ARB03104_USD,,,,11328.0,,,,,,C03104,,,,
324,,GJ,3/24/2026,,"Wedbush_Trading gain (loss), net_20260324",,,,12100,303P,D23300,ARB03105_USD,,,,17839.629999999946,,,,,,C00310,,,,
325,,GJ,3/24/2026,,"Wedbush_Trading gain (loss), net_20260324",,,,12100,303P,D23300,ARB03106_USD,,,,,75117.71000000008,,,,,C00310,,,,
326,,GJ,3/24/2026,,"Wedbush_Trading gain (loss), net_20260324",,,,12100,303P,D23300,ARB03107_USD,,,,108953.0,,,,,,C03107,,,,
327,,GJ,3/24/2026,,"Wedbush_Trading gain (loss), net_20260324",,,,12100,303P,D23300,ARB03108_USD,,,,230195.55000000005,,,,,,C00311,,,,
328,,GJ,3/24/2026,,"Wedbush_Trading gain (loss), net_20260324",,,,12100,303P,D23300,ARB03109_USD,,,,85344.0,,,,,,C00311,,,,
329,,GJ,3/24/2026,,"Wedbush_Trading gain (loss), net_20260324",,,,12100,303P,D23300,ARB03110_USD,,,,11140.5,,,,,,C00311,,,,
330,,GJ,3/24/2026,,"Wedbush_Trading gain (loss), net_20260324",,,,12100,303P,D23300,ARB03112_USD,,,,,2648.9000000000015,,,,,C00310,,,,
331,,GJ,3/24/2026,,"Wedbush_Trading gain (loss), net_20260324",,,,12100,303P,D23300,ARB03113_USD,,,,1700.030000001043,,,,,,C03113,,,,
332,,GJ,3/24/2026,,"Wedbush_Trading gain (loss), net_20260324",,,,12100,303P,D23300,ARB03115_USD,,,,,14139.0,,,,,CX3115,,,,
333,,GJ,3/24/2026,,"Wedbush_Trading gain (loss), net_20260324",,,,12100,303P,D23020,ARB03116_USD,,,,13257.5,,,,,,C02129,,,,
334,,GJ,3/24/2026,,"Wedbush_Trading gain (loss), net_20260324",,,,12100,303P,D23300,ARB03122_USD,,,,,10765.100000000006,,,,,C03122,,,,
335,,GJ,3/24/2026,,"Wedbush_Trading gain (loss), net_20260324",,,,12100,303P,D23300,ARB03125_USD,,,,,6040.0,,,,,CX3125,,,,
336,,GJ,3/24/2026,,"Wedbush_Trading gain (loss), net_20260324",,,,12100,303P,D23300,ARB03126_USD,,,,20.0,,,,,,C00310,,,,
337,,GJ,3/24/2026,,"Wedbush_Trading gain (loss), net_20260324",,,,12100,303P,D23300,ARB03133_USD,,,,,12299.500000000015,,,,,C03133,,,,
338,,GJ,3/24/2026,,"Wedbush_Trading gain (loss), net_20260324",,,,12100,303P,D23300,ARB03134_USD,,,,2287.5,,,,,,C03134,,,,
339,,GJ,3/24/2026,,"Wedbush_Trading gain (loss), net_20260324",,,,12100,303P,D23300,ARB03136_USD,,,,,3550.0,,,,,CX3136,,,,
340,,GJ,3/24/2026,,"Wedbush_Trading gain (loss), net_20260324",,,,12100,303P,D23300,ARB03139_USD,,,,,203359.90000000002,,,,,C00311,,,,
341,,GJ,3/24/2026,,"Wedbush_Trading gain (loss), net_20260324",,,,12100,303P,D23300,ARB03141_USD,,,,36857.88999999999,,,,,,C03141,,,,
342,,GJ,3/24/2026,,"Wedbush_Trading gain (loss), net_20260324",,,,12100,303P,D23300,ARB03142_USD,,,,,2629.2999999999993,,,,,C00310,,,,
343,,GJ,3/24/2026,,"Wedbush_Trading gain (loss), net_20260324",,,,12100,303P,D23300,ARB03143_USD,,,,9053.5,,,,,,C00310,,,,
344,,GJ,3/24/2026,,"Wedbush_Trading gain (loss), net_20260324",,,,12100,303P,D23300,ARB03144_USD,,,,1022.5999999999999,,,,,,CX3144,,,,
345,,GJ,3/24/2026,,"Wedbush_Trading gain (loss), net_20260324",,,,12100,303P,D23300,ARB03146_USD,,,,,16120.0,,,,,CX3136,,,,
346,,GJ,3/24/2026,,"Wedbush_Trading gain (loss), net_20260324",,,,12100,303P,D23300,ARB03147_USD,,,,,310.0,,,,,CX3115,,,,
347,,GJ,3/24/2026,,"Wedbush_Trading gain (loss), net_20260324",,,,12100,303P,D23090,ARB03150_USD,,,,,9074.95,,,,,C03150,,,,
348,,GJ,3/24/2026,,"Wedbush_Trading gain (loss), net_20260324",,,,12100,303P,D23090,ARB03154_USD,,,,,15297.910000000003,,,,,C03154,,,,
349,,GJ,3/24/2026,,"Wedbush_Trading gain (loss), net_20260324",,,,12100,303P,D23100,ARB03156_USD,,,,,4508.940000000162,,,,,C03156,,,,
350,,GJ,3/24/2026,,"Wedbush_Trading gain (loss), net_20260324",,,,12100,303P,D23100,ARB03157_USD,,,,,9720.109999999986,,,,,C03157,,,,
351,,GJ,3/24/2026,,"Wedbush_Trading gain (loss), net_20260324",,,,12100,303P,D23100,ARB03159_USD,,,,,7410.029999999999,,,,,C03159,,,,
352,,GJ,3/24/2026,,"Wedbush_Trading gain (loss), net_20260324",,,,12100,303P,D23010,ARB03168_USD,,,,,163.5,,,,,C03168,,,,
353,,GJ,3/24/2026,,"Wedbush_Trading gain (loss), net_20260324",,,,12100,303P,D23100,ARB03174_USD,,,,,15310.869999999995,,,,,C03174,,,,
354,,GJ,3/24/2026,,"Wedbush_Trading gain (loss), net_20260324",,,,12100,303P,D23100,ARB03175_USD,,,,,53980.3,,,,,C03175,,,,
355,,GJ,3/24/2026,,"Wedbush_Trading gain (loss), net_20260324",,,,12100,303P,D23100,ARB03176_USD,,,,,37014.580000000016,,,,,C03176,,,,
356,,GJ,3/24/2026,,"Wedbush_Trading gain (loss), net_20260324",,,,12100,303P,D23100,ARB03185_USD,,,,,15862.5,,,,,C03185,,,,
357,,GJ,3/24/2026,,"Wedbush_Trading gain (loss), net_20260324",,,,12100,303P,D23300,ARB03192_USD,,,,,93.0,,,,,C03163,,,,
358,,GJ,3/24/2026,,"Wedbush_Trading gain (loss), net_20260324",,,,12100,ATGN,D21300,ARB03360_EUR,,,,622105.0,,,,,,C03060,,,,
359,,GJ,3/24/2026,,"Wedbush_Trading gain (loss), net_20260324",,,,12100,ATGN,D21300,ARB03360_GBP,,,,,1173565.75,,,,,C03060,,,,
360,,GJ,3/24/2026,,"Wedbush_Trading gain (loss), net_20260324",,,,12100,ATGN,D21300,ARB03362_EUR,,,,,40950.0,,,,,C03062,,,,
361,,GJ,3/24/2026,,"Wedbush_Trading gain (loss), net_20260324",,,,12100,ATGN,D21300,ARB03362_GBP,,,,,19812.5,,,,,C03062,,,,
362,,GJ,3/24/2026,,"Wedbush_Trading gain (loss), net_20260324",,,,12100,ATGN,D21300,ARB03362_USD,,,,,8670.0,,,,,C03062,,,,
363,,GJ,3/24/2026,,"Wedbush_Trading gain (loss), net_20260324",,,,12100,ATGN,D21300,ARB03364_EUR,,,,,0.0,,,,,C03064,,,,
364,,GJ,3/24/2026,,"Wedbush_Trading gain (loss), net_20260324",,,,12100,ATGN,D21300,ARB03364_GBP,,,,,350.0,,,,,C03064,,,,
365,,GJ,3/24/2026,,"Wedbush_Trading gain (loss), net_20260324",,,,12100,ATGN,D21300,ARB03372_USD,,,,12309.3,,,,,,C03072,,,,
366,,GJ,3/24/2026,,"Wedbush_Trading gain (loss), net_20260324",,,,12100,ATGN,D21300,ARB03373_USD,,,,3898.4,,,,,,C03073,,,,
367,,GJ,3/24/2026,,"Wedbush_Trading gain (loss), net_20260324",,,,12100,ATGN,D21300,ARB03378_USD,,,,,45405.0,,,,,C03078,,,,
368,,GJ,3/24/2026,,"Wedbush_Trading gain (loss), net_20260324",,,,12100,ATGN,D23300,ARB03400_EUR,,,,,0.0,,,,,C03100,,,,
369,,GJ,3/24/2026,,"Wedbush_Trading gain (loss), net_20260324",,,,12100,ATGN,D23300,ARB03400_GBP,,,,730.0,,,,,,C03100,,,,
370,,GJ,3/24/2026,,"Wedbush_Trading gain (loss), net_20260324",,,,12100,ATGN,D23300,ARB03400_USD,,,,3381.350000000001,,,,,,C03100,,,,
371,,GJ,3/24/2026,,"Wedbush_Trading gain (loss), net_20260324",,,,12100,ATGN,D23080,ARB03402_EUR,,,,,0.0,,,,,C03102,,,,
372,,GJ,3/24/2026,,"Wedbush_Trading gain (loss), net_20260324",,,,12100,ATGN,D23080,ARB03402_GBP,,,,,0.0,,,,,C03102,,,,
373,,GJ,3/24/2026,,"Wedbush_Trading gain (loss), net_20260324",,,,12100,ATGN,D23080,ARB03402_USD,,,,52902.85,,,,,,C03102,,,,
374,,GJ,3/24/2026,,"Wedbush_Trading gain (loss), net_20260324",,,,12100,ATGN,D23300,ARB03403_CAD,,,,,3168.0,,,,,CX3103,,,,
375,,GJ,3/24/2026,,"Wedbush_Trading gain (loss), net_20260324",,,,12100,ATGN,D23300,ARB03403_EUR,,,,,0.0,,,,,CX3103,,,,
376,,GJ,3/24/2026,,"Wedbush_Trading gain (loss), net_20260324",,,,12100,ATGN,D23300,ARB03403_GBP,,,,620.0,,,,,,CX3103,,,,
377,,GJ,3/24/2026,,"Wedbush_Trading gain (loss), net_20260324",,,,12100,ATGN,D23300,ARB03403_USD,,,,,10888.00000000003,,,,,CX3103,,,,
378,,GJ,3/24/2026,,"Wedbush_Trading gain (loss), net_20260324",,,,12100,ATGN,D23300,ARB03404_CAD,,,,338.0,,,,,,C03104,,,,
379,,GJ,3/24/2026,,"Wedbush_Trading gain (loss), net_20260324",,,,12100,ATGN,D23300,ARB03404_EUR,,,,,0.0,,,,,C03104,,,,
380,,GJ,3/24/2026,,"Wedbush_Trading gain (loss), net_20260324",,,,12100,ATGN,D23300,ARB03404_GBP,,,,540.0,,,,,,C03104,,,,
381,,GJ,3/24/2026,,"Wedbush_Trading gain (loss), net_20260324",,,,12100,ATGN,D23300,ARB03404_USD,,,,20552.0,,,,,,C03104,,,,
382,,GJ,3/24/2026,,"Wedbush_Trading gain (loss), net_20260324",,,,12100,ATGN,D23300,ARB03405_CAD,,,,,724.0,,,,,C00310,,,,
383,,GJ,3/24/2026,,"Wedbush_Trading gain (loss), net_20260324",,,,12100,ATGN,D23300,ARB03405_EUR,,,,,0.0,,,,,C00310,,,,
384,,GJ,3/24/2026,,"Wedbush_Trading gain (loss), net_20260324",,,,12100,ATGN,D23300,ARB03405_GBP,,,,24970.0,,,,,,C00310,,,,
385,,GJ,3/24/2026,,"Wedbush_Trading gain (loss), net_20260324",,,,12100,ATGN,D23300,ARB03405_USD,,,,336026.75,,,,,,C00310,,,,
386,,GJ,3/24/2026,,"Wedbush_Trading gain (loss), net_20260324",,,,12100,ATGN,D23300,ARB03406_CAD,,,,,2778.0,,,,,C00310,,,,
387,,GJ,3/24/2026,,"Wedbush_Trading gain (loss), net_20260324",,,,12100,ATGN,D23300,ARB03406_EUR,,,,,0.0,,,,,C00310,,,,
388,,GJ,3/24/2026,,"Wedbush_Trading gain (loss), net_20260324",,,,12100,ATGN,D23300,ARB03406_GBP,,,,1910.0,,,,,,C00310,,,,
389,,GJ,3/24/2026,,"Wedbush_Trading gain (loss), net_20260324",,,,12100,ATGN,D23300,ARB03406_USD,,,,185965.1,,,,,,C00310,,,,
390,,GJ,3/24/2026,,"Wedbush_Trading gain (loss), net_20260324",,,,12100,ATGN,D23300,ARB03407_CAD,,,,1500.0,,,,,,C03107,,,,
391,,GJ,3/24/2026,,"Wedbush_Trading gain (loss), net_20260324",,,,12100,ATGN,D23300,ARB03407_USD,,,,132630.0,,,,,,C03107,,,,
392,,GJ,3/24/2026,,"Wedbush_Trading gain (loss), net_20260324",,,,12100,ATGN,D23300,ARB03408_CAD,,,,9604.0,,,,,,C00311,,,,
393,,GJ,3/24/2026,,"Wedbush_Trading gain (loss), net_20260324",,,,12100,ATGN,D23300,ARB03408_EUR,,,,,0.0,,,,,C00311,,,,
394,,GJ,3/24/2026,,"Wedbush_Trading gain (loss), net_20260324",,,,12100,ATGN,D23300,ARB03408_GBP,,,,9930.0,,,,,,C00311,,,,
395,,GJ,3/24/2026,,"Wedbush_Trading gain (loss), net_20260324",,,,12100,ATGN,D23300,ARB03408_USD,,,,489378.5,,,,,,C00311,,,,
396,,GJ,3/24/2026,,"Wedbush_Trading gain (loss), net_20260324",,,,12100,ATGN,D23300,ARB03409_EUR,,,,,0.0,,,,,C00311,,,,
397,,GJ,3/24/2026,,"Wedbush_Trading gain (loss), net_20260324",,,,12100,ATGN,D23300,ARB03409_GBP,,,,56580.0,,,,,,C00311,,,,
398,,GJ,3/24/2026,,"Wedbush_Trading gain (loss), net_20260324",,,,12100,ATGN,D23300,ARB03409_USD,,,,185457.75,,,,,,C00311,,,,
399,,GJ,3/24/2026,,"Wedbush_Trading gain (loss), net_20260324",,,,12100,ATGN,D23300,ARB03412_EUR,,,,,0.0,,,,,C00310,,,,
400,,GJ,3/24/2026,,"Wedbush_Trading gain (loss), net_20260324",,,,12100,ATGN,D23300,ARB03412_GBP,,,,,0.0,,,,,C00310,,,,
401,,GJ,3/24/2026,,"Wedbush_Trading gain (loss), net_20260324",,,,12100,ATGN,D23300,ARB03412_USD,,,,28663.0,,,,,,C00310,,,,
402,,GJ,3/24/2026,,"Wedbush_Trading gain (loss), net_20260324",,,,12100,ATGN,D23300,ARB03413_USD,,,,10450.0,,,,,,C03113,,,,
403,,GJ,3/24/2026,,"Wedbush_Trading gain (loss), net_20260324",,,,12100,ATGN,D23300,ARB03415_CAD,,,,1128.0,,,,,,CX3115,,,,
404,,GJ,3/24/2026,,"Wedbush_Trading gain (loss), net_20260324",,,,12100,ATGN,D23300,ARB03415_EUR,,,,,0.0,,,,,CX3115,,,,
405,,GJ,3/24/2026,,"Wedbush_Trading gain (loss), net_20260324",,,,12100,ATGN,D23300,ARB03415_GBP,,,,2900.0,,,,,,CX3115,,,,
406,,GJ,3/24/2026,,"Wedbush_Trading gain (loss), net_20260324",,,,12100,ATGN,D23300,ARB03415_USD,,,,,5737.0,,,,,CX3115,,,,
407,,GJ,3/24/2026,,"Wedbush_Trading gain (loss), net_20260324",,,,12100,ATGN,D23300,ARB03422_CAD,,,,1662.0,,,,,,C03122,,,,
408,,GJ,3/24/2026,,"Wedbush_Trading gain (loss), net_20260324",,,,12100,ATGN,D23300,ARB03422_USD,,,,18574.4,,,,,,C03122,,,,
409,,GJ,3/24/2026,,"Wedbush_Trading gain (loss), net_20260324",,,,12100,ATGN,D23300,ARB03426_USD,,,,2688.0,,,,,,C00310,,,,
410,,GJ,3/24/2026,,"Wedbush_Trading gain (loss), net_20260324",,,,12100,ATGN,D23080,ARB03427_USD,,,,336.0,,,,,,C01234,,,,
411,,GJ,3/24/2026,,"Wedbush_Trading gain (loss), net_20260324",,,,12100,ATGN,D23300,ARB03433_EUR,,,,,0.0,,,,,C03133,,,,
412,,GJ,3/24/2026,,"Wedbush_Trading gain (loss), net_20260324",,,,12100,ATGN,D23300,ARB03433_GBP,,,,,20.0,,,,,C03133,,,,
413,,GJ,3/24/2026,,"Wedbush_Trading gain (loss), net_20260324",,,,12100,ATGN,D23300,ARB03433_USD,,,,21667.8,,,,,,C03133,,,,
414,,GJ,3/24/2026,,"Wedbush_Trading gain (loss), net_20260324",,,,12100,ATGN,D23300,ARB03434_USD,,,,13693.6,,,,,,C03134,,,,
415,,GJ,3/24/2026,,"Wedbush_Trading gain (loss), net_20260324",,,,12100,ATGN,D23300,ARB03436_CAD,,,,806.0,,,,,,CX3136,,,,
416,,GJ,3/24/2026,,"Wedbush_Trading gain (loss), net_20260324",,,,12100,ATGN,D23300,ARB03436_EUR,,,,,0.0,,,,,CX3136,,,,
417,,GJ,3/24/2026,,"Wedbush_Trading gain (loss), net_20260324",,,,12100,ATGN,D23300,ARB03436_GBP,,,,1920.0,,,,,,CX3136,,,,
418,,GJ,3/24/2026,,"Wedbush_Trading gain (loss), net_20260324",,,,12100,ATGN,D23300,ARB03436_USD,,,,,1108.0,,,,,CX3136,,,,
419,,GJ,3/24/2026,,"Wedbush_Trading gain (loss), net_20260324",,,,12100,ATGN,D23300,ARB03439_EUR,,,,,0.0,,,,,C00311,,,,
420,,GJ,3/24/2026,,"Wedbush_Trading gain (loss), net_20260324",,,,12100,ATGN,D23300,ARB03439_GBP,,,,49260.0,,,,,,C00311,,,,
421,,GJ,3/24/2026,,"Wedbush_Trading gain (loss), net_20260324",,,,12100,ATGN,D23300,ARB03439_USD,,,,,65695.4,,,,,C00311,,,,
422,,GJ,3/24/2026,,"Wedbush_Trading gain (loss), net_20260324",,,,12100,ATGN,D23300,ARB03441_EUR,,,,,0.0,,,,,C03141,,,,
423,,GJ,3/24/2026,,"Wedbush_Trading gain (loss), net_20260324",,,,12100,ATGN,D23300,ARB03441_GBP,,,,,937.5,,,,,C03141,,,,
424,,GJ,3/24/2026,,"Wedbush_Trading gain (loss), net_20260324",,,,12100,ATGN,D23300,ARB03442_USD,,,,22560.0,,,,,,C00310,,,,
425,,GJ,3/24/2026,,"Wedbush_Trading gain (loss), net_20260324",,,,12100,ATGN,D23300,ARB03443_CAD,,,,,644.0,,,,,C00310,,,,
426,,GJ,3/24/2026,,"Wedbush_Trading gain (loss), net_20260324",,,,12100,ATGN,D23300,ARB03443_EUR,,,,,0.0,,,,,C00310,,,,
427,,GJ,3/24/2026,,"Wedbush_Trading gain (loss), net_20260324",,,,12100,ATGN,D23300,ARB03443_GBP,,,,,190.0,,,,,C00310,,,,
428,,GJ,3/24/2026,,"Wedbush_Trading gain (loss), net_20260324",,,,12100,ATGN,D23300,ARB03443_USD,,,,66978.0,,,,,,C00310,,,,
429,,GJ,3/24/2026,,"Wedbush_Trading gain (loss), net_20260324",,,,12100,ATGN,D23300,ARB03446_EUR,,,,,0.0,,,,,CX3136,,,,
430,,GJ,3/24/2026,,"Wedbush_Trading gain (loss), net_20260324",,,,12100,ATGN,D23300,ARB03446_GBP,,,,640.0,,,,,,CX3136,,,,
431,,GJ,3/24/2026,,"Wedbush_Trading gain (loss), net_20260324",,,,12100,ATGN,D23300,ARB03446_USD,,,,5904.55,,,,,,CX3136,,,,
432,,GJ,3/24/2026,,"Wedbush_Trading gain (loss), net_20260324",,,,12100,ATGN,D23090,ARB03450_EUR,,,,,450.0,,,,,C03150,,,,
433,,GJ,3/24/2026,,"Wedbush_Trading gain (loss), net_20260324",,,,12100,ATGN,D23090,ARB03450_GBP,,,,,0.0,,,,,C03150,,,,
434,,GJ,3/24/2026,,"Wedbush_Trading gain (loss), net_20260324",,,,12100,ATGN,D23090,ARB03450_USD,,,,40.0,,,,,,C03150,,,,
435,,GJ,3/24/2026,,"Wedbush_Trading gain (loss), net_20260324",,,,12100,ATGN,D23090,ARB03454_EUR,,,,993.75,,,,,,C03154,,,,
436,,GJ,3/24/2026,,"Wedbush_Trading gain (loss), net_20260324",,,,12100,ATGN,D23090,ARB03454_GBP,,,,,0.0,,,,,C03154,,,,
437,,GJ,3/24/2026,,"Wedbush_Trading gain (loss), net_20260324",,,,12100,ATGN,D23090,ARB03454_USD,,,,240.0,,,,,,C03154,,,,
438,,GJ,3/24/2026,,"Wedbush_Trading gain (loss), net_20260324",,,,12100,ATGN,D23100,ARB03457_EUR,,,,,4912.5,,,,,C03157,,,,
439,,GJ,3/24/2026,,"Wedbush_Trading gain (loss), net_20260324",,,,12100,ATGN,D23100,ARB03457_GBP,,,,,550.0,,,,,C03157,,,,
440,,GJ,3/24/2026,,"Wedbush_Trading gain (loss), net_20260324",,,,12100,ATGN,D23100,ARB03457_USD,,,,4912.0,,,,,,C03157,,,,
441,,GJ,3/24/2026,,"Wedbush_Trading gain (loss), net_20260324",,,,12100,ATGN,D23100,ARB03459_CHF,,,,1387.5,,,,,,C03159,,,,
442,,GJ,3/24/2026,,"Wedbush_Trading gain (loss), net_20260324",,,,12100,ATGN,D23100,ARB03459_EUR,,,,,6312.5,,,,,C03159,,,,
443,,GJ,3/24/2026,,"Wedbush_Trading gain (loss), net_20260324",,,,12100,ATGN,D23100,ARB03459_GBP,,,,462.5,,,,,,C03159,,,,
444,,GJ,3/24/2026,,"Wedbush_Trading gain (loss), net_20260324",,,,12100,ATGN,D23100,ARB03459_USD,,,,6086.8,,,,,,C03159,,,,
445,,GJ,3/24/2026,,"Wedbush_Trading gain (loss), net_20260324",,,,12100,ATGN,D23300,ARB03460_EUR,,,,,0.0,,,,,C03160,,,,
446,,GJ,3/24/2026,,"Wedbush_Trading gain (loss), net_20260324",,,,12100,ATGN,D23300,ARB03460_GBP,,,,,200.0,,,,,C03160,,,,
447,,GJ,3/24/2026,,"Wedbush_Trading gain (loss), net_20260324",,,,12100,ATGN,D23300,ARB03460_USD,,,,,441.60000000000014,,,,,C03160,,,,
448,,GJ,3/24/2026,,"Wedbush_Trading gain (loss), net_20260324",,,,12100,ATGN,D23300,ARB03463_USD,,,,,1850.0,,,,,C03163,,,,
449,,GJ,3/24/2026,,"Wedbush_Trading gain (loss), net_20260324",,,,12100,ATGN,D23010,ARB03468_CAD,,,,794.0,,,,,,C03168,,,,
450,,GJ,3/24/2026,,"Wedbush_Trading gain (loss), net_20260324",,,,12100,ATGN,D23010,ARB03468_USD,,,,,0.0,,,,,C03168,,,,
451,,GJ,3/24/2026,,"Wedbush_Trading gain (loss), net_20260324",,,,12100,ATGN,D23100,ARB03474_EUR,,,,,1537.5,,,,,C03174,,,,
452,,GJ,3/24/2026,,"Wedbush_Trading gain (loss), net_20260324",,,,12100,ATGN,D23100,ARB03474_GBP,,,,,0.0,,,,,C03174,,,,
453,,GJ,3/24/2026,,"Wedbush_Trading gain (loss), net_20260324",,,,12100,ATGN,D23100,ARB03475_EUR,,,,,2250.0,,,,,C03175,,,,
454,,GJ,3/24/2026,,"Wedbush_Trading gain (loss), net_20260324",,,,12100,ATGN,D23100,ARB03475_GBP,,,,,0.0,,,,,C03175,,,,
455,,GJ,3/24/2026,,"Wedbush_Trading gain (loss), net_20260324",,,,12100,ATGN,D23100,ARB03476_EUR,,,,,3537.5,,,,,C03176,,,,
456,,GJ,3/24/2026,,"Wedbush_Trading gain (loss), net_20260324",,,,12100,ATGN,D23100,ARB03476_GBP,,,,,0.0,,,,,C03176,,,,
457,,GJ,3/24/2026,,"Wedbush_Trading gain (loss), net_20260324",,,,12100,ATGN,D23100,ARB03485_EUR,,,,4012.5,,,,,,C03185,,,,
458,,GJ,3/24/2026,,"Wedbush_Trading gain (loss), net_20260324",,,,12100,ATGN,D23100,ARB03485_GBP,,,,,325.0,,,,,C03185,,,,
459,,GJ,3/24/2026,,"Wedbush_Trading gain (loss), net_20260324",,,,12100,ATGN,D23100,ARB03485_USD,,,,417.2,,,,,,C03185,,,,
460,,GJ,3/24/2026,,"Wedbush_Trading gain (loss), net_20260324",,,,12100,ATGN,D23300,ARB03489_EUR,,,,,0.0,,,,,C03160,,,,
461,,GJ,3/24/2026,,"Wedbush_Trading gain (loss), net_20260324",,,,12100,ATGN,D23300,ARB03489_GBP,,,,3590.0,,,,,,C03160,,,,
462,,GJ,3/24/2026,,"Wedbush_Trading gain (loss), net_20260324",,,,12100,ATGN,D23300,ARB03489_USD,,,,15589.0,,,,,,C03160,,,,
463,,GJ,3/24/2026,,"Wedbush_Trading gain (loss), net_20260324",,,,12100,ATGN,D23300,ARB03492_CAD,,,,8786.0,,,,,,C03163,,,,
464,,GJ,3/24/2026,,"Wedbush_Trading gain (loss), net_20260324",,,,12100,ATGN,D23300,ARB03492_EUR,,,,,0.0,,,,,C03163,,,,
465,,GJ,3/24/2026,,"Wedbush_Trading gain (loss), net_20260324",,,,12100,ATGN,D23300,ARB03492_GBP,,,,3620.0,,,,,,C03163,,,,
466,,GJ,3/24/2026,,"Wedbush_Trading gain (loss), net_20260324",,,,12100,ATGN,D23300,ARB03492_USD,,,,16673.2,,,,,,C03163,,,,
467,,GJ,3/24/2026,,"Wedbush_Trading gain (loss), net_20260324",,,,12100,303P,D21030,ARB04021_USD,,,,,10290.0,,,,,C03084,,,,
468,,GJ,3/24/2026,,"Wedbush_Trading gain (loss), net_20260324",,,,12100,303P,D21030,ARB04022_USD,,,,,16163.669999999998,,,,,C04022,,,,
469,,GJ,3/24/2026,,"Wedbush_Trading gain (loss), net_20260324",,,,12100,303P,D21030,ARB04023_USD,,,,47061.0,,,,,,C04023,,,,
470,,GJ,3/24/2026,,"Wedbush_Trading gain (loss), net_20260324",,,,12100,303P,D21300,ARB04024_USD,,,,3393.25,,,,,,C04024,,,,
471,,GJ,3/24/2026,,"Wedbush_Trading gain (loss), net_20260324",,,,12100,303P,D21300,ARB04029_USD,,,,,57379.2,,,,,C04029,,,,
472,,GJ,3/24/2026,,"Wedbush_Trading gain (loss), net_20260324",,,,12100,303P,D21030,ARB04031_USD,,,,20292.099999996426,,,,,,C04031,,,,
473,,GJ,3/24/2026,,"Wedbush_Trading gain (loss), net_20260324",,,,12100,303P,D21300,ARB04038_USD,,,,43777.240000000005,,,,,,C04038,,,,
474,,GJ,3/24/2026,,"Wedbush_Trading gain (loss), net_20260324",,,,12100,303P,D21300,ARB04039_USD,,,,,47250.5,,,,,C04039,,,,
475,,GJ,3/24/2026,,"Wedbush_Trading gain (loss), net_20260324",,,,12100,303P,D21300,ARB04042_USD,,,,59614.240000000005,,,,,,C02044,,,,
476,,GJ,3/24/2026,,"Wedbush_Trading gain (loss), net_20260324",,,,12100,303P,D21300,ARB04047_USD,,,,65395.0,,,,,,C04033,,,,
477,,GJ,3/24/2026,,"Wedbush_Trading gain (loss), net_20260324",,,,12100,303P,D21300,ARB04048_USD,,,,121464.69999999998,,,,,,C04048,,,,
478,,GJ,3/24/2026,,"Wedbush_Trading gain (loss), net_20260324",,,,12100,303P,D21030,ARB04049_USD,,,,165690.0,,,,,,C04050,,,,
479,,GJ,3/24/2026,,"Wedbush_Trading gain (loss), net_20260324",,,,12100,303P,D21300,ARB04052_USD,,,,,8900.0,,,,,C04052,,,,
480,,GJ,3/24/2026,,"Wedbush_Trading gain (loss), net_20260324",,,,12100,303P,D21300,ARB04053_EUR,,,,,152119.74,,,,,C04053,,,,
481,,GJ,3/24/2026,,"Wedbush_Trading gain (loss), net_20260324",,,,12100,303P,D21300,ARB04053_USD,,,,,115893.54999999999,,,,,C04053,,,,
482,,GJ,3/24/2026,,"Wedbush_Trading gain (loss), net_20260324",,,,12100,303P,D21300,ARB04055_USD,,,,,11789.0,,,,,C04054,,,,
483,,GJ,3/24/2026,,"Wedbush_Trading gain (loss), net_20260324",,,,12100,303P,D21300,ARB04057_USD,,,,15982.0,,,,,,C01057,,,,
484,,GJ,3/24/2026,,"Wedbush_Trading gain (loss), net_20260324",,,,12100,303P,D21300,ARB04059_USD,,,,,12287.5,,,,,C04059,,,,
485,,GJ,3/24/2026,,"Wedbush_Trading gain (loss), net_20260324",,,,12100,303P,D21300,ARB04062_USD,,,,,132810.62,,,,,C03029,,,,
486,,GJ,3/24/2026,,"Wedbush_Trading gain (loss), net_20260324",,,,12100,303P,D21300,ARB04065_USD,,,,,6112.5,,,,,C00675,,,,
487,,GJ,3/24/2026,,"Wedbush_Trading gain (loss), net_20260324",,,,12100,303P,D21300,ARB04066_USD,,,,10185.0,,,,,,C00675,,,,
488,,GJ,3/24/2026,,"Wedbush_Trading gain (loss), net_20260324",,,,12100,303P,D21300,ARB04067_USD,,,,36240.0,,,,,,C00675,,,,
489,,GJ,3/24/2026,,"Wedbush_Trading gain (loss), net_20260324",,,,12100,303P,D21300,ARB04068_USD,,,,14250.0,,,,,,C00675,,,,
490,,GJ,3/24/2026,,"Wedbush_Trading gain (loss), net_20260324",,,,12100,303P,D21300,ARB04069_USD,,,,3106.25,,,,,,C00675,,,,
491,,GJ,3/24/2026,,"Wedbush_Trading gain (loss), net_20260324",,,,12100,303P,D21300,ARB04070_USD,,,,17300.0,,,,,,C00675,,,,
492,,GJ,3/24/2026,,"Wedbush_Trading gain (loss), net_20260324",,,,12100,303P,D12000,ARB04085_USD,,,,,2738.25,,,,,C02502,,,,
493,,GJ,3/24/2026,,"Wedbush_Trading gain (loss), net_20260324",,,,12100,303P,D20000,ARB04088_USD,,,,,112792.59999999998,,,,,C00001,,,,
494,,GJ,3/24/2026,,"Wedbush_Trading gain (loss), net_20260324",,,,12100,303P,D23300,ARB04101_USD,,,,,57781.62000000002,,,,,C04101,,,,
495,,GJ,3/24/2026,,"Wedbush_Trading gain (loss), net_20260324",,,,12100,303P,D23300,ARB04102_USD,,,,23092.700000000004,,,,,,C04102,,,,
496,,GJ,3/24/2026,,"Wedbush_Trading gain (loss), net_20260324",,,,12100,303P,D23300,ARB04103_USD,,,,,27632.700000000004,,,,,C04103,,,,
497,,GJ,3/24/2026,,"Wedbush_Trading gain (loss), net_20260324",,,,12100,303P,D23300,ARB04104_USD,,,,5472.0,,,,,,C04104,,,,
498,,GJ,3/24/2026,,"Wedbush_Trading gain (loss), net_20260324",,,,12100,303P,D23020,ARB04105_USD,,,,,2715.0,,,,,C04105,,,,
499,,GJ,3/24/2026,,"Wedbush_Trading gain (loss), net_20260324",,,,12100,303P,D23020,ARB04106_USD,,,,,29101.0,,,,,C04105,,,,
500,,GJ,3/24/2026,,"Wedbush_Trading gain (loss), net_20260324",,,,12100,303P,D23300,ARB04107_USD,,,,,0.0,,,,,CX4107,,,,
501,,GJ,3/24/2026,,"Wedbush_Trading gain (loss), net_20260324",,,,12100,303P,D23300,ARB04108_USD,,,,,3666.7299999999814,,,,,C04108,,,,
502,,GJ,3/24/2026,,"Wedbush_Trading gain (loss), net_20260324",,,,12100,303P,D23300,ARB04110_USD,,,,50378.3,,,,,,C04110,,,,
503,,GJ,3/24/2026,,"Wedbush_Trading gain (loss), net_20260324",,,,12100,303P,D23300,ARB04111_USD,,,,,7664.2099999988095,,,,,C04111,,,,
504,,GJ,3/24/2026,,"Wedbush_Trading gain (loss), net_20260324",,,,12100,303P,D23300,ARB04112_USD,,,,,12723.0,,,,,C04112,,,,
505,,GJ,3/24/2026,,"Wedbush_Trading gain (loss), net_20260324",,,,12100,303P,D23300,ARB04113_USD,,,,,3241.0,,,,,C03122,,,,
506,,GJ,3/24/2026,,"Wedbush_Trading gain (loss), net_20260324",,,,12100,303P,D23090,ARB04114_USD,,,,,6201.6600000005565,,,,,C04114,,,,
507,,GJ,3/24/2026,,"Wedbush_Trading gain (loss), net_20260324",,,,12100,303P,D23300,ARB04155_USD,,,,,1190.5,,,,,C04155,,,,
508,,GJ,3/24/2026,,"Wedbush_Trading gain (loss), net_20260324",,,,12100,303P,D23300,ARB04156_USD,,,,497.0,,,,,,C04156,,,,
509,,GJ,3/24/2026,,"Wedbush_Trading gain (loss), net_20260324",,,,12100,303P,D23010,ARB04157_USD,,,,,212.5,,,,,C01268,,,,
510,,GJ,3/24/2026,,"Wedbush_Trading gain (loss), net_20260324",,,,12100,303P,D23010,ARB04158_USD,,,,187.5,,,,,,C01269,,,,
511,,GJ,3/24/2026,,"Wedbush_Trading gain (loss), net_20260324",,,,12100,303P,D23010,ARB04159_USD,,,,162.5,,,,,,C01270,,,,
512,,GJ,3/24/2026,,"Wedbush_Trading gain (loss), net_20260324",,,,12100,303P,D23010,ARB04160_USD,,,,,1200.0,,,,,C01271,,,,
513,,GJ,3/24/2026,,"Wedbush_Trading gain (loss), net_20260324",,,,12100,303P,D23010,ARB04161_USD,,,,,2187.5,,,,,C01272,,,,
514,,GJ,3/24/2026,,"Wedbush_Trading gain (loss), net_20260324",,,,12100,303P,D23010,ARB04162_USD,,,,,250.0,,,,,C01273,,,,
515,,GJ,3/24/2026,,"Wedbush_Trading gain (loss), net_20260324",,,,12100,303P,D23100,ARB04163_USD,,,,,4939.009999999999,,,,,C01274,,,,
516,,GJ,3/24/2026,,"Wedbush_Trading gain (loss), net_20260324",,,,12100,303P,D23100,ARB04164_USD,,,,,1224.8700000000008,,,,,C01275,,,,
517,,GJ,3/24/2026,,"Wedbush_Trading gain (loss), net_20260324",,,,12100,303P,D23100,ARB04165_USD,,,,,4241.73,,,,,C01276,,,,
518,,GJ,3/24/2026,,"Wedbush_Trading gain (loss), net_20260324",,,,12100,303P,D23100,ARB04166_USD,,,,,5001.619999999972,,,,,C01277,,,,
519,,GJ,3/24/2026,,"Wedbush_Trading gain (loss), net_20260324",,,,12100,303P,D23100,ARB04167_USD,,,,,7078.920000000002,,,,,C01278,,,,
520,,GJ,3/24/2026,,"Wedbush_Trading gain (loss), net_20260324",,,,12100,303P,D23100,ARB04168_USD,,,,,2105.600000000002,,,,,C01279,,,,
521,,GJ,3/24/2026,,"Wedbush_Trading gain (loss), net_20260324",,,,12100,ATGN,D24010,ARB04336_USD,,,,,8.73,,,,,C00650,,,,
522,,GJ,3/24/2026,,"Wedbush_Trading gain (loss), net_20260324",,,,12100,ATGN,D24010,ARB04345_USD,,,,12789.630000000012,,,,,,C00650,,,,
523,,GJ,3/24/2026,,"Wedbush_Trading gain (loss), net_20260324",,,,12100,ATGN,D21300,ARB04348_EUR,,,,,0.0,,,,,C04048,,,,
524,,GJ,3/24/2026,,"Wedbush_Trading gain (loss), net_20260324",,,,12100,ATGN,D21300,ARB04348_GBP,,,,,6180.0,,,,,C04048,,,,
525,,GJ,3/24/2026,,"Wedbush_Trading gain (loss), net_20260324",,,,12100,ATGN,D21300,ARB04348_USD,,,,145864.2,,,,,,C04048,,,,
526,,GJ,3/24/2026,,"Wedbush_Trading gain (loss), net_20260324",,,,12100,ATGN,D21300,ARB04357_EUR,,,,,931.25,,,,,C01057,,,,
527,,GJ,3/24/2026,,"Wedbush_Trading gain (loss), net_20260324",,,,12100,ATGN,D21300,ARB04357_GBP,,,,,0.0,,,,,C01057,,,,
528,,GJ,3/24/2026,,"Wedbush_Trading gain (loss), net_20260324",,,,12100,ATGN,D23300,ARB04401_USD,,,,100423.9,,,,,,C04101,,,,
529,,GJ,3/24/2026,,"Wedbush_Trading gain (loss), net_20260324",,,,12100,ATGN,D23300,ARB04402_USD,,,,405320.0,,,,,,C04102,,,,
530,,GJ,3/24/2026,,"Wedbush_Trading gain (loss), net_20260324",,,,12100,ATGN,D23300,ARB04403_USD,,,,49.600000000000364,,,,,,C04103,,,,
531,,GJ,3/24/2026,,"Wedbush_Trading gain (loss), net_20260324",,,,12100,ATGN,D23300,ARB04404_EUR,,,,,0.0,,,,,C04104,,,,
532,,GJ,3/24/2026,,"Wedbush_Trading gain (loss), net_20260324",,,,12100,ATGN,D23300,ARB04404_GBP,,,,90.0,,,,,,C04104,,,,
533,,GJ,3/24/2026,,"Wedbush_Trading gain (loss), net_20260324",,,,12100,ATGN,D23300,ARB04404_USD,,,,14431.0,,,,,,C04104,,,,
534,,GJ,3/24/2026,,"Wedbush_Trading gain (loss), net_20260324",,,,12100,ATGN,D23020,ARB04405_CAD,,,,1234.0,,,,,,C04105,,,,
535,,GJ,3/24/2026,,"Wedbush_Trading gain (loss), net_20260324",,,,12100,ATGN,D23020,ARB04405_EUR,,,,,0.0,,,,,C04105,,,,
536,,GJ,3/24/2026,,"Wedbush_Trading gain (loss), net_20260324",,,,12100,ATGN,D23020,ARB04405_GBP,,,,900.0,,,,,,C04105,,,,
537,,GJ,3/24/2026,,"Wedbush_Trading gain (loss), net_20260324",,,,12100,ATGN,D23020,ARB04405_USD,,,,14571.0,,,,,,C04105,,,,
538,,GJ,3/24/2026,,"Wedbush_Trading gain (loss), net_20260324",,,,12100,ATGN,D23020,ARB04406_CAD,,,,6656.0,,,,,,C04105,,,,
539,,GJ,3/24/2026,,"Wedbush_Trading gain (loss), net_20260324",,,,12100,ATGN,D23020,ARB04406_EUR,,,,,0.0,,,,,C04105,,,,
540,,GJ,3/24/2026,,"Wedbush_Trading gain (loss), net_20260324",,,,12100,ATGN,D23020,ARB04406_GBP,,,,660.0,,,,,,C04105,,,,
541,,GJ,3/24/2026,,"Wedbush_Trading gain (loss), net_20260324",,,,12100,ATGN,D23020,ARB04406_USD,,,,,1975.0,,,,,C04105,,,,
542,,GJ,3/24/2026,,"Wedbush_Trading gain (loss), net_20260324",,,,12100,ATGN,D23300,ARB04408_EUR,,,,3683.75,,,,,,C04108,,,,
543,,GJ,3/24/2026,,"Wedbush_Trading gain (loss), net_20260324",,,,12100,ATGN,D23300,ARB04408_GBP,,,,,13987.5,,,,,C04108,,,,
544,,GJ,3/24/2026,,"Wedbush_Trading gain (loss), net_20260324",,,,12100,ATGN,D23300,ARB04410_USD,,,,77935.0,,,,,,C04110,,,,
545,,GJ,3/24/2026,,"Wedbush_Trading gain (loss), net_20260324",,,,12100,ATGN,D23300,ARB04413_EUR,,,,,0.0,,,,,C03122,,,,
546,,GJ,3/24/2026,,"Wedbush_Trading gain (loss), net_20260324",,,,12100,ATGN,D23300,ARB04413_GBP,,,,230.0,,,,,,C03122,,,,
547,,GJ,3/24/2026,,"Wedbush_Trading gain (loss), net_20260324",,,,12100,ATGN,D23300,ARB04413_USD,,,,2734.800000000003,,,,,,C03122,,,,
548,,GJ,3/24/2026,,"Wedbush_Trading gain (loss), net_20260324",,,,12100,ATGN,D23020,ARB04451_EUR,,,,,0.0,,,,,C01266,,,,
549,,GJ,3/24/2026,,"Wedbush_Trading gain (loss), net_20260324",,,,12100,ATGN,D23020,ARB04451_GBP,,,,11660.0,,,,,,C01266,,,,
550,,GJ,3/24/2026,,"Wedbush_Trading gain (loss), net_20260324",,,,12100,ATGN,D23020,ARB04451_USD,,,,5370.0,,,,,,C01266,,,,
551,,GJ,3/24/2026,,"Wedbush_Trading gain (loss), net_20260324",,,,12100,ATGN,D23020,ARB04452_EUR,,,,,0.0,,,,,C01265,,,,
552,,GJ,3/24/2026,,"Wedbush_Trading gain (loss), net_20260324",,,,12100,ATGN,D23020,ARB04452_GBP,,,,5080.0,,,,,,C01265,,,,
553,,GJ,3/24/2026,,"Wedbush_Trading gain (loss), net_20260324",,,,12100,ATGN,D23020,ARB04452_USD,,,,4080.0,,,,,,C01265,,,,
554,,GJ,3/24/2026,,"Wedbush_Trading gain (loss), net_20260324",,,,12100,ATGN,D23020,ARB04454_EUR,,,,,0.0,,,,,C01261,,,,
555,,GJ,3/24/2026,,"Wedbush_Trading gain (loss), net_20260324",,,,12100,ATGN,D23020,ARB04454_GBP,,,,5770.0,,,,,,C01261,,,,
556,,GJ,3/24/2026,,"Wedbush_Trading gain (loss), net_20260324",,,,12100,ATGN,D23020,ARB04454_USD,,,,3310.0,,,,,,C01261,,,,
557,,GJ,3/24/2026,,"Wedbush_Trading gain (loss), net_20260324",,,,12100,303P,D21300,ARB05057_EUR,,,,11452.5,,,,,,C01057,,,,
558,,GJ,3/24/2026,,"Wedbush_Trading gain (loss), net_20260324",,,,12100,303P,D21300,ARB05057_USD,,,,,0.0,,,,,C01057,,,,
559,,GJ,3/24/2026,,"Wedbush_Trading gain (loss), net_20260324",,,,12100,ATGN,D21300,ARB05357_EUR,,,,,104200.15000009537,,,,,C01057,,,,
560,,GJ,3/24/2026,,"Wedbush_Trading gain (loss), net_20260324",,,,12100,ATGN,D21300,ARB05357_GBP,,,,,0.0,,,,,C01057,,,,
561,,GJ,3/24/2026,,"Wedbush_Trading gain (loss), net_20260324",,,,12100,303P,D21300,ARB06057_USD,,,,201577.3800000042,,,,,,C01057,,,,
562,,GJ,3/24/2026,,"Wedbush_Trading gain (loss), net_20260324",,,,12100,ATGN,D21300,ARB06357_USD,,,,11485.0,,,,,,C01057,,,,
563,,GJ,3/24/2026,,"Wedbush_Trading gain (loss), net_20260324",,,,40050,303P,D24300,ARB00017_USD,,,,,817.5,,,,,C00017,,,,
564,,GJ,3/24/2026,,"Wedbush_Trading gain (loss), net_20260324",,,,40050,303P,D24300,ARB00020_USD,,,,92983.85,,,,,,C00020,,,,
565,,GJ,3/24/2026,,"Wedbush_Trading gain (loss), net_20260324",,,,40050,303P,D21300,ARB00033_USD,,,,14476.200000001043,,,,,,C00033,,,,
566,,GJ,3/24/2026,,"Wedbush_Trading gain (loss), net_20260324",,,,40050,303P,D21300,ARB00054_USD,,,,,78395.0,,,,,C00054,,,,
567,,GJ,3/24/2026,,"Wedbush_Trading gain (loss), net_20260324",,,,40050,303P,D21300,ARB00055_USD,,,,68825.0,,,,,,C00054,,,,
568,,GJ,3/24/2026,,"Wedbush_Trading gain (loss), net_20260324",,,,40050,303P,D21300,ARB00068_USD,,,,58218.75,,,,,,C03068,,,,
569,,GJ,3/24/2026,,"Wedbush_Trading gain (loss), net_20260324",,,,40050,303P,D21300,ARB00090_USD,,,,10877.900000000001,,,,,,C00090,,,,
570,,GJ,3/24/2026,,"Wedbush_Trading gain (loss), net_20260324",,,,40050,303P,D23300,ARB00110_USD,,,,,1280.0,,,,,C00110,,,,
571,,GJ,3/24/2026,,"Wedbush_Trading gain (loss), net_20260324",,,,40050,303P,D23300,ARB00112_USD,,,,17525.0,,,,,,C00112,,,,
572,,GJ,3/24/2026,,"Wedbush_Trading gain (loss), net_20260324",,,,40050,303P,D23300,ARB00113_USD,,,,1510.0,,,,,,C00112,,,,
573,,GJ,3/24/2026,,"Wedbush_Trading gain (loss), net_20260324",,,,40050,303P,D23300,ARB00122_USD,,,,,4164.0,,,,,C00122,,,,
574,,GJ,3/24/2026,,"Wedbush_Trading gain (loss), net_20260324",,,,40050,303P,D23080,ARB00123_USD,,,,,213793.0,,,,,C01231,,,,
575,,GJ,3/24/2026,,"Wedbush_Trading gain (loss), net_20260324",,,,40050,303P,D23020,ARB00124_USD,,,,85756.44,,,,,,C00124,,,,
576,,GJ,3/24/2026,,"Wedbush_Trading gain (loss), net_20260324",,,,40050,303P,D23020,ARB00126_USD,,,,10820.0,,,,,,C00426,,,,
577,,GJ,3/24/2026,,"Wedbush_Trading gain (loss), net_20260324",,,,40050,303P,D23300,ARB00132_USD,,,,,3417.5,,,,,C00132,,,,
578,,GJ,3/24/2026,,"Wedbush_Trading gain (loss), net_20260324",,,,40050,303P,D23300,ARB00135_USD,,,,,115.0,,,,,C00135,,,,
579,,GJ,3/24/2026,,"Wedbush_Trading gain (loss), net_20260324",,,,40050,303P,D23020,ARB00143_USD,,,,13392.0,,,,,,C00125,,,,
580,,GJ,3/24/2026,,"Wedbush_Trading gain (loss), net_20260324",,,,40050,303P,D23020,ARB00146_USD,,,,,402.0,,,,,C00146,,,,
581,,GJ,3/24/2026,,"Wedbush_Trading gain (loss), net_20260324",,,,40050,303P,D23300,ARB00149_USD,,,,,26422.0,,,,,C00149,,,,
582,,GJ,3/24/2026,,"Wedbush_Trading gain (loss), net_20260324",,,,40050,303P,D23300,ARB00156_USD,,,,38275.04000000004,,,,,,C00156,,,,
583,,GJ,3/24/2026,,"Wedbush_Trading gain (loss), net_20260324",,,,40050,303P,D23300,ARB00159_USD,,,,837.5,,,,,,C00159,,,,
584,,GJ,3/24/2026,,"Wedbush_Trading gain (loss), net_20260324",,,,40050,303P,D23010,ARB00160_USD,,,,3037.0,,,,,,C00160,,,,
585,,GJ,3/24/2026,,"Wedbush_Trading gain (loss), net_20260324",,,,40050,303P,D23010,ARB00161_USD,,,,,15367.75,,,,,C00161,,,,
586,,GJ,3/24/2026,,"Wedbush_Trading gain (loss), net_20260324",,,,40050,303P,D23010,ARB00169_USD,,,,,7984.760000000009,,,,,C00469,,,,
587,,GJ,3/24/2026,,"Wedbush_Trading gain (loss), net_20260324",,,,40050,303P,D23060,ARB00186_USD,,,,,68861.0,,,,,C00186,,,,
588,,GJ,3/24/2026,,"Wedbush_Trading gain (loss), net_20260324",,,,40050,303P,D23060,ARB00188_USD,,,,,4141.0,,,,,C00186,,,,
589,,GJ,3/24/2026,,"Wedbush_Trading gain (loss), net_20260324",,,,40050,303P,D23300,ARB00193_USD,,,,57932.0,,,,,,C00193,,,,
590,,GJ,3/24/2026,,"Wedbush_Trading gain (loss), net_20260324",,,,40050,303P,D23300,ARB00194_USD,,,,,56791.8,,,,,C00194,,,,
591,,GJ,3/24/2026,,"Wedbush_Trading gain (loss), net_20260324",,,,40050,303P,D22000,ARB00201_USD,,,,,2418.369999999999,,,,,C00201,,,,
592,,GJ,3/24/2026,,"Wedbush_Trading gain (loss), net_20260324",,,,40050,303P,D22000,ARB00203_USD,,,,,440.0,,,,,C00203,,,,
593,,GJ,3/24/2026,,"Wedbush_Trading gain (loss), net_20260324",,,,40050,303P,D22000,ARB00214_USD,,,,,3711.78,,,,,C00214,,,,
594,,GJ,3/24/2026,,"Wedbush_Trading gain (loss), net_20260324",,,,40050,303P,D22000,ARB00215_USD,,,,,27945.58,,,,,C00215,,,,
595,,GJ,3/24/2026,,"Wedbush_Trading gain (loss), net_20260324",,,,40050,303P,D22000,ARB00220_USD,,,,,20317.57,,,,,C00220,,,,
596,,GJ,3/24/2026,,"Wedbush_Trading gain (loss), net_20260324",,,,40050,303P,D22000,ARB00257_USD,,,,,50309.01,,,,,C00257,,,,
597,,GJ,3/24/2026,,"Wedbush_Trading gain (loss), net_20260324",,,,40050,303P,D22000,ARB00267_USD,,,,,17791.65,,,,,C00267,,,,
598,,GJ,3/24/2026,,"Wedbush_Trading gain (loss), net_20260324",,,,40050,ATGN,D24300,ARB00320_EUR,,,,7375.0,,,,,,C00020,,,,
599,,GJ,3/24/2026,,"Wedbush_Trading gain (loss), net_20260324",,,,40050,ATGN,D24300,ARB00320_GBP,,,,,9850.0,,,,,C00020,,,,
600,,GJ,3/24/2026,,"Wedbush_Trading gain (loss), net_20260324",,,,40050,ATGN,D21300,ARB00333_EUR,,,,6675.0,,,,,,C00033,,,,
601,,GJ,3/24/2026,,"Wedbush_Trading gain (loss), net_20260324",,,,40050,ATGN,D21300,ARB00333_GBP,,,,387.5,,,,,,C00033,,,,
602,,GJ,3/24/2026,,"Wedbush_Trading gain (loss), net_20260324",,,,40050,ATGN,D21300,ARB00354_USD,,,,,14038.4,,,,,C00054,,,,
603,,GJ,3/24/2026,,"Wedbush_Trading gain (loss), net_20260324",,,,40050,ATGN,D21300,ARB00355_EUR,,,,7037.5,,,,,,C00054,,,,
604,,GJ,3/24/2026,,"Wedbush_Trading gain (loss), net_20260324",,,,40050,ATGN,D21300,ARB00355_GBP,,,,2100.0,,,,,,C00054,,,,
605,,GJ,3/24/2026,,"Wedbush_Trading gain (loss), net_20260324",,,,40050,ATGN,D21300,ARB00390_CAD,,,,,15176.0,,,,,C00090,,,,
606,,GJ,3/24/2026,,"Wedbush_Trading gain (loss), net_20260324",,,,40050,ATGN,D21300,ARB00390_USD,,,,,487740.0,,,,,C00090,,,,
607,,GJ,3/24/2026,,"Wedbush_Trading gain (loss), net_20260324",,,,40050,ATGN,D23300,ARB00410_EUR,,,,0.0,,,,,,C00110,,,,
608,,GJ,3/24/2026,,"Wedbush_Trading gain (loss), net_20260324",,,,40050,ATGN,D23300,ARB00410_GBP,,,,,170.0,,,,,C00110,,,,
609,,GJ,3/24/2026,,"Wedbush_Trading gain (loss), net_20260324",,,,40050,ATGN,D23300,ARB00412_EUR,,,,,5043.75,,,,,C00112,,,,
610,,GJ,3/24/2026,,"Wedbush_Trading gain (loss), net_20260324",,,,40050,ATGN,D23300,ARB00412_GBP,,,,1350.0,,,,,,C00112,,,,
611,,GJ,3/24/2026,,"Wedbush_Trading gain (loss), net_20260324",,,,40050,ATGN,D23300,ARB00412_USD,,,,,4417.2,,,,,C00112,,,,
612,,GJ,3/24/2026,,"Wedbush_Trading gain (loss), net_20260324",,,,40050,ATGN,D23300,ARB00422_EUR,,,,0.0,,,,,,C00122,,,,
613,,GJ,3/24/2026,,"Wedbush_Trading gain (loss), net_20260324",,,,40050,ATGN,D23300,ARB00422_GBP,,,,810.0,,,,,,C00122,,,,
614,,GJ,3/24/2026,,"Wedbush_Trading gain (loss), net_20260324",,,,40050,ATGN,D23300,ARB00422_USD,,,,,32281.0,,,,,C00122,,,,
615,,GJ,3/24/2026,,"Wedbush_Trading gain (loss), net_20260324",,,,40050,ATGN,D23080,ARB00423_CAD,,,,,32990.0,,,,,C01231,,,,
616,,GJ,3/24/2026,,"Wedbush_Trading gain (loss), net_20260324",,,,40050,ATGN,D23080,ARB00423_EUR,,,,0.0,,,,,,C01231,,,,
617,,GJ,3/24/2026,,"Wedbush_Trading gain (loss), net_20260324",,,,40050,ATGN,D23080,ARB00423_GBP,,,,10320.0,,,,,,C01231,,,,
618,,GJ,3/24/2026,,"Wedbush_Trading gain (loss), net_20260324",,,,40050,ATGN,D23080,ARB00423_USD,,,,,164609.80000000002,,,,,C01231,,,,
619,,GJ,3/24/2026,,"Wedbush_Trading gain (loss), net_20260324",,,,40050,ATGN,D23020,ARB00424_CAD,,,,,48540.0,,,,,C00124,,,,
620,,GJ,3/24/2026,,"Wedbush_Trading gain (loss), net_20260324",,,,40050,ATGN,D23020,ARB00424_EUR,,,,0.0,,,,,,C00124,,,,
621,,GJ,3/24/2026,,"Wedbush_Trading gain (loss), net_20260324",,,,40050,ATGN,D23020,ARB00424_GBP,,,,,10520.0,,,,,C00124,,,,
622,,GJ,3/24/2026,,"Wedbush_Trading gain (loss), net_20260324",,,,40050,ATGN,D23020,ARB00424_USD,,,,,235169.5,,,,,C00124,,,,
623,,GJ,3/24/2026,,"Wedbush_Trading gain (loss), net_20260324",,,,40050,ATGN,D23020,ARB00425_CAD,,,,,17254.0,,,,,C00125,,,,
624,,GJ,3/24/2026,,"Wedbush_Trading gain (loss), net_20260324",,,,40050,ATGN,D23020,ARB00425_EUR,,,,0.0,,,,,,C00125,,,,
625,,GJ,3/24/2026,,"Wedbush_Trading gain (loss), net_20260324",,,,40050,ATGN,D23020,ARB00425_GBP,,,,,2160.0,,,,,C00125,,,,
626,,GJ,3/24/2026,,"Wedbush_Trading gain (loss), net_20260324",,,,40050,ATGN,D23020,ARB00425_USD,,,,,212148.4,,,,,C00125,,,,
627,,GJ,3/24/2026,,"Wedbush_Trading gain (loss), net_20260324",,,,40050,ATGN,D23020,ARB00426_CAD,,,,,15602.0,,,,,C00426,,,,
628,,GJ,3/24/2026,,"Wedbush_Trading gain (loss), net_20260324",,,,40050,ATGN,D23020,ARB00426_EUR,,,,0.0,,,,,,C00426,,,,
629,,GJ,3/24/2026,,"Wedbush_Trading gain (loss), net_20260324",,,,40050,ATGN,D23020,ARB00426_GBP,,,,,2810.0,,,,,C00426,,,,
630,,GJ,3/24/2026,,"Wedbush_Trading gain (loss), net_20260324",,,,40050,ATGN,D23020,ARB00426_USD,,,,,92994.8,,,,,C00426,,,,
631,,GJ,3/24/2026,,"Wedbush_Trading gain (loss), net_20260324",,,,40050,ATGN,D23300,ARB00432_EUR,,,,26625.0,,,,,,C00132,,,,
632,,GJ,3/24/2026,,"Wedbush_Trading gain (loss), net_20260324",,,,40050,ATGN,D23300,ARB00432_GBP,,,,,15312.5,,,,,C00132,,,,
633,,GJ,3/24/2026,,"Wedbush_Trading gain (loss), net_20260324",,,,40050,ATGN,D23300,ARB00432_USD,,,,,10632.0,,,,,C00132,,,,
634,,GJ,3/24/2026,,"Wedbush_Trading gain (loss), net_20260324",,,,40050,ATGN,D23300,ARB00435_EUR,,,,0.0,,,,,,C00135,,,,
635,,GJ,3/24/2026,,"Wedbush_Trading gain (loss), net_20260324",,,,40050,ATGN,D23300,ARB00435_GBP,,,,0.0,,,,,,C00135,,,,
636,,GJ,3/24/2026,,"Wedbush_Trading gain (loss), net_20260324",,,,40050,ATGN,D23300,ARB00435_USD,,,,,32869.6,,,,,C00135,,,,
637,,GJ,3/24/2026,,"Wedbush_Trading gain (loss), net_20260324",,,,40050,ATGN,D23020,ARB00442_EUR,,,,0.0,,,,,,C00124,,,,
638,,GJ,3/24/2026,,"Wedbush_Trading gain (loss), net_20260324",,,,40050,ATGN,D23020,ARB00442_GBP,,,,,10.0,,,,,C00124,,,,
639,,GJ,3/24/2026,,"Wedbush_Trading gain (loss), net_20260324",,,,40050,ATGN,D23020,ARB00442_USD,,,,,17620.799999999996,,,,,C00124,,,,
640,,GJ,3/24/2026,,"Wedbush_Trading gain (loss), net_20260324",,,,40050,ATGN,D23020,ARB00443_USD,,,,156.8,,,,,,C00125,,,,
641,,GJ,3/24/2026,,"Wedbush_Trading gain (loss), net_20260324",,,,40050,ATGN,D23020,ARB00444_USD,,,,,448.0,,,,,C00426,,,,
642,,GJ,3/24/2026,,"Wedbush_Trading gain (loss), net_20260324",,,,40050,ATGN,D23020,ARB00446_EUR,,,,0.0,,,,,,C00146,,,,
643,,GJ,3/24/2026,,"Wedbush_Trading gain (loss), net_20260324",,,,40050,ATGN,D23020,ARB00446_GBP,,,,,5070.0,,,,,C00146,,,,
644,,GJ,3/24/2026,,"Wedbush_Trading gain (loss), net_20260324",,,,40050,ATGN,D23020,ARB00446_USD,,,,,35874.6,,,,,C00146,,,,
645,,GJ,3/24/2026,,"Wedbush_Trading gain (loss), net_20260324",,,,40050,ATGN,D23300,ARB00449_EUR,,,,0.0,,,,,,C00149,,,,
646,,GJ,3/24/2026,,"Wedbush_Trading gain (loss), net_20260324",,,,40050,ATGN,D23300,ARB00449_GBP,,,,,30.0,,,,,C00149,,,,
647,,GJ,3/24/2026,,"Wedbush_Trading gain (loss), net_20260324",,,,40050,ATGN,D23300,ARB00449_USD,,,,,58161.999999999985,,,,,C00149,,,,
648,,GJ,3/24/2026,,"Wedbush_Trading gain (loss), net_20260324",,,,40050,ATGN,D23300,ARB00456_EUR,,,,33200.0,,,,,,C00156,,,,
649,,GJ,3/24/2026,,"Wedbush_Trading gain (loss), net_20260324",,,,40050,ATGN,D23300,ARB00456_GBP,,,,,9362.5,,,,,C00156,,,,
650,,GJ,3/24/2026,,"Wedbush_Trading gain (loss), net_20260324",,,,40050,ATGN,D23300,ARB00456_USD,,,,,127820.2,,,,,C00156,,,,
651,,GJ,3/24/2026,,"Wedbush_Trading gain (loss), net_20260324",,,,40050,ATGN,D23010,ARB00460_CAD,,,,,47232.0,,,,,C00160,,,,
652,,GJ,3/24/2026,,"Wedbush_Trading gain (loss), net_20260324",,,,40050,ATGN,D23010,ARB00460_USD,,,,725.0,,,,,,C00160,,,,
653,,GJ,3/24/2026,,"Wedbush_Trading gain (loss), net_20260324",,,,40050,ATGN,D23010,ARB00461_CAD,,,,,15312.0,,,,,C00161,,,,
654,,GJ,3/24/2026,,"Wedbush_Trading gain (loss), net_20260324",,,,40050,ATGN,D23010,ARB00461_USD,,,,0.0,,,,,,C00161,,,,
655,,GJ,3/24/2026,,"Wedbush_Trading gain (loss), net_20260324",,,,40050,ATGN,D23010,ARB00469_CAD,,,,,49720.0,,,,,C00469,,,,
656,,GJ,3/24/2026,,"Wedbush_Trading gain (loss), net_20260324",,,,40050,ATGN,D23010,ARB00469_EUR,,,,0.0,,,,,,C00469,,,,
657,,GJ,3/24/2026,,"Wedbush_Trading gain (loss), net_20260324",,,,40050,ATGN,D23010,ARB00469_GBP,,,,,7230.0,,,,,C00469,,,,
658,,GJ,3/24/2026,,"Wedbush_Trading gain (loss), net_20260324",,,,40050,ATGN,D23010,ARB00469_USD,,,,,14423.849999999999,,,,,C00469,,,,
659,,GJ,3/24/2026,,"Wedbush_Trading gain (loss), net_20260324",,,,40050,ATGN,D23060,ARB00486_EUR,,,,0.0,,,,,,C00186,,,,
660,,GJ,3/24/2026,,"Wedbush_Trading gain (loss), net_20260324",,,,40050,ATGN,D23060,ARB00486_GBP,,,,0.0,,,,,,C00186,,,,
661,,GJ,3/24/2026,,"Wedbush_Trading gain (loss), net_20260324",,,,40050,ATGN,D23060,ARB00486_USD,,,,,73438.75,,,,,C00186,,,,
662,,GJ,3/24/2026,,"Wedbush_Trading gain (loss), net_20260324",,,,40050,ATGN,D23060,ARB00488_EUR,,,,0.0,,,,,,C00186,,,,
663,,GJ,3/24/2026,,"Wedbush_Trading gain (loss), net_20260324",,,,40050,ATGN,D23060,ARB00488_GBP,,,,0.0,,,,,,C00186,,,,
664,,GJ,3/24/2026,,"Wedbush_Trading gain (loss), net_20260324",,,,40050,ATGN,D23060,ARB00488_USD,,,,,7276.25,,,,,C00186,,,,
665,,GJ,3/24/2026,,"Wedbush_Trading gain (loss), net_20260324",,,,40050,ATGN,D23300,ARB00493_CAD,,,,,22018.0,,,,,C00193,,,,
666,,GJ,3/24/2026,,"Wedbush_Trading gain (loss), net_20260324",,,,40050,ATGN,D23300,ARB00493_EUR,,,,0.0,,,,,,C00193,,,,
667,,GJ,3/24/2026,,"Wedbush_Trading gain (loss), net_20260324",,,,40050,ATGN,D23300,ARB00493_GBP,,,,,600.0,,,,,C00193,,,,
668,,GJ,3/24/2026,,"Wedbush_Trading gain (loss), net_20260324",,,,40050,ATGN,D23300,ARB00493_USD,,,,895.0,,,,,,C00193,,,,
669,,GJ,3/24/2026,,"Wedbush_Trading gain (loss), net_20260324",,,,40050,ATGN,D23300,ARB00494_CAD,,,,,22906.0,,,,,C00194,,,,
670,,GJ,3/24/2026,,"Wedbush_Trading gain (loss), net_20260324",,,,40050,ATGN,D23300,ARB00494_EUR,,,,0.0,,,,,,C00194,,,,
671,,GJ,3/24/2026,,"Wedbush_Trading gain (loss), net_20260324",,,,40050,ATGN,D23300,ARB00494_GBP,,,,,4700.0,,,,,C00194,,,,
672,,GJ,3/24/2026,,"Wedbush_Trading gain (loss), net_20260324",,,,40050,ATGN,D23300,ARB00494_USD,,,,,128860.2,,,,,C00194,,,,
673,,GJ,3/24/2026,,"Wedbush_Trading gain (loss), net_20260324",,,,40050,ATGN,D22000,ARB00501_EUR,,,,1525.0,,,,,,C00201,,,,
674,,GJ,3/24/2026,,"Wedbush_Trading gain (loss), net_20260324",,,,40050,ATGN,D22000,ARB00501_GBP,,,,0.0,,,,,,C00201,,,,
675,,GJ,3/24/2026,,"Wedbush_Trading gain (loss), net_20260324",,,,40050,ATGN,D22000,ARB00503_EUR,,,,0.0,,,,,,C00203,,,,
676,,GJ,3/24/2026,,"Wedbush_Trading gain (loss), net_20260324",,,,40050,ATGN,D22000,ARB00503_GBP,,,,0.0,,,,,,C00203,,,,
677,,GJ,3/24/2026,,"Wedbush_Trading gain (loss), net_20260324",,,,40050,ATGN,D22000,ARB00503_USD,,,,,1149.7999999999993,,,,,C00203,,,,
678,,GJ,3/24/2026,,"Wedbush_Trading gain (loss), net_20260324",,,,40050,ATGN,D22000,ARB00514_EUR,,,,0.0,,,,,,C00214,,,,
679,,GJ,3/24/2026,,"Wedbush_Trading gain (loss), net_20260324",,,,40050,ATGN,D22000,ARB00514_GBP,,,,,640.0,,,,,C00214,,,,
680,,GJ,3/24/2026,,"Wedbush_Trading gain (loss), net_20260324",,,,40050,ATGN,D22000,ARB00520_EUR,,,,0.0,,,,,,C00220,,,,
681,,GJ,3/24/2026,,"Wedbush_Trading gain (loss), net_20260324",,,,40050,ATGN,D22000,ARB00520_GBP,,,,,1700.0,,,,,C00220,,,,
682,,GJ,3/24/2026,,"Wedbush_Trading gain (loss), net_20260324",,,,40050,ATGN,D22000,ARB00557_EUR,,,,,112.5,,,,,C00257,,,,
683,,GJ,3/24/2026,,"Wedbush_Trading gain (loss), net_20260324",,,,40050,ATGN,D22000,ARB00557_GBP,,,,,895.0,,,,,C00257,,,,
684,,GJ,3/24/2026,,"Wedbush_Trading gain (loss), net_20260324",,,,40050,ATGN,D22000,ARB00567_EUR,,,,0.0,,,,,,C00267,,,,
685,,GJ,3/24/2026,,"Wedbush_Trading gain (loss), net_20260324",,,,40050,ATGN,D22000,ARB00567_GBP,,,,,1450.0,,,,,C00267,,,,
686,,GJ,3/24/2026,,"Wedbush_Trading gain (loss), net_20260324",,,,40050,ATGN,D22000,ARB00567_USD,,,,,15543.6,,,,,C00267,,,,
687,,GJ,3/24/2026,,"Wedbush_Trading gain (loss), net_20260324",,,,40050,303S,D21300,ARB00754_USD,,,,183830.00999999518,,,,,,C00754,,,,
688,,GJ,3/24/2026,,"Wedbush_Trading gain (loss), net_20260324",,,,40050,303S,D21030,ARB00765_USD,,,,,50883.060000000296,,,,,C00765,,,,
689,,GJ,3/24/2026,,"Wedbush_Trading gain (loss), net_20260324",,,,40050,303P,D21030,ARB01002_USD,,,,1710.25,,,,,,C01064,,,,
690,,GJ,3/24/2026,,"Wedbush_Trading gain (loss), net_20260324",,,,40050,303P,D21300,ARB01057_MXN,,,,,550747.0,,,,,C01057,,,,
691,,GJ,3/24/2026,,"Wedbush_Trading gain (loss), net_20260324",,,,40050,303P,D21300,ARB01057_USD,,,,860130.38,,,,,,C01057,,,,
692,,GJ,3/24/2026,,"Wedbush_Trading gain (loss), net_20260324",,,,40050,303P,D21030,ARB01063_JPY,,,,,2560750.0,,,,,C01063,,,,
693,,GJ,3/24/2026,,"Wedbush_Trading gain (loss), net_20260324",,,,40050,303P,D21030,ARB01063_USD,,,,,73830.53999999966,,,,,C01063,,,,
694,,GJ,3/24/2026,,"Wedbush_Trading gain (loss), net_20260324",,,,40050,303P,D21030,ARB01064_USD,,,,,11281.720000000894,,,,,C01064,,,,
695,,GJ,3/24/2026,,"Wedbush_Trading gain (loss), net_20260324",,,,40050,303P,D21030,ARB01065_USD,,,,,8650.910000000003,,,,,C01065,,,,
696,,GJ,3/24/2026,,"Wedbush_Trading gain (loss), net_20260324",,,,40050,303P,D21030,ARB01066_USD,,,,,3715.0399999999995,,,,,C01066,,,,
697,,GJ,3/24/2026,,"Wedbush_Trading gain (loss), net_20260324",,,,40050,303P,D21030,ARB01067_USD,,,,,160.0,,,,,C01067,,,,
698,,GJ,3/24/2026,,"Wedbush_Trading gain (loss), net_20260324",,,,40050,303P,D21030,ARB01071_USD,,,,,21313.699999999997,,,,,C01071,,,,
699,,GJ,3/24/2026,,"Wedbush_Trading gain (loss), net_20260324",,,,40050,303P,D21030,ARB01076_USD,,,,,47102.0,,,,,C01076,,,,
700,,GJ,3/24/2026,,"Wedbush_Trading gain (loss), net_20260324",,,,40050,303P,D21030,ARB01078_USD,,,,,87994.85,,,,,C01078,,,,
701,,GJ,3/24/2026,,"Wedbush_Trading gain (loss), net_20260324",,,,40050,303P,D21030,ARB01092_USD,,,,,88873.75,,,,,C01092,,,,
702,,GJ,3/24/2026,,"Wedbush_Trading gain (loss), net_20260324",,,,40050,303P,D23020,ARB01117_USD,,,,662.5,,,,,,C01117,,,,
703,,GJ,3/24/2026,,"Wedbush_Trading gain (loss), net_20260324",,,,40050,303P,D23300,ARB01145_USD,,,,343811.94999999995,,,,,,C01145,,,,
704,,GJ,3/24/2026,,"Wedbush_Trading gain (loss), net_20260324",,,,40050,303P,D23010,ARB01157_USD,,,,715.5,,,,,,C01157,,,,
705,,GJ,3/24/2026,,"Wedbush_Trading gain (loss), net_20260324",,,,40050,303P,D23010,ARB01158_USD,,,,125748.75,,,,,,C01158,,,,
706,,GJ,3/24/2026,,"Wedbush_Trading gain (loss), net_20260324",,,,40050,303P,D23010,ARB01166_USD,,,,,6969.0,,,,,C01166,,,,
707,,GJ,3/24/2026,,"Wedbush_Trading gain (loss), net_20260324",,,,40050,303P,D23010,ARB01172_USD,,,,2312.25,,,,,,C01172,,,,
708,,GJ,3/24/2026,,"Wedbush_Trading gain (loss), net_20260324",,,,40050,303P,D23010,ARB01176_USD,,,,116263.85,,,,,,C01176,,,,
709,,GJ,3/24/2026,,"Wedbush_Trading gain (loss), net_20260324",,,,40050,303P,D23010,ARB01177_USD,,,,2889.0,,,,,,C00469,,,,
710,,GJ,3/24/2026,,"Wedbush_Trading gain (loss), net_20260324",,,,40050,303P,D23300,ARB01195_USD,,,,2480.0,,,,,,C00193,,,,
711,,GJ,3/24/2026,,"Wedbush_Trading gain (loss), net_20260324",,,,40050,ATGN,D21300,ARB01357_CHF,,,,46612.5,,,,,,C01057,,,,
712,,GJ,3/24/2026,,"Wedbush_Trading gain (loss), net_20260324",,,,40050,ATGN,D21300,ARB01357_EUR,,,,,283800.0,,,,,C01057,,,,
713,,GJ,3/24/2026,,"Wedbush_Trading gain (loss), net_20260324",,,,40050,ATGN,D21300,ARB01357_GBP,,,,250054.55000001192,,,,,,C01057,,,,
714,,GJ,3/24/2026,,"Wedbush_Trading gain (loss), net_20260324",,,,40050,ATGN,D21300,ARB01357_USD,,,,,897350.0,,,,,C01057,,,,
715,,GJ,3/24/2026,,"Wedbush_Trading gain (loss), net_20260324",,,,40050,ATGN,D23020,ARB01400_EUR,,,,0.0,,,,,,C00146,,,,
716,,GJ,3/24/2026,,"Wedbush_Trading gain (loss), net_20260324",,,,40050,ATGN,D23020,ARB01400_GBP,,,,0.0,,,,,,C00146,,,,
717,,GJ,3/24/2026,,"Wedbush_Trading gain (loss), net_20260324",,,,40050,ATGN,D23020,ARB01400_USD,,,,774.7999999999993,,,,,,C00146,,,,
718,,GJ,3/24/2026,,"Wedbush_Trading gain (loss), net_20260324",,,,40050,ATGN,D23020,ARB01417_EUR,,,,0.0,,,,,,C01117,,,,
719,,GJ,3/24/2026,,"Wedbush_Trading gain (loss), net_20260324",,,,40050,ATGN,D23020,ARB01417_GBP,,,,0.0,,,,,,C01117,,,,
720,,GJ,3/24/2026,,"Wedbush_Trading gain (loss), net_20260324",,,,40050,ATGN,D23020,ARB01417_USD,,,,,153945.65,,,,,C01117,,,,
721,,GJ,3/24/2026,,"Wedbush_Trading gain (loss), net_20260324",,,,40050,ATGN,D23300,ARB01445_EUR,,,,9637.5,,,,,,C01145,,,,
722,,GJ,3/24/2026,,"Wedbush_Trading gain (loss), net_20260324",,,,40050,ATGN,D23300,ARB01445_GBP,,,,2737.5,,,,,,C01145,,,,
723,,GJ,3/24/2026,,"Wedbush_Trading gain (loss), net_20260324",,,,40050,ATGN,D23010,ARB01457_CAD,,,,216.0,,,,,,C01157,,,,
724,,GJ,3/24/2026,,"Wedbush_Trading gain (loss), net_20260324",,,,40050,ATGN,D23010,ARB01457_USD,,,,,6960.0,,,,,C01157,,,,
725,,GJ,3/24/2026,,"Wedbush_Trading gain (loss), net_20260324",,,,40050,ATGN,D23010,ARB01458_CAD,,,,,9768.0,,,,,C01158,,,,
726,,GJ,3/24/2026,,"Wedbush_Trading gain (loss), net_20260324",,,,40050,ATGN,D23010,ARB01458_USD,,,,,176335.0,,,,,C01158,,,,
727,,GJ,3/24/2026,,"Wedbush_Trading gain (loss), net_20260324",,,,40050,ATGN,D23010,ARB01466_CAD,,,,,5458.0,,,,,C01166,,,,
728,,GJ,3/24/2026,,"Wedbush_Trading gain (loss), net_20260324",,,,40050,ATGN,D23010,ARB01466_USD,,,,,615.0,,,,,C01166,,,,
729,,GJ,3/24/2026,,"Wedbush_Trading gain (loss), net_20260324",,,,40050,ATGN,D23010,ARB01472_CAD,,,,,28134.0,,,,,C01172,,,,
730,,GJ,3/24/2026,,"Wedbush_Trading gain (loss), net_20260324",,,,40050,ATGN,D23010,ARB01472_USD,,,,0.0,,,,,,C01172,,,,
731,,GJ,3/24/2026,,"Wedbush_Trading gain (loss), net_20260324",,,,40050,ATGN,D23010,ARB01476_EUR,,,,4487.5,,,,,,C01176,,,,
732,,GJ,3/24/2026,,"Wedbush_Trading gain (loss), net_20260324",,,,40050,ATGN,D23010,ARB01476_GBP,,,,19300.0,,,,,,C01176,,,,
733,,GJ,3/24/2026,,"Wedbush_Trading gain (loss), net_20260324",,,,40050,ATGN,D23010,ARB01476_USD,,,,,40483.2,,,,,C01176,,,,
734,,GJ,3/24/2026,,"Wedbush_Trading gain (loss), net_20260324",,,,40050,303P,D21300,ARB01606_USD,,,,,25097.25,,,,,C01606,,,,
735,,GJ,3/24/2026,,"Wedbush_Trading gain (loss), net_20260324",,,,40050,303P,D21300,ARB01607_EUR,,,,7890.0,,,,,,C01607,,,,
736,,GJ,3/24/2026,,"Wedbush_Trading gain (loss), net_20260324",,,,40050,303P,D21300,ARB01607_USD,,,,24438.5,,,,,,C01607,,,,
737,,GJ,3/24/2026,,"Wedbush_Trading gain (loss), net_20260324",,,,40050,303P,D21300,ARB01612_USD,,,,272.5,,,,,,C01612,,,,
738,,GJ,3/24/2026,,"Wedbush_Trading gain (loss), net_20260324",,,,40050,303P,D21300,ARB01613_USD,,,,903.75,,,,,,C01613,,,,
739,,GJ,3/24/2026,,"Wedbush_Trading gain (loss), net_20260324",,,,40050,303P,D21300,ARB02012_USD,,,,106535.5,,,,,,C02012,,,,
740,,GJ,3/24/2026,,"Wedbush_Trading gain (loss), net_20260324",,,,40050,303P,D21300,ARB02040_USD,,,,,17788.52,,,,,C02040,,,,
741,,GJ,3/24/2026,,"Wedbush_Trading gain (loss), net_20260324",,,,40050,303P,D21300,ARB02043_USD,,,,,804045.22,,,,,C02520,,,,
742,,GJ,3/24/2026,,"Wedbush_Trading gain (loss), net_20260324",,,,40050,303P,D21300,ARB02044_USD,,,,,330123.97000000003,,,,,C02044,,,,
743,,GJ,3/24/2026,,"Wedbush_Trading gain (loss), net_20260324",,,,40050,303P,D21300,ARB02045_USD,,,,,24427.96,,,,,C02045,,,,
744,,GJ,3/24/2026,,"Wedbush_Trading gain (loss), net_20260324",,,,40050,303P,D21030,ARB02047_USD,,,,26200.0,,,,,,C01092,,,,
745,,GJ,3/24/2026,,"Wedbush_Trading gain (loss), net_20260324",,,,40050,303P,D21030,ARB02052_USD,,,,,7038.0,,,,,C01078,,,,
746,,GJ,3/24/2026,,"Wedbush_Trading gain (loss), net_20260324",,,,40050,303P,D21300,ARB02055_USD,,,,11196.989999999998,,,,,,C00054,,,,
747,,GJ,3/24/2026,,"Wedbush_Trading gain (loss), net_20260324",,,,40050,303P,D21300,ARB02076_USD,,,,147924.78,,,,,,C02076,,,,
748,,GJ,3/24/2026,,"Wedbush_Trading gain (loss), net_20260324",,,,40050,303P,D23010,ARB02102_USD,,,,524.0,,,,,,C02102,,,,
749,,GJ,3/24/2026,,"Wedbush_Trading gain (loss), net_20260324",,,,40050,303P,D23010,ARB02103_USD,,,,23882.5,,,,,,C00163,,,,
750,,GJ,3/24/2026,,"Wedbush_Trading gain (loss), net_20260324",,,,40050,303P,D23080,ARB02116_USD,,,,17546.5,,,,,,C02116,,,,
751,,GJ,3/24/2026,,"Wedbush_Trading gain (loss), net_20260324",,,,40050,303P,D23080,ARB02118_USD,,,,1286.0,,,,,,C01234,,,,
752,,GJ,3/24/2026,,"Wedbush_Trading gain (loss), net_20260324",,,,40050,303P,D23300,ARB02121_USD,,,,25804.11,,,,,,C02121,,,,
753,,GJ,3/24/2026,,"Wedbush_Trading gain (loss), net_20260324",,,,40050,303P,D23020,ARB02129_USD,,,,23575.5,,,,,,C02129,,,,
754,,GJ,3/24/2026,,"Wedbush_Trading gain (loss), net_20260324",,,,40050,303P,D23010,ARB02132_USD,,,,,8259.5,,,,,C02132,,,,
755,,GJ,3/24/2026,,"Wedbush_Trading gain (loss), net_20260324",,,,40050,303P,D23010,ARB02135_USD,,,,,5230.0,,,,,C02135,,,,
756,,GJ,3/24/2026,,"Wedbush_Trading gain (loss), net_20260324",,,,40050,303P,D23010,ARB02136_USD,,,,,2452.5,,,,,C02136,,,,
757,,GJ,3/24/2026,,"Wedbush_Trading gain (loss), net_20260324",,,,40050,303P,D23010,ARB02147_USD,,,,,22209.0,,,,,C02147,,,,
758,,GJ,3/24/2026,,"Wedbush_Trading gain (loss), net_20260324",,,,40050,303P,D23010,ARB02149_USD,,,,,1964.0,,,,,C02149,,,,
759,,GJ,3/24/2026,,"Wedbush_Trading gain (loss), net_20260324",,,,40050,303P,D23060,ARB02152_USD,,,,,33540.0,,,,,C00186,,,,
760,,GJ,3/24/2026,,"Wedbush_Trading gain (loss), net_20260324",,,,40050,303P,D23300,ARB02154_USD,,,,7805.0,,,,,,C00149,,,,
761,,GJ,3/24/2026,,"Wedbush_Trading gain (loss), net_20260324",,,,40050,303P,D23020,ARB02156_USD,,,,,532.5,,,,,C02156,,,,
762,,GJ,3/24/2026,,"Wedbush_Trading gain (loss), net_20260324",,,,40050,303P,D23300,ARB02158_USD,,,,40537.5,,,,,,C01145,,,,
763,,GJ,3/24/2026,,"Wedbush_Trading gain (loss), net_20260324",,,,40050,303P,D23300,ARB02167_USD,,,,84443.0,,,,,,C00118,,,,
764,,GJ,3/24/2026,,"Wedbush_Trading gain (loss), net_20260324",,,,40050,303P,D23300,ARB02168_USD,,,,3215.0,,,,,,C00194,,,,
765,,GJ,3/24/2026,,"Wedbush_Trading gain (loss), net_20260324",,,,40050,303P,D23010,ARB02173_USD,,,,47145.0,,,,,,C00463,,,,
766,,GJ,3/24/2026,,"Wedbush_Trading gain (loss), net_20260324",,,,40050,303P,D23010,ARB02176_USD,,,,126710.0,,,,,,C00463,,,,
767,,GJ,3/24/2026,,"Wedbush_Trading gain (loss), net_20260324",,,,40050,303P,D23010,ARB02177_USD,,,,,2364.0,,,,,C02177,,,,
768,,GJ,3/24/2026,,"Wedbush_Trading gain (loss), net_20260324",,,,40050,303P,D23010,ARB02179_USD,,,,,10606.0,,,,,C02179,,,,
769,,GJ,3/24/2026,,"Wedbush_Trading gain (loss), net_20260324",,,,40050,303P,D23010,ARB02180_USD,,,,15788.0,,,,,,C02180,,,,
770,,GJ,3/24/2026,,"Wedbush_Trading gain (loss), net_20260324",,,,40050,303P,D23010,ARB02181_USD,,,,,63261.0,,,,,C02181,,,,
771,,GJ,3/24/2026,,"Wedbush_Trading gain (loss), net_20260324",,,,40050,303P,D23010,ARB02182_USD,,,,2985.5,,,,,,C02182,,,,
772,,GJ,3/24/2026,,"Wedbush_Trading gain (loss), net_20260324",,,,40050,303P,D23010,ARB02183_USD,,,,,4389.5,,,,,C02183,,,,
773,,GJ,3/24/2026,,"Wedbush_Trading gain (loss), net_20260324",,,,40050,303P,D23010,ARB02184_USD,,,,,60516.0,,,,,C02184,,,,
774,,GJ,3/24/2026,,"Wedbush_Trading gain (loss), net_20260324",,,,40050,303P,D23010,ARB02185_USD,,,,3830.5,,,,,,C02185,,,,
775,,GJ,3/24/2026,,"Wedbush_Trading gain (loss), net_20260324",,,,40050,303P,D23010,ARB02187_USD,,,,3925.5,,,,,,C02187,,,,
776,,GJ,3/24/2026,,"Wedbush_Trading gain (loss), net_20260324",,,,40050,303P,D23010,ARB02190_USD,,,,12702.5,,,,,,C02147,,,,
777,,GJ,3/24/2026,,"Wedbush_Trading gain (loss), net_20260324",,,,40050,303P,D23010,ARB02191_USD,,,,3048.25,,,,,,C00469,,,,
778,,GJ,3/24/2026,,"Wedbush_Trading gain (loss), net_20260324",,,,40050,303P,D23010,ARB02195_USD,,,,2416.25,,,,,,C01172,,,,
779,,GJ,3/24/2026,,"Wedbush_Trading gain (loss), net_20260324",,,,40050,ATGN,D21300,ARB02342_EUR,,,,0.0,,,,,,C02042,,,,
780,,GJ,3/24/2026,,"Wedbush_Trading gain (loss), net_20260324",,,,40050,ATGN,D21300,ARB02342_GBP,,,,7120.0,,,,,,C02042,,,,
781,,GJ,3/24/2026,,"Wedbush_Trading gain (loss), net_20260324",,,,40050,ATGN,D21300,ARB02343_EUR,,,,,68950.0,,,,,C02520,,,,
782,,GJ,3/24/2026,,"Wedbush_Trading gain (loss), net_20260324",,,,40050,ATGN,D21300,ARB02343_GBP,,,,,862250.0,,,,,C02520,,,,
783,,GJ,3/24/2026,,"Wedbush_Trading gain (loss), net_20260324",,,,40050,ATGN,D21300,ARB02343_USD,,,,22691.6,,,,,,C02520,,,,
784,,GJ,3/24/2026,,"Wedbush_Trading gain (loss), net_20260324",,,,40050,ATGN,D21300,ARB02355_USD,,,,,6981.0,,,,,C00054,,,,
785,,GJ,3/24/2026,,"Wedbush_Trading gain (loss), net_20260324",,,,40050,ATGN,D21300,ARB02376_EUR,,,,0.0,,,,,,C02076,,,,
786,,GJ,3/24/2026,,"Wedbush_Trading gain (loss), net_20260324",,,,40050,ATGN,D21300,ARB02376_GBP,,,,,2020.0,,,,,C02076,,,,
787,,GJ,3/24/2026,,"Wedbush_Trading gain (loss), net_20260324",,,,40050,ATGN,D23010,ARB02402_USD,,,,,375.0,,,,,C02102,,,,
788,,GJ,3/24/2026,,"Wedbush_Trading gain (loss), net_20260324",,,,40050,ATGN,D23080,ARB02416_EUR,,,,0.0,,,,,,C02116,,,,
789,,GJ,3/24/2026,,"Wedbush_Trading gain (loss), net_20260324",,,,40050,ATGN,D23080,ARB02416_GBP,,,,,570.0,,,,,C02116,,,,
790,,GJ,3/24/2026,,"Wedbush_Trading gain (loss), net_20260324",,,,40050,ATGN,D23080,ARB02416_USD,,,,,36763.2,,,,,C02116,,,,
791,,GJ,3/24/2026,,"Wedbush_Trading gain (loss), net_20260324",,,,40050,ATGN,D23080,ARB02418_EUR,,,,0.0,,,,,,C01234,,,,
792,,GJ,3/24/2026,,"Wedbush_Trading gain (loss), net_20260324",,,,40050,ATGN,D23080,ARB02418_GBP,,,,,3880.0,,,,,C01234,,,,
793,,GJ,3/24/2026,,"Wedbush_Trading gain (loss), net_20260324",,,,40050,ATGN,D23080,ARB02418_USD,,,,,39889.799999999996,,,,,C01234,,,,
794,,GJ,3/24/2026,,"Wedbush_Trading gain (loss), net_20260324",,,,40050,ATGN,D23300,ARB02421_EUR,,,,,2668.75,,,,,C02121,,,,
795,,GJ,3/24/2026,,"Wedbush_Trading gain (loss), net_20260324",,,,40050,ATGN,D23300,ARB02421_GBP,,,,,1737.5,,,,,C02121,,,,
796,,GJ,3/24/2026,,"Wedbush_Trading gain (loss), net_20260324",,,,40050,ATGN,D23300,ARB02421_USD,,,,1250.3,,,,,,C02121,,,,
797,,GJ,3/24/2026,,"Wedbush_Trading gain (loss), net_20260324",,,,40050,ATGN,D23020,ARB02429_CAD,,,,,1110.0,,,,,C02129,,,,
798,,GJ,3/24/2026,,"Wedbush_Trading gain (loss), net_20260324",,,,40050,ATGN,D23020,ARB02429_EUR,,,,0.0,,,,,,C02129,,,,
799,,GJ,3/24/2026,,"Wedbush_Trading gain (loss), net_20260324",,,,40050,ATGN,D23020,ARB02429_GBP,,,,,6190.0,,,,,C02129,,,,
800,,GJ,3/24/2026,,"Wedbush_Trading gain (loss), net_20260324",,,,40050,ATGN,D23020,ARB02429_USD,,,,,36945.2,,,,,C02129,,,,
801,,GJ,3/24/2026,,"Wedbush_Trading gain (loss), net_20260324",,,,40050,ATGN,D23010,ARB02432_CAD,,,,,38460.0,,,,,C02132,,,,
802,,GJ,3/24/2026,,"Wedbush_Trading gain (loss), net_20260324",,,,40050,ATGN,D23010,ARB02432_USD,,,,,65.0,,,,,C02132,,,,
803,,GJ,3/24/2026,,"Wedbush_Trading gain (loss), net_20260324",,,,40050,ATGN,D23010,ARB02435_CAD,,,,,14214.0,,,,,C02135,,,,
804,,GJ,3/24/2026,,"Wedbush_Trading gain (loss), net_20260324",,,,40050,ATGN,D23010,ARB02435_USD,,,,135.0,,,,,,C02135,,,,
805,,GJ,3/24/2026,,"Wedbush_Trading gain (loss), net_20260324",,,,40050,ATGN,D23010,ARB02436_EUR,,,,0.0,,,,,,C02136,,,,
806,,GJ,3/24/2026,,"Wedbush_Trading gain (loss), net_20260324",,,,40050,ATGN,D23010,ARB02436_GBP,,,,,5080.0,,,,,C02136,,,,
807,,GJ,3/24/2026,,"Wedbush_Trading gain (loss), net_20260324",,,,40050,ATGN,D23010,ARB02436_USD,,,,,13175.949999999999,,,,,C02136,,,,
808,,GJ,3/24/2026,,"Wedbush_Trading gain (loss), net_20260324",,,,40050,ATGN,D23010,ARB02445_USD,,,,,39895.0,,,,,C02145,,,,
809,,GJ,3/24/2026,,"Wedbush_Trading gain (loss), net_20260324",,,,40050,ATGN,D23010,ARB02447_CAD,,,,5674.0,,,,,,C02147,,,,
810,,GJ,3/24/2026,,"Wedbush_Trading gain (loss), net_20260324",,,,40050,ATGN,D23010,ARB02447_USD,,,,,1340.0,,,,,C02147,,,,
811,,GJ,3/24/2026,,"Wedbush_Trading gain (loss), net_20260324",,,,40050,ATGN,D23010,ARB02449_EUR,,,,0.0,,,,,,C02149,,,,
812,,GJ,3/24/2026,,"Wedbush_Trading gain (loss), net_20260324",,,,40050,ATGN,D23010,ARB02449_GBP,,,,,730.0,,,,,C02149,,,,
813,,GJ,3/24/2026,,"Wedbush_Trading gain (loss), net_20260324",,,,40050,ATGN,D23010,ARB02449_USD,,,,,12925.1,,,,,C02149,,,,
814,,GJ,3/24/2026,,"Wedbush_Trading gain (loss), net_20260324",,,,40050,ATGN,D23060,ARB02452_CAD,,,,,8.0,,,,,C00186,,,,
815,,GJ,3/24/2026,,"Wedbush_Trading gain (loss), net_20260324",,,,40050,ATGN,D23060,ARB02452_EUR,,,,0.0,,,,,,C00186,,,,
816,,GJ,3/24/2026,,"Wedbush_Trading gain (loss), net_20260324",,,,40050,ATGN,D23060,ARB02452_GBP,,,,0.0,,,,,,C00186,,,,
817,,GJ,3/24/2026,,"Wedbush_Trading gain (loss), net_20260324",,,,40050,ATGN,D23060,ARB02452_USD,,,,,47077.5,,,,,C00186,,,,
818,,GJ,3/24/2026,,"Wedbush_Trading gain (loss), net_20260324",,,,40050,ATGN,D23300,ARB02454_EUR,,,,0.0,,,,,,C00149,,,,
819,,GJ,3/24/2026,,"Wedbush_Trading gain (loss), net_20260324",,,,40050,ATGN,D23300,ARB02454_GBP,,,,,900.0,,,,,C00149,,,,
820,,GJ,3/24/2026,,"Wedbush_Trading gain (loss), net_20260324",,,,40050,ATGN,D23300,ARB02454_USD,,,,,6619.0,,,,,C00149,,,,
821,,GJ,3/24/2026,,"Wedbush_Trading gain (loss), net_20260324",,,,40050,ATGN,D23020,ARB02456_EUR,,,,0.0,,,,,,C02156,,,,
822,,GJ,3/24/2026,,"Wedbush_Trading gain (loss), net_20260324",,,,40050,ATGN,D23020,ARB02456_GBP,,,,,490.0,,,,,C02156,,,,
823,,GJ,3/24/2026,,"Wedbush_Trading gain (loss), net_20260324",,,,40050,ATGN,D23020,ARB02456_USD,,,,,8261.4,,,,,C02156,,,,
824,,GJ,3/24/2026,,"Wedbush_Trading gain (loss), net_20260324",,,,40050,ATGN,D23300,ARB02458_USD,,,,,11679.0,,,,,C01145,,,,
825,,GJ,3/24/2026,,"Wedbush_Trading gain (loss), net_20260324",,,,40050,ATGN,D23080,ARB02463_USD,,,,,9237.0,,,,,C01231,,,,
826,,GJ,3/24/2026,,"Wedbush_Trading gain (loss), net_20260324",,,,40050,ATGN,D23010,ARB02473_EUR,,,,1587.5,,,,,,C00463,,,,
827,,GJ,3/24/2026,,"Wedbush_Trading gain (loss), net_20260324",,,,40050,ATGN,D23010,ARB02473_GBP,,,,762.5,,,,,,C00463,,,,
828,,GJ,3/24/2026,,"Wedbush_Trading gain (loss), net_20260324",,,,40050,ATGN,D23010,ARB02473_USD,,,,,18680.0,,,,,C00463,,,,
829,,GJ,3/24/2026,,"Wedbush_Trading gain (loss), net_20260324",,,,40050,ATGN,D23010,ARB02476_EUR,,,,,85725.0,,,,,C00463,,,,
830,,GJ,3/24/2026,,"Wedbush_Trading gain (loss), net_20260324",,,,40050,ATGN,D23010,ARB02476_GBP,,,,,6925.0,,,,,C00463,,,,
831,,GJ,3/24/2026,,"Wedbush_Trading gain (loss), net_20260324",,,,40050,ATGN,D23010,ARB02476_USD,,,,,1295960.0,,,,,C00463,,,,
832,,GJ,3/24/2026,,"Wedbush_Trading gain (loss), net_20260324",,,,40050,ATGN,D23010,ARB02477_CAD,,,,,1610.0,,,,,C02177,,,,
833,,GJ,3/24/2026,,"Wedbush_Trading gain (loss), net_20260324",,,,40050,ATGN,D23010,ARB02477_USD,,,,,14830.0,,,,,C02177,,,,
834,,GJ,3/24/2026,,"Wedbush_Trading gain (loss), net_20260324",,,,40050,ATGN,D23010,ARB02479_CAD,,,,,3258.0,,,,,C02179,,,,
835,,GJ,3/24/2026,,"Wedbush_Trading gain (loss), net_20260324",,,,40050,ATGN,D23010,ARB02479_USD,,,,,2102.4,,,,,C02179,,,,
836,,GJ,3/24/2026,,"Wedbush_Trading gain (loss), net_20260324",,,,40050,ATGN,D23010,ARB02480_CAD,,,,,18530.0,,,,,C02180,,,,
837,,GJ,3/24/2026,,"Wedbush_Trading gain (loss), net_20260324",,,,40050,ATGN,D23010,ARB02480_USD,,,,1000.0,,,,,,C02180,,,,
838,,GJ,3/24/2026,,"Wedbush_Trading gain (loss), net_20260324",,,,40050,ATGN,D23010,ARB02481_CAD,,,,,25958.0,,,,,C02181,,,,
839,,GJ,3/24/2026,,"Wedbush_Trading gain (loss), net_20260324",,,,40050,ATGN,D23010,ARB02481_USD,,,,,7250.0,,,,,C02181,,,,
840,,GJ,3/24/2026,,"Wedbush_Trading gain (loss), net_20260324",,,,40050,ATGN,D23010,ARB02482_CAD,,,,,1164.0,,,,,C02182,,,,
841,,GJ,3/24/2026,,"Wedbush_Trading gain (loss), net_20260324",,,,40050,ATGN,D23010,ARB02482_USD,,,,0.0,,,,,,C02182,,,,
842,,GJ,3/24/2026,,"Wedbush_Trading gain (loss), net_20260324",,,,40050,ATGN,D23010,ARB02483_CAD,,,,,26900.0,,,,,C02183,,,,
843,,GJ,3/24/2026,,"Wedbush_Trading gain (loss), net_20260324",,,,40050,ATGN,D23010,ARB02483_USD,,,,,6910.0,,,,,C02183,,,,
844,,GJ,3/24/2026,,"Wedbush_Trading gain (loss), net_20260324",,,,40050,ATGN,D23010,ARB02484_CAD,,,,,77488.0,,,,,C02184,,,,
845,,GJ,3/24/2026,,"Wedbush_Trading gain (loss), net_20260324",,,,40050,ATGN,D23010,ARB02484_USD,,,,,38600.0,,,,,C02184,,,,
846,,GJ,3/24/2026,,"Wedbush_Trading gain (loss), net_20260324",,,,40050,ATGN,D23010,ARB02485_EUR,,,,0.0,,,,,,C02185,,,,
847,,GJ,3/24/2026,,"Wedbush_Trading gain (loss), net_20260324",,,,40050,ATGN,D23010,ARB02485_GBP,,,,,2190.0,,,,,C02185,,,,
848,,GJ,3/24/2026,,"Wedbush_Trading gain (loss), net_20260324",,,,40050,ATGN,D23010,ARB02485_USD,,,,,121857.95000000001,,,,,C02185,,,,
849,,GJ,3/24/2026,,"Wedbush_Trading gain (loss), net_20260324",,,,40050,ATGN,D23010,ARB02491_EUR,,,,0.0,,,,,,C00469,,,,
850,,GJ,3/24/2026,,"Wedbush_Trading gain (loss), net_20260324",,,,40050,ATGN,D23010,ARB02491_GBP,,,,,1890.0,,,,,C00469,,,,
851,,GJ,3/24/2026,,"Wedbush_Trading gain (loss), net_20260324",,,,40050,ATGN,D23010,ARB02491_USD,,,,,1384.8000000000002,,,,,C00469,,,,
852,,GJ,3/24/2026,,"Wedbush_Trading gain (loss), net_20260324",,,,40050,303P,D21300,ARB03003_USD,,,,26431.25,,,,,,C03003,,,,
853,,GJ,3/24/2026,,"Wedbush_Trading gain (loss), net_20260324",,,,40050,303P,D21300,ARB03022_USD,,,,,67906.25,,,,,C00034,,,,
854,,GJ,3/24/2026,,"Wedbush_Trading gain (loss), net_20260324",,,,40050,303P,D21300,ARB03032_USD,,,,188385.25,,,,,,C00049,,,,
855,,GJ,3/24/2026,,"Wedbush_Trading gain (loss), net_20260324",,,,40050,303P,D21300,ARB03033_USD,,,,7597.5,,,,,,C00049,,,,
856,,GJ,3/24/2026,,"Wedbush_Trading gain (loss), net_20260324",,,,40050,303P,D21300,ARB03034_USD,,,,25496.0,,,,,,C00049,,,,
857,,GJ,3/24/2026,,"Wedbush_Trading gain (loss), net_20260324",,,,40050,303P,D21300,ARB03035_USD,,,,,27973.279999999984,,,,,C00049,,,,
858,,GJ,3/24/2026,,"Wedbush_Trading gain (loss), net_20260324",,,,40050,303P,D21300,ARB03037_USD,,,,58368.08,,,,,,C03037,,,,
859,,GJ,3/24/2026,,"Wedbush_Trading gain (loss), net_20260324",,,,40050,303P,D21300,ARB03038_USD,,,,,54910.130000000005,,,,,C03038,,,,
860,,GJ,3/24/2026,,"Wedbush_Trading gain (loss), net_20260324",,,,40050,303P,D21300,ARB03041_USD,,,,1145.01,,,,,,C03040,,,,
861,,GJ,3/24/2026,,"Wedbush_Trading gain (loss), net_20260324",,,,40050,303P,D21300,ARB03042_USD,,,,195.0,,,,,,C03040,,,,
862,,GJ,3/24/2026,,"Wedbush_Trading gain (loss), net_20260324",,,,40050,303P,D21300,ARB03043_USD,,,,,2169.6900000000005,,,,,C03040,,,,
863,,GJ,3/24/2026,,"Wedbush_Trading gain (loss), net_20260324",,,,40050,303P,D21300,ARB03044_USD,,,,21062.01,,,,,,C03040,,,,
864,,GJ,3/24/2026,,"Wedbush_Trading gain (loss), net_20260324",,,,40050,303P,D21300,ARB03046_USD,,,,,21207.56,,,,,C03040,,,,
865,,GJ,3/24/2026,,"Wedbush_Trading gain (loss), net_20260324",,,,40050,303P,D21300,ARB03052_USD,,,,8006.1100000000015,,,,,,C03071,,,,
866,,GJ,3/24/2026,,"Wedbush_Trading gain (loss), net_20260324",,,,40050,303P,D21300,ARB03057_USD,,,,2671.94,,,,,,C01057,,,,
867,,GJ,3/24/2026,,"Wedbush_Trading gain (loss), net_20260324",,,,40050,303P,D21300,ARB03060_USD,,,,377318.75,,,,,,C03060,,,,
868,,GJ,3/24/2026,,"Wedbush_Trading gain (loss), net_20260324",,,,40050,303P,D21300,ARB03062_USD,,,,,42332.5,,,,,C03062,,,,
869,,GJ,3/24/2026,,"Wedbush_Trading gain (loss), net_20260324",,,,40050,303P,D21300,ARB03064_USD,,,,18201.5,,,,,,C03064,,,,
870,,GJ,3/24/2026,,"Wedbush_Trading gain (loss), net_20260324",,,,40050,303P,D21300,ARB03065_USD,,,,1988137.3900000048,,,,,,C03065,,,,
871,,GJ,3/24/2026,,"Wedbush_Trading gain (loss), net_20260324",,,,40050,303P,D21300,ARB03072_USD,,,,,44330.0,,,,,C03072,,,,
872,,GJ,3/24/2026,,"Wedbush_Trading gain (loss), net_20260324",,,,40050,303P,D21300,ARB03073_USD,,,,,171039.55,,,,,C03073,,,,
873,,GJ,3/24/2026,,"Wedbush_Trading gain (loss), net_20260324",,,,40050,303P,D21300,ARB03074_USD,,,,,1787.4,,,,,C03073,,,,
874,,GJ,3/24/2026,,"Wedbush_Trading gain (loss), net_20260324",,,,40050,303P,D21300,ARB03078_USD,,,,,31550.0,,,,,C03078,,,,
875,,GJ,3/24/2026,,"Wedbush_Trading gain (loss), net_20260324",,,,40050,303P,D21300,ARB03079_USD,,,,438915.19999999995,,,,,,C03078,,,,
876,,GJ,3/24/2026,,"Wedbush_Trading gain (loss), net_20260324",,,,40050,303P,D21300,ARB03080_USD,,,,,31990.0,,,,,C03078,,,,
877,,GJ,3/24/2026,,"Wedbush_Trading gain (loss), net_20260324",,,,40050,303P,D21030,ARB03084_JPY,,,,,2935000.0,,,,,C03084,,,,
878,,GJ,3/24/2026,,"Wedbush_Trading gain (loss), net_20260324",,,,40050,303P,D21030,ARB03084_USD,,,,9222.429999998361,,,,,,C03084,,,,
879,,GJ,3/24/2026,,"Wedbush_Trading gain (loss), net_20260324",,,,40050,303P,D21300,ARB03088_USD,,,,,4764.5,,,,,C03088,,,,
880,,GJ,3/24/2026,,"Wedbush_Trading gain (loss), net_20260324",,,,40050,303P,D21300,ARB03090_USD,,,,,501.0,,,,,C03090,,,,
881,,GJ,3/24/2026,,"Wedbush_Trading gain (loss), net_20260324",,,,40050,303P,D21300,ARB03093_USD,,,,2142.5,,,,,,C03093,,,,
882,,GJ,3/24/2026,,"Wedbush_Trading gain (loss), net_20260324",,,,40050,303P,D21300,ARB03096_USD,,,,,3040.5,,,,,C03096,,,,
883,,GJ,3/24/2026,,"Wedbush_Trading gain (loss), net_20260324",,,,40050,303P,D23300,ARB03100_USD,,,,3095.5,,,,,,C03100,,,,
884,,GJ,3/24/2026,,"Wedbush_Trading gain (loss), net_20260324",,,,40050,303P,D23080,ARB03102_USD,,,,,44915.75,,,,,C03102,,,,
885,,GJ,3/24/2026,,"Wedbush_Trading gain (loss), net_20260324",,,,40050,303P,D23300,ARB03103_USD,,,,10869.350000000006,,,,,,CX3103,,,,
886,,GJ,3/24/2026,,"Wedbush_Trading gain (loss), net_20260324",,,,40050,303P,D23300,ARB03104_USD,,,,,11328.0,,,,,C03104,,,,
887,,GJ,3/24/2026,,"Wedbush_Trading gain (loss), net_20260324",,,,40050,303P,D23300,ARB03105_USD,,,,,17839.629999999946,,,,,C00310,,,,
888,,GJ,3/24/2026,,"Wedbush_Trading gain (loss), net_20260324",,,,40050,303P,D23300,ARB03106_USD,,,,75117.71000000008,,,,,,C00310,,,,
889,,GJ,3/24/2026,,"Wedbush_Trading gain (loss), net_20260324",,,,40050,303P,D23300,ARB03107_USD,,,,,108953.0,,,,,C03107,,,,
890,,GJ,3/24/2026,,"Wedbush_Trading gain (loss), net_20260324",,,,40050,303P,D23300,ARB03108_USD,,,,,230195.55000000005,,,,,C00311,,,,
891,,GJ,3/24/2026,,"Wedbush_Trading gain (loss), net_20260324",,,,40050,303P,D23300,ARB03109_USD,,,,,85344.0,,,,,C00311,,,,
892,,GJ,3/24/2026,,"Wedbush_Trading gain (loss), net_20260324",,,,40050,303P,D23300,ARB03110_USD,,,,,11140.5,,,,,C00311,,,,
893,,GJ,3/24/2026,,"Wedbush_Trading gain (loss), net_20260324",,,,40050,303P,D23300,ARB03112_USD,,,,2648.9000000000015,,,,,,C00310,,,,
894,,GJ,3/24/2026,,"Wedbush_Trading gain (loss), net_20260324",,,,40050,303P,D23300,ARB03113_USD,,,,,1700.030000001043,,,,,C03113,,,,
895,,GJ,3/24/2026,,"Wedbush_Trading gain (loss), net_20260324",,,,40050,303P,D23300,ARB03115_USD,,,,14139.0,,,,,,CX3115,,,,
896,,GJ,3/24/2026,,"Wedbush_Trading gain (loss), net_20260324",,,,40050,303P,D23020,ARB03116_USD,,,,,13257.5,,,,,C02129,,,,
897,,GJ,3/24/2026,,"Wedbush_Trading gain (loss), net_20260324",,,,40050,303P,D23300,ARB03122_USD,,,,10765.100000000006,,,,,,C03122,,,,
898,,GJ,3/24/2026,,"Wedbush_Trading gain (loss), net_20260324",,,,40050,303P,D23300,ARB03125_USD,,,,6040.0,,,,,,CX3125,,,,
899,,GJ,3/24/2026,,"Wedbush_Trading gain (loss), net_20260324",,,,40050,303P,D23300,ARB03126_USD,,,,,20.0,,,,,C00310,,,,
900,,GJ,3/24/2026,,"Wedbush_Trading gain (loss), net_20260324",,,,40050,303P,D23300,ARB03133_USD,,,,12299.500000000015,,,,,,C03133,,,,
901,,GJ,3/24/2026,,"Wedbush_Trading gain (loss), net_20260324",,,,40050,303P,D23300,ARB03134_USD,,,,,2287.5,,,,,C03134,,,,
902,,GJ,3/24/2026,,"Wedbush_Trading gain (loss), net_20260324",,,,40050,303P,D23300,ARB03136_USD,,,,3550.0,,,,,,CX3136,,,,
903,,GJ,3/24/2026,,"Wedbush_Trading gain (loss), net_20260324",,,,40050,303P,D23300,ARB03139_USD,,,,203359.90000000002,,,,,,C00311,,,,
904,,GJ,3/24/2026,,"Wedbush_Trading gain (loss), net_20260324",,,,40050,303P,D23300,ARB03141_USD,,,,,36857.88999999999,,,,,C03141,,,,
905,,GJ,3/24/2026,,"Wedbush_Trading gain (loss), net_20260324",,,,40050,303P,D23300,ARB03142_USD,,,,2629.2999999999993,,,,,,C00310,,,,
906,,GJ,3/24/2026,,"Wedbush_Trading gain (loss), net_20260324",,,,40050,303P,D23300,ARB03143_USD,,,,,9053.5,,,,,C00310,,,,
907,,GJ,3/24/2026,,"Wedbush_Trading gain (loss), net_20260324",,,,40050,303P,D23300,ARB03144_USD,,,,,1022.5999999999999,,,,,CX3144,,,,
908,,GJ,3/24/2026,,"Wedbush_Trading gain (loss), net_20260324",,,,40050,303P,D23300,ARB03146_USD,,,,16120.0,,,,,,CX3136,,,,
909,,GJ,3/24/2026,,"Wedbush_Trading gain (loss), net_20260324",,,,40050,303P,D23300,ARB03147_USD,,,,310.0,,,,,,CX3115,,,,
910,,GJ,3/24/2026,,"Wedbush_Trading gain (loss), net_20260324",,,,40050,303P,D23090,ARB03150_USD,,,,9074.95,,,,,,C03150,,,,
911,,GJ,3/24/2026,,"Wedbush_Trading gain (loss), net_20260324",,,,40050,303P,D23090,ARB03154_USD,,,,15297.910000000003,,,,,,C03154,,,,
912,,GJ,3/24/2026,,"Wedbush_Trading gain (loss), net_20260324",,,,40050,303P,D23100,ARB03156_USD,,,,4508.940000000162,,,,,,C03156,,,,
913,,GJ,3/24/2026,,"Wedbush_Trading gain (loss), net_20260324",,,,40050,303P,D23100,ARB03157_USD,,,,9720.109999999986,,,,,,C03157,,,,
914,,GJ,3/24/2026,,"Wedbush_Trading gain (loss), net_20260324",,,,40050,303P,D23100,ARB03159_USD,,,,7410.029999999999,,,,,,C03159,,,,
915,,GJ,3/24/2026,,"Wedbush_Trading gain (loss), net_20260324",,,,40050,303P,D23010,ARB03168_USD,,,,163.5,,,,,,C03168,,,,
916,,GJ,3/24/2026,,"Wedbush_Trading gain (loss), net_20260324",,,,40050,303P,D23100,ARB03174_USD,,,,15310.869999999995,,,,,,C03174,,,,
917,,GJ,3/24/2026,,"Wedbush_Trading gain (loss), net_20260324",,,,40050,303P,D23100,ARB03175_USD,,,,53980.3,,,,,,C03175,,,,
918,,GJ,3/24/2026,,"Wedbush_Trading gain (loss), net_20260324",,,,40050,303P,D23100,ARB03176_USD,,,,37014.580000000016,,,,,,C03176,,,,
919,,GJ,3/24/2026,,"Wedbush_Trading gain (loss), net_20260324",,,,40050,303P,D23100,ARB03185_USD,,,,15862.5,,,,,,C03185,,,,
920,,GJ,3/24/2026,,"Wedbush_Trading gain (loss), net_20260324",,,,40050,303P,D23300,ARB03192_USD,,,,93.0,,,,,,C03163,,,,
921,,GJ,3/24/2026,,"Wedbush_Trading gain (loss), net_20260324",,,,40050,ATGN,D21300,ARB03360_EUR,,,,,622105.0,,,,,C03060,,,,
922,,GJ,3/24/2026,,"Wedbush_Trading gain (loss), net_20260324",,,,40050,ATGN,D21300,ARB03360_GBP,,,,1173565.75,,,,,,C03060,,,,
923,,GJ,3/24/2026,,"Wedbush_Trading gain (loss), net_20260324",,,,40050,ATGN,D21300,ARB03362_EUR,,,,40950.0,,,,,,C03062,,,,
924,,GJ,3/24/2026,,"Wedbush_Trading gain (loss), net_20260324",,,,40050,ATGN,D21300,ARB03362_GBP,,,,19812.5,,,,,,C03062,,,,
925,,GJ,3/24/2026,,"Wedbush_Trading gain (loss), net_20260324",,,,40050,ATGN,D21300,ARB03362_USD,,,,8670.0,,,,,,C03062,,,,
926,,GJ,3/24/2026,,"Wedbush_Trading gain (loss), net_20260324",,,,40050,ATGN,D21300,ARB03364_EUR,,,,0.0,,,,,,C03064,,,,
927,,GJ,3/24/2026,,"Wedbush_Trading gain (loss), net_20260324",,,,40050,ATGN,D21300,ARB03364_GBP,,,,350.0,,,,,,C03064,,,,
928,,GJ,3/24/2026,,"Wedbush_Trading gain (loss), net_20260324",,,,40050,ATGN,D21300,ARB03372_USD,,,,,12309.3,,,,,C03072,,,,
929,,GJ,3/24/2026,,"Wedbush_Trading gain (loss), net_20260324",,,,40050,ATGN,D21300,ARB03373_USD,,,,,3898.4,,,,,C03073,,,,
930,,GJ,3/24/2026,,"Wedbush_Trading gain (loss), net_20260324",,,,40050,ATGN,D21300,ARB03378_USD,,,,45405.0,,,,,,C03078,,,,
931,,GJ,3/24/2026,,"Wedbush_Trading gain (loss), net_20260324",,,,40050,ATGN,D23300,ARB03400_EUR,,,,0.0,,,,,,C03100,,,,
932,,GJ,3/24/2026,,"Wedbush_Trading gain (loss), net_20260324",,,,40050,ATGN,D23300,ARB03400_GBP,,,,,730.0,,,,,C03100,,,,
933,,GJ,3/24/2026,,"Wedbush_Trading gain (loss), net_20260324",,,,40050,ATGN,D23300,ARB03400_USD,,,,,3381.350000000001,,,,,C03100,,,,
934,,GJ,3/24/2026,,"Wedbush_Trading gain (loss), net_20260324",,,,40050,ATGN,D23080,ARB03402_EUR,,,,0.0,,,,,,C03102,,,,
935,,GJ,3/24/2026,,"Wedbush_Trading gain (loss), net_20260324",,,,40050,ATGN,D23080,ARB03402_GBP,,,,0.0,,,,,,C03102,,,,
936,,GJ,3/24/2026,,"Wedbush_Trading gain (loss), net_20260324",,,,40050,ATGN,D23080,ARB03402_USD,,,,,52902.85,,,,,C03102,,,,
937,,GJ,3/24/2026,,"Wedbush_Trading gain (loss), net_20260324",,,,40050,ATGN,D23300,ARB03403_CAD,,,,3168.0,,,,,,CX3103,,,,
938,,GJ,3/24/2026,,"Wedbush_Trading gain (loss), net_20260324",,,,40050,ATGN,D23300,ARB03403_EUR,,,,0.0,,,,,,CX3103,,,,
939,,GJ,3/24/2026,,"Wedbush_Trading gain (loss), net_20260324",,,,40050,ATGN,D23300,ARB03403_GBP,,,,,620.0,,,,,CX3103,,,,
940,,GJ,3/24/2026,,"Wedbush_Trading gain (loss), net_20260324",,,,40050,ATGN,D23300,ARB03403_USD,,,,10888.00000000003,,,,,,CX3103,,,,
941,,GJ,3/24/2026,,"Wedbush_Trading gain (loss), net_20260324",,,,40050,ATGN,D23300,ARB03404_CAD,,,,,338.0,,,,,C03104,,,,
942,,GJ,3/24/2026,,"Wedbush_Trading gain (loss), net_20260324",,,,40050,ATGN,D23300,ARB03404_EUR,,,,0.0,,,,,,C03104,,,,
943,,GJ,3/24/2026,,"Wedbush_Trading gain (loss), net_20260324",,,,40050,ATGN,D23300,ARB03404_GBP,,,,,540.0,,,,,C03104,,,,
944,,GJ,3/24/2026,,"Wedbush_Trading gain (loss), net_20260324",,,,40050,ATGN,D23300,ARB03404_USD,,,,,20552.0,,,,,C03104,,,,
945,,GJ,3/24/2026,,"Wedbush_Trading gain (loss), net_20260324",,,,40050,ATGN,D23300,ARB03405_CAD,,,,724.0,,,,,,C00310,,,,
946,,GJ,3/24/2026,,"Wedbush_Trading gain (loss), net_20260324",,,,40050,ATGN,D23300,ARB03405_EUR,,,,0.0,,,,,,C00310,,,,
947,,GJ,3/24/2026,,"Wedbush_Trading gain (loss), net_20260324",,,,40050,ATGN,D23300,ARB03405_GBP,,,,,24970.0,,,,,C00310,,,,
948,,GJ,3/24/2026,,"Wedbush_Trading gain (loss), net_20260324",,,,40050,ATGN,D23300,ARB03405_USD,,,,,336026.75,,,,,C00310,,,,
949,,GJ,3/24/2026,,"Wedbush_Trading gain (loss), net_20260324",,,,40050,ATGN,D23300,ARB03406_CAD,,,,2778.0,,,,,,C00310,,,,
950,,GJ,3/24/2026,,"Wedbush_Trading gain (loss), net_20260324",,,,40050,ATGN,D23300,ARB03406_EUR,,,,0.0,,,,,,C00310,,,,
951,,GJ,3/24/2026,,"Wedbush_Trading gain (loss), net_20260324",,,,40050,ATGN,D23300,ARB03406_GBP,,,,,1910.0,,,,,C00310,,,,
952,,GJ,3/24/2026,,"Wedbush_Trading gain (loss), net_20260324",,,,40050,ATGN,D23300,ARB03406_USD,,,,,185965.1,,,,,C00310,,,,
953,,GJ,3/24/2026,,"Wedbush_Trading gain (loss), net_20260324",,,,40050,ATGN,D23300,ARB03407_CAD,,,,,1500.0,,,,,C03107,,,,
954,,GJ,3/24/2026,,"Wedbush_Trading gain (loss), net_20260324",,,,40050,ATGN,D23300,ARB03407_USD,,,,,132630.0,,,,,C03107,,,,
955,,GJ,3/24/2026,,"Wedbush_Trading gain (loss), net_20260324",,,,40050,ATGN,D23300,ARB03408_CAD,,,,,9604.0,,,,,C00311,,,,
956,,GJ,3/24/2026,,"Wedbush_Trading gain (loss), net_20260324",,,,40050,ATGN,D23300,ARB03408_EUR,,,,0.0,,,,,,C00311,,,,
957,,GJ,3/24/2026,,"Wedbush_Trading gain (loss), net_20260324",,,,40050,ATGN,D23300,ARB03408_GBP,,,,,9930.0,,,,,C00311,,,,
958,,GJ,3/24/2026,,"Wedbush_Trading gain (loss), net_20260324",,,,40050,ATGN,D23300,ARB03408_USD,,,,,489378.5,,,,,C00311,,,,
959,,GJ,3/24/2026,,"Wedbush_Trading gain (loss), net_20260324",,,,40050,ATGN,D23300,ARB03409_EUR,,,,0.0,,,,,,C00311,,,,
960,,GJ,3/24/2026,,"Wedbush_Trading gain (loss), net_20260324",,,,40050,ATGN,D23300,ARB03409_GBP,,,,,56580.0,,,,,C00311,,,,
961,,GJ,3/24/2026,,"Wedbush_Trading gain (loss), net_20260324",,,,40050,ATGN,D23300,ARB03409_USD,,,,,185457.75,,,,,C00311,,,,
962,,GJ,3/24/2026,,"Wedbush_Trading gain (loss), net_20260324",,,,40050,ATGN,D23300,ARB03412_EUR,,,,0.0,,,,,,C00310,,,,
963,,GJ,3/24/2026,,"Wedbush_Trading gain (loss), net_20260324",,,,40050,ATGN,D23300,ARB03412_GBP,,,,0.0,,,,,,C00310,,,,
964,,GJ,3/24/2026,,"Wedbush_Trading gain (loss), net_20260324",,,,40050,ATGN,D23300,ARB03412_USD,,,,,28663.0,,,,,C00310,,,,
965,,GJ,3/24/2026,,"Wedbush_Trading gain (loss), net_20260324",,,,40050,ATGN,D23300,ARB03413_USD,,,,,10450.0,,,,,C03113,,,,
966,,GJ,3/24/2026,,"Wedbush_Trading gain (loss), net_20260324",,,,40050,ATGN,D23300,ARB03415_CAD,,,,,1128.0,,,,,CX3115,,,,
967,,GJ,3/24/2026,,"Wedbush_Trading gain (loss), net_20260324",,,,40050,ATGN,D23300,ARB03415_EUR,,,,0.0,,,,,,CX3115,,,,
968,,GJ,3/24/2026,,"Wedbush_Trading gain (loss), net_20260324",,,,40050,ATGN,D23300,ARB03415_GBP,,,,,2900.0,,,,,CX3115,,,,
969,,GJ,3/24/2026,,"Wedbush_Trading gain (loss), net_20260324",,,,40050,ATGN,D23300,ARB03415_USD,,,,5737.0,,,,,,CX3115,,,,
970,,GJ,3/24/2026,,"Wedbush_Trading gain (loss), net_20260324",,,,40050,ATGN,D23300,ARB03422_CAD,,,,,1662.0,,,,,C03122,,,,
971,,GJ,3/24/2026,,"Wedbush_Trading gain (loss), net_20260324",,,,40050,ATGN,D23300,ARB03422_USD,,,,,18574.4,,,,,C03122,,,,
972,,GJ,3/24/2026,,"Wedbush_Trading gain (loss), net_20260324",,,,40050,ATGN,D23300,ARB03426_USD,,,,,2688.0,,,,,C00310,,,,
973,,GJ,3/24/2026,,"Wedbush_Trading gain (loss), net_20260324",,,,40050,ATGN,D23080,ARB03427_USD,,,,,336.0,,,,,C01234,,,,
974,,GJ,3/24/2026,,"Wedbush_Trading gain (loss), net_20260324",,,,40050,ATGN,D23300,ARB03433_EUR,,,,0.0,,,,,,C03133,,,,
975,,GJ,3/24/2026,,"Wedbush_Trading gain (loss), net_20260324",,,,40050,ATGN,D23300,ARB03433_GBP,,,,20.0,,,,,,C03133,,,,
976,,GJ,3/24/2026,,"Wedbush_Trading gain (loss), net_20260324",,,,40050,ATGN,D23300,ARB03433_USD,,,,,21667.8,,,,,C03133,,,,
977,,GJ,3/24/2026,,"Wedbush_Trading gain (loss), net_20260324",,,,40050,ATGN,D23300,ARB03434_USD,,,,,13693.6,,,,,C03134,,,,
978,,GJ,3/24/2026,,"Wedbush_Trading gain (loss), net_20260324",,,,40050,ATGN,D23300,ARB03436_CAD,,,,,806.0,,,,,CX3136,,,,
979,,GJ,3/24/2026,,"Wedbush_Trading gain (loss), net_20260324",,,,40050,ATGN,D23300,ARB03436_EUR,,,,0.0,,,,,,CX3136,,,,
980,,GJ,3/24/2026,,"Wedbush_Trading gain (loss), net_20260324",,,,40050,ATGN,D23300,ARB03436_GBP,,,,,1920.0,,,,,CX3136,,,,
981,,GJ,3/24/2026,,"Wedbush_Trading gain (loss), net_20260324",,,,40050,ATGN,D23300,ARB03436_USD,,,,1108.0,,,,,,CX3136,,,,
982,,GJ,3/24/2026,,"Wedbush_Trading gain (loss), net_20260324",,,,40050,ATGN,D23300,ARB03439_EUR,,,,0.0,,,,,,C00311,,,,
983,,GJ,3/24/2026,,"Wedbush_Trading gain (loss), net_20260324",,,,40050,ATGN,D23300,ARB03439_GBP,,,,,49260.0,,,,,C00311,,,,
984,,GJ,3/24/2026,,"Wedbush_Trading gain (loss), net_20260324",,,,40050,ATGN,D23300,ARB03439_USD,,,,65695.4,,,,,,C00311,,,,
985,,GJ,3/24/2026,,"Wedbush_Trading gain (loss), net_20260324",,,,40050,ATGN,D23300,ARB03441_EUR,,,,0.0,,,,,,C03141,,,,
986,,GJ,3/24/2026,,"Wedbush_Trading gain (loss), net_20260324",,,,40050,ATGN,D23300,ARB03441_GBP,,,,937.5,,,,,,C03141,,,,
987,,GJ,3/24/2026,,"Wedbush_Trading gain (loss), net_20260324",,,,40050,ATGN,D23300,ARB03442_USD,,,,,22560.0,,,,,C00310,,,,
988,,GJ,3/24/2026,,"Wedbush_Trading gain (loss), net_20260324",,,,40050,ATGN,D23300,ARB03443_CAD,,,,644.0,,,,,,C00310,,,,
989,,GJ,3/24/2026,,"Wedbush_Trading gain (loss), net_20260324",,,,40050,ATGN,D23300,ARB03443_EUR,,,,0.0,,,,,,C00310,,,,
990,,GJ,3/24/2026,,"Wedbush_Trading gain (loss), net_20260324",,,,40050,ATGN,D23300,ARB03443_GBP,,,,190.0,,,,,,C00310,,,,
991,,GJ,3/24/2026,,"Wedbush_Trading gain (loss), net_20260324",,,,40050,ATGN,D23300,ARB03443_USD,,,,,66978.0,,,,,C00310,,,,
992,,GJ,3/24/2026,,"Wedbush_Trading gain (loss), net_20260324",,,,40050,ATGN,D23300,ARB03446_EUR,,,,0.0,,,,,,CX3136,,,,
993,,GJ,3/24/2026,,"Wedbush_Trading gain (loss), net_20260324",,,,40050,ATGN,D23300,ARB03446_GBP,,,,,640.0,,,,,CX3136,,,,
994,,GJ,3/24/2026,,"Wedbush_Trading gain (loss), net_20260324",,,,40050,ATGN,D23300,ARB03446_USD,,,,,5904.55,,,,,CX3136,,,,
995,,GJ,3/24/2026,,"Wedbush_Trading gain (loss), net_20260324",,,,40050,ATGN,D23090,ARB03450_EUR,,,,450.0,,,,,,C03150,,,,
996,,GJ,3/24/2026,,"Wedbush_Trading gain (loss), net_20260324",,,,40050,ATGN,D23090,ARB03450_GBP,,,,0.0,,,,,,C03150,,,,
997,,GJ,3/24/2026,,"Wedbush_Trading gain (loss), net_20260324",,,,40050,ATGN,D23090,ARB03450_USD,,,,,40.0,,,,,C03150,,,,
998,,GJ,3/24/2026,,"Wedbush_Trading gain (loss), net_20260324",,,,40050,ATGN,D23090,ARB03454_EUR,,,,,993.75,,,,,C03154,,,,
999,,GJ,3/24/2026,,"Wedbush_Trading gain (loss), net_20260324",,,,40050,ATGN,D23090,ARB03454_GBP,,,,0.0,,,,,,C03154,,,,
1000,,GJ,3/24/2026,,"Wedbush_Trading gain (loss), net_20260324",,,,40050,ATGN,D23090,ARB03454_USD,,,,,240.0,,,,,C03154,,,,
1001,,GJ,3/24/2026,,"Wedbush_Trading gain (loss), net_20260324",,,,40050,ATGN,D23100,ARB03457_EUR,,,,4912.5,,,,,,C03157,,,,
1002,,GJ,3/24/2026,,"Wedbush_Trading gain (loss), net_20260324",,,,40050,ATGN,D23100,ARB03457_GBP,,,,550.0,,,,,,C03157,,,,
1003,,GJ,3/24/2026,,"Wedbush_Trading gain (loss), net_20260324",,,,40050,ATGN,D23100,ARB03457_USD,,,,,4912.0,,,,,C03157,,,,
1004,,GJ,3/24/2026,,"Wedbush_Trading gain (loss), net_20260324",,,,40050,ATGN,D23100,ARB03459_CHF,,,,,1387.5,,,,,C03159,,,,
1005,,GJ,3/24/2026,,"Wedbush_Trading gain (loss), net_20260324",,,,40050,ATGN,D23100,ARB03459_EUR,,,,6312.5,,,,,,C03159,,,,
1006,,GJ,3/24/2026,,"Wedbush_Trading gain (loss), net_20260324",,,,40050,ATGN,D23100,ARB03459_GBP,,,,,462.5,,,,,C03159,,,,
1007,,GJ,3/24/2026,,"Wedbush_Trading gain (loss), net_20260324",,,,40050,ATGN,D23100,ARB03459_USD,,,,,6086.8,,,,,C03159,,,,
1008,,GJ,3/24/2026,,"Wedbush_Trading gain (loss), net_20260324",,,,40050,ATGN,D23300,ARB03460_EUR,,,,0.0,,,,,,C03160,,,,
1009,,GJ,3/24/2026,,"Wedbush_Trading gain (loss), net_20260324",,,,40050,ATGN,D23300,ARB03460_GBP,,,,200.0,,,,,,C03160,,,,
1010,,GJ,3/24/2026,,"Wedbush_Trading gain (loss), net_20260324",,,,40050,ATGN,D23300,ARB03460_USD,,,,441.60000000000014,,,,,,C03160,,,,
1011,,GJ,3/24/2026,,"Wedbush_Trading gain (loss), net_20260324",,,,40050,ATGN,D23300,ARB03463_USD,,,,1850.0,,,,,,C03163,,,,
1012,,GJ,3/24/2026,,"Wedbush_Trading gain (loss), net_20260324",,,,40050,ATGN,D23010,ARB03468_CAD,,,,,794.0,,,,,C03168,,,,
1013,,GJ,3/24/2026,,"Wedbush_Trading gain (loss), net_20260324",,,,40050,ATGN,D23010,ARB03468_USD,,,,0.0,,,,,,C03168,,,,
1014,,GJ,3/24/2026,,"Wedbush_Trading gain (loss), net_20260324",,,,40050,ATGN,D23100,ARB03474_EUR,,,,1537.5,,,,,,C03174,,,,
1015,,GJ,3/24/2026,,"Wedbush_Trading gain (loss), net_20260324",,,,40050,ATGN,D23100,ARB03474_GBP,,,,0.0,,,,,,C03174,,,,
1016,,GJ,3/24/2026,,"Wedbush_Trading gain (loss), net_20260324",,,,40050,ATGN,D23100,ARB03475_EUR,,,,2250.0,,,,,,C03175,,,,
1017,,GJ,3/24/2026,,"Wedbush_Trading gain (loss), net_20260324",,,,40050,ATGN,D23100,ARB03475_GBP,,,,0.0,,,,,,C03175,,,,
1018,,GJ,3/24/2026,,"Wedbush_Trading gain (loss), net_20260324",,,,40050,ATGN,D23100,ARB03476_EUR,,,,3537.5,,,,,,C03176,,,,
1019,,GJ,3/24/2026,,"Wedbush_Trading gain (loss), net_20260324",,,,40050,ATGN,D23100,ARB03476_GBP,,,,0.0,,,,,,C03176,,,,
1020,,GJ,3/24/2026,,"Wedbush_Trading gain (loss), net_20260324",,,,40050,ATGN,D23100,ARB03485_EUR,,,,,4012.5,,,,,C03185,,,,
1021,,GJ,3/24/2026,,"Wedbush_Trading gain (loss), net_20260324",,,,40050,ATGN,D23100,ARB03485_GBP,,,,325.0,,,,,,C03185,,,,
1022,,GJ,3/24/2026,,"Wedbush_Trading gain (loss), net_20260324",,,,40050,ATGN,D23100,ARB03485_USD,,,,,417.2,,,,,C03185,,,,
1023,,GJ,3/24/2026,,"Wedbush_Trading gain (loss), net_20260324",,,,40050,ATGN,D23300,ARB03489_EUR,,,,0.0,,,,,,C03160,,,,
1024,,GJ,3/24/2026,,"Wedbush_Trading gain (loss), net_20260324",,,,40050,ATGN,D23300,ARB03489_GBP,,,,,3590.0,,,,,C03160,,,,
1025,,GJ,3/24/2026,,"Wedbush_Trading gain (loss), net_20260324",,,,40050,ATGN,D23300,ARB03489_USD,,,,,15589.0,,,,,C03160,,,,
1026,,GJ,3/24/2026,,"Wedbush_Trading gain (loss), net_20260324",,,,40050,ATGN,D23300,ARB03492_CAD,,,,,8786.0,,,,,C03163,,,,
1027,,GJ,3/24/2026,,"Wedbush_Trading gain (loss), net_20260324",,,,40050,ATGN,D23300,ARB03492_EUR,,,,0.0,,,,,,C03163,,,,
1028,,GJ,3/24/2026,,"Wedbush_Trading gain (loss), net_20260324",,,,40050,ATGN,D23300,ARB03492_GBP,,,,,3620.0,,,,,C03163,,,,
1029,,GJ,3/24/2026,,"Wedbush_Trading gain (loss), net_20260324",,,,40050,ATGN,D23300,ARB03492_USD,,,,,16673.2,,,,,C03163,,,,
1030,,GJ,3/24/2026,,"Wedbush_Trading gain (loss), net_20260324",,,,40050,303P,D21030,ARB04021_USD,,,,10290.0,,,,,,C03084,,,,
1031,,GJ,3/24/2026,,"Wedbush_Trading gain (loss), net_20260324",,,,40050,303P,D21030,ARB04022_USD,,,,16163.669999999998,,,,,,C04022,,,,
1032,,GJ,3/24/2026,,"Wedbush_Trading gain (loss), net_20260324",,,,40050,303P,D21030,ARB04023_USD,,,,,47061.0,,,,,C04023,,,,
1033,,GJ,3/24/2026,,"Wedbush_Trading gain (loss), net_20260324",,,,40050,303P,D21300,ARB04024_USD,,,,,3393.25,,,,,C04024,,,,
1034,,GJ,3/24/2026,,"Wedbush_Trading gain (loss), net_20260324",,,,40050,303P,D21300,ARB04029_USD,,,,57379.2,,,,,,C04029,,,,
1035,,GJ,3/24/2026,,"Wedbush_Trading gain (loss), net_20260324",,,,40050,303P,D21030,ARB04031_USD,,,,,20292.099999996426,,,,,C04031,,,,
1036,,GJ,3/24/2026,,"Wedbush_Trading gain (loss), net_20260324",,,,40050,303P,D21300,ARB04038_USD,,,,,43777.240000000005,,,,,C04038,,,,
1037,,GJ,3/24/2026,,"Wedbush_Trading gain (loss), net_20260324",,,,40050,303P,D21300,ARB04039_USD,,,,47250.5,,,,,,C04039,,,,
1038,,GJ,3/24/2026,,"Wedbush_Trading gain (loss), net_20260324",,,,40050,303P,D21300,ARB04042_USD,,,,,59614.240000000005,,,,,C02044,,,,
1039,,GJ,3/24/2026,,"Wedbush_Trading gain (loss), net_20260324",,,,40050,303P,D21300,ARB04047_USD,,,,,65395.0,,,,,C04033,,,,
1040,,GJ,3/24/2026,,"Wedbush_Trading gain (loss), net_20260324",,,,40050,303P,D21300,ARB04048_USD,,,,,121464.69999999998,,,,,C04048,,,,
1041,,GJ,3/24/2026,,"Wedbush_Trading gain (loss), net_20260324",,,,40050,303P,D21030,ARB04049_USD,,,,,165690.0,,,,,C04050,,,,
1042,,GJ,3/24/2026,,"Wedbush_Trading gain (loss), net_20260324",,,,40050,303P,D21300,ARB04052_USD,,,,8900.0,,,,,,C04052,,,,
1043,,GJ,3/24/2026,,"Wedbush_Trading gain (loss), net_20260324",,,,40050,303P,D21300,ARB04053_EUR,,,,152119.74,,,,,,C04053,,,,
1044,,GJ,3/24/2026,,"Wedbush_Trading gain (loss), net_20260324",,,,40050,303P,D21300,ARB04053_USD,,,,115893.54999999999,,,,,,C04053,,,,
1045,,GJ,3/24/2026,,"Wedbush_Trading gain (loss), net_20260324",,,,40050,303P,D21300,ARB04055_USD,,,,11789.0,,,,,,C04054,,,,
1046,,GJ,3/24/2026,,"Wedbush_Trading gain (loss), net_20260324",,,,40050,303P,D21300,ARB04057_USD,,,,,15982.0,,,,,C01057,,,,
1047,,GJ,3/24/2026,,"Wedbush_Trading gain (loss), net_20260324",,,,40050,303P,D21300,ARB04059_USD,,,,12287.5,,,,,,C04059,,,,
1048,,GJ,3/24/2026,,"Wedbush_Trading gain (loss), net_20260324",,,,40050,303P,D21300,ARB04062_USD,,,,132810.62,,,,,,C03029,,,,
1049,,GJ,3/24/2026,,"Wedbush_Trading gain (loss), net_20260324",,,,40050,303P,D21300,ARB04065_USD,,,,6112.5,,,,,,C00675,,,,
1050,,GJ,3/24/2026,,"Wedbush_Trading gain (loss), net_20260324",,,,40050,303P,D21300,ARB04066_USD,,,,,10185.0,,,,,C00675,,,,
1051,,GJ,3/24/2026,,"Wedbush_Trading gain (loss), net_20260324",,,,40050,303P,D21300,ARB04067_USD,,,,,36240.0,,,,,C00675,,,,
1052,,GJ,3/24/2026,,"Wedbush_Trading gain (loss), net_20260324",,,,40050,303P,D21300,ARB04068_USD,,,,,14250.0,,,,,C00675,,,,
1053,,GJ,3/24/2026,,"Wedbush_Trading gain (loss), net_20260324",,,,40050,303P,D21300,ARB04069_USD,,,,,3106.25,,,,,C00675,,,,
1054,,GJ,3/24/2026,,"Wedbush_Trading gain (loss), net_20260324",,,,40050,303P,D21300,ARB04070_USD,,,,,17300.0,,,,,C00675,,,,
1055,,GJ,3/24/2026,,"Wedbush_Trading gain (loss), net_20260324",,,,40050,303P,D12000,ARB04085_USD,,,,2738.25,,,,,,C02502,,,,
1056,,GJ,3/24/2026,,"Wedbush_Trading gain (loss), net_20260324",,,,40050,303P,D20000,ARB04088_USD,,,,112792.59999999998,,,,,,C00001,,,,
1057,,GJ,3/24/2026,,"Wedbush_Trading gain (loss), net_20260324",,,,40050,303P,D23300,ARB04101_USD,,,,57781.62000000002,,,,,,C04101,,,,
1058,,GJ,3/24/2026,,"Wedbush_Trading gain (loss), net_20260324",,,,40050,303P,D23300,ARB04102_USD,,,,,23092.700000000004,,,,,C04102,,,,
1059,,GJ,3/24/2026,,"Wedbush_Trading gain (loss), net_20260324",,,,40050,303P,D23300,ARB04103_USD,,,,27632.700000000004,,,,,,C04103,,,,
1060,,GJ,3/24/2026,,"Wedbush_Trading gain (loss), net_20260324",,,,40050,303P,D23300,ARB04104_USD,,,,,5472.0,,,,,C04104,,,,
1061,,GJ,3/24/2026,,"Wedbush_Trading gain (loss), net_20260324",,,,40050,303P,D23020,ARB04105_USD,,,,2715.0,,,,,,C04105,,,,
1062,,GJ,3/24/2026,,"Wedbush_Trading gain (loss), net_20260324",,,,40050,303P,D23020,ARB04106_USD,,,,29101.0,,,,,,C04105,,,,
1063,,GJ,3/24/2026,,"Wedbush_Trading gain (loss), net_20260324",,,,40050,303P,D23300,ARB04107_USD,,,,0.0,,,,,,CX4107,,,,
1064,,GJ,3/24/2026,,"Wedbush_Trading gain (loss), net_20260324",,,,40050,303P,D23300,ARB04108_USD,,,,3666.7299999999814,,,,,,C04108,,,,
1065,,GJ,3/24/2026,,"Wedbush_Trading gain (loss), net_20260324",,,,40050,303P,D23300,ARB04110_USD,,,,,50378.3,,,,,C04110,,,,
1066,,GJ,3/24/2026,,"Wedbush_Trading gain (loss), net_20260324",,,,40050,303P,D23300,ARB04111_USD,,,,7664.2099999988095,,,,,,C04111,,,,
1067,,GJ,3/24/2026,,"Wedbush_Trading gain (loss), net_20260324",,,,40050,303P,D23300,ARB04112_USD,,,,12723.0,,,,,,C04112,,,,
1068,,GJ,3/24/2026,,"Wedbush_Trading gain (loss), net_20260324",,,,40050,303P,D23300,ARB04113_USD,,,,3241.0,,,,,,C03122,,,,
1069,,GJ,3/24/2026,,"Wedbush_Trading gain (loss), net_20260324",,,,40050,303P,D23090,ARB04114_USD,,,,6201.6600000005565,,,,,,C04114,,,,
1070,,GJ,3/24/2026,,"Wedbush_Trading gain (loss), net_20260324",,,,40050,303P,D23300,ARB04155_USD,,,,1190.5,,,,,,C04155,,,,
1071,,GJ,3/24/2026,,"Wedbush_Trading gain (loss), net_20260324",,,,40050,303P,D23300,ARB04156_USD,,,,,497.0,,,,,C04156,,,,
1072,,GJ,3/24/2026,,"Wedbush_Trading gain (loss), net_20260324",,,,40050,303P,D23010,ARB04157_USD,,,,212.5,,,,,,C01268,,,,
1073,,GJ,3/24/2026,,"Wedbush_Trading gain (loss), net_20260324",,,,40050,303P,D23010,ARB04158_USD,,,,,187.5,,,,,C01269,,,,
1074,,GJ,3/24/2026,,"Wedbush_Trading gain (loss), net_20260324",,,,40050,303P,D23010,ARB04159_USD,,,,,162.5,,,,,C01270,,,,
1075,,GJ,3/24/2026,,"Wedbush_Trading gain (loss), net_20260324",,,,40050,303P,D23010,ARB04160_USD,,,,1200.0,,,,,,C01271,,,,
1076,,GJ,3/24/2026,,"Wedbush_Trading gain (loss), net_20260324",,,,40050,303P,D23010,ARB04161_USD,,,,2187.5,,,,,,C01272,,,,
1077,,GJ,3/24/2026,,"Wedbush_Trading gain (loss), net_20260324",,,,40050,303P,D23010,ARB04162_USD,,,,250.0,,,,,,C01273,,,,
1078,,GJ,3/24/2026,,"Wedbush_Trading gain (loss), net_20260324",,,,40050,303P,D23100,ARB04163_USD,,,,4939.009999999999,,,,,,C01274,,,,
1079,,GJ,3/24/2026,,"Wedbush_Trading gain (loss), net_20260324",,,,40050,303P,D23100,ARB04164_USD,,,,1224.8700000000008,,,,,,C01275,,,,
1080,,GJ,3/24/2026,,"Wedbush_Trading gain (loss), net_20260324",,,,40050,303P,D23100,ARB04165_USD,,,,4241.73,,,,,,C01276,,,,
1081,,GJ,3/24/2026,,"Wedbush_Trading gain (loss), net_20260324",,,,40050,303P,D23100,ARB04166_USD,,,,5001.619999999972,,,,,,C01277,,,,
1082,,GJ,3/24/2026,,"Wedbush_Trading gain (loss), net_20260324",,,,40050,303P,D23100,ARB04167_USD,,,,7078.920000000002,,,,,,C01278,,,,
1083,,GJ,3/24/2026,,"Wedbush_Trading gain (loss), net_20260324",,,,40050,303P,D23100,ARB04168_USD,,,,2105.600000000002,,,,,,C01279,,,,
1084,,GJ,3/24/2026,,"Wedbush_Trading gain (loss), net_20260324",,,,40050,ATGN,D24010,ARB04336_USD,,,,8.73,,,,,,C00650,,,,
1085,,GJ,3/24/2026,,"Wedbush_Trading gain (loss), net_20260324",,,,40050,ATGN,D24010,ARB04345_USD,,,,,12789.630000000012,,,,,C00650,,,,
1086,,GJ,3/24/2026,,"Wedbush_Trading gain (loss), net_20260324",,,,40050,ATGN,D21300,ARB04348_EUR,,,,0.0,,,,,,C04048,,,,
1087,,GJ,3/24/2026,,"Wedbush_Trading gain (loss), net_20260324",,,,40050,ATGN,D21300,ARB04348_GBP,,,,6180.0,,,,,,C04048,,,,
1088,,GJ,3/24/2026,,"Wedbush_Trading gain (loss), net_20260324",,,,40050,ATGN,D21300,ARB04348_USD,,,,,145864.2,,,,,C04048,,,,
1089,,GJ,3/24/2026,,"Wedbush_Trading gain (loss), net_20260324",,,,40050,ATGN,D21300,ARB04357_EUR,,,,931.25,,,,,,C01057,,,,
1090,,GJ,3/24/2026,,"Wedbush_Trading gain (loss), net_20260324",,,,40050,ATGN,D21300,ARB04357_GBP,,,,0.0,,,,,,C01057,,,,
1091,,GJ,3/24/2026,,"Wedbush_Trading gain (loss), net_20260324",,,,40050,ATGN,D23300,ARB04401_USD,,,,,100423.9,,,,,C04101,,,,
1092,,GJ,3/24/2026,,"Wedbush_Trading gain (loss), net_20260324",,,,40050,ATGN,D23300,ARB04402_USD,,,,,405320.0,,,,,C04102,,,,
1093,,GJ,3/24/2026,,"Wedbush_Trading gain (loss), net_20260324",,,,40050,ATGN,D23300,ARB04403_USD,,,,,49.600000000000364,,,,,C04103,,,,
1094,,GJ,3/24/2026,,"Wedbush_Trading gain (loss), net_20260324",,,,40050,ATGN,D23300,ARB04404_EUR,,,,0.0,,,,,,C04104,,,,
1095,,GJ,3/24/2026,,"Wedbush_Trading gain (loss), net_20260324",,,,40050,ATGN,D23300,ARB04404_GBP,,,,,90.0,,,,,C04104,,,,
1096,,GJ,3/24/2026,,"Wedbush_Trading gain (loss), net_20260324",,,,40050,ATGN,D23300,ARB04404_USD,,,,,14431.0,,,,,C04104,,,,
1097,,GJ,3/24/2026,,"Wedbush_Trading gain (loss), net_20260324",,,,40050,ATGN,D23020,ARB04405_CAD,,,,,1234.0,,,,,C04105,,,,
1098,,GJ,3/24/2026,,"Wedbush_Trading gain (loss), net_20260324",,,,40050,ATGN,D23020,ARB04405_EUR,,,,0.0,,,,,,C04105,,,,
1099,,GJ,3/24/2026,,"Wedbush_Trading gain (loss), net_20260324",,,,40050,ATGN,D23020,ARB04405_GBP,,,,,900.0,,,,,C04105,,,,
1100,,GJ,3/24/2026,,"Wedbush_Trading gain (loss), net_20260324",,,,40050,ATGN,D23020,ARB04405_USD,,,,,14571.0,,,,,C04105,,,,
1101,,GJ,3/24/2026,,"Wedbush_Trading gain (loss), net_20260324",,,,40050,ATGN,D23020,ARB04406_CAD,,,,,6656.0,,,,,C04105,,,,
1102,,GJ,3/24/2026,,"Wedbush_Trading gain (loss), net_20260324",,,,40050,ATGN,D23020,ARB04406_EUR,,,,0.0,,,,,,C04105,,,,
1103,,GJ,3/24/2026,,"Wedbush_Trading gain (loss), net_20260324",,,,40050,ATGN,D23020,ARB04406_GBP,,,,,660.0,,,,,C04105,,,,
1104,,GJ,3/24/2026,,"Wedbush_Trading gain (loss), net_20260324",,,,40050,ATGN,D23020,ARB04406_USD,,,,1975.0,,,,,,C04105,,,,
1105,,GJ,3/24/2026,,"Wedbush_Trading gain (loss), net_20260324",,,,40050,ATGN,D23300,ARB04408_EUR,,,,,3683.75,,,,,C04108,,,,
1106,,GJ,3/24/2026,,"Wedbush_Trading gain (loss), net_20260324",,,,40050,ATGN,D23300,ARB04408_GBP,,,,13987.5,,,,,,C04108,,,,
1107,,GJ,3/24/2026,,"Wedbush_Trading gain (loss), net_20260324",,,,40050,ATGN,D23300,ARB04410_USD,,,,,77935.0,,,,,C04110,,,,
1108,,GJ,3/24/2026,,"Wedbush_Trading gain (loss), net_20260324",,,,40050,ATGN,D23300,ARB04413_EUR,,,,0.0,,,,,,C03122,,,,
1109,,GJ,3/24/2026,,"Wedbush_Trading gain (loss), net_20260324",,,,40050,ATGN,D23300,ARB04413_GBP,,,,,230.0,,,,,C03122,,,,
1110,,GJ,3/24/2026,,"Wedbush_Trading gain (loss), net_20260324",,,,40050,ATGN,D23300,ARB04413_USD,,,,,2734.800000000003,,,,,C03122,,,,
1111,,GJ,3/24/2026,,"Wedbush_Trading gain (loss), net_20260324",,,,40050,ATGN,D23020,ARB04451_EUR,,,,0.0,,,,,,C01266,,,,
1112,,GJ,3/24/2026,,"Wedbush_Trading gain (loss), net_20260324",,,,40050,ATGN,D23020,ARB04451_GBP,,,,,11660.0,,,,,C01266,,,,
1113,,GJ,3/24/2026,,"Wedbush_Trading gain (loss), net_20260324",,,,40050,ATGN,D23020,ARB04451_USD,,,,,5370.0,,,,,C01266,,,,
1114,,GJ,3/24/2026,,"Wedbush_Trading gain (loss), net_20260324",,,,40050,ATGN,D23020,ARB04452_EUR,,,,0.0,,,,,,C01265,,,,
1115,,GJ,3/24/2026,,"Wedbush_Trading gain (loss), net_20260324",,,,40050,ATGN,D23020,ARB04452_GBP,,,,,5080.0,,,,,C01265,,,,
1116,,GJ,3/24/2026,,"Wedbush_Trading gain (loss), net_20260324",,,,40050,ATGN,D23020,ARB04452_USD,,,,,4080.0,,,,,C01265,,,,
1117,,GJ,3/24/2026,,"Wedbush_Trading gain (loss), net_20260324",,,,40050,ATGN,D23020,ARB04454_EUR,,,,0.0,,,,,,C01261,,,,
1118,,GJ,3/24/2026,,"Wedbush_Trading gain (loss), net_20260324",,,,40050,ATGN,D23020,ARB04454_GBP,,,,,5770.0,,,,,C01261,,,,
1119,,GJ,3/24/2026,,"Wedbush_Trading gain (loss), net_20260324",,,,40050,ATGN,D23020,ARB04454_USD,,,,,3310.0,,,,,C01261,,,,
1120,,GJ,3/24/2026,,"Wedbush_Trading gain (loss), net_20260324",,,,40050,303P,D21300,ARB05057_EUR,,,,,11452.5,,,,,C01057,,,,
1121,,GJ,3/24/2026,,"Wedbush_Trading gain (loss), net_20260324",,,,40050,303P,D21300,ARB05057_USD,,,,0.0,,,,,,C01057,,,,
1122,,GJ,3/24/2026,,"Wedbush_Trading gain (loss), net_20260324",,,,40050,ATGN,D21300,ARB05357_EUR,,,,104200.15000009537,,,,,,C01057,,,,
1123,,GJ,3/24/2026,,"Wedbush_Trading gain (loss), net_20260324",,,,40050,ATGN,D21300,ARB05357_GBP,,,,0.0,,,,,,C01057,,,,
1124,,GJ,3/24/2026,,"Wedbush_Trading gain (loss), net_20260324",,,,40050,303P,D21300,ARB06057_USD,,,,,201577.3800000042,,,,,C01057,,,,
1125,,GJ,3/24/2026,,"Wedbush_Trading gain (loss), net_20260324",,,,40050,ATGN,D21300,ARB06357_USD,,,,,11485.0,,,,,C01057,,,,
1126,,GJ,3/24/2026,,Wedbush_Brokerage Commissions_20260324,,,,12100,303P,D24300,ARB00017_USD,,,,,2.1,,,,,C00017,,,,
1127,,GJ,3/24/2026,,Wedbush_Brokerage Commissions_20260324,,,,12100,303P,D24300,ARB00020_USD,,,,,4235.7,,,,,C00020,,,,
1128,,GJ,3/24/2026,,Wedbush_Brokerage Commissions_20260324,,,,12100,303P,D21300,ARB00033_USD,,,,,2862.45,,,,,C00033,,,,
1129,,GJ,3/24/2026,,Wedbush_Brokerage Commissions_20260324,,,,12100,303P,D21300,ARB00054_USD,,,,,4951.05,,,,,C00054,,,,
1130,,GJ,3/24/2026,,Wedbush_Brokerage Commissions_20260324,,,,12100,303P,D21300,ARB00055_USD,,,,,818.1,,,,,C00054,,,,
1131,,GJ,3/24/2026,,Wedbush_Brokerage Commissions_20260324,,,,12100,303P,D21300,ARB00068_USD,,,,,2191.5,,,,,C03068,,,,
1132,,GJ,3/24/2026,,Wedbush_Brokerage Commissions_20260324,,,,12100,303P,D21300,ARB00090_USD,,,,,1601.6999999999998,,,,,C00090,,,,
1133,,GJ,3/24/2026,,Wedbush_Brokerage Commissions_20260324,,,,12100,303P,D23300,ARB00110_USD,,,,,203.4,,,,,C00110,,,,
1134,,GJ,3/24/2026,,Wedbush_Brokerage Commissions_20260324,,,,12100,303P,D23300,ARB00112_USD,,,,,1241.4,,,,,C00112,,,,
1135,,GJ,3/24/2026,,Wedbush_Brokerage Commissions_20260324,,,,12100,303P,D23300,ARB00113_USD,,,,,206.1,,,,,C00112,,,,
1136,,GJ,3/24/2026,,Wedbush_Brokerage Commissions_20260324,,,,12100,303P,D23300,ARB00122_USD,,,,,19.5,,,,,C00122,,,,
1137,,GJ,3/24/2026,,Wedbush_Brokerage Commissions_20260324,,,,12100,303P,D23080,ARB00123_USD,,,,,466.05,,,,,C01231,,,,
1138,,GJ,3/24/2026,,Wedbush_Brokerage Commissions_20260324,,,,12100,303P,D23020,ARB00124_USD,,,,,471.0,,,,,C00124,,,,
1139,,GJ,3/24/2026,,Wedbush_Brokerage Commissions_20260324,,,,12100,303P,D23020,ARB00126_USD,,,,,107.55,,,,,C00426,,,,
1140,,GJ,3/24/2026,,Wedbush_Brokerage Commissions_20260324,,,,12100,303P,D23300,ARB00132_USD,,,,,187.65,,,,,C00132,,,,
1141,,GJ,3/24/2026,,Wedbush_Brokerage Commissions_20260324,,,,12100,303P,D23300,ARB00135_USD,,,,,2.4,,,,,C00135,,,,
1142,,GJ,3/24/2026,,Wedbush_Brokerage Commissions_20260324,,,,12100,303P,D23020,ARB00143_USD,,,,,128.25,,,,,C00125,,,,
1143,,GJ,3/24/2026,,Wedbush_Brokerage Commissions_20260324,,,,12100,303P,D23020,ARB00146_USD,,,,,30.9,,,,,C00146,,,,
1144,,GJ,3/24/2026,,Wedbush_Brokerage Commissions_20260324,,,,12100,303P,D23300,ARB00149_USD,,,,,838.5,,,,,C00149,,,,
1145,,GJ,3/24/2026,,Wedbush_Brokerage Commissions_20260324,,,,12100,303P,D23300,ARB00156_USD,,,,,5929.5,,,,,C00156,,,,
1146,,GJ,3/24/2026,,Wedbush_Brokerage Commissions_20260324,,,,12100,303P,D23300,ARB00159_USD,,,,,40.8,,,,,C00159,,,,
1147,,GJ,3/24/2026,,Wedbush_Brokerage Commissions_20260324,,,,12100,303P,D23010,ARB00160_USD,,,,,537.0,,,,,C00160,,,,
1148,,GJ,3/24/2026,,Wedbush_Brokerage Commissions_20260324,,,,12100,303P,D23010,ARB00161_USD,,,,,101.7,,,,,C00161,,,,
1149,,GJ,3/24/2026,,Wedbush_Brokerage Commissions_20260324,,,,12100,303P,D23010,ARB00169_USD,,,,,3566.55,,,,,C00469,,,,
1150,,GJ,3/24/2026,,Wedbush_Brokerage Commissions_20260324,,,,12100,303P,D23060,ARB00186_USD,,,,,618.3000000000001,,,,,C00186,,,,
1151,,GJ,3/24/2026,,Wedbush_Brokerage Commissions_20260324,,,,12100,303P,D23060,ARB00188_USD,,,,,51.6,,,,,C00186,,,,
1152,,GJ,3/24/2026,,Wedbush_Brokerage Commissions_20260324,,,,12100,303P,D23300,ARB00193_USD,,,,,1600.5,,,,,C00193,,,,
1153,,GJ,3/24/2026,,Wedbush_Brokerage Commissions_20260324,,,,12100,303P,D23300,ARB00194_USD,,,,,2553.15,,,,,C00194,,,,
1154,,GJ,3/24/2026,,Wedbush_Brokerage Commissions_20260324,,,,12100,303P,D22000,ARB00201_USD,,,,,53.1,,,,,C00201,,,,
1155,,GJ,3/24/2026,,Wedbush_Brokerage Commissions_20260324,,,,12100,303P,D22000,ARB00203_USD,,,,,61.5,,,,,C00203,,,,
1156,,GJ,3/24/2026,,Wedbush_Brokerage Commissions_20260324,,,,12100,303P,D22000,ARB00214_USD,,,,,362.09999999999997,,,,,C00214,,,,
1157,,GJ,3/24/2026,,Wedbush_Brokerage Commissions_20260324,,,,12100,303P,D22000,ARB00215_USD,,,,,3943.2,,,,,C00215,,,,
1158,,GJ,3/24/2026,,Wedbush_Brokerage Commissions_20260324,,,,12100,303P,D22000,ARB00220_USD,,,,,1399.2,,,,,C00220,,,,
1159,,GJ,3/24/2026,,Wedbush_Brokerage Commissions_20260324,,,,12100,303P,D22000,ARB00257_USD,,,,,6275.7,,,,,C00257,,,,
1160,,GJ,3/24/2026,,Wedbush_Brokerage Commissions_20260324,,,,12100,303P,D22000,ARB00267_USD,,,,,225.9,,,,,C00267,,,,
1161,,GJ,3/24/2026,,Wedbush_Brokerage Commissions_20260324,,,,12100,ATGN,D24300,ARB00320_EUR,,,,,4278.0,,,,,C00020,,,,
1162,,GJ,3/24/2026,,Wedbush_Brokerage Commissions_20260324,,,,12100,ATGN,D24300,ARB00320_GBP,,,,,0.0,,,,,C00020,,,,
1163,,GJ,3/24/2026,,Wedbush_Brokerage Commissions_20260324,,,,12100,ATGN,D21300,ARB00333_EUR,,,,,1053.3,,,,,C00033,,,,
1164,,GJ,3/24/2026,,Wedbush_Brokerage Commissions_20260324,,,,12100,ATGN,D21300,ARB00333_GBP,,,,,0.0,,,,,C00033,,,,
1165,,GJ,3/24/2026,,Wedbush_Brokerage Commissions_20260324,,,,12100,ATGN,D21300,ARB00354_USD,,,,,247.2,,,,,C00054,,,,
1166,,GJ,3/24/2026,,Wedbush_Brokerage Commissions_20260324,,,,12100,ATGN,D21300,ARB00355_EUR,,,,,231.60000000000002,,,,,C00054,,,,
1167,,GJ,3/24/2026,,Wedbush_Brokerage Commissions_20260324,,,,12100,ATGN,D21300,ARB00355_GBP,,,,,0.0,,,,,C00054,,,,
1168,,GJ,3/24/2026,,Wedbush_Brokerage Commissions_20260324,,,,12100,ATGN,D21300,ARB00390_CAD,,,,,0.0,,,,,C00090,,,,
1169,,GJ,3/24/2026,,Wedbush_Brokerage Commissions_20260324,,,,12100,ATGN,D21300,ARB00390_USD,,,,,2535.75,,,,,C00090,,,,
1170,,GJ,3/24/2026,,Wedbush_Brokerage Commissions_20260324,,,,12100,ATGN,D23300,ARB00410_EUR,,,,,1.05,,,,,C00110,,,,
1171,,GJ,3/24/2026,,Wedbush_Brokerage Commissions_20260324,,,,12100,ATGN,D23300,ARB00410_GBP,,,,,0.0,,,,,C00110,,,,
1172,,GJ,3/24/2026,,Wedbush_Brokerage Commissions_20260324,,,,12100,ATGN,D23300,ARB00412_EUR,,,,,1650.6,,,,,C00112,,,,
1173,,GJ,3/24/2026,,Wedbush_Brokerage Commissions_20260324,,,,12100,ATGN,D23300,ARB00412_GBP,,,,,0.0,,,,,C00112,,,,
1174,,GJ,3/24/2026,,Wedbush_Brokerage Commissions_20260324,,,,12100,ATGN,D23300,ARB00412_USD,,,,,52.8,,,,,C00112,,,,
1175,,GJ,3/24/2026,,Wedbush_Brokerage Commissions_20260324,,,,12100,ATGN,D23300,ARB00422_EUR,,,,,52.5,,,,,C00122,,,,
1176,,GJ,3/24/2026,,Wedbush_Brokerage Commissions_20260324,,,,12100,ATGN,D23300,ARB00422_GBP,,,,,0.0,,,,,C00122,,,,
1177,,GJ,3/24/2026,,Wedbush_Brokerage Commissions_20260324,,,,12100,ATGN,D23300,ARB00422_USD,,,,,1206.75,,,,,C00122,,,,
1178,,GJ,3/24/2026,,Wedbush_Brokerage Commissions_20260324,,,,12100,ATGN,D23080,ARB00423_CAD,,,,,0.0,,,,,C01231,,,,
1179,,GJ,3/24/2026,,Wedbush_Brokerage Commissions_20260324,,,,12100,ATGN,D23080,ARB00423_EUR,,,,,24.9,,,,,C01231,,,,
1180,,GJ,3/24/2026,,Wedbush_Brokerage Commissions_20260324,,,,12100,ATGN,D23080,ARB00423_GBP,,,,,0.0,,,,,C01231,,,,
1181,,GJ,3/24/2026,,Wedbush_Brokerage Commissions_20260324,,,,12100,ATGN,D23080,ARB00423_USD,,,,,3592.95,,,,,C01231,,,,
1182,,GJ,3/24/2026,,Wedbush_Brokerage Commissions_20260324,,,,12100,ATGN,D23020,ARB00424_CAD,,,,,0.0,,,,,C00124,,,,
1183,,GJ,3/24/2026,,Wedbush_Brokerage Commissions_20260324,,,,12100,ATGN,D23020,ARB00424_EUR,,,,,303.75,,,,,C00124,,,,
1184,,GJ,3/24/2026,,Wedbush_Brokerage Commissions_20260324,,,,12100,ATGN,D23020,ARB00424_GBP,,,,,0.0,,,,,C00124,,,,
1185,,GJ,3/24/2026,,Wedbush_Brokerage Commissions_20260324,,,,12100,ATGN,D23020,ARB00424_USD,,,,,3901.2,,,,,C00124,,,,
1186,,GJ,3/24/2026,,Wedbush_Brokerage Commissions_20260324,,,,12100,ATGN,D23020,ARB00425_CAD,,,,,0.0,,,,,C00125,,,,
1187,,GJ,3/24/2026,,Wedbush_Brokerage Commissions_20260324,,,,12100,ATGN,D23020,ARB00425_EUR,,,,,220.5,,,,,C00125,,,,
1188,,GJ,3/24/2026,,Wedbush_Brokerage Commissions_20260324,,,,12100,ATGN,D23020,ARB00425_GBP,,,,,0.0,,,,,C00125,,,,
1189,,GJ,3/24/2026,,Wedbush_Brokerage Commissions_20260324,,,,12100,ATGN,D23020,ARB00425_USD,,,,,6024.75,,,,,C00125,,,,
1190,,GJ,3/24/2026,,Wedbush_Brokerage Commissions_20260324,,,,12100,ATGN,D23020,ARB00426_CAD,,,,,0.0,,,,,C00426,,,,
1191,,GJ,3/24/2026,,Wedbush_Brokerage Commissions_20260324,,,,12100,ATGN,D23020,ARB00426_EUR,,,,,70.05,,,,,C00426,,,,
1192,,GJ,3/24/2026,,Wedbush_Brokerage Commissions_20260324,,,,12100,ATGN,D23020,ARB00426_GBP,,,,,0.0,,,,,C00426,,,,
1193,,GJ,3/24/2026,,Wedbush_Brokerage Commissions_20260324,,,,12100,ATGN,D23020,ARB00426_USD,,,,,1828.9499999999998,,,,,C00426,,,,
1194,,GJ,3/24/2026,,Wedbush_Brokerage Commissions_20260324,,,,12100,ATGN,D23300,ARB00432_EUR,,,,,1317.0,,,,,C00132,,,,
1195,,GJ,3/24/2026,,Wedbush_Brokerage Commissions_20260324,,,,12100,ATGN,D23300,ARB00432_GBP,,,,,0.0,,,,,C00132,,,,
1196,,GJ,3/24/2026,,Wedbush_Brokerage Commissions_20260324,,,,12100,ATGN,D23300,ARB00432_USD,,,,,188.4,,,,,C00132,,,,
1197,,GJ,3/24/2026,,Wedbush_Brokerage Commissions_20260324,,,,12100,ATGN,D23300,ARB00435_EUR,,,,,12.9,,,,,C00135,,,,
1198,,GJ,3/24/2026,,Wedbush_Brokerage Commissions_20260324,,,,12100,ATGN,D23300,ARB00435_GBP,,,,,0.0,,,,,C00135,,,,
1199,,GJ,3/24/2026,,Wedbush_Brokerage Commissions_20260324,,,,12100,ATGN,D23300,ARB00435_USD,,,,,2157.9,,,,,C00135,,,,
1200,,GJ,3/24/2026,,Wedbush_Brokerage Commissions_20260324,,,,12100,ATGN,D23020,ARB00442_EUR,,,,,2.1,,,,,C00124,,,,
1201,,GJ,3/24/2026,,Wedbush_Brokerage Commissions_20260324,,,,12100,ATGN,D23020,ARB00442_GBP,,,,,0.0,,,,,C00124,,,,
1202,,GJ,3/24/2026,,Wedbush_Brokerage Commissions_20260324,,,,12100,ATGN,D23020,ARB00442_USD,,,,,75.6,,,,,C00124,,,,
1203,,GJ,3/24/2026,,Wedbush_Brokerage Commissions_20260324,,,,12100,ATGN,D23020,ARB00443_USD,,,,,18.0,,,,,C00125,,,,
1204,,GJ,3/24/2026,,Wedbush_Brokerage Commissions_20260324,,,,12100,ATGN,D23020,ARB00444_USD,,,,,1.2,,,,,C00426,,,,
1205,,GJ,3/24/2026,,Wedbush_Brokerage Commissions_20260324,,,,12100,ATGN,D23020,ARB00446_EUR,,,,,274.95,,,,,C00146,,,,
1206,,GJ,3/24/2026,,Wedbush_Brokerage Commissions_20260324,,,,12100,ATGN,D23020,ARB00446_GBP,,,,,0.0,,,,,C00146,,,,
1207,,GJ,3/24/2026,,Wedbush_Brokerage Commissions_20260324,,,,12100,ATGN,D23020,ARB00446_USD,,,,,1542.3,,,,,C00146,,,,
1208,,GJ,3/24/2026,,Wedbush_Brokerage Commissions_20260324,,,,12100,ATGN,D23300,ARB00449_EUR,,,,,23.7,,,,,C00149,,,,
1209,,GJ,3/24/2026,,Wedbush_Brokerage Commissions_20260324,,,,12100,ATGN,D23300,ARB00449_GBP,,,,,0.0,,,,,C00149,,,,
1210,,GJ,3/24/2026,,Wedbush_Brokerage Commissions_20260324,,,,12100,ATGN,D23300,ARB00449_USD,,,,,2255.7,,,,,C00149,,,,
1211,,GJ,3/24/2026,,Wedbush_Brokerage Commissions_20260324,,,,12100,ATGN,D23300,ARB00456_EUR,,,,,3840.0,,,,,C00156,,,,
1212,,GJ,3/24/2026,,Wedbush_Brokerage Commissions_20260324,,,,12100,ATGN,D23300,ARB00456_GBP,,,,,0.0,,,,,C00156,,,,
1213,,GJ,3/24/2026,,Wedbush_Brokerage Commissions_20260324,,,,12100,ATGN,D23300,ARB00456_USD,,,,,2613.9,,,,,C00156,,,,
1214,,GJ,3/24/2026,,Wedbush_Brokerage Commissions_20260324,,,,12100,ATGN,D23010,ARB00460_CAD,,,,,0.0,,,,,C00160,,,,
1215,,GJ,3/24/2026,,Wedbush_Brokerage Commissions_20260324,,,,12100,ATGN,D23010,ARB00460_USD,,,,,726.9,,,,,C00160,,,,
1216,,GJ,3/24/2026,,Wedbush_Brokerage Commissions_20260324,,,,12100,ATGN,D23010,ARB00461_CAD,,,,,0.0,,,,,C00161,,,,
1217,,GJ,3/24/2026,,Wedbush_Brokerage Commissions_20260324,,,,12100,ATGN,D23010,ARB00461_USD,,,,,43.5,,,,,C00161,,,,
1218,,GJ,3/24/2026,,Wedbush_Brokerage Commissions_20260324,,,,12100,ATGN,D23010,ARB00469_CAD,,,,,0.0,,,,,C00469,,,,
1219,,GJ,3/24/2026,,Wedbush_Brokerage Commissions_20260324,,,,12100,ATGN,D23010,ARB00469_EUR,,,,,53.85,,,,,C00469,,,,
1220,,GJ,3/24/2026,,Wedbush_Brokerage Commissions_20260324,,,,12100,ATGN,D23010,ARB00469_GBP,,,,,0.0,,,,,C00469,,,,
1221,,GJ,3/24/2026,,Wedbush_Brokerage Commissions_20260324,,,,12100,ATGN,D23010,ARB00469_USD,,,,,1738.5,,,,,C00469,,,,
1222,,GJ,3/24/2026,,Wedbush_Brokerage Commissions_20260324,,,,12100,ATGN,D23060,ARB00486_EUR,,,,,3.9,,,,,C00186,,,,
1223,,GJ,3/24/2026,,Wedbush_Brokerage Commissions_20260324,,,,12100,ATGN,D23060,ARB00486_GBP,,,,,0.0,,,,,C00186,,,,
1224,,GJ,3/24/2026,,Wedbush_Brokerage Commissions_20260324,,,,12100,ATGN,D23060,ARB00486_USD,,,,,723.9,,,,,C00186,,,,
1225,,GJ,3/24/2026,,Wedbush_Brokerage Commissions_20260324,,,,12100,ATGN,D23060,ARB00488_EUR,,,,,1.2,,,,,C00186,,,,
1226,,GJ,3/24/2026,,Wedbush_Brokerage Commissions_20260324,,,,12100,ATGN,D23060,ARB00488_GBP,,,,,0.0,,,,,C00186,,,,
1227,,GJ,3/24/2026,,Wedbush_Brokerage Commissions_20260324,,,,12100,ATGN,D23060,ARB00488_USD,,,,,132.6,,,,,C00186,,,,
1228,,GJ,3/24/2026,,Wedbush_Brokerage Commissions_20260324,,,,12100,ATGN,D23300,ARB00493_CAD,,,,,0.0,,,,,C00193,,,,
1229,,GJ,3/24/2026,,Wedbush_Brokerage Commissions_20260324,,,,12100,ATGN,D23300,ARB00493_EUR,,,,,198.45,,,,,C00193,,,,
1230,,GJ,3/24/2026,,Wedbush_Brokerage Commissions_20260324,,,,12100,ATGN,D23300,ARB00493_GBP,,,,,0.0,,,,,C00193,,,,
1231,,GJ,3/24/2026,,Wedbush_Brokerage Commissions_20260324,,,,12100,ATGN,D23300,ARB00493_USD,,,,,967.0500000000001,,,,,C00193,,,,
1232,,GJ,3/24/2026,,Wedbush_Brokerage Commissions_20260324,,,,12100,ATGN,D23300,ARB00494_CAD,,,,,0.0,,,,,C00194,,,,
1233,,GJ,3/24/2026,,Wedbush_Brokerage Commissions_20260324,,,,12100,ATGN,D23300,ARB00494_EUR,,,,,107.4,,,,,C00194,,,,
1234,,GJ,3/24/2026,,Wedbush_Brokerage Commissions_20260324,,,,12100,ATGN,D23300,ARB00494_GBP,,,,,0.0,,,,,C00194,,,,
1235,,GJ,3/24/2026,,Wedbush_Brokerage Commissions_20260324,,,,12100,ATGN,D23300,ARB00494_USD,,,,,5243.55,,,,,C00194,,,,
1236,,GJ,3/24/2026,,Wedbush_Brokerage Commissions_20260324,,,,12100,ATGN,D22000,ARB00501_EUR,,,,,36.9,,,,,C00201,,,,
1237,,GJ,3/24/2026,,Wedbush_Brokerage Commissions_20260324,,,,12100,ATGN,D22000,ARB00501_GBP,,,,,0.0,,,,,C00201,,,,
1238,,GJ,3/24/2026,,Wedbush_Brokerage Commissions_20260324,,,,12100,ATGN,D22000,ARB00503_EUR,,,,,1.8,,,,,C00203,,,,
1239,,GJ,3/24/2026,,Wedbush_Brokerage Commissions_20260324,,,,12100,ATGN,D22000,ARB00503_GBP,,,,,0.0,,,,,C00203,,,,
1240,,GJ,3/24/2026,,Wedbush_Brokerage Commissions_20260324,,,,12100,ATGN,D22000,ARB00503_USD,,,,,88.5,,,,,C00203,,,,
1241,,GJ,3/24/2026,,Wedbush_Brokerage Commissions_20260324,,,,12100,ATGN,D22000,ARB00514_EUR,,,,,43.2,,,,,C00214,,,,
1242,,GJ,3/24/2026,,Wedbush_Brokerage Commissions_20260324,,,,12100,ATGN,D22000,ARB00514_GBP,,,,,0.0,,,,,C00214,,,,
1243,,GJ,3/24/2026,,Wedbush_Brokerage Commissions_20260324,,,,12100,ATGN,D22000,ARB00520_EUR,,,,,203.4,,,,,C00220,,,,
1244,,GJ,3/24/2026,,Wedbush_Brokerage Commissions_20260324,,,,12100,ATGN,D22000,ARB00520_GBP,,,,,0.0,,,,,C00220,,,,
1245,,GJ,3/24/2026,,Wedbush_Brokerage Commissions_20260324,,,,12100,ATGN,D22000,ARB00557_EUR,,,,,156.0,,,,,C00257,,,,
1246,,GJ,3/24/2026,,Wedbush_Brokerage Commissions_20260324,,,,12100,ATGN,D22000,ARB00557_GBP,,,,,0.0,,,,,C00257,,,,
1247,,GJ,3/24/2026,,Wedbush_Brokerage Commissions_20260324,,,,12100,ATGN,D22000,ARB00567_EUR,,,,,38.1,,,,,C00267,,,,
1248,,GJ,3/24/2026,,Wedbush_Brokerage Commissions_20260324,,,,12100,ATGN,D22000,ARB00567_GBP,,,,,0.0,,,,,C00267,,,,
1249,,GJ,3/24/2026,,Wedbush_Brokerage Commissions_20260324,,,,12100,ATGN,D22000,ARB00567_USD,,,,,140.4,,,,,C00267,,,,
1250,,GJ,3/24/2026,,Wedbush_Brokerage Commissions_20260324,,,,12100,303S,D21300,ARB00754_USD,,,,,1826.1,,,,,C00754,,,,
1251,,GJ,3/24/2026,,Wedbush_Brokerage Commissions_20260324,,,,12100,303S,D21030,ARB00765_USD,,,,,18.15,,,,,C00765,,,,
1252,,GJ,3/24/2026,,Wedbush_Brokerage Commissions_20260324,,,,12100,303P,D21030,ARB01002_USD,,,,,168.6,,,,,C01064,,,,
1253,,GJ,3/24/2026,,Wedbush_Brokerage Commissions_20260324,,,,12100,303P,D21300,ARB01057_MXN,,,,,0.0,,,,,C01057,,,,
1254,,GJ,3/24/2026,,Wedbush_Brokerage Commissions_20260324,,,,12100,303P,D21300,ARB01057_USD,,,,,426.6,,,,,C01057,,,,
1255,,GJ,3/24/2026,,Wedbush_Brokerage Commissions_20260324,,,,12100,303P,D21030,ARB01063_JPY,,,,,0.0,,,,,C01063,,,,
1256,,GJ,3/24/2026,,Wedbush_Brokerage Commissions_20260324,,,,12100,303P,D21030,ARB01063_USD,,,,,3962.55,,,,,C01063,,,,
1257,,GJ,3/24/2026,,Wedbush_Brokerage Commissions_20260324,,,,12100,303P,D21030,ARB01064_USD,,,,,1311.0,,,,,C01064,,,,
1258,,GJ,3/24/2026,,Wedbush_Brokerage Commissions_20260324,,,,12100,303P,D21030,ARB01065_USD,,,,,428.7,,,,,C01065,,,,
1259,,GJ,3/24/2026,,Wedbush_Brokerage Commissions_20260324,,,,12100,303P,D21030,ARB01066_USD,,,,,112.8,,,,,C01066,,,,
1260,,GJ,3/24/2026,,Wedbush_Brokerage Commissions_20260324,,,,12100,303P,D21030,ARB01067_USD,,,,,3.5999999999999996,,,,,C01067,,,,
1261,,GJ,3/24/2026,,Wedbush_Brokerage Commissions_20260324,,,,12100,303P,D21030,ARB01071_USD,,,,,1716.9,,,,,C01071,,,,
1262,,GJ,3/24/2026,,Wedbush_Brokerage Commissions_20260324,,,,12100,303P,D21030,ARB01076_USD,,,,,4538.1,,,,,C01076,,,,
1263,,GJ,3/24/2026,,Wedbush_Brokerage Commissions_20260324,,,,12100,303P,D21030,ARB01078_USD,,,,,1875.3,,,,,C01078,,,,
1264,,GJ,3/24/2026,,Wedbush_Brokerage Commissions_20260324,,,,12100,303P,D21030,ARB01092_USD,,,,,9241.65,,,,,C01092,,,,
1265,,GJ,3/24/2026,,Wedbush_Brokerage Commissions_20260324,,,,12100,303P,D23020,ARB01117_USD,,,,,4.5,,,,,C01117,,,,
1266,,GJ,3/24/2026,,Wedbush_Brokerage Commissions_20260324,,,,12100,303P,D23300,ARB01145_USD,,,,,10187.1,,,,,C01145,,,,
1267,,GJ,3/24/2026,,Wedbush_Brokerage Commissions_20260324,,,,12100,303P,D23010,ARB01157_USD,,,,,1044.3000000000002,,,,,C01157,,,,
1268,,GJ,3/24/2026,,Wedbush_Brokerage Commissions_20260324,,,,12100,303P,D23010,ARB01158_USD,,,,,5471.849999999999,,,,,C01158,,,,
1269,,GJ,3/24/2026,,Wedbush_Brokerage Commissions_20260324,,,,12100,303P,D23010,ARB01166_USD,,,,,186.29999999999998,,,,,C01166,,,,
1270,,GJ,3/24/2026,,Wedbush_Brokerage Commissions_20260324,,,,12100,303P,D23010,ARB01172_USD,,,,,544.9499999999999,,,,,C01172,,,,
1271,,GJ,3/24/2026,,Wedbush_Brokerage Commissions_20260324,,,,12100,303P,D23010,ARB01176_USD,,,,,2989.35,,,,,C01176,,,,
1272,,GJ,3/24/2026,,Wedbush_Brokerage Commissions_20260324,,,,12100,303P,D23010,ARB01177_USD,,,,,31.8,,,,,C00469,,,,
1273,,GJ,3/24/2026,,Wedbush_Brokerage Commissions_20260324,,,,12100,303P,D23300,ARB01195_USD,,,,,43.2,,,,,C00193,,,,
1274,,GJ,3/24/2026,,Wedbush_Brokerage Commissions_20260324,,,,12100,ATGN,D21300,ARB01357_CHF,,,,,0.0,,,,,C01057,,,,
1275,,GJ,3/24/2026,,Wedbush_Brokerage Commissions_20260324,,,,12100,ATGN,D21300,ARB01357_EUR,,,,,23303.550000000003,,,,,C01057,,,,
1276,,GJ,3/24/2026,,Wedbush_Brokerage Commissions_20260324,,,,12100,ATGN,D21300,ARB01357_GBP,,,,,0.0,,,,,C01057,,,,
1277,,GJ,3/24/2026,,Wedbush_Brokerage Commissions_20260324,,,,12100,ATGN,D21300,ARB01357_USD,,,,,2541.45,,,,,C01057,,,,
1278,,GJ,3/24/2026,,Wedbush_Brokerage Commissions_20260324,,,,12100,ATGN,D23020,ARB01400_EUR,,,,,131.7,,,,,C00146,,,,
1279,,GJ,3/24/2026,,Wedbush_Brokerage Commissions_20260324,,,,12100,ATGN,D23020,ARB01400_GBP,,,,,0.0,,,,,C00146,,,,
1280,,GJ,3/24/2026,,Wedbush_Brokerage Commissions_20260324,,,,12100,ATGN,D23020,ARB01400_USD,,,,,193.79999999999998,,,,,C00146,,,,
1281,,GJ,3/24/2026,,Wedbush_Brokerage Commissions_20260324,,,,12100,ATGN,D23020,ARB01417_EUR,,,,,150.3,,,,,C01117,,,,
1282,,GJ,3/24/2026,,Wedbush_Brokerage Commissions_20260324,,,,12100,ATGN,D23020,ARB01417_GBP,,,,,0.0,,,,,C01117,,,,
1283,,GJ,3/24/2026,,Wedbush_Brokerage Commissions_20260324,,,,12100,ATGN,D23020,ARB01417_USD,,,,,5241.15,,,,,C01117,,,,
1284,,GJ,3/24/2026,,Wedbush_Brokerage Commissions_20260324,,,,12100,ATGN,D23300,ARB01445_EUR,,,,,2926.5,,,,,C01145,,,,
1285,,GJ,3/24/2026,,Wedbush_Brokerage Commissions_20260324,,,,12100,ATGN,D23300,ARB01445_GBP,,,,,0.0,,,,,C01145,,,,
1286,,GJ,3/24/2026,,Wedbush_Brokerage Commissions_20260324,,,,12100,ATGN,D23010,ARB01457_CAD,,,,,0.0,,,,,C01157,,,,
1287,,GJ,3/24/2026,,Wedbush_Brokerage Commissions_20260324,,,,12100,ATGN,D23010,ARB01457_USD,,,,,462.3,,,,,C01157,,,,
1288,,GJ,3/24/2026,,Wedbush_Brokerage Commissions_20260324,,,,12100,ATGN,D23010,ARB01458_CAD,,,,,0.0,,,,,C01158,,,,
1289,,GJ,3/24/2026,,Wedbush_Brokerage Commissions_20260324,,,,12100,ATGN,D23010,ARB01458_USD,,,,,1165.95,,,,,C01158,,,,
1290,,GJ,3/24/2026,,Wedbush_Brokerage Commissions_20260324,,,,12100,ATGN,D23010,ARB01466_CAD,,,,,0.0,,,,,C01166,,,,
1291,,GJ,3/24/2026,,Wedbush_Brokerage Commissions_20260324,,,,12100,ATGN,D23010,ARB01466_USD,,,,,83.1,,,,,C01166,,,,
1292,,GJ,3/24/2026,,Wedbush_Brokerage Commissions_20260324,,,,12100,ATGN,D23010,ARB01472_CAD,,,,,0.0,,,,,C01172,,,,
1293,,GJ,3/24/2026,,Wedbush_Brokerage Commissions_20260324,,,,12100,ATGN,D23010,ARB01472_USD,,,,,21.0,,,,,C01172,,,,
1294,,GJ,3/24/2026,,Wedbush_Brokerage Commissions_20260324,,,,12100,ATGN,D23010,ARB01476_EUR,,,,,1351.5,,,,,C01176,,,,
1295,,GJ,3/24/2026,,Wedbush_Brokerage Commissions_20260324,,,,12100,ATGN,D23010,ARB01476_GBP,,,,,0.0,,,,,C01176,,,,
1296,,GJ,3/24/2026,,Wedbush_Brokerage Commissions_20260324,,,,12100,ATGN,D23010,ARB01476_USD,,,,,464.09999999999997,,,,,C01176,,,,
1297,,GJ,3/24/2026,,Wedbush_Brokerage Commissions_20260324,,,,12100,303P,D21300,ARB01606_USD,,,,,140.7,,,,,C01606,,,,
1298,,GJ,3/24/2026,,Wedbush_Brokerage Commissions_20260324,,,,12100,303P,D21300,ARB01607_EUR,,,,,295.2,,,,,C01607,,,,
1299,,GJ,3/24/2026,,Wedbush_Brokerage Commissions_20260324,,,,12100,303P,D21300,ARB01607_USD,,,,,80.4,,,,,C01607,,,,
1300,,GJ,3/24/2026,,Wedbush_Brokerage Commissions_20260324,,,,12100,303P,D21300,ARB01612_USD,,,,,8.4,,,,,C01612,,,,
1301,,GJ,3/24/2026,,Wedbush_Brokerage Commissions_20260324,,,,12100,303P,D21300,ARB01613_USD,,,,,199.2,,,,,C01613,,,,
1302,,GJ,3/24/2026,,Wedbush_Brokerage Commissions_20260324,,,,12100,303P,D21300,ARB02012_USD,,,,,4551.3,,,,,C02012,,,,
1303,,GJ,3/24/2026,,Wedbush_Brokerage Commissions_20260324,,,,12100,303P,D21300,ARB02040_USD,,,,,487.79999999999995,,,,,C02040,,,,
1304,,GJ,3/24/2026,,Wedbush_Brokerage Commissions_20260324,,,,12100,303P,D21300,ARB02043_USD,,,,,2437.05,,,,,C02520,,,,
1305,,GJ,3/24/2026,,Wedbush_Brokerage Commissions_20260324,,,,12100,303P,D21300,ARB02044_USD,,,,,5770.5,,,,,C02044,,,,
1306,,GJ,3/24/2026,,Wedbush_Brokerage Commissions_20260324,,,,12100,303P,D21300,ARB02045_USD,,,,,201.6,,,,,C02045,,,,
1307,,GJ,3/24/2026,,Wedbush_Brokerage Commissions_20260324,,,,12100,303P,D21030,ARB02047_USD,,,,,865.6500000000001,,,,,C01092,,,,
1308,,GJ,3/24/2026,,Wedbush_Brokerage Commissions_20260324,,,,12100,303P,D21030,ARB02052_USD,,,,,144.3,,,,,C01078,,,,
1309,,GJ,3/24/2026,,Wedbush_Brokerage Commissions_20260324,,,,12100,303P,D21300,ARB02055_USD,,,,,796.9499999999999,,,,,C00054,,,,
1310,,GJ,3/24/2026,,Wedbush_Brokerage Commissions_20260324,,,,12100,303P,D21300,ARB02076_USD,,,,,6643.05,,,,,C02076,,,,
1311,,GJ,3/24/2026,,Wedbush_Brokerage Commissions_20260324,,,,12100,303P,D23010,ARB02102_USD,,,,,313.2,,,,,C02102,,,,
1312,,GJ,3/24/2026,,Wedbush_Brokerage Commissions_20260324,,,,12100,303P,D23010,ARB02103_USD,,,,,3594.0,,,,,C00163,,,,
1313,,GJ,3/24/2026,,Wedbush_Brokerage Commissions_20260324,,,,12100,303P,D23080,ARB02116_USD,,,,,217.35,,,,,C02116,,,,
1314,,GJ,3/24/2026,,Wedbush_Brokerage Commissions_20260324,,,,12100,303P,D23080,ARB02118_USD,,,,,300.3,,,,,C01234,,,,
1315,,GJ,3/24/2026,,Wedbush_Brokerage Commissions_20260324,,,,12100,303P,D23300,ARB02121_USD,,,,,1580.4,,,,,C02121,,,,
1316,,GJ,3/24/2026,,Wedbush_Brokerage Commissions_20260324,,,,12100,303P,D23020,ARB02129_USD,,,,,1480.65,,,,,C02129,,,,
1317,,GJ,3/24/2026,,Wedbush_Brokerage Commissions_20260324,,,,12100,303P,D23010,ARB02132_USD,,,,,243.9,,,,,C02132,,,,
1318,,GJ,3/24/2026,,Wedbush_Brokerage Commissions_20260324,,,,12100,303P,D23010,ARB02135_USD,,,,,159.75,,,,,C02135,,,,
1319,,GJ,3/24/2026,,Wedbush_Brokerage Commissions_20260324,,,,12100,303P,D23010,ARB02136_USD,,,,,274.8,,,,,C02136,,,,
1320,,GJ,3/24/2026,,Wedbush_Brokerage Commissions_20260324,,,,12100,303P,D23010,ARB02147_USD,,,,,2423.55,,,,,C02147,,,,
1321,,GJ,3/24/2026,,Wedbush_Brokerage Commissions_20260324,,,,12100,303P,D23010,ARB02149_USD,,,,,115.5,,,,,C02149,,,,
1322,,GJ,3/24/2026,,Wedbush_Brokerage Commissions_20260324,,,,12100,303P,D23060,ARB02152_USD,,,,,401.4,,,,,C00186,,,,
1323,,GJ,3/24/2026,,Wedbush_Brokerage Commissions_20260324,,,,12100,303P,D23300,ARB02154_USD,,,,,144.0,,,,,C00149,,,,
1324,,GJ,3/24/2026,,Wedbush_Brokerage Commissions_20260324,,,,12100,303P,D23020,ARB02156_USD,,,,,19.5,,,,,C02156,,,,
1325,,GJ,3/24/2026,,Wedbush_Brokerage Commissions_20260324,,,,12100,303P,D23300,ARB02158_USD,,,,,534.15,,,,,C01145,,,,
1326,,GJ,3/24/2026,,Wedbush_Brokerage Commissions_20260324,,,,12100,303P,D23300,ARB02167_USD,,,,,745.5,,,,,C00118,,,,
1327,,GJ,3/24/2026,,Wedbush_Brokerage Commissions_20260324,,,,12100,303P,D23300,ARB02168_USD,,,,,25.5,,,,,C00194,,,,
1328,,GJ,3/24/2026,,Wedbush_Brokerage Commissions_20260324,,,,12100,303P,D23010,ARB02173_USD,,,,,957.45,,,,,C00463,,,,
1329,,GJ,3/24/2026,,Wedbush_Brokerage Commissions_20260324,,,,12100,303P,D23010,ARB02176_USD,,,,,13283.400000000001,,,,,C00463,,,,
1330,,GJ,3/24/2026,,Wedbush_Brokerage Commissions_20260324,,,,12100,303P,D23010,ARB02177_USD,,,,,1438.5,,,,,C02177,,,,
1331,,GJ,3/24/2026,,Wedbush_Brokerage Commissions_20260324,,,,12100,303P,D23010,ARB02179_USD,,,,,2994.9,,,,,C02179,,,,
1332,,GJ,3/24/2026,,Wedbush_Brokerage Commissions_20260324,,,,12100,303P,D23010,ARB02180_USD,,,,,1926.6000000000001,,,,,C02180,,,,
1333,,GJ,3/24/2026,,Wedbush_Brokerage Commissions_20260324,,,,12100,303P,D23010,ARB02181_USD,,,,,6297.0,,,,,C02181,,,,
1334,,GJ,3/24/2026,,Wedbush_Brokerage Commissions_20260324,,,,12100,303P,D23010,ARB02182_USD,,,,,1621.8,,,,,C02182,,,,
1335,,GJ,3/24/2026,,Wedbush_Brokerage Commissions_20260324,,,,12100,303P,D23010,ARB02183_USD,,,,,3319.8,,,,,C02183,,,,
1336,,GJ,3/24/2026,,Wedbush_Brokerage Commissions_20260324,,,,12100,303P,D23010,ARB02184_USD,,,,,8953.8,,,,,C02184,,,,
1337,,GJ,3/24/2026,,Wedbush_Brokerage Commissions_20260324,,,,12100,303P,D23010,ARB02185_USD,,,,,119.7,,,,,C02185,,,,
1338,,GJ,3/24/2026,,Wedbush_Brokerage Commissions_20260324,,,,12100,303P,D23010,ARB02187_USD,,,,,32.699999999999996,,,,,C02187,,,,
1339,,GJ,3/24/2026,,Wedbush_Brokerage Commissions_20260324,,,,12100,303P,D23010,ARB02190_USD,,,,,154.5,,,,,C02147,,,,
1340,,GJ,3/24/2026,,Wedbush_Brokerage Commissions_20260324,,,,12100,303P,D23010,ARB02191_USD,,,,,33.6,,,,,C00469,,,,
1341,,GJ,3/24/2026,,Wedbush_Brokerage Commissions_20260324,,,,12100,303P,D23010,ARB02195_USD,,,,,85.95,,,,,C01172,,,,
1342,,GJ,3/24/2026,,Wedbush_Brokerage Commissions_20260324,,,,12100,ATGN,D21300,ARB02342_EUR,,,,,109.2,,,,,C02042,,,,
1343,,GJ,3/24/2026,,Wedbush_Brokerage Commissions_20260324,,,,12100,ATGN,D21300,ARB02342_GBP,,,,,0.0,,,,,C02042,,,,
1344,,GJ,3/24/2026,,Wedbush_Brokerage Commissions_20260324,,,,12100,ATGN,D21300,ARB02343_EUR,,,,,645.18,,,,,C02520,,,,
1345,,GJ,3/24/2026,,Wedbush_Brokerage Commissions_20260324,,,,12100,ATGN,D21300,ARB02343_GBP,,,,,0.0,,,,,C02520,,,,
1346,,GJ,3/24/2026,,Wedbush_Brokerage Commissions_20260324,,,,12100,ATGN,D21300,ARB02343_USD,,,,,139.8,,,,,C02520,,,,
1347,,GJ,3/24/2026,,Wedbush_Brokerage Commissions_20260324,,,,12100,ATGN,D21300,ARB02355_USD,,,,,209.4,,,,,C00054,,,,
1348,,GJ,3/24/2026,,Wedbush_Brokerage Commissions_20260324,,,,12100,ATGN,D21300,ARB02376_EUR,,,,,282.9,,,,,C02076,,,,
1349,,GJ,3/24/2026,,Wedbush_Brokerage Commissions_20260324,,,,12100,ATGN,D21300,ARB02376_GBP,,,,,0.0,,,,,C02076,,,,
1350,,GJ,3/24/2026,,Wedbush_Brokerage Commissions_20260324,,,,12100,ATGN,D23010,ARB02402_USD,,,,,25.05,,,,,C02102,,,,
1351,,GJ,3/24/2026,,Wedbush_Brokerage Commissions_20260324,,,,12100,ATGN,D23080,ARB02416_EUR,,,,,14.700000000000001,,,,,C02116,,,,
1352,,GJ,3/24/2026,,Wedbush_Brokerage Commissions_20260324,,,,12100,ATGN,D23080,ARB02416_GBP,,,,,0.0,,,,,C02116,,,,
1353,,GJ,3/24/2026,,Wedbush_Brokerage Commissions_20260324,,,,12100,ATGN,D23080,ARB02416_USD,,,,,861.9,,,,,C02116,,,,
1354,,GJ,3/24/2026,,Wedbush_Brokerage Commissions_20260324,,,,12100,ATGN,D23080,ARB02418_EUR,,,,,178.95,,,,,C01234,,,,
1355,,GJ,3/24/2026,,Wedbush_Brokerage Commissions_20260324,,,,12100,ATGN,D23080,ARB02418_GBP,,,,,0.0,,,,,C01234,,,,
1356,,GJ,3/24/2026,,Wedbush_Brokerage Commissions_20260324,,,,12100,ATGN,D23080,ARB02418_USD,,,,,1878.0,,,,,C01234,,,,
1357,,GJ,3/24/2026,,Wedbush_Brokerage Commissions_20260324,,,,12100,ATGN,D23300,ARB02421_EUR,,,,,1466.4,,,,,C02121,,,,
1358,,GJ,3/24/2026,,Wedbush_Brokerage Commissions_20260324,,,,12100,ATGN,D23300,ARB02421_GBP,,,,,0.0,,,,,C02121,,,,
1359,,GJ,3/24/2026,,Wedbush_Brokerage Commissions_20260324,,,,12100,ATGN,D23300,ARB02421_USD,,,,,156.9,,,,,C02121,,,,
1360,,GJ,3/24/2026,,Wedbush_Brokerage Commissions_20260324,,,,12100,ATGN,D23020,ARB02429_CAD,,,,,0.0,,,,,C02129,,,,
1361,,GJ,3/24/2026,,Wedbush_Brokerage Commissions_20260324,,,,12100,ATGN,D23020,ARB02429_EUR,,,,,5.4,,,,,C02129,,,,
1362,,GJ,3/24/2026,,Wedbush_Brokerage Commissions_20260324,,,,12100,ATGN,D23020,ARB02429_GBP,,,,,0.0,,,,,C02129,,,,
1363,,GJ,3/24/2026,,Wedbush_Brokerage Commissions_20260324,,,,12100,ATGN,D23020,ARB02429_USD,,,,,252.0,,,,,C02129,,,,
1364,,GJ,3/24/2026,,Wedbush_Brokerage Commissions_20260324,,,,12100,ATGN,D23010,ARB02432_CAD,,,,,0.0,,,,,C02132,,,,
1365,,GJ,3/24/2026,,Wedbush_Brokerage Commissions_20260324,,,,12100,ATGN,D23010,ARB02432_USD,,,,,81.6,,,,,C02132,,,,
1366,,GJ,3/24/2026,,Wedbush_Brokerage Commissions_20260324,,,,12100,ATGN,D23010,ARB02435_CAD,,,,,0.0,,,,,C02135,,,,
1367,,GJ,3/24/2026,,Wedbush_Brokerage Commissions_20260324,,,,12100,ATGN,D23010,ARB02435_USD,,,,,72.89999999999999,,,,,C02135,,,,
1368,,GJ,3/24/2026,,Wedbush_Brokerage Commissions_20260324,,,,12100,ATGN,D23010,ARB02436_EUR,,,,,421.2,,,,,C02136,,,,
1369,,GJ,3/24/2026,,Wedbush_Brokerage Commissions_20260324,,,,12100,ATGN,D23010,ARB02436_GBP,,,,,0.0,,,,,C02136,,,,
1370,,GJ,3/24/2026,,Wedbush_Brokerage Commissions_20260324,,,,12100,ATGN,D23010,ARB02436_USD,,,,,795.15,,,,,C02136,,,,
1371,,GJ,3/24/2026,,Wedbush_Brokerage Commissions_20260324,,,,12100,ATGN,D23010,ARB02445_USD,,,,,751.35,,,,,C02145,,,,
1372,,GJ,3/24/2026,,Wedbush_Brokerage Commissions_20260324,,,,12100,ATGN,D23010,ARB02447_CAD,,,,,0.0,,,,,C02147,,,,
1373,,GJ,3/24/2026,,Wedbush_Brokerage Commissions_20260324,,,,12100,ATGN,D23010,ARB02447_USD,,,,,271.20000000000005,,,,,C02147,,,,
1374,,GJ,3/24/2026,,Wedbush_Brokerage Commissions_20260324,,,,12100,ATGN,D23010,ARB02449_EUR,,,,,39.9,,,,,C02149,,,,
1375,,GJ,3/24/2026,,Wedbush_Brokerage Commissions_20260324,,,,12100,ATGN,D23010,ARB02449_GBP,,,,,0.0,,,,,C02149,,,,
1376,,GJ,3/24/2026,,Wedbush_Brokerage Commissions_20260324,,,,12100,ATGN,D23010,ARB02449_USD,,,,,604.2,,,,,C02149,,,,
1377,,GJ,3/24/2026,,Wedbush_Brokerage Commissions_20260324,,,,12100,ATGN,D23060,ARB02452_CAD,,,,,0.0,,,,,C00186,,,,
1378,,GJ,3/24/2026,,Wedbush_Brokerage Commissions_20260324,,,,12100,ATGN,D23060,ARB02452_EUR,,,,,2.1,,,,,C00186,,,,
1379,,GJ,3/24/2026,,Wedbush_Brokerage Commissions_20260324,,,,12100,ATGN,D23060,ARB02452_GBP,,,,,0.0,,,,,C00186,,,,
1380,,GJ,3/24/2026,,Wedbush_Brokerage Commissions_20260324,,,,12100,ATGN,D23060,ARB02452_USD,,,,,337.20000000000005,,,,,C00186,,,,
1381,,GJ,3/24/2026,,Wedbush_Brokerage Commissions_20260324,,,,12100,ATGN,D23300,ARB02454_EUR,,,,,30.6,,,,,C00149,,,,
1382,,GJ,3/24/2026,,Wedbush_Brokerage Commissions_20260324,,,,12100,ATGN,D23300,ARB02454_GBP,,,,,0.0,,,,,C00149,,,,
1383,,GJ,3/24/2026,,Wedbush_Brokerage Commissions_20260324,,,,12100,ATGN,D23300,ARB02454_USD,,,,,99.14999999999999,,,,,C00149,,,,
1384,,GJ,3/24/2026,,Wedbush_Brokerage Commissions_20260324,,,,12100,ATGN,D23020,ARB02456_EUR,,,,,27.900000000000002,,,,,C02156,,,,
1385,,GJ,3/24/2026,,Wedbush_Brokerage Commissions_20260324,,,,12100,ATGN,D23020,ARB02456_GBP,,,,,0.0,,,,,C02156,,,,
1386,,GJ,3/24/2026,,Wedbush_Brokerage Commissions_20260324,,,,12100,ATGN,D23020,ARB02456_USD,,,,,103.35,,,,,C02156,,,,
1387,,GJ,3/24/2026,,Wedbush_Brokerage Commissions_20260324,,,,12100,ATGN,D23300,ARB02458_USD,,,,,187.2,,,,,C01145,,,,
1388,,GJ,3/24/2026,,Wedbush_Brokerage Commissions_20260324,,,,12100,ATGN,D23080,ARB02463_USD,,,,,49.2,,,,,C01231,,,,
1389,,GJ,3/24/2026,,Wedbush_Brokerage Commissions_20260324,,,,12100,ATGN,D23010,ARB02473_EUR,,,,,94.65,,,,,C00463,,,,
1390,,GJ,3/24/2026,,Wedbush_Brokerage Commissions_20260324,,,,12100,ATGN,D23010,ARB02473_GBP,,,,,0.0,,,,,C00463,,,,
1391,,GJ,3/24/2026,,Wedbush_Brokerage Commissions_20260324,,,,12100,ATGN,D23010,ARB02473_USD,,,,,791.1,,,,,C00463,,,,
1392,,GJ,3/24/2026,,Wedbush_Brokerage Commissions_20260324,,,,12100,ATGN,D23010,ARB02476_EUR,,,,,4541.4,,,,,C00463,,,,
1393,,GJ,3/24/2026,,Wedbush_Brokerage Commissions_20260324,,,,12100,ATGN,D23010,ARB02476_GBP,,,,,0.0,,,,,C00463,,,,
1394,,GJ,3/24/2026,,Wedbush_Brokerage Commissions_20260324,,,,12100,ATGN,D23010,ARB02476_USD,,,,,12795.0,,,,,C00463,,,,
1395,,GJ,3/24/2026,,Wedbush_Brokerage Commissions_20260324,,,,12100,ATGN,D23010,ARB02477_CAD,,,,,0.0,,,,,C02177,,,,
1396,,GJ,3/24/2026,,Wedbush_Brokerage Commissions_20260324,,,,12100,ATGN,D23010,ARB02477_USD,,,,,205.5,,,,,C02177,,,,
1397,,GJ,3/24/2026,,Wedbush_Brokerage Commissions_20260324,,,,12100,ATGN,D23010,ARB02479_CAD,,,,,0.0,,,,,C02179,,,,
1398,,GJ,3/24/2026,,Wedbush_Brokerage Commissions_20260324,,,,12100,ATGN,D23010,ARB02479_USD,,,,,544.2,,,,,C02179,,,,
1399,,GJ,3/24/2026,,Wedbush_Brokerage Commissions_20260324,,,,12100,ATGN,D23010,ARB02480_CAD,,,,,0.0,,,,,C02180,,,,
1400,,GJ,3/24/2026,,Wedbush_Brokerage Commissions_20260324,,,,12100,ATGN,D23010,ARB02480_USD,,,,,323.7,,,,,C02180,,,,
1401,,GJ,3/24/2026,,Wedbush_Brokerage Commissions_20260324,,,,12100,ATGN,D23010,ARB02481_CAD,,,,,0.0,,,,,C02181,,,,
1402,,GJ,3/24/2026,,Wedbush_Brokerage Commissions_20260324,,,,12100,ATGN,D23010,ARB02481_USD,,,,,1114.2,,,,,C02181,,,,
1403,,GJ,3/24/2026,,Wedbush_Brokerage Commissions_20260324,,,,12100,ATGN,D23010,ARB02482_CAD,,,,,0.0,,,,,C02182,,,,
1404,,GJ,3/24/2026,,Wedbush_Brokerage Commissions_20260324,,,,12100,ATGN,D23010,ARB02482_USD,,,,,106.8,,,,,C02182,,,,
1405,,GJ,3/24/2026,,Wedbush_Brokerage Commissions_20260324,,,,12100,ATGN,D23010,ARB02483_CAD,,,,,0.0,,,,,C02183,,,,
1406,,GJ,3/24/2026,,Wedbush_Brokerage Commissions_20260324,,,,12100,ATGN,D23010,ARB02483_USD,,,,,1215.6,,,,,C02183,,,,
1407,,GJ,3/24/2026,,Wedbush_Brokerage Commissions_20260324,,,,12100,ATGN,D23010,ARB02484_CAD,,,,,0.0,,,,,C02184,,,,
1408,,GJ,3/24/2026,,Wedbush_Brokerage Commissions_20260324,,,,12100,ATGN,D23010,ARB02484_USD,,,,,3307.8,,,,,C02184,,,,
1409,,GJ,3/24/2026,,Wedbush_Brokerage Commissions_20260324,,,,12100,ATGN,D23010,ARB02485_EUR,,,,,255.14999999999998,,,,,C02185,,,,
1410,,GJ,3/24/2026,,Wedbush_Brokerage Commissions_20260324,,,,12100,ATGN,D23010,ARB02485_GBP,,,,,0.0,,,,,C02185,,,,
1411,,GJ,3/24/2026,,Wedbush_Brokerage Commissions_20260324,,,,12100,ATGN,D23010,ARB02485_USD,,,,,2248.6499999999996,,,,,C02185,,,,
1412,,GJ,3/24/2026,,Wedbush_Brokerage Commissions_20260324,,,,12100,ATGN,D23010,ARB02491_EUR,,,,,28.2,,,,,C00469,,,,
1413,,GJ,3/24/2026,,Wedbush_Brokerage Commissions_20260324,,,,12100,ATGN,D23010,ARB02491_GBP,,,,,0.0,,,,,C00469,,,,
1414,,GJ,3/24/2026,,Wedbush_Brokerage Commissions_20260324,,,,12100,ATGN,D23010,ARB02491_USD,,,,,11.700000000000001,,,,,C00469,,,,
1415,,GJ,3/24/2026,,Wedbush_Brokerage Commissions_20260324,,,,12100,303P,D21300,ARB03003_USD,,,,,1169.4,,,,,C03003,,,,
1416,,GJ,3/24/2026,,Wedbush_Brokerage Commissions_20260324,,,,12100,303P,D21300,ARB03022_USD,,,,,8298.15,,,,,C00034,,,,
1417,,GJ,3/24/2026,,Wedbush_Brokerage Commissions_20260324,,,,12100,303P,D21300,ARB03032_USD,,,,,4515.3,,,,,C00049,,,,
1418,,GJ,3/24/2026,,Wedbush_Brokerage Commissions_20260324,,,,12100,303P,D21300,ARB03033_USD,,,,,703.65,,,,,C00049,,,,
1419,,GJ,3/24/2026,,Wedbush_Brokerage Commissions_20260324,,,,12100,303P,D21300,ARB03034_USD,,,,,0.75,,,,,C00049,,,,
1420,,GJ,3/24/2026,,Wedbush_Brokerage Commissions_20260324,,,,12100,303P,D21300,ARB03035_USD,,,,,13.5,,,,,C00049,,,,
1421,,GJ,3/24/2026,,Wedbush_Brokerage Commissions_20260324,,,,12100,303P,D21300,ARB03037_USD,,,,,381.45,,,,,C03037,,,,
1422,,GJ,3/24/2026,,Wedbush_Brokerage Commissions_20260324,,,,12100,303P,D21300,ARB03038_USD,,,,,145.8,,,,,C03038,,,,
1423,,GJ,3/24/2026,,Wedbush_Brokerage Commissions_20260324,,,,12100,303P,D21300,ARB03041_USD,,,,,3.3,,,,,C03040,,,,
1424,,GJ,3/24/2026,,Wedbush_Brokerage Commissions_20260324,,,,12100,303P,D21300,ARB03042_USD,,,,,0.9,,,,,C03040,,,,
1425,,GJ,3/24/2026,,Wedbush_Brokerage Commissions_20260324,,,,12100,303P,D21300,ARB03043_USD,,,,,7.2,,,,,C03040,,,,
1426,,GJ,3/24/2026,,Wedbush_Brokerage Commissions_20260324,,,,12100,303P,D21300,ARB03044_USD,,,,,32.25,,,,,C03040,,,,
1427,,GJ,3/24/2026,,Wedbush_Brokerage Commissions_20260324,,,,12100,303P,D21300,ARB03046_USD,,,,,24.3,,,,,C03040,,,,
1428,,GJ,3/24/2026,,Wedbush_Brokerage Commissions_20260324,,,,12100,303P,D21300,ARB03052_USD,,,,,472.65,,,,,C03071,,,,
1429,,GJ,3/24/2026,,Wedbush_Brokerage Commissions_20260324,,,,12100,303P,D21300,ARB03057_USD,,,,,48.0,,,,,C01057,,,,
1430,,GJ,3/24/2026,,Wedbush_Brokerage Commissions_20260324,,,,12100,303P,D21300,ARB03060_USD,,,,,8573.85,,,,,C03060,,,,
1431,,GJ,3/24/2026,,Wedbush_Brokerage Commissions_20260324,,,,12100,303P,D21300,ARB03062_USD,,,,,736.2,,,,,C03062,,,,
1432,,GJ,3/24/2026,,Wedbush_Brokerage Commissions_20260324,,,,12100,303P,D21300,ARB03064_USD,,,,,96.6,,,,,C03064,,,,
1433,,GJ,3/24/2026,,Wedbush_Brokerage Commissions_20260324,,,,12100,303P,D21300,ARB03065_USD,,,,,38936.85,,,,,C03065,,,,
1434,,GJ,3/24/2026,,Wedbush_Brokerage Commissions_20260324,,,,12100,303P,D21300,ARB03072_USD,,,,,4984.95,,,,,C03072,,,,
1435,,GJ,3/24/2026,,Wedbush_Brokerage Commissions_20260324,,,,12100,303P,D21300,ARB03073_USD,,,,,14290.8,,,,,C03073,,,,
1436,,GJ,3/24/2026,,Wedbush_Brokerage Commissions_20260324,,,,12100,303P,D21300,ARB03074_USD,,,,,14.1,,,,,C03073,,,,
1437,,GJ,3/24/2026,,Wedbush_Brokerage Commissions_20260324,,,,12100,303P,D21300,ARB03078_USD,,,,,202.5,,,,,C03078,,,,
1438,,GJ,3/24/2026,,Wedbush_Brokerage Commissions_20260324,,,,12100,303P,D21300,ARB03079_USD,,,,,4489.200000000001,,,,,C03078,,,,
1439,,GJ,3/24/2026,,Wedbush_Brokerage Commissions_20260324,,,,12100,303P,D21300,ARB03080_USD,,,,,364.2,,,,,C03078,,,,
1440,,GJ,3/24/2026,,Wedbush_Brokerage Commissions_20260324,,,,12100,303P,D21030,ARB03084_JPY,,,,,0.0,,,,,C03084,,,,
1441,,GJ,3/24/2026,,Wedbush_Brokerage Commissions_20260324,,,,12100,303P,D21030,ARB03084_USD,,,,,668.7,,,,,C03084,,,,
1442,,GJ,3/24/2026,,Wedbush_Brokerage Commissions_20260324,,,,12100,303P,D21300,ARB03088_USD,,,,,50.1,,,,,C03088,,,,
1443,,GJ,3/24/2026,,Wedbush_Brokerage Commissions_20260324,,,,12100,303P,D21300,ARB03090_USD,,,,,170.4,,,,,C03090,,,,
1444,,GJ,3/24/2026,,Wedbush_Brokerage Commissions_20260324,,,,12100,303P,D21300,ARB03093_USD,,,,,22.799999999999997,,,,,C03093,,,,
1445,,GJ,3/24/2026,,Wedbush_Brokerage Commissions_20260324,,,,12100,303P,D21300,ARB03096_USD,,,,,13.2,,,,,C03096,,,,
1446,,GJ,3/24/2026,,Wedbush_Brokerage Commissions_20260324,,,,12100,303P,D23300,ARB03100_USD,,,,,122.1,,,,,C03100,,,,
1447,,GJ,3/24/2026,,Wedbush_Brokerage Commissions_20260324,,,,12100,303P,D23080,ARB03102_USD,,,,,180.3,,,,,C03102,,,,
1448,,GJ,3/24/2026,,Wedbush_Brokerage Commissions_20260324,,,,12100,303P,D23300,ARB03103_USD,,,,,1860.0,,,,,CX3103,,,,
1449,,GJ,3/24/2026,,Wedbush_Brokerage Commissions_20260324,,,,12100,303P,D23300,ARB03104_USD,,,,,1512.6,,,,,C03104,,,,
1450,,GJ,3/24/2026,,Wedbush_Brokerage Commissions_20260324,,,,12100,303P,D23300,ARB03105_USD,,,,,2527.9500000000003,,,,,C00310,,,,
1451,,GJ,3/24/2026,,Wedbush_Brokerage Commissions_20260324,,,,12100,303P,D23300,ARB03106_USD,,,,,2161.95,,,,,C00310,,,,
1452,,GJ,3/24/2026,,Wedbush_Brokerage Commissions_20260324,,,,12100,303P,D23300,ARB03107_USD,,,,,4484.1,,,,,C03107,,,,
1453,,GJ,3/24/2026,,Wedbush_Brokerage Commissions_20260324,,,,12100,303P,D23300,ARB03108_USD,,,,,6771.9,,,,,C00311,,,,
1454,,GJ,3/24/2026,,Wedbush_Brokerage Commissions_20260324,,,,12100,303P,D23300,ARB03109_USD,,,,,1610.1,,,,,C00311,,,,
1455,,GJ,3/24/2026,,Wedbush_Brokerage Commissions_20260324,,,,12100,303P,D23300,ARB03110_USD,,,,,303.9,,,,,C00311,,,,
1456,,GJ,3/24/2026,,Wedbush_Brokerage Commissions_20260324,,,,12100,303P,D23300,ARB03112_USD,,,,,187.05,,,,,C00310,,,,
1457,,GJ,3/24/2026,,Wedbush_Brokerage Commissions_20260324,,,,12100,303P,D23300,ARB03113_USD,,,,,284.54999999999995,,,,,C03113,,,,
1458,,GJ,3/24/2026,,Wedbush_Brokerage Commissions_20260324,,,,12100,303P,D23300,ARB03115_USD,,,,,719.1,,,,,CX3115,,,,
1459,,GJ,3/24/2026,,Wedbush_Brokerage Commissions_20260324,,,,12100,303P,D23020,ARB03116_USD,,,,,145.65,,,,,C02129,,,,
1460,,GJ,3/24/2026,,Wedbush_Brokerage Commissions_20260324,,,,12100,303P,D23300,ARB03122_USD,,,,,931.5,,,,,C03122,,,,
1461,,GJ,3/24/2026,,Wedbush_Brokerage Commissions_20260324,,,,12100,303P,D23300,ARB03125_USD,,,,,20.1,,,,,CX3125,,,,
1462,,GJ,3/24/2026,,Wedbush_Brokerage Commissions_20260324,,,,12100,303P,D23300,ARB03126_USD,,,,,1.05,,,,,C00310,,,,
1463,,GJ,3/24/2026,,Wedbush_Brokerage Commissions_20260324,,,,12100,303P,D23300,ARB03133_USD,,,,,1908.1499999999999,,,,,C03133,,,,
1464,,GJ,3/24/2026,,Wedbush_Brokerage Commissions_20260324,,,,12100,303P,D23300,ARB03134_USD,,,,,80.1,,,,,C03134,,,,
1465,,GJ,3/24/2026,,Wedbush_Brokerage Commissions_20260324,,,,12100,303P,D23300,ARB03136_USD,,,,,22.200000000000003,,,,,CX3136,,,,
1466,,GJ,3/24/2026,,Wedbush_Brokerage Commissions_20260324,,,,12100,303P,D23300,ARB03139_USD,,,,,418.05,,,,,C00311,,,,
1467,,GJ,3/24/2026,,Wedbush_Brokerage Commissions_20260324,,,,12100,303P,D23300,ARB03141_USD,,,,,2981.7,,,,,C03141,,,,
1468,,GJ,3/24/2026,,Wedbush_Brokerage Commissions_20260324,,,,12100,303P,D23300,ARB03142_USD,,,,,344.7,,,,,C00310,,,,
1469,,GJ,3/24/2026,,Wedbush_Brokerage Commissions_20260324,,,,12100,303P,D23300,ARB03143_USD,,,,,619.5,,,,,C00310,,,,
1470,,GJ,3/24/2026,,Wedbush_Brokerage Commissions_20260324,,,,12100,303P,D23300,ARB03144_USD,,,,,120.3,,,,,CX3144,,,,
1471,,GJ,3/24/2026,,Wedbush_Brokerage Commissions_20260324,,,,12100,303P,D23300,ARB03146_USD,,,,,633.3000000000001,,,,,CX3136,,,,
1472,,GJ,3/24/2026,,Wedbush_Brokerage Commissions_20260324,,,,12100,303P,D23300,ARB03147_USD,,,,,4.5,,,,,CX3115,,,,
1473,,GJ,3/24/2026,,Wedbush_Brokerage Commissions_20260324,,,,12100,303P,D23090,ARB03150_USD,,,,,907.8,,,,,C03150,,,,
1474,,GJ,3/24/2026,,Wedbush_Brokerage Commissions_20260324,,,,12100,303P,D23090,ARB03154_USD,,,,,969.9000000000001,,,,,C03154,,,,
1475,,GJ,3/24/2026,,Wedbush_Brokerage Commissions_20260324,,,,12100,303P,D23100,ARB03156_USD,,,,,1200.3,,,,,C03156,,,,
1476,,GJ,3/24/2026,,Wedbush_Brokerage Commissions_20260324,,,,12100,303P,D23100,ARB03157_USD,,,,,2160.3,,,,,C03157,,,,
1477,,GJ,3/24/2026,,Wedbush_Brokerage Commissions_20260324,,,,12100,303P,D23100,ARB03159_USD,,,,,1062.6,,,,,C03159,,,,
1478,,GJ,3/24/2026,,Wedbush_Brokerage Commissions_20260324,,,,12100,303P,D23010,ARB03168_USD,,,,,81.0,,,,,C03168,,,,
1479,,GJ,3/24/2026,,Wedbush_Brokerage Commissions_20260324,,,,12100,303P,D23100,ARB03174_USD,,,,,586.5,,,,,C03174,,,,
1480,,GJ,3/24/2026,,Wedbush_Brokerage Commissions_20260324,,,,12100,303P,D23100,ARB03175_USD,,,,,2178.6,,,,,C03175,,,,
1481,,GJ,3/24/2026,,Wedbush_Brokerage Commissions_20260324,,,,12100,303P,D23100,ARB03176_USD,,,,,2014.5,,,,,C03176,,,,
1482,,GJ,3/24/2026,,Wedbush_Brokerage Commissions_20260324,,,,12100,303P,D23100,ARB03185_USD,,,,,357.0,,,,,C03185,,,,
1483,,GJ,3/24/2026,,Wedbush_Brokerage Commissions_20260324,,,,12100,303P,D23300,ARB03192_USD,,,,,386.70000000000005,,,,,C03163,,,,
1484,,GJ,3/24/2026,,Wedbush_Brokerage Commissions_20260324,,,,12100,ATGN,D21300,ARB03360_EUR,,,,,33757.05,,,,,C03060,,,,
1485,,GJ,3/24/2026,,Wedbush_Brokerage Commissions_20260324,,,,12100,ATGN,D21300,ARB03360_GBP,,,,,0.0,,,,,C03060,,,,
1486,,GJ,3/24/2026,,Wedbush_Brokerage Commissions_20260324,,,,12100,ATGN,D21300,ARB03362_EUR,,,,,1755.0,,,,,C03062,,,,
1487,,GJ,3/24/2026,,Wedbush_Brokerage Commissions_20260324,,,,12100,ATGN,D21300,ARB03362_GBP,,,,,0.0,,,,,C03062,,,,
1488,,GJ,3/24/2026,,Wedbush_Brokerage Commissions_20260324,,,,12100,ATGN,D21300,ARB03362_USD,,,,,80.4,,,,,C03062,,,,
1489,,GJ,3/24/2026,,Wedbush_Brokerage Commissions_20260324,,,,12100,ATGN,D21300,ARB03364_EUR,,,,,1.7999999999999998,,,,,C03064,,,,
1490,,GJ,3/24/2026,,Wedbush_Brokerage Commissions_20260324,,,,12100,ATGN,D21300,ARB03364_GBP,,,,,0.0,,,,,C03064,,,,
1491,,GJ,3/24/2026,,Wedbush_Brokerage Commissions_20260324,,,,12100,ATGN,D21300,ARB03372_USD,,,,,199.8,,,,,C03072,,,,
1492,,GJ,3/24/2026,,Wedbush_Brokerage Commissions_20260324,,,,12100,ATGN,D21300,ARB03373_USD,,,,,139.8,,,,,C03073,,,,
1493,,GJ,3/24/2026,,Wedbush_Brokerage Commissions_20260324,,,,12100,ATGN,D21300,ARB03378_USD,,,,,124.35,,,,,C03078,,,,
1494,,GJ,3/24/2026,,Wedbush_Brokerage Commissions_20260324,,,,12100,ATGN,D23300,ARB03400_EUR,,,,,52.8,,,,,C03100,,,,
1495,,GJ,3/24/2026,,Wedbush_Brokerage Commissions_20260324,,,,12100,ATGN,D23300,ARB03400_GBP,,,,,0.0,,,,,C03100,,,,
1496,,GJ,3/24/2026,,Wedbush_Brokerage Commissions_20260324,,,,12100,ATGN,D23300,ARB03400_USD,,,,,619.2,,,,,C03100,,,,
1497,,GJ,3/24/2026,,Wedbush_Brokerage Commissions_20260324,,,,12100,ATGN,D23080,ARB03402_EUR,,,,,61.5,,,,,C03102,,,,
1498,,GJ,3/24/2026,,Wedbush_Brokerage Commissions_20260324,,,,12100,ATGN,D23080,ARB03402_GBP,,,,,0.0,,,,,C03102,,,,
1499,,GJ,3/24/2026,,Wedbush_Brokerage Commissions_20260324,,,,12100,ATGN,D23080,ARB03402_USD,,,,,2546.1000000000004,,,,,C03102,,,,
1500,,GJ,3/24/2026,,Wedbush_Brokerage Commissions_20260324,,,,12100,ATGN,D23300,ARB03403_CAD,,,,,0.0,,,,,CX3103,,,,
1501,,GJ,3/24/2026,,Wedbush_Brokerage Commissions_20260324,,,,12100,ATGN,D23300,ARB03403_EUR,,,,,12.0,,,,,CX3103,,,,
1502,,GJ,3/24/2026,,Wedbush_Brokerage Commissions_20260324,,,,12100,ATGN,D23300,ARB03403_GBP,,,,,0.0,,,,,CX3103,,,,
1503,,GJ,3/24/2026,,Wedbush_Brokerage Commissions_20260324,,,,12100,ATGN,D23300,ARB03403_USD,,,,,822.5999999999999,,,,,CX3103,,,,
1504,,GJ,3/24/2026,,Wedbush_Brokerage Commissions_20260324,,,,12100,ATGN,D23300,ARB03404_CAD,,,,,0.0,,,,,C03104,,,,
1505,,GJ,3/24/2026,,Wedbush_Brokerage Commissions_20260324,,,,12100,ATGN,D23300,ARB03404_EUR,,,,,9.6,,,,,C03104,,,,
1506,,GJ,3/24/2026,,Wedbush_Brokerage Commissions_20260324,,,,12100,ATGN,D23300,ARB03404_GBP,,,,,0.0,,,,,C03104,,,,
1507,,GJ,3/24/2026,,Wedbush_Brokerage Commissions_20260324,,,,12100,ATGN,D23300,ARB03404_USD,,,,,668.85,,,,,C03104,,,,
1508,,GJ,3/24/2026,,Wedbush_Brokerage Commissions_20260324,,,,12100,ATGN,D23300,ARB03405_CAD,,,,,0.0,,,,,C00310,,,,
1509,,GJ,3/24/2026,,Wedbush_Brokerage Commissions_20260324,,,,12100,ATGN,D23300,ARB03405_EUR,,,,,101.7,,,,,C00310,,,,
1510,,GJ,3/24/2026,,Wedbush_Brokerage Commissions_20260324,,,,12100,ATGN,D23300,ARB03405_GBP,,,,,0.0,,,,,C00310,,,,
1511,,GJ,3/24/2026,,Wedbush_Brokerage Commissions_20260324,,,,12100,ATGN,D23300,ARB03405_USD,,,,,1968.75,,,,,C00310,,,,
1512,,GJ,3/24/2026,,Wedbush_Brokerage Commissions_20260324,,,,12100,ATGN,D23300,ARB03406_CAD,,,,,0.0,,,,,C00310,,,,
1513,,GJ,3/24/2026,,Wedbush_Brokerage Commissions_20260324,,,,12100,ATGN,D23300,ARB03406_EUR,,,,,82.5,,,,,C00310,,,,
1514,,GJ,3/24/2026,,Wedbush_Brokerage Commissions_20260324,,,,12100,ATGN,D23300,ARB03406_GBP,,,,,0.0,,,,,C00310,,,,
1515,,GJ,3/24/2026,,Wedbush_Brokerage Commissions_20260324,,,,12100,ATGN,D23300,ARB03406_USD,,,,,2117.4,,,,,C00310,,,,
1516,,GJ,3/24/2026,,Wedbush_Brokerage Commissions_20260324,,,,12100,ATGN,D23300,ARB03407_CAD,,,,,0.0,,,,,C03107,,,,
1517,,GJ,3/24/2026,,Wedbush_Brokerage Commissions_20260324,,,,12100,ATGN,D23300,ARB03407_USD,,,,,7659.3,,,,,C03107,,,,
1518,,GJ,3/24/2026,,Wedbush_Brokerage Commissions_20260324,,,,12100,ATGN,D23300,ARB03408_CAD,,,,,0.0,,,,,C00311,,,,
1519,,GJ,3/24/2026,,Wedbush_Brokerage Commissions_20260324,,,,12100,ATGN,D23300,ARB03408_EUR,,,,,135.45,,,,,C00311,,,,
1520,,GJ,3/24/2026,,Wedbush_Brokerage Commissions_20260324,,,,12100,ATGN,D23300,ARB03408_GBP,,,,,0.0,,,,,C00311,,,,
1521,,GJ,3/24/2026,,Wedbush_Brokerage Commissions_20260324,,,,12100,ATGN,D23300,ARB03408_USD,,,,,6399.15,,,,,C00311,,,,
1522,,GJ,3/24/2026,,Wedbush_Brokerage Commissions_20260324,,,,12100,ATGN,D23300,ARB03409_EUR,,,,,235.65,,,,,C00311,,,,
1523,,GJ,3/24/2026,,Wedbush_Brokerage Commissions_20260324,,,,12100,ATGN,D23300,ARB03409_GBP,,,,,0.0,,,,,C00311,,,,
1524,,GJ,3/24/2026,,Wedbush_Brokerage Commissions_20260324,,,,12100,ATGN,D23300,ARB03409_USD,,,,,3175.7999999999997,,,,,C00311,,,,
1525,,GJ,3/24/2026,,Wedbush_Brokerage Commissions_20260324,,,,12100,ATGN,D23300,ARB03412_EUR,,,,,0.3,,,,,C00310,,,,
1526,,GJ,3/24/2026,,Wedbush_Brokerage Commissions_20260324,,,,12100,ATGN,D23300,ARB03412_GBP,,,,,0.0,,,,,C00310,,,,
1527,,GJ,3/24/2026,,Wedbush_Brokerage Commissions_20260324,,,,12100,ATGN,D23300,ARB03412_USD,,,,,375.45,,,,,C00310,,,,
1528,,GJ,3/24/2026,,Wedbush_Brokerage Commissions_20260324,,,,12100,ATGN,D23300,ARB03413_USD,,,,,281.7,,,,,C03113,,,,
1529,,GJ,3/24/2026,,Wedbush_Brokerage Commissions_20260324,,,,12100,ATGN,D23300,ARB03415_CAD,,,,,0.0,,,,,CX3115,,,,
1530,,GJ,3/24/2026,,Wedbush_Brokerage Commissions_20260324,,,,12100,ATGN,D23300,ARB03415_EUR,,,,,78.0,,,,,CX3115,,,,
1531,,GJ,3/24/2026,,Wedbush_Brokerage Commissions_20260324,,,,12100,ATGN,D23300,ARB03415_GBP,,,,,0.0,,,,,CX3115,,,,
1532,,GJ,3/24/2026,,Wedbush_Brokerage Commissions_20260324,,,,12100,ATGN,D23300,ARB03415_USD,,,,,450.75,,,,,CX3115,,,,
1533,,GJ,3/24/2026,,Wedbush_Brokerage Commissions_20260324,,,,12100,ATGN,D23300,ARB03422_CAD,,,,,0.0,,,,,C03122,,,,
1534,,GJ,3/24/2026,,Wedbush_Brokerage Commissions_20260324,,,,12100,ATGN,D23300,ARB03422_USD,,,,,656.6999999999999,,,,,C03122,,,,
1535,,GJ,3/24/2026,,Wedbush_Brokerage Commissions_20260324,,,,12100,ATGN,D23300,ARB03426_USD,,,,,0.75,,,,,C00310,,,,
1536,,GJ,3/24/2026,,Wedbush_Brokerage Commissions_20260324,,,,12100,ATGN,D23080,ARB03427_USD,,,,,6.0,,,,,C01234,,,,
1537,,GJ,3/24/2026,,Wedbush_Brokerage Commissions_20260324,,,,12100,ATGN,D23300,ARB03433_EUR,,,,,48.3,,,,,C03133,,,,
1538,,GJ,3/24/2026,,Wedbush_Brokerage Commissions_20260324,,,,12100,ATGN,D23300,ARB03433_GBP,,,,,0.0,,,,,C03133,,,,
1539,,GJ,3/24/2026,,Wedbush_Brokerage Commissions_20260324,,,,12100,ATGN,D23300,ARB03433_USD,,,,,686.1,,,,,C03133,,,,
1540,,GJ,3/24/2026,,Wedbush_Brokerage Commissions_20260324,,,,12100,ATGN,D23300,ARB03434_USD,,,,,486.0,,,,,C03134,,,,
1541,,GJ,3/24/2026,,Wedbush_Brokerage Commissions_20260324,,,,12100,ATGN,D23300,ARB03436_CAD,,,,,0.0,,,,,CX3136,,,,
1542,,GJ,3/24/2026,,Wedbush_Brokerage Commissions_20260324,,,,12100,ATGN,D23300,ARB03436_EUR,,,,,58.8,,,,,CX3136,,,,
1543,,GJ,3/24/2026,,Wedbush_Brokerage Commissions_20260324,,,,12100,ATGN,D23300,ARB03436_GBP,,,,,0.0,,,,,CX3136,,,,
1544,,GJ,3/24/2026,,Wedbush_Brokerage Commissions_20260324,,,,12100,ATGN,D23300,ARB03436_USD,,,,,192.9,,,,,CX3136,,,,
1545,,GJ,3/24/2026,,Wedbush_Brokerage Commissions_20260324,,,,12100,ATGN,D23300,ARB03439_EUR,,,,,11.4,,,,,C00311,,,,
1546,,GJ,3/24/2026,,Wedbush_Brokerage Commissions_20260324,,,,12100,ATGN,D23300,ARB03439_GBP,,,,,0.0,,,,,C00311,,,,
1547,,GJ,3/24/2026,,Wedbush_Brokerage Commissions_20260324,,,,12100,ATGN,D23300,ARB03439_USD,,,,,341.70000000000005,,,,,C00311,,,,
1548,,GJ,3/24/2026,,Wedbush_Brokerage Commissions_20260324,,,,12100,ATGN,D23300,ARB03441_EUR,,,,,30.0,,,,,C03141,,,,
1549,,GJ,3/24/2026,,Wedbush_Brokerage Commissions_20260324,,,,12100,ATGN,D23300,ARB03441_GBP,,,,,0.0,,,,,C03141,,,,
1550,,GJ,3/24/2026,,Wedbush_Brokerage Commissions_20260324,,,,12100,ATGN,D23300,ARB03442_USD,,,,,556.8,,,,,C00310,,,,
1551,,GJ,3/24/2026,,Wedbush_Brokerage Commissions_20260324,,,,12100,ATGN,D23300,ARB03443_CAD,,,,,0.0,,,,,C00310,,,,
1552,,GJ,3/24/2026,,Wedbush_Brokerage Commissions_20260324,,,,12100,ATGN,D23300,ARB03443_EUR,,,,,1.5,,,,,C00310,,,,
1553,,GJ,3/24/2026,,Wedbush_Brokerage Commissions_20260324,,,,12100,ATGN,D23300,ARB03443_GBP,,,,,0.0,,,,,C00310,,,,
1554,,GJ,3/24/2026,,Wedbush_Brokerage Commissions_20260324,,,,12100,ATGN,D23300,ARB03443_USD,,,,,1219.5,,,,,C00310,,,,
1555,,GJ,3/24/2026,,Wedbush_Brokerage Commissions_20260324,,,,12100,ATGN,D23300,ARB03446_EUR,,,,,13.5,,,,,CX3136,,,,
1556,,GJ,3/24/2026,,Wedbush_Brokerage Commissions_20260324,,,,12100,ATGN,D23300,ARB03446_GBP,,,,,0.0,,,,,CX3136,,,,
1557,,GJ,3/24/2026,,Wedbush_Brokerage Commissions_20260324,,,,12100,ATGN,D23300,ARB03446_USD,,,,,159.89999999999998,,,,,CX3136,,,,
1558,,GJ,3/24/2026,,Wedbush_Brokerage Commissions_20260324,,,,12100,ATGN,D23090,ARB03450_EUR,,,,,525.9,,,,,C03150,,,,
1559,,GJ,3/24/2026,,Wedbush_Brokerage Commissions_20260324,,,,12100,ATGN,D23090,ARB03450_GBP,,,,,0.0,,,,,C03150,,,,
1560,,GJ,3/24/2026,,Wedbush_Brokerage Commissions_20260324,,,,12100,ATGN,D23090,ARB03450_USD,,,,,1.2,,,,,C03150,,,,
1561,,GJ,3/24/2026,,Wedbush_Brokerage Commissions_20260324,,,,12100,ATGN,D23090,ARB03454_EUR,,,,,704.4000000000001,,,,,C03154,,,,
1562,,GJ,3/24/2026,,Wedbush_Brokerage Commissions_20260324,,,,12100,ATGN,D23090,ARB03454_GBP,,,,,0.0,,,,,C03154,,,,
1563,,GJ,3/24/2026,,Wedbush_Brokerage Commissions_20260324,,,,12100,ATGN,D23090,ARB03454_USD,,,,,16.2,,,,,C03154,,,,
1564,,GJ,3/24/2026,,Wedbush_Brokerage Commissions_20260324,,,,12100,ATGN,D23100,ARB03457_EUR,,,,,632.4,,,,,C03157,,,,
1565,,GJ,3/24/2026,,Wedbush_Brokerage Commissions_20260324,,,,12100,ATGN,D23100,ARB03457_GBP,,,,,0.0,,,,,C03157,,,,
1566,,GJ,3/24/2026,,Wedbush_Brokerage Commissions_20260324,,,,12100,ATGN,D23100,ARB03457_USD,,,,,171.9,,,,,C03157,,,,
1567,,GJ,3/24/2026,,Wedbush_Brokerage Commissions_20260324,,,,12100,ATGN,D23100,ARB03459_CHF,,,,,0.0,,,,,C03159,,,,
1568,,GJ,3/24/2026,,Wedbush_Brokerage Commissions_20260324,,,,12100,ATGN,D23100,ARB03459_EUR,,,,,549.0,,,,,C03159,,,,
1569,,GJ,3/24/2026,,Wedbush_Brokerage Commissions_20260324,,,,12100,ATGN,D23100,ARB03459_GBP,,,,,0.0,,,,,C03159,,,,
1570,,GJ,3/24/2026,,Wedbush_Brokerage Commissions_20260324,,,,12100,ATGN,D23100,ARB03459_USD,,,,,229.2,,,,,C03159,,,,
1571,,GJ,3/24/2026,,Wedbush_Brokerage Commissions_20260324,,,,12100,ATGN,D23300,ARB03460_EUR,,,,,32.4,,,,,C03160,,,,
1572,,GJ,3/24/2026,,Wedbush_Brokerage Commissions_20260324,,,,12100,ATGN,D23300,ARB03460_GBP,,,,,0.0,,,,,C03160,,,,
1573,,GJ,3/24/2026,,Wedbush_Brokerage Commissions_20260324,,,,12100,ATGN,D23300,ARB03460_USD,,,,,67.5,,,,,C03160,,,,
1574,,GJ,3/24/2026,,Wedbush_Brokerage Commissions_20260324,,,,12100,ATGN,D23300,ARB03463_USD,,,,,11.7,,,,,C03163,,,,
1575,,GJ,3/24/2026,,Wedbush_Brokerage Commissions_20260324,,,,12100,ATGN,D23010,ARB03468_CAD,,,,,0.0,,,,,C03168,,,,
1576,,GJ,3/24/2026,,Wedbush_Brokerage Commissions_20260324,,,,12100,ATGN,D23010,ARB03468_USD,,,,,9.45,,,,,C03168,,,,
1577,,GJ,3/24/2026,,Wedbush_Brokerage Commissions_20260324,,,,12100,ATGN,D23100,ARB03474_EUR,,,,,141.0,,,,,C03174,,,,
1578,,GJ,3/24/2026,,Wedbush_Brokerage Commissions_20260324,,,,12100,ATGN,D23100,ARB03474_GBP,,,,,0.0,,,,,C03174,,,,
1579,,GJ,3/24/2026,,Wedbush_Brokerage Commissions_20260324,,,,12100,ATGN,D23100,ARB03475_EUR,,,,,277.2,,,,,C03175,,,,
1580,,GJ,3/24/2026,,Wedbush_Brokerage Commissions_20260324,,,,12100,ATGN,D23100,ARB03475_GBP,,,,,0.0,,,,,C03175,,,,
1581,,GJ,3/24/2026,,Wedbush_Brokerage Commissions_20260324,,,,12100,ATGN,D23100,ARB03476_EUR,,,,,401.4,,,,,C03176,,,,
1582,,GJ,3/24/2026,,Wedbush_Brokerage Commissions_20260324,,,,12100,ATGN,D23100,ARB03476_GBP,,,,,0.0,,,,,C03176,,,,
1583,,GJ,3/24/2026,,Wedbush_Brokerage Commissions_20260324,,,,12100,ATGN,D23100,ARB03485_EUR,,,,,489.0,,,,,C03185,,,,
1584,,GJ,3/24/2026,,Wedbush_Brokerage Commissions_20260324,,,,12100,ATGN,D23100,ARB03485_GBP,,,,,0.0,,,,,C03185,,,,
1585,,GJ,3/24/2026,,Wedbush_Brokerage Commissions_20260324,,,,12100,ATGN,D23100,ARB03485_USD,,,,,6.0,,,,,C03185,,,,
1586,,GJ,3/24/2026,,Wedbush_Brokerage Commissions_20260324,,,,12100,ATGN,D23300,ARB03489_EUR,,,,,208.20000000000002,,,,,C03160,,,,
1587,,GJ,3/24/2026,,Wedbush_Brokerage Commissions_20260324,,,,12100,ATGN,D23300,ARB03489_GBP,,,,,0.0,,,,,C03160,,,,
1588,,GJ,3/24/2026,,Wedbush_Brokerage Commissions_20260324,,,,12100,ATGN,D23300,ARB03489_USD,,,,,884.4000000000001,,,,,C03160,,,,
1589,,GJ,3/24/2026,,Wedbush_Brokerage Commissions_20260324,,,,12100,ATGN,D23300,ARB03492_CAD,,,,,0.0,,,,,C03163,,,,
1590,,GJ,3/24/2026,,Wedbush_Brokerage Commissions_20260324,,,,12100,ATGN,D23300,ARB03492_EUR,,,,,156.3,,,,,C03163,,,,
1591,,GJ,3/24/2026,,Wedbush_Brokerage Commissions_20260324,,,,12100,ATGN,D23300,ARB03492_GBP,,,,,0.0,,,,,C03163,,,,
1592,,GJ,3/24/2026,,Wedbush_Brokerage Commissions_20260324,,,,12100,ATGN,D23300,ARB03492_USD,,,,,613.8,,,,,C03163,,,,
1593,,GJ,3/24/2026,,Wedbush_Brokerage Commissions_20260324,,,,12100,303P,D21030,ARB04021_USD,,,,,264.0,,,,,C03084,,,,
1594,,GJ,3/24/2026,,Wedbush_Brokerage Commissions_20260324,,,,12100,303P,D21030,ARB04022_USD,,,,,1247.4,,,,,C04022,,,,
1595,,GJ,3/24/2026,,Wedbush_Brokerage Commissions_20260324,,,,12100,303P,D21030,ARB04023_USD,,,,,36.3,,,,,C04023,,,,
1596,,GJ,3/24/2026,,Wedbush_Brokerage Commissions_20260324,,,,12100,303P,D21300,ARB04024_USD,,,,,35.55,,,,,C04024,,,,
1597,,GJ,3/24/2026,,Wedbush_Brokerage Commissions_20260324,,,,12100,303P,D21300,ARB04029_USD,,,,,29.85,,,,,C04029,,,,
1598,,GJ,3/24/2026,,Wedbush_Brokerage Commissions_20260324,,,,12100,303P,D21030,ARB04031_USD,,,,,11981.999999999998,,,,,C04031,,,,
1599,,GJ,3/24/2026,,Wedbush_Brokerage Commissions_20260324,,,,12100,303P,D21300,ARB04038_USD,,,,,287.7,,,,,C04038,,,,
1600,,GJ,3/24/2026,,Wedbush_Brokerage Commissions_20260324,,,,12100,303P,D21300,ARB04039_USD,,,,,31.35,,,,,C04039,,,,
1601,,GJ,3/24/2026,,Wedbush_Brokerage Commissions_20260324,,,,12100,303P,D21300,ARB04042_USD,,,,,267.45,,,,,C02044,,,,
1602,,GJ,3/24/2026,,Wedbush_Brokerage Commissions_20260324,,,,12100,303P,D21300,ARB04047_USD,,,,,1064.1,,,,,C04033,,,,
1603,,GJ,3/24/2026,,Wedbush_Brokerage Commissions_20260324,,,,12100,303P,D21300,ARB04048_USD,,,,,192.15,,,,,C04048,,,,
1604,,GJ,3/24/2026,,Wedbush_Brokerage Commissions_20260324,,,,12100,303P,D21030,ARB04049_USD,,,,,404.4,,,,,C04050,,,,
1605,,GJ,3/24/2026,,Wedbush_Brokerage Commissions_20260324,,,,12100,303P,D21300,ARB04052_USD,,,,,65.1,,,,,C04052,,,,
1606,,GJ,3/24/2026,,Wedbush_Brokerage Commissions_20260324,,,,12100,303P,D21300,ARB04053_EUR,,,,,88.95,,,,,C04053,,,,
1607,,GJ,3/24/2026,,Wedbush_Brokerage Commissions_20260324,,,,12100,303P,D21300,ARB04053_USD,,,,,80.1,,,,,C04053,,,,
1608,,GJ,3/24/2026,,Wedbush_Brokerage Commissions_20260324,,,,12100,303P,D21300,ARB04055_USD,,,,,69.0,,,,,C04054,,,,
1609,,GJ,3/24/2026,,Wedbush_Brokerage Commissions_20260324,,,,12100,303P,D21300,ARB04057_USD,,,,,3178.6499999999996,,,,,C01057,,,,
1610,,GJ,3/24/2026,,Wedbush_Brokerage Commissions_20260324,,,,12100,303P,D21300,ARB04059_USD,,,,,473.7,,,,,C04059,,,,
1611,,GJ,3/24/2026,,Wedbush_Brokerage Commissions_20260324,,,,12100,303P,D21300,ARB04062_USD,,,,,223.5,,,,,C03029,,,,
1612,,GJ,3/24/2026,,Wedbush_Brokerage Commissions_20260324,,,,12100,303P,D21300,ARB04065_USD,,,,,404.7,,,,,C00675,,,,
1613,,GJ,3/24/2026,,Wedbush_Brokerage Commissions_20260324,,,,12100,303P,D21300,ARB04066_USD,,,,,379.20000000000005,,,,,C00675,,,,
1614,,GJ,3/24/2026,,Wedbush_Brokerage Commissions_20260324,,,,12100,303P,D21300,ARB04067_USD,,,,,643.0500000000001,,,,,C00675,,,,
1615,,GJ,3/24/2026,,Wedbush_Brokerage Commissions_20260324,,,,12100,303P,D21300,ARB04068_USD,,,,,934.95,,,,,C00675,,,,
1616,,GJ,3/24/2026,,Wedbush_Brokerage Commissions_20260324,,,,12100,303P,D21300,ARB04069_USD,,,,,366.9,,,,,C00675,,,,
1617,,GJ,3/24/2026,,Wedbush_Brokerage Commissions_20260324,,,,12100,303P,D21300,ARB04070_USD,,,,,39.150000000000006,,,,,C00675,,,,
1618,,GJ,3/24/2026,,Wedbush_Brokerage Commissions_20260324,,,,12100,303P,D12000,ARB04085_USD,,,,,155.4,,,,,C02502,,,,
1619,,GJ,3/24/2026,,Wedbush_Brokerage Commissions_20260324,,,,12100,303P,D20000,ARB04088_USD,,,,,23.25,,,,,C00001,,,,
1620,,GJ,3/24/2026,,Wedbush_Brokerage Commissions_20260324,,,,12100,303P,D23300,ARB04101_USD,,,,,1099.35,,,,,C04101,,,,
1621,,GJ,3/24/2026,,Wedbush_Brokerage Commissions_20260324,,,,12100,303P,D23300,ARB04102_USD,,,,,742.95,,,,,C04102,,,,
1622,,GJ,3/24/2026,,Wedbush_Brokerage Commissions_20260324,,,,12100,303P,D23300,ARB04103_USD,,,,,566.7,,,,,C04103,,,,
1623,,GJ,3/24/2026,,Wedbush_Brokerage Commissions_20260324,,,,12100,303P,D23300,ARB04104_USD,,,,,433.79999999999995,,,,,C04104,,,,
1624,,GJ,3/24/2026,,Wedbush_Brokerage Commissions_20260324,,,,12100,303P,D23020,ARB04105_USD,,,,,1394.25,,,,,C04105,,,,
1625,,GJ,3/24/2026,,Wedbush_Brokerage Commissions_20260324,,,,12100,303P,D23020,ARB04106_USD,,,,,1952.55,,,,,C04105,,,,
1626,,GJ,3/24/2026,,Wedbush_Brokerage Commissions_20260324,,,,12100,303P,D23300,ARB04107_USD,,,,,0.0,,,,,CX4107,,,,
1627,,GJ,3/24/2026,,Wedbush_Brokerage Commissions_20260324,,,,12100,303P,D23300,ARB04108_USD,,,,,6531.6,,,,,C04108,,,,
1628,,GJ,3/24/2026,,Wedbush_Brokerage Commissions_20260324,,,,12100,303P,D23300,ARB04110_USD,,,,,788.85,,,,,C04110,,,,
1629,,GJ,3/24/2026,,Wedbush_Brokerage Commissions_20260324,,,,12100,303P,D23300,ARB04111_USD,,,,,368.85,,,,,C04111,,,,
1630,,GJ,3/24/2026,,Wedbush_Brokerage Commissions_20260324,,,,12100,303P,D23300,ARB04112_USD,,,,,158.7,,,,,C04112,,,,
1631,,GJ,3/24/2026,,Wedbush_Brokerage Commissions_20260324,,,,12100,303P,D23300,ARB04113_USD,,,,,261.6,,,,,C03122,,,,
1632,,GJ,3/24/2026,,Wedbush_Brokerage Commissions_20260324,,,,12100,303P,D23090,ARB04114_USD,,,,,1905.45,,,,,C04114,,,,
1633,,GJ,3/24/2026,,Wedbush_Brokerage Commissions_20260324,,,,12100,303P,D23300,ARB04155_USD,,,,,269.1,,,,,C04155,,,,
1634,,GJ,3/24/2026,,Wedbush_Brokerage Commissions_20260324,,,,12100,303P,D23300,ARB04156_USD,,,,,250.2,,,,,C04156,,,,
1635,,GJ,3/24/2026,,Wedbush_Brokerage Commissions_20260324,,,,12100,303P,D23010,ARB04157_USD,,,,,8.1,,,,,C01268,,,,
1636,,GJ,3/24/2026,,Wedbush_Brokerage Commissions_20260324,,,,12100,303P,D23010,ARB04158_USD,,,,,0.3,,,,,C01269,,,,
1637,,GJ,3/24/2026,,Wedbush_Brokerage Commissions_20260324,,,,12100,303P,D23010,ARB04159_USD,,,,,4.2,,,,,C01270,,,,
1638,,GJ,3/24/2026,,Wedbush_Brokerage Commissions_20260324,,,,12100,303P,D23010,ARB04160_USD,,,,,134.7,,,,,C01271,,,,
1639,,GJ,3/24/2026,,Wedbush_Brokerage Commissions_20260324,,,,12100,303P,D23010,ARB04161_USD,,,,,53.4,,,,,C01272,,,,
1640,,GJ,3/24/2026,,Wedbush_Brokerage Commissions_20260324,,,,12100,303P,D23010,ARB04162_USD,,,,,19.5,,,,,C01273,,,,
1641,,GJ,3/24/2026,,Wedbush_Brokerage Commissions_20260324,,,,12100,303P,D23100,ARB04163_USD,,,,,242.1,,,,,C01274,,,,
1642,,GJ,3/24/2026,,Wedbush_Brokerage Commissions_20260324,,,,12100,303P,D23100,ARB04164_USD,,,,,427.2,,,,,C01275,,,,
1643,,GJ,3/24/2026,,Wedbush_Brokerage Commissions_20260324,,,,12100,303P,D23100,ARB04165_USD,,,,,323.7,,,,,C01276,,,,
1644,,GJ,3/24/2026,,Wedbush_Brokerage Commissions_20260324,,,,12100,303P,D23100,ARB04166_USD,,,,,868.8,,,,,C01277,,,,
1645,,GJ,3/24/2026,,Wedbush_Brokerage Commissions_20260324,,,,12100,303P,D23100,ARB04167_USD,,,,,354.29999999999995,,,,,C01278,,,,
1646,,GJ,3/24/2026,,Wedbush_Brokerage Commissions_20260324,,,,12100,303P,D23100,ARB04168_USD,,,,,593.1,,,,,C01279,,,,
1647,,GJ,3/24/2026,,Wedbush_Brokerage Commissions_20260324,,,,12100,ATGN,D24010,ARB04336_USD,,,,,0.0,,,,,C00650,,,,
1648,,GJ,3/24/2026,,Wedbush_Brokerage Commissions_20260324,,,,12100,ATGN,D24010,ARB04345_USD,,,,,2654.65,,,,,C00650,,,,
1649,,GJ,3/24/2026,,Wedbush_Brokerage Commissions_20260324,,,,12100,ATGN,D21300,ARB04348_EUR,,,,,1.8,,,,,C04048,,,,
1650,,GJ,3/24/2026,,Wedbush_Brokerage Commissions_20260324,,,,12100,ATGN,D21300,ARB04348_GBP,,,,,0.0,,,,,C04048,,,,
1651,,GJ,3/24/2026,,Wedbush_Brokerage Commissions_20260324,,,,12100,ATGN,D21300,ARB04348_USD,,,,,25.200000000000003,,,,,C04048,,,,
1652,,GJ,3/24/2026,,Wedbush_Brokerage Commissions_20260324,,,,12100,ATGN,D21300,ARB04357_EUR,,,,,246.15,,,,,C01057,,,,
1653,,GJ,3/24/2026,,Wedbush_Brokerage Commissions_20260324,,,,12100,ATGN,D21300,ARB04357_GBP,,,,,0.0,,,,,C01057,,,,
1654,,GJ,3/24/2026,,Wedbush_Brokerage Commissions_20260324,,,,12100,ATGN,D23300,ARB04401_USD,,,,,2472.75,,,,,C04101,,,,
1655,,GJ,3/24/2026,,Wedbush_Brokerage Commissions_20260324,,,,12100,ATGN,D23300,ARB04402_USD,,,,,4342.2,,,,,C04102,,,,
1656,,GJ,3/24/2026,,Wedbush_Brokerage Commissions_20260324,,,,12100,ATGN,D23300,ARB04403_USD,,,,,32.4,,,,,C04103,,,,
1657,,GJ,3/24/2026,,Wedbush_Brokerage Commissions_20260324,,,,12100,ATGN,D23300,ARB04404_EUR,,,,,1.2,,,,,C04104,,,,
1658,,GJ,3/24/2026,,Wedbush_Brokerage Commissions_20260324,,,,12100,ATGN,D23300,ARB04404_GBP,,,,,0.0,,,,,C04104,,,,
1659,,GJ,3/24/2026,,Wedbush_Brokerage Commissions_20260324,,,,12100,ATGN,D23300,ARB04404_USD,,,,,1486.1999999999998,,,,,C04104,,,,
1660,,GJ,3/24/2026,,Wedbush_Brokerage Commissions_20260324,,,,12100,ATGN,D23020,ARB04405_CAD,,,,,0.0,,,,,C04105,,,,
1661,,GJ,3/24/2026,,Wedbush_Brokerage Commissions_20260324,,,,12100,ATGN,D23020,ARB04405_EUR,,,,,20.4,,,,,C04105,,,,
1662,,GJ,3/24/2026,,Wedbush_Brokerage Commissions_20260324,,,,12100,ATGN,D23020,ARB04405_GBP,,,,,0.0,,,,,C04105,,,,
1663,,GJ,3/24/2026,,Wedbush_Brokerage Commissions_20260324,,,,12100,ATGN,D23020,ARB04405_USD,,,,,217.8,,,,,C04105,,,,
1664,,GJ,3/24/2026,,Wedbush_Brokerage Commissions_20260324,,,,12100,ATGN,D23020,ARB04406_CAD,,,,,0.0,,,,,C04105,,,,
1665,,GJ,3/24/2026,,Wedbush_Brokerage Commissions_20260324,,,,12100,ATGN,D23020,ARB04406_EUR,,,,,9.6,,,,,C04105,,,,
1666,,GJ,3/24/2026,,Wedbush_Brokerage Commissions_20260324,,,,12100,ATGN,D23020,ARB04406_GBP,,,,,0.0,,,,,C04105,,,,
1667,,GJ,3/24/2026,,Wedbush_Brokerage Commissions_20260324,,,,12100,ATGN,D23020,ARB04406_USD,,,,,198.89999999999998,,,,,C04105,,,,
1668,,GJ,3/24/2026,,Wedbush_Brokerage Commissions_20260324,,,,12100,ATGN,D23300,ARB04408_EUR,,,,,1380.3000000000002,,,,,C04108,,,,
1669,,GJ,3/24/2026,,Wedbush_Brokerage Commissions_20260324,,,,12100,ATGN,D23300,ARB04408_GBP,,,,,0.0,,,,,C04108,,,,
1670,,GJ,3/24/2026,,Wedbush_Brokerage Commissions_20260324,,,,12100,ATGN,D23300,ARB04410_USD,,,,,1781.1,,,,,C04110,,,,
1671,,GJ,3/24/2026,,Wedbush_Brokerage Commissions_20260324,,,,12100,ATGN,D23300,ARB04413_EUR,,,,,0.9,,,,,C03122,,,,
1672,,GJ,3/24/2026,,Wedbush_Brokerage Commissions_20260324,,,,12100,ATGN,D23300,ARB04413_GBP,,,,,0.0,,,,,C03122,,,,
1673,,GJ,3/24/2026,,Wedbush_Brokerage Commissions_20260324,,,,12100,ATGN,D23300,ARB04413_USD,,,,,19.65,,,,,C03122,,,,
1674,,GJ,3/24/2026,,Wedbush_Brokerage Commissions_20260324,,,,12100,ATGN,D23020,ARB04451_EUR,,,,,397.8,,,,,C01266,,,,
1675,,GJ,3/24/2026,,Wedbush_Brokerage Commissions_20260324,,,,12100,ATGN,D23020,ARB04451_GBP,,,,,0.0,,,,,C01266,,,,
1676,,GJ,3/24/2026,,Wedbush_Brokerage Commissions_20260324,,,,12100,ATGN,D23020,ARB04451_USD,,,,,308.4,,,,,C01266,,,,
1677,,GJ,3/24/2026,,Wedbush_Brokerage Commissions_20260324,,,,12100,ATGN,D23020,ARB04452_EUR,,,,,195.3,,,,,C01265,,,,
1678,,GJ,3/24/2026,,Wedbush_Brokerage Commissions_20260324,,,,12100,ATGN,D23020,ARB04452_GBP,,,,,0.0,,,,,C01265,,,,
1679,,GJ,3/24/2026,,Wedbush_Brokerage Commissions_20260324,,,,12100,ATGN,D23020,ARB04452_USD,,,,,137.1,,,,,C01265,,,,
1680,,GJ,3/24/2026,,Wedbush_Brokerage Commissions_20260324,,,,12100,ATGN,D23020,ARB04454_EUR,,,,,394.5,,,,,C01261,,,,
1681,,GJ,3/24/2026,,Wedbush_Brokerage Commissions_20260324,,,,12100,ATGN,D23020,ARB04454_GBP,,,,,0.0,,,,,C01261,,,,
1682,,GJ,3/24/2026,,Wedbush_Brokerage Commissions_20260324,,,,12100,ATGN,D23020,ARB04454_USD,,,,,254.7,,,,,C01261,,,,
1683,,GJ,3/24/2026,,Wedbush_Brokerage Commissions_20260324,,,,12100,303P,D21300,ARB05057_EUR,,,,,0.0,,,,,C01057,,,,
1684,,GJ,3/24/2026,,Wedbush_Brokerage Commissions_20260324,,,,12100,303P,D21300,ARB05057_USD,,,,,651.75,,,,,C01057,,,,
1685,,GJ,3/24/2026,,Wedbush_Brokerage Commissions_20260324,,,,12100,ATGN,D21300,ARB05357_EUR,,,,,154090.05,,,,,C01057,,,,
1686,,GJ,3/24/2026,,Wedbush_Brokerage Commissions_20260324,,,,12100,ATGN,D21300,ARB05357_GBP,,,,,0.0,,,,,C01057,,,,
1687,,GJ,3/24/2026,,Wedbush_Brokerage Commissions_20260324,,,,12100,303P,D21300,ARB06057_USD,,,,,3109.35,,,,,C01057,,,,
1688,,GJ,3/24/2026,,Wedbush_Brokerage Commissions_20260324,,,,12100,ATGN,D21300,ARB06357_USD,,,,,771.3,,,,,C01057,,,,
1689,,GJ,3/24/2026,,Wedbush_Brokerage Commissions_20260324,,,,50110,303P,D24300,ARB00017_USD,,,,2.1,,,,,,C00017,,,,
1690,,GJ,3/24/2026,,Wedbush_Brokerage Commissions_20260324,,,,50110,303P,D24300,ARB00020_USD,,,,4235.7,,,,,,C00020,,,,
1691,,GJ,3/24/2026,,Wedbush_Brokerage Commissions_20260324,,,,50110,303P,D21300,ARB00033_USD,,,,2862.45,,,,,,C00033,,,,
1692,,GJ,3/24/2026,,Wedbush_Brokerage Commissions_20260324,,,,50110,303P,D21300,ARB00054_USD,,,,4951.05,,,,,,C00054,,,,
1693,,GJ,3/24/2026,,Wedbush_Brokerage Commissions_20260324,,,,50110,303P,D21300,ARB00055_USD,,,,818.1,,,,,,C00054,,,,
1694,,GJ,3/24/2026,,Wedbush_Brokerage Commissions_20260324,,,,50110,303P,D21300,ARB00068_USD,,,,2191.5,,,,,,C03068,,,,
1695,,GJ,3/24/2026,,Wedbush_Brokerage Commissions_20260324,,,,50110,303P,D21300,ARB00090_USD,,,,1601.6999999999998,,,,,,C00090,,,,
1696,,GJ,3/24/2026,,Wedbush_Brokerage Commissions_20260324,,,,50110,303P,D23300,ARB00110_USD,,,,203.4,,,,,,C00110,,,,
1697,,GJ,3/24/2026,,Wedbush_Brokerage Commissions_20260324,,,,50110,303P,D23300,ARB00112_USD,,,,1241.4,,,,,,C00112,,,,
1698,,GJ,3/24/2026,,Wedbush_Brokerage Commissions_20260324,,,,50110,303P,D23300,ARB00113_USD,,,,206.1,,,,,,C00112,,,,
1699,,GJ,3/24/2026,,Wedbush_Brokerage Commissions_20260324,,,,50110,303P,D23300,ARB00122_USD,,,,19.5,,,,,,C00122,,,,
1700,,GJ,3/24/2026,,Wedbush_Brokerage Commissions_20260324,,,,50110,303P,D23080,ARB00123_USD,,,,466.05,,,,,,C01231,,,,
1701,,GJ,3/24/2026,,Wedbush_Brokerage Commissions_20260324,,,,50110,303P,D23020,ARB00124_USD,,,,471.0,,,,,,C00124,,,,
1702,,GJ,3/24/2026,,Wedbush_Brokerage Commissions_20260324,,,,50110,303P,D23020,ARB00126_USD,,,,107.55,,,,,,C00426,,,,
1703,,GJ,3/24/2026,,Wedbush_Brokerage Commissions_20260324,,,,50110,303P,D23300,ARB00132_USD,,,,187.65,,,,,,C00132,,,,
1704,,GJ,3/24/2026,,Wedbush_Brokerage Commissions_20260324,,,,50110,303P,D23300,ARB00135_USD,,,,2.4,,,,,,C00135,,,,
1705,,GJ,3/24/2026,,Wedbush_Brokerage Commissions_20260324,,,,50110,303P,D23020,ARB00143_USD,,,,128.25,,,,,,C00125,,,,
1706,,GJ,3/24/2026,,Wedbush_Brokerage Commissions_20260324,,,,50110,303P,D23020,ARB00146_USD,,,,30.9,,,,,,C00146,,,,
1707,,GJ,3/24/2026,,Wedbush_Brokerage Commissions_20260324,,,,50110,303P,D23300,ARB00149_USD,,,,838.5,,,,,,C00149,,,,
1708,,GJ,3/24/2026,,Wedbush_Brokerage Commissions_20260324,,,,50110,303P,D23300,ARB00156_USD,,,,5929.5,,,,,,C00156,,,,
1709,,GJ,3/24/2026,,Wedbush_Brokerage Commissions_20260324,,,,50110,303P,D23300,ARB00159_USD,,,,40.8,,,,,,C00159,,,,
1710,,GJ,3/24/2026,,Wedbush_Brokerage Commissions_20260324,,,,50110,303P,D23010,ARB00160_USD,,,,537.0,,,,,,C00160,,,,
1711,,GJ,3/24/2026,,Wedbush_Brokerage Commissions_20260324,,,,50110,303P,D23010,ARB00161_USD,,,,101.7,,,,,,C00161,,,,
1712,,GJ,3/24/2026,,Wedbush_Brokerage Commissions_20260324,,,,50110,303P,D23010,ARB00169_USD,,,,3566.55,,,,,,C00469,,,,
1713,,GJ,3/24/2026,,Wedbush_Brokerage Commissions_20260324,,,,50110,303P,D23060,ARB00186_USD,,,,618.3000000000001,,,,,,C00186,,,,
1714,,GJ,3/24/2026,,Wedbush_Brokerage Commissions_20260324,,,,50110,303P,D23060,ARB00188_USD,,,,51.6,,,,,,C00186,,,,
1715,,GJ,3/24/2026,,Wedbush_Brokerage Commissions_20260324,,,,50110,303P,D23300,ARB00193_USD,,,,1600.5,,,,,,C00193,,,,
1716,,GJ,3/24/2026,,Wedbush_Brokerage Commissions_20260324,,,,50110,303P,D23300,ARB00194_USD,,,,2553.15,,,,,,C00194,,,,
1717,,GJ,3/24/2026,,Wedbush_Brokerage Commissions_20260324,,,,50110,303P,D22000,ARB00201_USD,,,,53.1,,,,,,C00201,,,,
1718,,GJ,3/24/2026,,Wedbush_Brokerage Commissions_20260324,,,,50110,303P,D22000,ARB00203_USD,,,,61.5,,,,,,C00203,,,,
1719,,GJ,3/24/2026,,Wedbush_Brokerage Commissions_20260324,,,,50110,303P,D22000,ARB00214_USD,,,,362.09999999999997,,,,,,C00214,,,,
1720,,GJ,3/24/2026,,Wedbush_Brokerage Commissions_20260324,,,,50110,303P,D22000,ARB00215_USD,,,,3943.2,,,,,,C00215,,,,
1721,,GJ,3/24/2026,,Wedbush_Brokerage Commissions_20260324,,,,50110,303P,D22000,ARB00220_USD,,,,1399.2,,,,,,C00220,,,,
1722,,GJ,3/24/2026,,Wedbush_Brokerage Commissions_20260324,,,,50110,303P,D22000,ARB00257_USD,,,,6275.7,,,,,,C00257,,,,
1723,,GJ,3/24/2026,,Wedbush_Brokerage Commissions_20260324,,,,50110,303P,D22000,ARB00267_USD,,,,225.9,,,,,,C00267,,,,
1724,,GJ,3/24/2026,,Wedbush_Brokerage Commissions_20260324,,,,50110,ATGN,D24300,ARB00320_EUR,,,,4278.0,,,,,,C00020,,,,
1725,,GJ,3/24/2026,,Wedbush_Brokerage Commissions_20260324,,,,50110,ATGN,D24300,ARB00320_GBP,,,,0.0,,,,,,C00020,,,,
1726,,GJ,3/24/2026,,Wedbush_Brokerage Commissions_20260324,,,,50110,ATGN,D21300,ARB00333_EUR,,,,1053.3,,,,,,C00033,,,,
1727,,GJ,3/24/2026,,Wedbush_Brokerage Commissions_20260324,,,,50110,ATGN,D21300,ARB00333_GBP,,,,0.0,,,,,,C00033,,,,
1728,,GJ,3/24/2026,,Wedbush_Brokerage Commissions_20260324,,,,50110,ATGN,D21300,ARB00354_USD,,,,247.2,,,,,,C00054,,,,
1729,,GJ,3/24/2026,,Wedbush_Brokerage Commissions_20260324,,,,50110,ATGN,D21300,ARB00355_EUR,,,,231.60000000000002,,,,,,C00054,,,,
1730,,GJ,3/24/2026,,Wedbush_Brokerage Commissions_20260324,,,,50110,ATGN,D21300,ARB00355_GBP,,,,0.0,,,,,,C00054,,,,
1731,,GJ,3/24/2026,,Wedbush_Brokerage Commissions_20260324,,,,50110,ATGN,D21300,ARB00390_CAD,,,,0.0,,,,,,C00090,,,,
1732,,GJ,3/24/2026,,Wedbush_Brokerage Commissions_20260324,,,,50110,ATGN,D21300,ARB00390_USD,,,,2535.75,,,,,,C00090,,,,
1733,,GJ,3/24/2026,,Wedbush_Brokerage Commissions_20260324,,,,50110,ATGN,D23300,ARB00410_EUR,,,,1.05,,,,,,C00110,,,,
1734,,GJ,3/24/2026,,Wedbush_Brokerage Commissions_20260324,,,,50110,ATGN,D23300,ARB00410_GBP,,,,0.0,,,,,,C00110,,,,
1735,,GJ,3/24/2026,,Wedbush_Brokerage Commissions_20260324,,,,50110,ATGN,D23300,ARB00412_EUR,,,,1650.6,,,,,,C00112,,,,
1736,,GJ,3/24/2026,,Wedbush_Brokerage Commissions_20260324,,,,50110,ATGN,D23300,ARB00412_GBP,,,,0.0,,,,,,C00112,,,,
1737,,GJ,3/24/2026,,Wedbush_Brokerage Commissions_20260324,,,,50110,ATGN,D23300,ARB00412_USD,,,,52.8,,,,,,C00112,,,,
1738,,GJ,3/24/2026,,Wedbush_Brokerage Commissions_20260324,,,,50110,ATGN,D23300,ARB00422_EUR,,,,52.5,,,,,,C00122,,,,
1739,,GJ,3/24/2026,,Wedbush_Brokerage Commissions_20260324,,,,50110,ATGN,D23300,ARB00422_GBP,,,,0.0,,,,,,C00122,,,,
1740,,GJ,3/24/2026,,Wedbush_Brokerage Commissions_20260324,,,,50110,ATGN,D23300,ARB00422_USD,,,,1206.75,,,,,,C00122,,,,
1741,,GJ,3/24/2026,,Wedbush_Brokerage Commissions_20260324,,,,50110,ATGN,D23080,ARB00423_CAD,,,,0.0,,,,,,C01231,,,,
1742,,GJ,3/24/2026,,Wedbush_Brokerage Commissions_20260324,,,,50110,ATGN,D23080,ARB00423_EUR,,,,24.9,,,,,,C01231,,,,
1743,,GJ,3/24/2026,,Wedbush_Brokerage Commissions_20260324,,,,50110,ATGN,D23080,ARB00423_GBP,,,,0.0,,,,,,C01231,,,,
1744,,GJ,3/24/2026,,Wedbush_Brokerage Commissions_20260324,,,,50110,ATGN,D23080,ARB00423_USD,,,,3592.95,,,,,,C01231,,,,
1745,,GJ,3/24/2026,,Wedbush_Brokerage Commissions_20260324,,,,50110,ATGN,D23020,ARB00424_CAD,,,,0.0,,,,,,C00124,,,,
1746,,GJ,3/24/2026,,Wedbush_Brokerage Commissions_20260324,,,,50110,ATGN,D23020,ARB00424_EUR,,,,303.75,,,,,,C00124,,,,
1747,,GJ,3/24/2026,,Wedbush_Brokerage Commissions_20260324,,,,50110,ATGN,D23020,ARB00424_GBP,,,,0.0,,,,,,C00124,,,,
1748,,GJ,3/24/2026,,Wedbush_Brokerage Commissions_20260324,,,,50110,ATGN,D23020,ARB00424_USD,,,,3901.2,,,,,,C00124,,,,
1749,,GJ,3/24/2026,,Wedbush_Brokerage Commissions_20260324,,,,50110,ATGN,D23020,ARB00425_CAD,,,,0.0,,,,,,C00125,,,,
1750,,GJ,3/24/2026,,Wedbush_Brokerage Commissions_20260324,,,,50110,ATGN,D23020,ARB00425_EUR,,,,220.5,,,,,,C00125,,,,
1751,,GJ,3/24/2026,,Wedbush_Brokerage Commissions_20260324,,,,50110,ATGN,D23020,ARB00425_GBP,,,,0.0,,,,,,C00125,,,,
1752,,GJ,3/24/2026,,Wedbush_Brokerage Commissions_20260324,,,,50110,ATGN,D23020,ARB00425_USD,,,,6024.75,,,,,,C00125,,,,
1753,,GJ,3/24/2026,,Wedbush_Brokerage Commissions_20260324,,,,50110,ATGN,D23020,ARB00426_CAD,,,,0.0,,,,,,C00426,,,,
1754,,GJ,3/24/2026,,Wedbush_Brokerage Commissions_20260324,,,,50110,ATGN,D23020,ARB00426_EUR,,,,70.05,,,,,,C00426,,,,
1755,,GJ,3/24/2026,,Wedbush_Brokerage Commissions_20260324,,,,50110,ATGN,D23020,ARB00426_GBP,,,,0.0,,,,,,C00426,,,,
1756,,GJ,3/24/2026,,Wedbush_Brokerage Commissions_20260324,,,,50110,ATGN,D23020,ARB00426_USD,,,,1828.9499999999998,,,,,,C00426,,,,
1757,,GJ,3/24/2026,,Wedbush_Brokerage Commissions_20260324,,,,50110,ATGN,D23300,ARB00432_EUR,,,,1317.0,,,,,,C00132,,,,
1758,,GJ,3/24/2026,,Wedbush_Brokerage Commissions_20260324,,,,50110,ATGN,D23300,ARB00432_GBP,,,,0.0,,,,,,C00132,,,,
1759,,GJ,3/24/2026,,Wedbush_Brokerage Commissions_20260324,,,,50110,ATGN,D23300,ARB00432_USD,,,,188.4,,,,,,C00132,,,,
1760,,GJ,3/24/2026,,Wedbush_Brokerage Commissions_20260324,,,,50110,ATGN,D23300,ARB00435_EUR,,,,12.9,,,,,,C00135,,,,
1761,,GJ,3/24/2026,,Wedbush_Brokerage Commissions_20260324,,,,50110,ATGN,D23300,ARB00435_GBP,,,,0.0,,,,,,C00135,,,,
1762,,GJ,3/24/2026,,Wedbush_Brokerage Commissions_20260324,,,,50110,ATGN,D23300,ARB00435_USD,,,,2157.9,,,,,,C00135,,,,
1763,,GJ,3/24/2026,,Wedbush_Brokerage Commissions_20260324,,,,50110,ATGN,D23020,ARB00442_EUR,,,,2.1,,,,,,C00124,,,,
1764,,GJ,3/24/2026,,Wedbush_Brokerage Commissions_20260324,,,,50110,ATGN,D23020,ARB00442_GBP,,,,0.0,,,,,,C00124,,,,
1765,,GJ,3/24/2026,,Wedbush_Brokerage Commissions_20260324,,,,50110,ATGN,D23020,ARB00442_USD,,,,75.6,,,,,,C00124,,,,
1766,,GJ,3/24/2026,,Wedbush_Brokerage Commissions_20260324,,,,50110,ATGN,D23020,ARB00443_USD,,,,18.0,,,,,,C00125,,,,
1767,,GJ,3/24/2026,,Wedbush_Brokerage Commissions_20260324,,,,50110,ATGN,D23020,ARB00444_USD,,,,1.2,,,,,,C00426,,,,
1768,,GJ,3/24/2026,,Wedbush_Brokerage Commissions_20260324,,,,50110,ATGN,D23020,ARB00446_EUR,,,,274.95,,,,,,C00146,,,,
1769,,GJ,3/24/2026,,Wedbush_Brokerage Commissions_20260324,,,,50110,ATGN,D23020,ARB00446_GBP,,,,0.0,,,,,,C00146,,,,
1770,,GJ,3/24/2026,,Wedbush_Brokerage Commissions_20260324,,,,50110,ATGN,D23020,ARB00446_USD,,,,1542.3,,,,,,C00146,,,,
1771,,GJ,3/24/2026,,Wedbush_Brokerage Commissions_20260324,,,,50110,ATGN,D23300,ARB00449_EUR,,,,23.7,,,,,,C00149,,,,
1772,,GJ,3/24/2026,,Wedbush_Brokerage Commissions_20260324,,,,50110,ATGN,D23300,ARB00449_GBP,,,,0.0,,,,,,C00149,,,,
1773,,GJ,3/24/2026,,Wedbush_Brokerage Commissions_20260324,,,,50110,ATGN,D23300,ARB00449_USD,,,,2255.7,,,,,,C00149,,,,
1774,,GJ,3/24/2026,,Wedbush_Brokerage Commissions_20260324,,,,50110,ATGN,D23300,ARB00456_EUR,,,,3840.0,,,,,,C00156,,,,
1775,,GJ,3/24/2026,,Wedbush_Brokerage Commissions_20260324,,,,50110,ATGN,D23300,ARB00456_GBP,,,,0.0,,,,,,C00156,,,,
1776,,GJ,3/24/2026,,Wedbush_Brokerage Commissions_20260324,,,,50110,ATGN,D23300,ARB00456_USD,,,,2613.9,,,,,,C00156,,,,
1777,,GJ,3/24/2026,,Wedbush_Brokerage Commissions_20260324,,,,50110,ATGN,D23010,ARB00460_CAD,,,,0.0,,,,,,C00160,,,,
1778,,GJ,3/24/2026,,Wedbush_Brokerage Commissions_20260324,,,,50110,ATGN,D23010,ARB00460_USD,,,,726.9,,,,,,C00160,,,,
1779,,GJ,3/24/2026,,Wedbush_Brokerage Commissions_20260324,,,,50110,ATGN,D23010,ARB00461_CAD,,,,0.0,,,,,,C00161,,,,
1780,,GJ,3/24/2026,,Wedbush_Brokerage Commissions_20260324,,,,50110,ATGN,D23010,ARB00461_USD,,,,43.5,,,,,,C00161,,,,
1781,,GJ,3/24/2026,,Wedbush_Brokerage Commissions_20260324,,,,50110,ATGN,D23010,ARB00469_CAD,,,,0.0,,,,,,C00469,,,,
1782,,GJ,3/24/2026,,Wedbush_Brokerage Commissions_20260324,,,,50110,ATGN,D23010,ARB00469_EUR,,,,53.85,,,,,,C00469,,,,
1783,,GJ,3/24/2026,,Wedbush_Brokerage Commissions_20260324,,,,50110,ATGN,D23010,ARB00469_GBP,,,,0.0,,,,,,C00469,,,,
1784,,GJ,3/24/2026,,Wedbush_Brokerage Commissions_20260324,,,,50110,ATGN,D23010,ARB00469_USD,,,,1738.5,,,,,,C00469,,,,
1785,,GJ,3/24/2026,,Wedbush_Brokerage Commissions_20260324,,,,50110,ATGN,D23060,ARB00486_EUR,,,,3.9,,,,,,C00186,,,,
1786,,GJ,3/24/2026,,Wedbush_Brokerage Commissions_20260324,,,,50110,ATGN,D23060,ARB00486_GBP,,,,0.0,,,,,,C00186,,,,
1787,,GJ,3/24/2026,,Wedbush_Brokerage Commissions_20260324,,,,50110,ATGN,D23060,ARB00486_USD,,,,723.9,,,,,,C00186,,,,
1788,,GJ,3/24/2026,,Wedbush_Brokerage Commissions_20260324,,,,50110,ATGN,D23060,ARB00488_EUR,,,,1.2,,,,,,C00186,,,,
1789,,GJ,3/24/2026,,Wedbush_Brokerage Commissions_20260324,,,,50110,ATGN,D23060,ARB00488_GBP,,,,0.0,,,,,,C00186,,,,
1790,,GJ,3/24/2026,,Wedbush_Brokerage Commissions_20260324,,,,50110,ATGN,D23060,ARB00488_USD,,,,132.6,,,,,,C00186,,,,
1791,,GJ,3/24/2026,,Wedbush_Brokerage Commissions_20260324,,,,50110,ATGN,D23300,ARB00493_CAD,,,,0.0,,,,,,C00193,,,,
1792,,GJ,3/24/2026,,Wedbush_Brokerage Commissions_20260324,,,,50110,ATGN,D23300,ARB00493_EUR,,,,198.45,,,,,,C00193,,,,
1793,,GJ,3/24/2026,,Wedbush_Brokerage Commissions_20260324,,,,50110,ATGN,D23300,ARB00493_GBP,,,,0.0,,,,,,C00193,,,,
1794,,GJ,3/24/2026,,Wedbush_Brokerage Commissions_20260324,,,,50110,ATGN,D23300,ARB00493_USD,,,,967.0500000000001,,,,,,C00193,,,,
1795,,GJ,3/24/2026,,Wedbush_Brokerage Commissions_20260324,,,,50110,ATGN,D23300,ARB00494_CAD,,,,0.0,,,,,,C00194,,,,
1796,,GJ,3/24/2026,,Wedbush_Brokerage Commissions_20260324,,,,50110,ATGN,D23300,ARB00494_EUR,,,,107.4,,,,,,C00194,,,,
1797,,GJ,3/24/2026,,Wedbush_Brokerage Commissions_20260324,,,,50110,ATGN,D23300,ARB00494_GBP,,,,0.0,,,,,,C00194,,,,
1798,,GJ,3/24/2026,,Wedbush_Brokerage Commissions_20260324,,,,50110,ATGN,D23300,ARB00494_USD,,,,5243.55,,,,,,C00194,,,,
1799,,GJ,3/24/2026,,Wedbush_Brokerage Commissions_20260324,,,,50110,ATGN,D22000,ARB00501_EUR,,,,36.9,,,,,,C00201,,,,
1800,,GJ,3/24/2026,,Wedbush_Brokerage Commissions_20260324,,,,50110,ATGN,D22000,ARB00501_GBP,,,,0.0,,,,,,C00201,,,,
1801,,GJ,3/24/2026,,Wedbush_Brokerage Commissions_20260324,,,,50110,ATGN,D22000,ARB00503_EUR,,,,1.8,,,,,,C00203,,,,
1802,,GJ,3/24/2026,,Wedbush_Brokerage Commissions_20260324,,,,50110,ATGN,D22000,ARB00503_GBP,,,,0.0,,,,,,C00203,,,,
1803,,GJ,3/24/2026,,Wedbush_Brokerage Commissions_20260324,,,,50110,ATGN,D22000,ARB00503_USD,,,,88.5,,,,,,C00203,,,,
1804,,GJ,3/24/2026,,Wedbush_Brokerage Commissions_20260324,,,,50110,ATGN,D22000,ARB00514_EUR,,,,43.2,,,,,,C00214,,,,
1805,,GJ,3/24/2026,,Wedbush_Brokerage Commissions_20260324,,,,50110,ATGN,D22000,ARB00514_GBP,,,,0.0,,,,,,C00214,,,,
1806,,GJ,3/24/2026,,Wedbush_Brokerage Commissions_20260324,,,,50110,ATGN,D22000,ARB00520_EUR,,,,203.4,,,,,,C00220,,,,
1807,,GJ,3/24/2026,,Wedbush_Brokerage Commissions_20260324,,,,50110,ATGN,D22000,ARB00520_GBP,,,,0.0,,,,,,C00220,,,,
1808,,GJ,3/24/2026,,Wedbush_Brokerage Commissions_20260324,,,,50110,ATGN,D22000,ARB00557_EUR,,,,156.0,,,,,,C00257,,,,
1809,,GJ,3/24/2026,,Wedbush_Brokerage Commissions_20260324,,,,50110,ATGN,D22000,ARB00557_GBP,,,,0.0,,,,,,C00257,,,,
1810,,GJ,3/24/2026,,Wedbush_Brokerage Commissions_20260324,,,,50110,ATGN,D22000,ARB00567_EUR,,,,38.1,,,,,,C00267,,,,
1811,,GJ,3/24/2026,,Wedbush_Brokerage Commissions_20260324,,,,50110,ATGN,D22000,ARB00567_GBP,,,,0.0,,,,,,C00267,,,,
1812,,GJ,3/24/2026,,Wedbush_Brokerage Commissions_20260324,,,,50110,ATGN,D22000,ARB00567_USD,,,,140.4,,,,,,C00267,,,,
1813,,GJ,3/24/2026,,Wedbush_Brokerage Commissions_20260324,,,,50110,303S,D21300,ARB00754_USD,,,,1826.1,,,,,,C00754,,,,
1814,,GJ,3/24/2026,,Wedbush_Brokerage Commissions_20260324,,,,50110,303S,D21030,ARB00765_USD,,,,18.15,,,,,,C00765,,,,
1815,,GJ,3/24/2026,,Wedbush_Brokerage Commissions_20260324,,,,50110,303P,D21030,ARB01002_USD,,,,168.6,,,,,,C01064,,,,
1816,,GJ,3/24/2026,,Wedbush_Brokerage Commissions_20260324,,,,50110,303P,D21300,ARB01057_MXN,,,,0.0,,,,,,C01057,,,,
1817,,GJ,3/24/2026,,Wedbush_Brokerage Commissions_20260324,,,,50110,303P,D21300,ARB01057_USD,,,,426.6,,,,,,C01057,,,,
1818,,GJ,3/24/2026,,Wedbush_Brokerage Commissions_20260324,,,,50110,303P,D21030,ARB01063_JPY,,,,0.0,,,,,,C01063,,,,
1819,,GJ,3/24/2026,,Wedbush_Brokerage Commissions_20260324,,,,50110,303P,D21030,ARB01063_USD,,,,3962.55,,,,,,C01063,,,,
1820,,GJ,3/24/2026,,Wedbush_Brokerage Commissions_20260324,,,,50110,303P,D21030,ARB01064_USD,,,,1311.0,,,,,,C01064,,,,
1821,,GJ,3/24/2026,,Wedbush_Brokerage Commissions_20260324,,,,50110,303P,D21030,ARB01065_USD,,,,428.7,,,,,,C01065,,,,
1822,,GJ,3/24/2026,,Wedbush_Brokerage Commissions_20260324,,,,50110,303P,D21030,ARB01066_USD,,,,112.8,,,,,,C01066,,,,
1823,,GJ,3/24/2026,,Wedbush_Brokerage Commissions_20260324,,,,50110,303P,D21030,ARB01067_USD,,,,3.5999999999999996,,,,,,C01067,,,,
1824,,GJ,3/24/2026,,Wedbush_Brokerage Commissions_20260324,,,,50110,303P,D21030,ARB01071_USD,,,,1716.9,,,,,,C01071,,,,
1825,,GJ,3/24/2026,,Wedbush_Brokerage Commissions_20260324,,,,50110,303P,D21030,ARB01076_USD,,,,4538.1,,,,,,C01076,,,,
1826,,GJ,3/24/2026,,Wedbush_Brokerage Commissions_20260324,,,,50110,303P,D21030,ARB01078_USD,,,,1875.3,,,,,,C01078,,,,
1827,,GJ,3/24/2026,,Wedbush_Brokerage Commissions_20260324,,,,50110,303P,D21030,ARB01092_USD,,,,9241.65,,,,,,C01092,,,,
1828,,GJ,3/24/2026,,Wedbush_Brokerage Commissions_20260324,,,,50110,303P,D23020,ARB01117_USD,,,,4.5,,,,,,C01117,,,,
1829,,GJ,3/24/2026,,Wedbush_Brokerage Commissions_20260324,,,,50110,303P,D23300,ARB01145_USD,,,,10187.1,,,,,,C01145,,,,
1830,,GJ,3/24/2026,,Wedbush_Brokerage Commissions_20260324,,,,50110,303P,D23010,ARB01157_USD,,,,1044.3000000000002,,,,,,C01157,,,,
1831,,GJ,3/24/2026,,Wedbush_Brokerage Commissions_20260324,,,,50110,303P,D23010,ARB01158_USD,,,,5471.849999999999,,,,,,C01158,,,,
1832,,GJ,3/24/2026,,Wedbush_Brokerage Commissions_20260324,,,,50110,303P,D23010,ARB01166_USD,,,,186.29999999999998,,,,,,C01166,,,,
1833,,GJ,3/24/2026,,Wedbush_Brokerage Commissions_20260324,,,,50110,303P,D23010,ARB01172_USD,,,,544.9499999999999,,,,,,C01172,,,,
1834,,GJ,3/24/2026,,Wedbush_Brokerage Commissions_20260324,,,,50110,303P,D23010,ARB01176_USD,,,,2989.35,,,,,,C01176,,,,
1835,,GJ,3/24/2026,,Wedbush_Brokerage Commissions_20260324,,,,50110,303P,D23010,ARB01177_USD,,,,31.8,,,,,,C00469,,,,
1836,,GJ,3/24/2026,,Wedbush_Brokerage Commissions_20260324,,,,50110,303P,D23300,ARB01195_USD,,,,43.2,,,,,,C00193,,,,
1837,,GJ,3/24/2026,,Wedbush_Brokerage Commissions_20260324,,,,50110,ATGN,D21300,ARB01357_CHF,,,,0.0,,,,,,C01057,,,,
1838,,GJ,3/24/2026,,Wedbush_Brokerage Commissions_20260324,,,,50110,ATGN,D21300,ARB01357_EUR,,,,23303.550000000003,,,,,,C01057,,,,
1839,,GJ,3/24/2026,,Wedbush_Brokerage Commissions_20260324,,,,50110,ATGN,D21300,ARB01357_GBP,,,,0.0,,,,,,C01057,,,,
1840,,GJ,3/24/2026,,Wedbush_Brokerage Commissions_20260324,,,,50110,ATGN,D21300,ARB01357_USD,,,,2541.45,,,,,,C01057,,,,
1841,,GJ,3/24/2026,,Wedbush_Brokerage Commissions_20260324,,,,50110,ATGN,D23020,ARB01400_EUR,,,,131.7,,,,,,C00146,,,,
1842,,GJ,3/24/2026,,Wedbush_Brokerage Commissions_20260324,,,,50110,ATGN,D23020,ARB01400_GBP,,,,0.0,,,,,,C00146,,,,
1843,,GJ,3/24/2026,,Wedbush_Brokerage Commissions_20260324,,,,50110,ATGN,D23020,ARB01400_USD,,,,193.79999999999998,,,,,,C00146,,,,
1844,,GJ,3/24/2026,,Wedbush_Brokerage Commissions_20260324,,,,50110,ATGN,D23020,ARB01417_EUR,,,,150.3,,,,,,C01117,,,,
1845,,GJ,3/24/2026,,Wedbush_Brokerage Commissions_20260324,,,,50110,ATGN,D23020,ARB01417_GBP,,,,0.0,,,,,,C01117,,,,
1846,,GJ,3/24/2026,,Wedbush_Brokerage Commissions_20260324,,,,50110,ATGN,D23020,ARB01417_USD,,,,5241.15,,,,,,C01117,,,,
1847,,GJ,3/24/2026,,Wedbush_Brokerage Commissions_20260324,,,,50110,ATGN,D23300,ARB01445_EUR,,,,2926.5,,,,,,C01145,,,,
1848,,GJ,3/24/2026,,Wedbush_Brokerage Commissions_20260324,,,,50110,ATGN,D23300,ARB01445_GBP,,,,0.0,,,,,,C01145,,,,
1849,,GJ,3/24/2026,,Wedbush_Brokerage Commissions_20260324,,,,50110,ATGN,D23010,ARB01457_CAD,,,,0.0,,,,,,C01157,,,,
1850,,GJ,3/24/2026,,Wedbush_Brokerage Commissions_20260324,,,,50110,ATGN,D23010,ARB01457_USD,,,,462.3,,,,,,C01157,,,,
1851,,GJ,3/24/2026,,Wedbush_Brokerage Commissions_20260324,,,,50110,ATGN,D23010,ARB01458_CAD,,,,0.0,,,,,,C01158,,,,
1852,,GJ,3/24/2026,,Wedbush_Brokerage Commissions_20260324,,,,50110,ATGN,D23010,ARB01458_USD,,,,1165.95,,,,,,C01158,,,,
1853,,GJ,3/24/2026,,Wedbush_Brokerage Commissions_20260324,,,,50110,ATGN,D23010,ARB01466_CAD,,,,0.0,,,,,,C01166,,,,
1854,,GJ,3/24/2026,,Wedbush_Brokerage Commissions_20260324,,,,50110,ATGN,D23010,ARB01466_USD,,,,83.1,,,,,,C01166,,,,
1855,,GJ,3/24/2026,,Wedbush_Brokerage Commissions_20260324,,,,50110,ATGN,D23010,ARB01472_CAD,,,,0.0,,,,,,C01172,,,,
1856,,GJ,3/24/2026,,Wedbush_Brokerage Commissions_20260324,,,,50110,ATGN,D23010,ARB01472_USD,,,,21.0,,,,,,C01172,,,,
1857,,GJ,3/24/2026,,Wedbush_Brokerage Commissions_20260324,,,,50110,ATGN,D23010,ARB01476_EUR,,,,1351.5,,,,,,C01176,,,,
1858,,GJ,3/24/2026,,Wedbush_Brokerage Commissions_20260324,,,,50110,ATGN,D23010,ARB01476_GBP,,,,0.0,,,,,,C01176,,,,
1859,,GJ,3/24/2026,,Wedbush_Brokerage Commissions_20260324,,,,50110,ATGN,D23010,ARB01476_USD,,,,464.09999999999997,,,,,,C01176,,,,
1860,,GJ,3/24/2026,,Wedbush_Brokerage Commissions_20260324,,,,50110,303P,D21300,ARB01606_USD,,,,140.7,,,,,,C01606,,,,
1861,,GJ,3/24/2026,,Wedbush_Brokerage Commissions_20260324,,,,50110,303P,D21300,ARB01607_EUR,,,,295.2,,,,,,C01607,,,,
1862,,GJ,3/24/2026,,Wedbush_Brokerage Commissions_20260324,,,,50110,303P,D21300,ARB01607_USD,,,,80.4,,,,,,C01607,,,,
1863,,GJ,3/24/2026,,Wedbush_Brokerage Commissions_20260324,,,,50110,303P,D21300,ARB01612_USD,,,,8.4,,,,,,C01612,,,,
1864,,GJ,3/24/2026,,Wedbush_Brokerage Commissions_20260324,,,,50110,303P,D21300,ARB01613_USD,,,,199.2,,,,,,C01613,,,,
1865,,GJ,3/24/2026,,Wedbush_Brokerage Commissions_20260324,,,,50110,303P,D21300,ARB02012_USD,,,,4551.3,,,,,,C02012,,,,
1866,,GJ,3/24/2026,,Wedbush_Brokerage Commissions_20260324,,,,50110,303P,D21300,ARB02040_USD,,,,487.79999999999995,,,,,,C02040,,,,
1867,,GJ,3/24/2026,,Wedbush_Brokerage Commissions_20260324,,,,50110,303P,D21300,ARB02043_USD,,,,2437.05,,,,,,C02520,,,,
1868,,GJ,3/24/2026,,Wedbush_Brokerage Commissions_20260324,,,,50110,303P,D21300,ARB02044_USD,,,,5770.5,,,,,,C02044,,,,
1869,,GJ,3/24/2026,,Wedbush_Brokerage Commissions_20260324,,,,50110,303P,D21300,ARB02045_USD,,,,201.6,,,,,,C02045,,,,
1870,,GJ,3/24/2026,,Wedbush_Brokerage Commissions_20260324,,,,50110,303P,D21030,ARB02047_USD,,,,865.6500000000001,,,,,,C01092,,,,
1871,,GJ,3/24/2026,,Wedbush_Brokerage Commissions_20260324,,,,50110,303P,D21030,ARB02052_USD,,,,144.3,,,,,,C01078,,,,
1872,,GJ,3/24/2026,,Wedbush_Brokerage Commissions_20260324,,,,50110,303P,D21300,ARB02055_USD,,,,796.9499999999999,,,,,,C00054,,,,
1873,,GJ,3/24/2026,,Wedbush_Brokerage Commissions_20260324,,,,50110,303P,D21300,ARB02076_USD,,,,6643.05,,,,,,C02076,,,,
1874,,GJ,3/24/2026,,Wedbush_Brokerage Commissions_20260324,,,,50110,303P,D23010,ARB02102_USD,,,,313.2,,,,,,C02102,,,,
1875,,GJ,3/24/2026,,Wedbush_Brokerage Commissions_20260324,,,,50110,303P,D23010,ARB02103_USD,,,,3594.0,,,,,,C00163,,,,
1876,,GJ,3/24/2026,,Wedbush_Brokerage Commissions_20260324,,,,50110,303P,D23080,ARB02116_USD,,,,217.35,,,,,,C02116,,,,
1877,,GJ,3/24/2026,,Wedbush_Brokerage Commissions_20260324,,,,50110,303P,D23080,ARB02118_USD,,,,300.3,,,,,,C01234,,,,
1878,,GJ,3/24/2026,,Wedbush_Brokerage Commissions_20260324,,,,50110,303P,D23300,ARB02121_USD,,,,1580.4,,,,,,C02121,,,,
1879,,GJ,3/24/2026,,Wedbush_Brokerage Commissions_20260324,,,,50110,303P,D23020,ARB02129_USD,,,,1480.65,,,,,,C02129,,,,
1880,,GJ,3/24/2026,,Wedbush_Brokerage Commissions_20260324,,,,50110,303P,D23010,ARB02132_USD,,,,243.9,,,,,,C02132,,,,
1881,,GJ,3/24/2026,,Wedbush_Brokerage Commissions_20260324,,,,50110,303P,D23010,ARB02135_USD,,,,159.75,,,,,,C02135,,,,
1882,,GJ,3/24/2026,,Wedbush_Brokerage Commissions_20260324,,,,50110,303P,D23010,ARB02136_USD,,,,274.8,,,,,,C02136,,,,
1883,,GJ,3/24/2026,,Wedbush_Brokerage Commissions_20260324,,,,50110,303P,D23010,ARB02147_USD,,,,2423.55,,,,,,C02147,,,,
1884,,GJ,3/24/2026,,Wedbush_Brokerage Commissions_20260324,,,,50110,303P,D23010,ARB02149_USD,,,,115.5,,,,,,C02149,,,,
1885,,GJ,3/24/2026,,Wedbush_Brokerage Commissions_20260324,,,,50110,303P,D23060,ARB02152_USD,,,,401.4,,,,,,C00186,,,,
1886,,GJ,3/24/2026,,Wedbush_Brokerage Commissions_20260324,,,,50110,303P,D23300,ARB02154_USD,,,,144.0,,,,,,C00149,,,,
1887,,GJ,3/24/2026,,Wedbush_Brokerage Commissions_20260324,,,,50110,303P,D23020,ARB02156_USD,,,,19.5,,,,,,C02156,,,,
1888,,GJ,3/24/2026,,Wedbush_Brokerage Commissions_20260324,,,,50110,303P,D23300,ARB02158_USD,,,,534.15,,,,,,C01145,,,,
1889,,GJ,3/24/2026,,Wedbush_Brokerage Commissions_20260324,,,,50110,303P,D23300,ARB02167_USD,,,,745.5,,,,,,C00118,,,,
1890,,GJ,3/24/2026,,Wedbush_Brokerage Commissions_20260324,,,,50110,303P,D23300,ARB02168_USD,,,,25.5,,,,,,C00194,,,,
1891,,GJ,3/24/2026,,Wedbush_Brokerage Commissions_20260324,,,,50110,303P,D23010,ARB02173_USD,,,,957.45,,,,,,C00463,,,,
1892,,GJ,3/24/2026,,Wedbush_Brokerage Commissions_20260324,,,,50110,303P,D23010,ARB02176_USD,,,,13283.400000000001,,,,,,C00463,,,,
1893,,GJ,3/24/2026,,Wedbush_Brokerage Commissions_20260324,,,,50110,303P,D23010,ARB02177_USD,,,,1438.5,,,,,,C02177,,,,
1894,,GJ,3/24/2026,,Wedbush_Brokerage Commissions_20260324,,,,50110,303P,D23010,ARB02179_USD,,,,2994.9,,,,,,C02179,,,,
1895,,GJ,3/24/2026,,Wedbush_Brokerage Commissions_20260324,,,,50110,303P,D23010,ARB02180_USD,,,,1926.6000000000001,,,,,,C02180,,,,
1896,,GJ,3/24/2026,,Wedbush_Brokerage Commissions_20260324,,,,50110,303P,D23010,ARB02181_USD,,,,6297.0,,,,,,C02181,,,,
1897,,GJ,3/24/2026,,Wedbush_Brokerage Commissions_20260324,,,,50110,303P,D23010,ARB02182_USD,,,,1621.8,,,,,,C02182,,,,
1898,,GJ,3/24/2026,,Wedbush_Brokerage Commissions_20260324,,,,50110,303P,D23010,ARB02183_USD,,,,3319.8,,,,,,C02183,,,,
1899,,GJ,3/24/2026,,Wedbush_Brokerage Commissions_20260324,,,,50110,303P,D23010,ARB02184_USD,,,,8953.8,,,,,,C02184,,,,
1900,,GJ,3/24/2026,,Wedbush_Brokerage Commissions_20260324,,,,50110,303P,D23010,ARB02185_USD,,,,119.7,,,,,,C02185,,,,
1901,,GJ,3/24/2026,,Wedbush_Brokerage Commissions_20260324,,,,50110,303P,D23010,ARB02187_USD,,,,32.699999999999996,,,,,,C02187,,,,
1902,,GJ,3/24/2026,,Wedbush_Brokerage Commissions_20260324,,,,50110,303P,D23010,ARB02190_USD,,,,154.5,,,,,,C02147,,,,
1903,,GJ,3/24/2026,,Wedbush_Brokerage Commissions_20260324,,,,50110,303P,D23010,ARB02191_USD,,,,33.6,,,,,,C00469,,,,
1904,,GJ,3/24/2026,,Wedbush_Brokerage Commissions_20260324,,,,50110,303P,D23010,ARB02195_USD,,,,85.95,,,,,,C01172,,,,
1905,,GJ,3/24/2026,,Wedbush_Brokerage Commissions_20260324,,,,50110,ATGN,D21300,ARB02342_EUR,,,,109.2,,,,,,C02042,,,,
1906,,GJ,3/24/2026,,Wedbush_Brokerage Commissions_20260324,,,,50110,ATGN,D21300,ARB02342_GBP,,,,0.0,,,,,,C02042,,,,
1907,,GJ,3/24/2026,,Wedbush_Brokerage Commissions_20260324,,,,50110,ATGN,D21300,ARB02343_EUR,,,,645.18,,,,,,C02520,,,,
1908,,GJ,3/24/2026,,Wedbush_Brokerage Commissions_20260324,,,,50110,ATGN,D21300,ARB02343_GBP,,,,0.0,,,,,,C02520,,,,
1909,,GJ,3/24/2026,,Wedbush_Brokerage Commissions_20260324,,,,50110,ATGN,D21300,ARB02343_USD,,,,139.8,,,,,,C02520,,,,
1910,,GJ,3/24/2026,,Wedbush_Brokerage Commissions_20260324,,,,50110,ATGN,D21300,ARB02355_USD,,,,209.4,,,,,,C00054,,,,
1911,,GJ,3/24/2026,,Wedbush_Brokerage Commissions_20260324,,,,50110,ATGN,D21300,ARB02376_EUR,,,,282.9,,,,,,C02076,,,,
1912,,GJ,3/24/2026,,Wedbush_Brokerage Commissions_20260324,,,,50110,ATGN,D21300,ARB02376_GBP,,,,0.0,,,,,,C02076,,,,
1913,,GJ,3/24/2026,,Wedbush_Brokerage Commissions_20260324,,,,50110,ATGN,D23010,ARB02402_USD,,,,25.05,,,,,,C02102,,,,
1914,,GJ,3/24/2026,,Wedbush_Brokerage Commissions_20260324,,,,50110,ATGN,D23080,ARB02416_EUR,,,,14.700000000000001,,,,,,C02116,,,,
1915,,GJ,3/24/2026,,Wedbush_Brokerage Commissions_20260324,,,,50110,ATGN,D23080,ARB02416_GBP,,,,0.0,,,,,,C02116,,,,
1916,,GJ,3/24/2026,,Wedbush_Brokerage Commissions_20260324,,,,50110,ATGN,D23080,ARB02416_USD,,,,861.9,,,,,,C02116,,,,
1917,,GJ,3/24/2026,,Wedbush_Brokerage Commissions_20260324,,,,50110,ATGN,D23080,ARB02418_EUR,,,,178.95,,,,,,C01234,,,,
1918,,GJ,3/24/2026,,Wedbush_Brokerage Commissions_20260324,,,,50110,ATGN,D23080,ARB02418_GBP,,,,0.0,,,,,,C01234,,,,
1919,,GJ,3/24/2026,,Wedbush_Brokerage Commissions_20260324,,,,50110,ATGN,D23080,ARB02418_USD,,,,1878.0,,,,,,C01234,,,,
1920,,GJ,3/24/2026,,Wedbush_Brokerage Commissions_20260324,,,,50110,ATGN,D23300,ARB02421_EUR,,,,1466.4,,,,,,C02121,,,,
1921,,GJ,3/24/2026,,Wedbush_Brokerage Commissions_20260324,,,,50110,ATGN,D23300,ARB02421_GBP,,,,0.0,,,,,,C02121,,,,
1922,,GJ,3/24/2026,,Wedbush_Brokerage Commissions_20260324,,,,50110,ATGN,D23300,ARB02421_USD,,,,156.9,,,,,,C02121,,,,
1923,,GJ,3/24/2026,,Wedbush_Brokerage Commissions_20260324,,,,50110,ATGN,D23020,ARB02429_CAD,,,,0.0,,,,,,C02129,,,,
1924,,GJ,3/24/2026,,Wedbush_Brokerage Commissions_20260324,,,,50110,ATGN,D23020,ARB02429_EUR,,,,5.4,,,,,,C02129,,,,
1925,,GJ,3/24/2026,,Wedbush_Brokerage Commissions_20260324,,,,50110,ATGN,D23020,ARB02429_GBP,,,,0.0,,,,,,C02129,,,,
1926,,GJ,3/24/2026,,Wedbush_Brokerage Commissions_20260324,,,,50110,ATGN,D23020,ARB02429_USD,,,,252.0,,,,,,C02129,,,,
1927,,GJ,3/24/2026,,Wedbush_Brokerage Commissions_20260324,,,,50110,ATGN,D23010,ARB02432_CAD,,,,0.0,,,,,,C02132,,,,
1928,,GJ,3/24/2026,,Wedbush_Brokerage Commissions_20260324,,,,50110,ATGN,D23010,ARB02432_USD,,,,81.6,,,,,,C02132,,,,
1929,,GJ,3/24/2026,,Wedbush_Brokerage Commissions_20260324,,,,50110,ATGN,D23010,ARB02435_CAD,,,,0.0,,,,,,C02135,,,,
1930,,GJ,3/24/2026,,Wedbush_Brokerage Commissions_20260324,,,,50110,ATGN,D23010,ARB02435_USD,,,,72.89999999999999,,,,,,C02135,,,,
1931,,GJ,3/24/2026,,Wedbush_Brokerage Commissions_20260324,,,,50110,ATGN,D23010,ARB02436_EUR,,,,421.2,,,,,,C02136,,,,
1932,,GJ,3/24/2026,,Wedbush_Brokerage Commissions_20260324,,,,50110,ATGN,D23010,ARB02436_GBP,,,,0.0,,,,,,C02136,,,,
1933,,GJ,3/24/2026,,Wedbush_Brokerage Commissions_20260324,,,,50110,ATGN,D23010,ARB02436_USD,,,,795.15,,,,,,C02136,,,,
1934,,GJ,3/24/2026,,Wedbush_Brokerage Commissions_20260324,,,,50110,ATGN,D23010,ARB02445_USD,,,,751.35,,,,,,C02145,,,,
1935,,GJ,3/24/2026,,Wedbush_Brokerage Commissions_20260324,,,,50110,ATGN,D23010,ARB02447_CAD,,,,0.0,,,,,,C02147,,,,
1936,,GJ,3/24/2026,,Wedbush_Brokerage Commissions_20260324,,,,50110,ATGN,D23010,ARB02447_USD,,,,271.20000000000005,,,,,,C02147,,,,
1937,,GJ,3/24/2026,,Wedbush_Brokerage Commissions_20260324,,,,50110,ATGN,D23010,ARB02449_EUR,,,,39.9,,,,,,C02149,,,,
1938,,GJ,3/24/2026,,Wedbush_Brokerage Commissions_20260324,,,,50110,ATGN,D23010,ARB02449_GBP,,,,0.0,,,,,,C02149,,,,
1939,,GJ,3/24/2026,,Wedbush_Brokerage Commissions_20260324,,,,50110,ATGN,D23010,ARB02449_USD,,,,604.2,,,,,,C02149,,,,
1940,,GJ,3/24/2026,,Wedbush_Brokerage Commissions_20260324,,,,50110,ATGN,D23060,ARB02452_CAD,,,,0.0,,,,,,C00186,,,,
1941,,GJ,3/24/2026,,Wedbush_Brokerage Commissions_20260324,,,,50110,ATGN,D23060,ARB02452_EUR,,,,2.1,,,,,,C00186,,,,
1942,,GJ,3/24/2026,,Wedbush_Brokerage Commissions_20260324,,,,50110,ATGN,D23060,ARB02452_GBP,,,,0.0,,,,,,C00186,,,,
1943,,GJ,3/24/2026,,Wedbush_Brokerage Commissions_20260324,,,,50110,ATGN,D23060,ARB02452_USD,,,,337.20000000000005,,,,,,C00186,,,,
1944,,GJ,3/24/2026,,Wedbush_Brokerage Commissions_20260324,,,,50110,ATGN,D23300,ARB02454_EUR,,,,30.6,,,,,,C00149,,,,
1945,,GJ,3/24/2026,,Wedbush_Brokerage Commissions_20260324,,,,50110,ATGN,D23300,ARB02454_GBP,,,,0.0,,,,,,C00149,,,,
1946,,GJ,3/24/2026,,Wedbush_Brokerage Commissions_20260324,,,,50110,ATGN,D23300,ARB02454_USD,,,,99.14999999999999,,,,,,C00149,,,,
1947,,GJ,3/24/2026,,Wedbush_Brokerage Commissions_20260324,,,,50110,ATGN,D23020,ARB02456_EUR,,,,27.900000000000002,,,,,,C02156,,,,
1948,,GJ,3/24/2026,,Wedbush_Brokerage Commissions_20260324,,,,50110,ATGN,D23020,ARB02456_GBP,,,,0.0,,,,,,C02156,,,,
1949,,GJ,3/24/2026,,Wedbush_Brokerage Commissions_20260324,,,,50110,ATGN,D23020,ARB02456_USD,,,,103.35,,,,,,C02156,,,,
1950,,GJ,3/24/2026,,Wedbush_Brokerage Commissions_20260324,,,,50110,ATGN,D23300,ARB02458_USD,,,,187.2,,,,,,C01145,,,,
1951,,GJ,3/24/2026,,Wedbush_Brokerage Commissions_20260324,,,,50110,ATGN,D23080,ARB02463_USD,,,,49.2,,,,,,C01231,,,,
1952,,GJ,3/24/2026,,Wedbush_Brokerage Commissions_20260324,,,,50110,ATGN,D23010,ARB02473_EUR,,,,94.65,,,,,,C00463,,,,
1953,,GJ,3/24/2026,,Wedbush_Brokerage Commissions_20260324,,,,50110,ATGN,D23010,ARB02473_GBP,,,,0.0,,,,,,C00463,,,,
1954,,GJ,3/24/2026,,Wedbush_Brokerage Commissions_20260324,,,,50110,ATGN,D23010,ARB02473_USD,,,,791.1,,,,,,C00463,,,,
1955,,GJ,3/24/2026,,Wedbush_Brokerage Commissions_20260324,,,,50110,ATGN,D23010,ARB02476_EUR,,,,4541.4,,,,,,C00463,,,,
1956,,GJ,3/24/2026,,Wedbush_Brokerage Commissions_20260324,,,,50110,ATGN,D23010,ARB02476_GBP,,,,0.0,,,,,,C00463,,,,
1957,,GJ,3/24/2026,,Wedbush_Brokerage Commissions_20260324,,,,50110,ATGN,D23010,ARB02476_USD,,,,12795.0,,,,,,C00463,,,,
1958,,GJ,3/24/2026,,Wedbush_Brokerage Commissions_20260324,,,,50110,ATGN,D23010,ARB02477_CAD,,,,0.0,,,,,,C02177,,,,
1959,,GJ,3/24/2026,,Wedbush_Brokerage Commissions_20260324,,,,50110,ATGN,D23010,ARB02477_USD,,,,205.5,,,,,,C02177,,,,
1960,,GJ,3/24/2026,,Wedbush_Brokerage Commissions_20260324,,,,50110,ATGN,D23010,ARB02479_CAD,,,,0.0,,,,,,C02179,,,,
1961,,GJ,3/24/2026,,Wedbush_Brokerage Commissions_20260324,,,,50110,ATGN,D23010,ARB02479_USD,,,,544.2,,,,,,C02179,,,,
1962,,GJ,3/24/2026,,Wedbush_Brokerage Commissions_20260324,,,,50110,ATGN,D23010,ARB02480_CAD,,,,0.0,,,,,,C02180,,,,
1963,,GJ,3/24/2026,,Wedbush_Brokerage Commissions_20260324,,,,50110,ATGN,D23010,ARB02480_USD,,,,323.7,,,,,,C02180,,,,
1964,,GJ,3/24/2026,,Wedbush_Brokerage Commissions_20260324,,,,50110,ATGN,D23010,ARB02481_CAD,,,,0.0,,,,,,C02181,,,,
1965,,GJ,3/24/2026,,Wedbush_Brokerage Commissions_20260324,,,,50110,ATGN,D23010,ARB02481_USD,,,,1114.2,,,,,,C02181,,,,
1966,,GJ,3/24/2026,,Wedbush_Brokerage Commissions_20260324,,,,50110,ATGN,D23010,ARB02482_CAD,,,,0.0,,,,,,C02182,,,,
1967,,GJ,3/24/2026,,Wedbush_Brokerage Commissions_20260324,,,,50110,ATGN,D23010,ARB02482_USD,,,,106.8,,,,,,C02182,,,,
1968,,GJ,3/24/2026,,Wedbush_Brokerage Commissions_20260324,,,,50110,ATGN,D23010,ARB02483_CAD,,,,0.0,,,,,,C02183,,,,
1969,,GJ,3/24/2026,,Wedbush_Brokerage Commissions_20260324,,,,50110,ATGN,D23010,ARB02483_USD,,,,1215.6,,,,,,C02183,,,,
1970,,GJ,3/24/2026,,Wedbush_Brokerage Commissions_20260324,,,,50110,ATGN,D23010,ARB02484_CAD,,,,0.0,,,,,,C02184,,,,
1971,,GJ,3/24/2026,,Wedbush_Brokerage Commissions_20260324,,,,50110,ATGN,D23010,ARB02484_USD,,,,3307.8,,,,,,C02184,,,,
1972,,GJ,3/24/2026,,Wedbush_Brokerage Commissions_20260324,,,,50110,ATGN,D23010,ARB02485_EUR,,,,255.14999999999998,,,,,,C02185,,,,
1973,,GJ,3/24/2026,,Wedbush_Brokerage Commissions_20260324,,,,50110,ATGN,D23010,ARB02485_GBP,,,,0.0,,,,,,C02185,,,,
1974,,GJ,3/24/2026,,Wedbush_Brokerage Commissions_20260324,,,,50110,ATGN,D23010,ARB02485_USD,,,,2248.6499999999996,,,,,,C02185,,,,
1975,,GJ,3/24/2026,,Wedbush_Brokerage Commissions_20260324,,,,50110,ATGN,D23010,ARB02491_EUR,,,,28.2,,,,,,C00469,,,,
1976,,GJ,3/24/2026,,Wedbush_Brokerage Commissions_20260324,,,,50110,ATGN,D23010,ARB02491_GBP,,,,0.0,,,,,,C00469,,,,
1977,,GJ,3/24/2026,,Wedbush_Brokerage Commissions_20260324,,,,50110,ATGN,D23010,ARB02491_USD,,,,11.700000000000001,,,,,,C00469,,,,
1978,,GJ,3/24/2026,,Wedbush_Brokerage Commissions_20260324,,,,50110,303P,D21300,ARB03003_USD,,,,1169.4,,,,,,C03003,,,,
1979,,GJ,3/24/2026,,Wedbush_Brokerage Commissions_20260324,,,,50110,303P,D21300,ARB03022_USD,,,,8298.15,,,,,,C00034,,,,
1980,,GJ,3/24/2026,,Wedbush_Brokerage Commissions_20260324,,,,50110,303P,D21300,ARB03032_USD,,,,4515.3,,,,,,C00049,,,,
1981,,GJ,3/24/2026,,Wedbush_Brokerage Commissions_20260324,,,,50110,303P,D21300,ARB03033_USD,,,,703.65,,,,,,C00049,,,,
1982,,GJ,3/24/2026,,Wedbush_Brokerage Commissions_20260324,,,,50110,303P,D21300,ARB03034_USD,,,,0.75,,,,,,C00049,,,,
1983,,GJ,3/24/2026,,Wedbush_Brokerage Commissions_20260324,,,,50110,303P,D21300,ARB03035_USD,,,,13.5,,,,,,C00049,,,,
1984,,GJ,3/24/2026,,Wedbush_Brokerage Commissions_20260324,,,,50110,303P,D21300,ARB03037_USD,,,,381.45,,,,,,C03037,,,,
1985,,GJ,3/24/2026,,Wedbush_Brokerage Commissions_20260324,,,,50110,303P,D21300,ARB03038_USD,,,,145.8,,,,,,C03038,,,,
1986,,GJ,3/24/2026,,Wedbush_Brokerage Commissions_20260324,,,,50110,303P,D21300,ARB03041_USD,,,,3.3,,,,,,C03040,,,,
1987,,GJ,3/24/2026,,Wedbush_Brokerage Commissions_20260324,,,,50110,303P,D21300,ARB03042_USD,,,,0.9,,,,,,C03040,,,,
1988,,GJ,3/24/2026,,Wedbush_Brokerage Commissions_20260324,,,,50110,303P,D21300,ARB03043_USD,,,,7.2,,,,,,C03040,,,,
1989,,GJ,3/24/2026,,Wedbush_Brokerage Commissions_20260324,,,,50110,303P,D21300,ARB03044_USD,,,,32.25,,,,,,C03040,,,,
1990,,GJ,3/24/2026,,Wedbush_Brokerage Commissions_20260324,,,,50110,303P,D21300,ARB03046_USD,,,,24.3,,,,,,C03040,,,,
1991,,GJ,3/24/2026,,Wedbush_Brokerage Commissions_20260324,,,,50110,303P,D21300,ARB03052_USD,,,,472.65,,,,,,C03071,,,,
1992,,GJ,3/24/2026,,Wedbush_Brokerage Commissions_20260324,,,,50110,303P,D21300,ARB03057_USD,,,,48.0,,,,,,C01057,,,,
1993,,GJ,3/24/2026,,Wedbush_Brokerage Commissions_20260324,,,,50110,303P,D21300,ARB03060_USD,,,,8573.85,,,,,,C03060,,,,
1994,,GJ,3/24/2026,,Wedbush_Brokerage Commissions_20260324,,,,50110,303P,D21300,ARB03062_USD,,,,736.2,,,,,,C03062,,,,
1995,,GJ,3/24/2026,,Wedbush_Brokerage Commissions_20260324,,,,50110,303P,D21300,ARB03064_USD,,,,96.6,,,,,,C03064,,,,
1996,,GJ,3/24/2026,,Wedbush_Brokerage Commissions_20260324,,,,50110,303P,D21300,ARB03065_USD,,,,38936.85,,,,,,C03065,,,,
1997,,GJ,3/24/2026,,Wedbush_Brokerage Commissions_20260324,,,,50110,303P,D21300,ARB03072_USD,,,,4984.95,,,,,,C03072,,,,
1998,,GJ,3/24/2026,,Wedbush_Brokerage Commissions_20260324,,,,50110,303P,D21300,ARB03073_USD,,,,14290.8,,,,,,C03073,,,,
1999,,GJ,3/24/2026,,Wedbush_Brokerage Commissions_20260324,,,,50110,303P,D21300,ARB03074_USD,,,,14.1,,,,,,C03073,,,,
2000,,GJ,3/24/2026,,Wedbush_Brokerage Commissions_20260324,,,,50110,303P,D21300,ARB03078_USD,,,,202.5,,,,,,C03078,,,,
2001,,GJ,3/24/2026,,Wedbush_Brokerage Commissions_20260324,,,,50110,303P,D21300,ARB03079_USD,,,,4489.200000000001,,,,,,C03078,,,,
2002,,GJ,3/24/2026,,Wedbush_Brokerage Commissions_20260324,,,,50110,303P,D21300,ARB03080_USD,,,,364.2,,,,,,C03078,,,,
2003,,GJ,3/24/2026,,Wedbush_Brokerage Commissions_20260324,,,,50110,303P,D21030,ARB03084_JPY,,,,0.0,,,,,,C03084,,,,
2004,,GJ,3/24/2026,,Wedbush_Brokerage Commissions_20260324,,,,50110,303P,D21030,ARB03084_USD,,,,668.7,,,,,,C03084,,,,
2005,,GJ,3/24/2026,,Wedbush_Brokerage Commissions_20260324,,,,50110,303P,D21300,ARB03088_USD,,,,50.1,,,,,,C03088,,,,
2006,,GJ,3/24/2026,,Wedbush_Brokerage Commissions_20260324,,,,50110,303P,D21300,ARB03090_USD,,,,170.4,,,,,,C03090,,,,
2007,,GJ,3/24/2026,,Wedbush_Brokerage Commissions_20260324,,,,50110,303P,D21300,ARB03093_USD,,,,22.799999999999997,,,,,,C03093,,,,
2008,,GJ,3/24/2026,,Wedbush_Brokerage Commissions_20260324,,,,50110,303P,D21300,ARB03096_USD,,,,13.2,,,,,,C03096,,,,
2009,,GJ,3/24/2026,,Wedbush_Brokerage Commissions_20260324,,,,50110,303P,D23300,ARB03100_USD,,,,122.1,,,,,,C03100,,,,
2010,,GJ,3/24/2026,,Wedbush_Brokerage Commissions_20260324,,,,50110,303P,D23080,ARB03102_USD,,,,180.3,,,,,,C03102,,,,
2011,,GJ,3/24/2026,,Wedbush_Brokerage Commissions_20260324,,,,50110,303P,D23300,ARB03103_USD,,,,1860.0,,,,,,CX3103,,,,
2012,,GJ,3/24/2026,,Wedbush_Brokerage Commissions_20260324,,,,50110,303P,D23300,ARB03104_USD,,,,1512.6,,,,,,C03104,,,,
2013,,GJ,3/24/2026,,Wedbush_Brokerage Commissions_20260324,,,,50110,303P,D23300,ARB03105_USD,,,,2527.9500000000003,,,,,,C00310,,,,
2014,,GJ,3/24/2026,,Wedbush_Brokerage Commissions_20260324,,,,50110,303P,D23300,ARB03106_USD,,,,2161.95,,,,,,C00310,,,,
2015,,GJ,3/24/2026,,Wedbush_Brokerage Commissions_20260324,,,,50110,303P,D23300,ARB03107_USD,,,,4484.1,,,,,,C03107,,,,
2016,,GJ,3/24/2026,,Wedbush_Brokerage Commissions_20260324,,,,50110,303P,D23300,ARB03108_USD,,,,6771.9,,,,,,C00311,,,,
2017,,GJ,3/24/2026,,Wedbush_Brokerage Commissions_20260324,,,,50110,303P,D23300,ARB03109_USD,,,,1610.1,,,,,,C00311,,,,
2018,,GJ,3/24/2026,,Wedbush_Brokerage Commissions_20260324,,,,50110,303P,D23300,ARB03110_USD,,,,303.9,,,,,,C00311,,,,
2019,,GJ,3/24/2026,,Wedbush_Brokerage Commissions_20260324,,,,50110,303P,D23300,ARB03112_USD,,,,187.05,,,,,,C00310,,,,
2020,,GJ,3/24/2026,,Wedbush_Brokerage Commissions_20260324,,,,50110,303P,D23300,ARB03113_USD,,,,284.54999999999995,,,,,,C03113,,,,
2021,,GJ,3/24/2026,,Wedbush_Brokerage Commissions_20260324,,,,50110,303P,D23300,ARB03115_USD,,,,719.1,,,,,,CX3115,,,,
2022,,GJ,3/24/2026,,Wedbush_Brokerage Commissions_20260324,,,,50110,303P,D23020,ARB03116_USD,,,,145.65,,,,,,C02129,,,,
2023,,GJ,3/24/2026,,Wedbush_Brokerage Commissions_20260324,,,,50110,303P,D23300,ARB03122_USD,,,,931.5,,,,,,C03122,,,,
2024,,GJ,3/24/2026,,Wedbush_Brokerage Commissions_20260324,,,,50110,303P,D23300,ARB03125_USD,,,,20.1,,,,,,CX3125,,,,
2025,,GJ,3/24/2026,,Wedbush_Brokerage Commissions_20260324,,,,50110,303P,D23300,ARB03126_USD,,,,1.05,,,,,,C00310,,,,
2026,,GJ,3/24/2026,,Wedbush_Brokerage Commissions_20260324,,,,50110,303P,D23300,ARB03133_USD,,,,1908.1499999999999,,,,,,C03133,,,,
2027,,GJ,3/24/2026,,Wedbush_Brokerage Commissions_20260324,,,,50110,303P,D23300,ARB03134_USD,,,,80.1,,,,,,C03134,,,,
2028,,GJ,3/24/2026,,Wedbush_Brokerage Commissions_20260324,,,,50110,303P,D23300,ARB03136_USD,,,,22.200000000000003,,,,,,CX3136,,,,
2029,,GJ,3/24/2026,,Wedbush_Brokerage Commissions_20260324,,,,50110,303P,D23300,ARB03139_USD,,,,418.05,,,,,,C00311,,,,
2030,,GJ,3/24/2026,,Wedbush_Brokerage Commissions_20260324,,,,50110,303P,D23300,ARB03141_USD,,,,2981.7,,,,,,C03141,,,,
2031,,GJ,3/24/2026,,Wedbush_Brokerage Commissions_20260324,,,,50110,303P,D23300,ARB03142_USD,,,,344.7,,,,,,C00310,,,,
2032,,GJ,3/24/2026,,Wedbush_Brokerage Commissions_20260324,,,,50110,303P,D23300,ARB03143_USD,,,,619.5,,,,,,C00310,,,,
2033,,GJ,3/24/2026,,Wedbush_Brokerage Commissions_20260324,,,,50110,303P,D23300,ARB03144_USD,,,,120.3,,,,,,CX3144,,,,
2034,,GJ,3/24/2026,,Wedbush_Brokerage Commissions_20260324,,,,50110,303P,D23300,ARB03146_USD,,,,633.3000000000001,,,,,,CX3136,,,,
2035,,GJ,3/24/2026,,Wedbush_Brokerage Commissions_20260324,,,,50110,303P,D23300,ARB03147_USD,,,,4.5,,,,,,CX3115,,,,
2036,,GJ,3/24/2026,,Wedbush_Brokerage Commissions_20260324,,,,50110,303P,D23090,ARB03150_USD,,,,907.8,,,,,,C03150,,,,
2037,,GJ,3/24/2026,,Wedbush_Brokerage Commissions_20260324,,,,50110,303P,D23090,ARB03154_USD,,,,969.9000000000001,,,,,,C03154,,,,
2038,,GJ,3/24/2026,,Wedbush_Brokerage Commissions_20260324,,,,50110,303P,D23100,ARB03156_USD,,,,1200.3,,,,,,C03156,,,,
2039,,GJ,3/24/2026,,Wedbush_Brokerage Commissions_20260324,,,,50110,303P,D23100,ARB03157_USD,,,,2160.3,,,,,,C03157,,,,
2040,,GJ,3/24/2026,,Wedbush_Brokerage Commissions_20260324,,,,50110,303P,D23100,ARB03159_USD,,,,1062.6,,,,,,C03159,,,,
2041,,GJ,3/24/2026,,Wedbush_Brokerage Commissions_20260324,,,,50110,303P,D23010,ARB03168_USD,,,,81.0,,,,,,C03168,,,,
2042,,GJ,3/24/2026,,Wedbush_Brokerage Commissions_20260324,,,,50110,303P,D23100,ARB03174_USD,,,,586.5,,,,,,C03174,,,,
2043,,GJ,3/24/2026,,Wedbush_Brokerage Commissions_20260324,,,,50110,303P,D23100,ARB03175_USD,,,,2178.6,,,,,,C03175,,,,
2044,,GJ,3/24/2026,,Wedbush_Brokerage Commissions_20260324,,,,50110,303P,D23100,ARB03176_USD,,,,2014.5,,,,,,C03176,,,,
2045,,GJ,3/24/2026,,Wedbush_Brokerage Commissions_20260324,,,,50110,303P,D23100,ARB03185_USD,,,,357.0,,,,,,C03185,,,,
2046,,GJ,3/24/2026,,Wedbush_Brokerage Commissions_20260324,,,,50110,303P,D23300,ARB03192_USD,,,,386.70000000000005,,,,,,C03163,,,,
2047,,GJ,3/24/2026,,Wedbush_Brokerage Commissions_20260324,,,,50110,ATGN,D21300,ARB03360_EUR,,,,33757.05,,,,,,C03060,,,,
2048,,GJ,3/24/2026,,Wedbush_Brokerage Commissions_20260324,,,,50110,ATGN,D21300,ARB03360_GBP,,,,0.0,,,,,,C03060,,,,
2049,,GJ,3/24/2026,,Wedbush_Brokerage Commissions_20260324,,,,50110,ATGN,D21300,ARB03362_EUR,,,,1755.0,,,,,,C03062,,,,
2050,,GJ,3/24/2026,,Wedbush_Brokerage Commissions_20260324,,,,50110,ATGN,D21300,ARB03362_GBP,,,,0.0,,,,,,C03062,,,,
2051,,GJ,3/24/2026,,Wedbush_Brokerage Commissions_20260324,,,,50110,ATGN,D21300,ARB03362_USD,,,,80.4,,,,,,C03062,,,,
2052,,GJ,3/24/2026,,Wedbush_Brokerage Commissions_20260324,,,,50110,ATGN,D21300,ARB03364_EUR,,,,1.7999999999999998,,,,,,C03064,,,,
2053,,GJ,3/24/2026,,Wedbush_Brokerage Commissions_20260324,,,,50110,ATGN,D21300,ARB03364_GBP,,,,0.0,,,,,,C03064,,,,
2054,,GJ,3/24/2026,,Wedbush_Brokerage Commissions_20260324,,,,50110,ATGN,D21300,ARB03372_USD,,,,199.8,,,,,,C03072,,,,
2055,,GJ,3/24/2026,,Wedbush_Brokerage Commissions_20260324,,,,50110,ATGN,D21300,ARB03373_USD,,,,139.8,,,,,,C03073,,,,
2056,,GJ,3/24/2026,,Wedbush_Brokerage Commissions_20260324,,,,50110,ATGN,D21300,ARB03378_USD,,,,124.35,,,,,,C03078,,,,
2057,,GJ,3/24/2026,,Wedbush_Brokerage Commissions_20260324,,,,50110,ATGN,D23300,ARB03400_EUR,,,,52.8,,,,,,C03100,,,,
2058,,GJ,3/24/2026,,Wedbush_Brokerage Commissions_20260324,,,,50110,ATGN,D23300,ARB03400_GBP,,,,0.0,,,,,,C03100,,,,
2059,,GJ,3/24/2026,,Wedbush_Brokerage Commissions_20260324,,,,50110,ATGN,D23300,ARB03400_USD,,,,619.2,,,,,,C03100,,,,
2060,,GJ,3/24/2026,,Wedbush_Brokerage Commissions_20260324,,,,50110,ATGN,D23080,ARB03402_EUR,,,,61.5,,,,,,C03102,,,,
2061,,GJ,3/24/2026,,Wedbush_Brokerage Commissions_20260324,,,,50110,ATGN,D23080,ARB03402_GBP,,,,0.0,,,,,,C03102,,,,
2062,,GJ,3/24/2026,,Wedbush_Brokerage Commissions_20260324,,,,50110,ATGN,D23080,ARB03402_USD,,,,2546.1000000000004,,,,,,C03102,,,,
2063,,GJ,3/24/2026,,Wedbush_Brokerage Commissions_20260324,,,,50110,ATGN,D23300,ARB03403_CAD,,,,0.0,,,,,,CX3103,,,,
2064,,GJ,3/24/2026,,Wedbush_Brokerage Commissions_20260324,,,,50110,ATGN,D23300,ARB03403_EUR,,,,12.0,,,,,,CX3103,,,,
2065,,GJ,3/24/2026,,Wedbush_Brokerage Commissions_20260324,,,,50110,ATGN,D23300,ARB03403_GBP,,,,0.0,,,,,,CX3103,,,,
2066,,GJ,3/24/2026,,Wedbush_Brokerage Commissions_20260324,,,,50110,ATGN,D23300,ARB03403_USD,,,,822.5999999999999,,,,,,CX3103,,,,
2067,,GJ,3/24/2026,,Wedbush_Brokerage Commissions_20260324,,,,50110,ATGN,D23300,ARB03404_CAD,,,,0.0,,,,,,C03104,,,,
2068,,GJ,3/24/2026,,Wedbush_Brokerage Commissions_20260324,,,,50110,ATGN,D23300,ARB03404_EUR,,,,9.6,,,,,,C03104,,,,
2069,,GJ,3/24/2026,,Wedbush_Brokerage Commissions_20260324,,,,50110,ATGN,D23300,ARB03404_GBP,,,,0.0,,,,,,C03104,,,,
2070,,GJ,3/24/2026,,Wedbush_Brokerage Commissions_20260324,,,,50110,ATGN,D23300,ARB03404_USD,,,,668.85,,,,,,C03104,,,,
2071,,GJ,3/24/2026,,Wedbush_Brokerage Commissions_20260324,,,,50110,ATGN,D23300,ARB03405_CAD,,,,0.0,,,,,,C00310,,,,
2072,,GJ,3/24/2026,,Wedbush_Brokerage Commissions_20260324,,,,50110,ATGN,D23300,ARB03405_EUR,,,,101.7,,,,,,C00310,,,,
2073,,GJ,3/24/2026,,Wedbush_Brokerage Commissions_20260324,,,,50110,ATGN,D23300,ARB03405_GBP,,,,0.0,,,,,,C00310,,,,
2074,,GJ,3/24/2026,,Wedbush_Brokerage Commissions_20260324,,,,50110,ATGN,D23300,ARB03405_USD,,,,1968.75,,,,,,C00310,,,,
2075,,GJ,3/24/2026,,Wedbush_Brokerage Commissions_20260324,,,,50110,ATGN,D23300,ARB03406_CAD,,,,0.0,,,,,,C00310,,,,
2076,,GJ,3/24/2026,,Wedbush_Brokerage Commissions_20260324,,,,50110,ATGN,D23300,ARB03406_EUR,,,,82.5,,,,,,C00310,,,,
2077,,GJ,3/24/2026,,Wedbush_Brokerage Commissions_20260324,,,,50110,ATGN,D23300,ARB03406_GBP,,,,0.0,,,,,,C00310,,,,
2078,,GJ,3/24/2026,,Wedbush_Brokerage Commissions_20260324,,,,50110,ATGN,D23300,ARB03406_USD,,,,2117.4,,,,,,C00310,,,,
2079,,GJ,3/24/2026,,Wedbush_Brokerage Commissions_20260324,,,,50110,ATGN,D23300,ARB03407_CAD,,,,0.0,,,,,,C03107,,,,
2080,,GJ,3/24/2026,,Wedbush_Brokerage Commissions_20260324,,,,50110,ATGN,D23300,ARB03407_USD,,,,7659.3,,,,,,C03107,,,,
2081,,GJ,3/24/2026,,Wedbush_Brokerage Commissions_20260324,,,,50110,ATGN,D23300,ARB03408_CAD,,,,0.0,,,,,,C00311,,,,
2082,,GJ,3/24/2026,,Wedbush_Brokerage Commissions_20260324,,,,50110,ATGN,D23300,ARB03408_EUR,,,,135.45,,,,,,C00311,,,,
2083,,GJ,3/24/2026,,Wedbush_Brokerage Commissions_20260324,,,,50110,ATGN,D23300,ARB03408_GBP,,,,0.0,,,,,,C00311,,,,
2084,,GJ,3/24/2026,,Wedbush_Brokerage Commissions_20260324,,,,50110,ATGN,D23300,ARB03408_USD,,,,6399.15,,,,,,C00311,,,,
2085,,GJ,3/24/2026,,Wedbush_Brokerage Commissions_20260324,,,,50110,ATGN,D23300,ARB03409_EUR,,,,235.65,,,,,,C00311,,,,
2086,,GJ,3/24/2026,,Wedbush_Brokerage Commissions_20260324,,,,50110,ATGN,D23300,ARB03409_GBP,,,,0.0,,,,,,C00311,,,,
2087,,GJ,3/24/2026,,Wedbush_Brokerage Commissions_20260324,,,,50110,ATGN,D23300,ARB03409_USD,,,,3175.7999999999997,,,,,,C00311,,,,
2088,,GJ,3/24/2026,,Wedbush_Brokerage Commissions_20260324,,,,50110,ATGN,D23300,ARB03412_EUR,,,,0.3,,,,,,C00310,,,,
2089,,GJ,3/24/2026,,Wedbush_Brokerage Commissions_20260324,,,,50110,ATGN,D23300,ARB03412_GBP,,,,0.0,,,,,,C00310,,,,
2090,,GJ,3/24/2026,,Wedbush_Brokerage Commissions_20260324,,,,50110,ATGN,D23300,ARB03412_USD,,,,375.45,,,,,,C00310,,,,
2091,,GJ,3/24/2026,,Wedbush_Brokerage Commissions_20260324,,,,50110,ATGN,D23300,ARB03413_USD,,,,281.7,,,,,,C03113,,,,
2092,,GJ,3/24/2026,,Wedbush_Brokerage Commissions_20260324,,,,50110,ATGN,D23300,ARB03415_CAD,,,,0.0,,,,,,CX3115,,,,
2093,,GJ,3/24/2026,,Wedbush_Brokerage Commissions_20260324,,,,50110,ATGN,D23300,ARB03415_EUR,,,,78.0,,,,,,CX3115,,,,
2094,,GJ,3/24/2026,,Wedbush_Brokerage Commissions_20260324,,,,50110,ATGN,D23300,ARB03415_GBP,,,,0.0,,,,,,CX3115,,,,
2095,,GJ,3/24/2026,,Wedbush_Brokerage Commissions_20260324,,,,50110,ATGN,D23300,ARB03415_USD,,,,450.75,,,,,,CX3115,,,,
2096,,GJ,3/24/2026,,Wedbush_Brokerage Commissions_20260324,,,,50110,ATGN,D23300,ARB03422_CAD,,,,0.0,,,,,,C03122,,,,
2097,,GJ,3/24/2026,,Wedbush_Brokerage Commissions_20260324,,,,50110,ATGN,D23300,ARB03422_USD,,,,656.6999999999999,,,,,,C03122,,,,
2098,,GJ,3/24/2026,,Wedbush_Brokerage Commissions_20260324,,,,50110,ATGN,D23300,ARB03426_USD,,,,0.75,,,,,,C00310,,,,
2099,,GJ,3/24/2026,,Wedbush_Brokerage Commissions_20260324,,,,50110,ATGN,D23080,ARB03427_USD,,,,6.0,,,,,,C01234,,,,
2100,,GJ,3/24/2026,,Wedbush_Brokerage Commissions_20260324,,,,50110,ATGN,D23300,ARB03433_EUR,,,,48.3,,,,,,C03133,,,,
2101,,GJ,3/24/2026,,Wedbush_Brokerage Commissions_20260324,,,,50110,ATGN,D23300,ARB03433_GBP,,,,0.0,,,,,,C03133,,,,
2102,,GJ,3/24/2026,,Wedbush_Brokerage Commissions_20260324,,,,50110,ATGN,D23300,ARB03433_USD,,,,686.1,,,,,,C03133,,,,
2103,,GJ,3/24/2026,,Wedbush_Brokerage Commissions_20260324,,,,50110,ATGN,D23300,ARB03434_USD,,,,486.0,,,,,,C03134,,,,
2104,,GJ,3/24/2026,,Wedbush_Brokerage Commissions_20260324,,,,50110,ATGN,D23300,ARB03436_CAD,,,,0.0,,,,,,CX3136,,,,
2105,,GJ,3/24/2026,,Wedbush_Brokerage Commissions_20260324,,,,50110,ATGN,D23300,ARB03436_EUR,,,,58.8,,,,,,CX3136,,,,
2106,,GJ,3/24/2026,,Wedbush_Brokerage Commissions_20260324,,,,50110,ATGN,D23300,ARB03436_GBP,,,,0.0,,,,,,CX3136,,,,
2107,,GJ,3/24/2026,,Wedbush_Brokerage Commissions_20260324,,,,50110,ATGN,D23300,ARB03436_USD,,,,192.9,,,,,,CX3136,,,,
2108,,GJ,3/24/2026,,Wedbush_Brokerage Commissions_20260324,,,,50110,ATGN,D23300,ARB03439_EUR,,,,11.4,,,,,,C00311,,,,
2109,,GJ,3/24/2026,,Wedbush_Brokerage Commissions_20260324,,,,50110,ATGN,D23300,ARB03439_GBP,,,,0.0,,,,,,C00311,,,,
2110,,GJ,3/24/2026,,Wedbush_Brokerage Commissions_20260324,,,,50110,ATGN,D23300,ARB03439_USD,,,,341.70000000000005,,,,,,C00311,,,,
2111,,GJ,3/24/2026,,Wedbush_Brokerage Commissions_20260324,,,,50110,ATGN,D23300,ARB03441_EUR,,,,30.0,,,,,,C03141,,,,
2112,,GJ,3/24/2026,,Wedbush_Brokerage Commissions_20260324,,,,50110,ATGN,D23300,ARB03441_GBP,,,,0.0,,,,,,C03141,,,,
2113,,GJ,3/24/2026,,Wedbush_Brokerage Commissions_20260324,,,,50110,ATGN,D23300,ARB03442_USD,,,,556.8,,,,,,C00310,,,,
2114,,GJ,3/24/2026,,Wedbush_Brokerage Commissions_20260324,,,,50110,ATGN,D23300,ARB03443_CAD,,,,0.0,,,,,,C00310,,,,
2115,,GJ,3/24/2026,,Wedbush_Brokerage Commissions_20260324,,,,50110,ATGN,D23300,ARB03443_EUR,,,,1.5,,,,,,C00310,,,,
2116,,GJ,3/24/2026,,Wedbush_Brokerage Commissions_20260324,,,,50110,ATGN,D23300,ARB03443_GBP,,,,0.0,,,,,,C00310,,,,
2117,,GJ,3/24/2026,,Wedbush_Brokerage Commissions_20260324,,,,50110,ATGN,D23300,ARB03443_USD,,,,1219.5,,,,,,C00310,,,,
2118,,GJ,3/24/2026,,Wedbush_Brokerage Commissions_20260324,,,,50110,ATGN,D23300,ARB03446_EUR,,,,13.5,,,,,,CX3136,,,,
2119,,GJ,3/24/2026,,Wedbush_Brokerage Commissions_20260324,,,,50110,ATGN,D23300,ARB03446_GBP,,,,0.0,,,,,,CX3136,,,,
2120,,GJ,3/24/2026,,Wedbush_Brokerage Commissions_20260324,,,,50110,ATGN,D23300,ARB03446_USD,,,,159.89999999999998,,,,,,CX3136,,,,
2121,,GJ,3/24/2026,,Wedbush_Brokerage Commissions_20260324,,,,50110,ATGN,D23090,ARB03450_EUR,,,,525.9,,,,,,C03150,,,,
2122,,GJ,3/24/2026,,Wedbush_Brokerage Commissions_20260324,,,,50110,ATGN,D23090,ARB03450_GBP,,,,0.0,,,,,,C03150,,,,
2123,,GJ,3/24/2026,,Wedbush_Brokerage Commissions_20260324,,,,50110,ATGN,D23090,ARB03450_USD,,,,1.2,,,,,,C03150,,,,
2124,,GJ,3/24/2026,,Wedbush_Brokerage Commissions_20260324,,,,50110,ATGN,D23090,ARB03454_EUR,,,,704.4000000000001,,,,,,C03154,,,,
2125,,GJ,3/24/2026,,Wedbush_Brokerage Commissions_20260324,,,,50110,ATGN,D23090,ARB03454_GBP,,,,0.0,,,,,,C03154,,,,
2126,,GJ,3/24/2026,,Wedbush_Brokerage Commissions_20260324,,,,50110,ATGN,D23090,ARB03454_USD,,,,16.2,,,,,,C03154,,,,
2127,,GJ,3/24/2026,,Wedbush_Brokerage Commissions_20260324,,,,50110,ATGN,D23100,ARB03457_EUR,,,,632.4,,,,,,C03157,,,,
2128,,GJ,3/24/2026,,Wedbush_Brokerage Commissions_20260324,,,,50110,ATGN,D23100,ARB03457_GBP,,,,0.0,,,,,,C03157,,,,
2129,,GJ,3/24/2026,,Wedbush_Brokerage Commissions_20260324,,,,50110,ATGN,D23100,ARB03457_USD,,,,171.9,,,,,,C03157,,,,
2130,,GJ,3/24/2026,,Wedbush_Brokerage Commissions_20260324,,,,50110,ATGN,D23100,ARB03459_CHF,,,,0.0,,,,,,C03159,,,,
2131,,GJ,3/24/2026,,Wedbush_Brokerage Commissions_20260324,,,,50110,ATGN,D23100,ARB03459_EUR,,,,549.0,,,,,,C03159,,,,
2132,,GJ,3/24/2026,,Wedbush_Brokerage Commissions_20260324,,,,50110,ATGN,D23100,ARB03459_GBP,,,,0.0,,,,,,C03159,,,,
2133,,GJ,3/24/2026,,Wedbush_Brokerage Commissions_20260324,,,,50110,ATGN,D23100,ARB03459_USD,,,,229.2,,,,,,C03159,,,,
2134,,GJ,3/24/2026,,Wedbush_Brokerage Commissions_20260324,,,,50110,ATGN,D23300,ARB03460_EUR,,,,32.4,,,,,,C03160,,,,
2135,,GJ,3/24/2026,,Wedbush_Brokerage Commissions_20260324,,,,50110,ATGN,D23300,ARB03460_GBP,,,,0.0,,,,,,C03160,,,,
2136,,GJ,3/24/2026,,Wedbush_Brokerage Commissions_20260324,,,,50110,ATGN,D23300,ARB03460_USD,,,,67.5,,,,,,C03160,,,,
2137,,GJ,3/24/2026,,Wedbush_Brokerage Commissions_20260324,,,,50110,ATGN,D23300,ARB03463_USD,,,,11.7,,,,,,C03163,,,,
2138,,GJ,3/24/2026,,Wedbush_Brokerage Commissions_20260324,,,,50110,ATGN,D23010,ARB03468_CAD,,,,0.0,,,,,,C03168,,,,
2139,,GJ,3/24/2026,,Wedbush_Brokerage Commissions_20260324,,,,50110,ATGN,D23010,ARB03468_USD,,,,9.45,,,,,,C03168,,,,
2140,,GJ,3/24/2026,,Wedbush_Brokerage Commissions_20260324,,,,50110,ATGN,D23100,ARB03474_EUR,,,,141.0,,,,,,C03174,,,,
2141,,GJ,3/24/2026,,Wedbush_Brokerage Commissions_20260324,,,,50110,ATGN,D23100,ARB03474_GBP,,,,0.0,,,,,,C03174,,,,
2142,,GJ,3/24/2026,,Wedbush_Brokerage Commissions_20260324,,,,50110,ATGN,D23100,ARB03475_EUR,,,,277.2,,,,,,C03175,,,,
2143,,GJ,3/24/2026,,Wedbush_Brokerage Commissions_20260324,,,,50110,ATGN,D23100,ARB03475_GBP,,,,0.0,,,,,,C03175,,,,
2144,,GJ,3/24/2026,,Wedbush_Brokerage Commissions_20260324,,,,50110,ATGN,D23100,ARB03476_EUR,,,,401.4,,,,,,C03176,,,,
2145,,GJ,3/24/2026,,Wedbush_Brokerage Commissions_20260324,,,,50110,ATGN,D23100,ARB03476_GBP,,,,0.0,,,,,,C03176,,,,
2146,,GJ,3/24/2026,,Wedbush_Brokerage Commissions_20260324,,,,50110,ATGN,D23100,ARB03485_EUR,,,,489.0,,,,,,C03185,,,,
2147,,GJ,3/24/2026,,Wedbush_Brokerage Commissions_20260324,,,,50110,ATGN,D23100,ARB03485_GBP,,,,0.0,,,,,,C03185,,,,
2148,,GJ,3/24/2026,,Wedbush_Brokerage Commissions_20260324,,,,50110,ATGN,D23100,ARB03485_USD,,,,6.0,,,,,,C03185,,,,
2149,,GJ,3/24/2026,,Wedbush_Brokerage Commissions_20260324,,,,50110,ATGN,D23300,ARB03489_EUR,,,,208.20000000000002,,,,,,C03160,,,,
2150,,GJ,3/24/2026,,Wedbush_Brokerage Commissions_20260324,,,,50110,ATGN,D23300,ARB03489_GBP,,,,0.0,,,,,,C03160,,,,
2151,,GJ,3/24/2026,,Wedbush_Brokerage Commissions_20260324,,,,50110,ATGN,D23300,ARB03489_USD,,,,884.4000000000001,,,,,,C03160,,,,
2152,,GJ,3/24/2026,,Wedbush_Brokerage Commissions_20260324,,,,50110,ATGN,D23300,ARB03492_CAD,,,,0.0,,,,,,C03163,,,,
2153,,GJ,3/24/2026,,Wedbush_Brokerage Commissions_20260324,,,,50110,ATGN,D23300,ARB03492_EUR,,,,156.3,,,,,,C03163,,,,
2154,,GJ,3/24/2026,,Wedbush_Brokerage Commissions_20260324,,,,50110,ATGN,D23300,ARB03492_GBP,,,,0.0,,,,,,C03163,,,,
2155,,GJ,3/24/2026,,Wedbush_Brokerage Commissions_20260324,,,,50110,ATGN,D23300,ARB03492_USD,,,,613.8,,,,,,C03163,,,,
2156,,GJ,3/24/2026,,Wedbush_Brokerage Commissions_20260324,,,,50110,303P,D21030,ARB04021_USD,,,,264.0,,,,,,C03084,,,,
2157,,GJ,3/24/2026,,Wedbush_Brokerage Commissions_20260324,,,,50110,303P,D21030,ARB04022_USD,,,,1247.4,,,,,,C04022,,,,
2158,,GJ,3/24/2026,,Wedbush_Brokerage Commissions_20260324,,,,50110,303P,D21030,ARB04023_USD,,,,36.3,,,,,,C04023,,,,
2159,,GJ,3/24/2026,,Wedbush_Brokerage Commissions_20260324,,,,50110,303P,D21300,ARB04024_USD,,,,35.55,,,,,,C04024,,,,
2160,,GJ,3/24/2026,,Wedbush_Brokerage Commissions_20260324,,,,50110,303P,D21300,ARB04029_USD,,,,29.85,,,,,,C04029,,,,
2161,,GJ,3/24/2026,,Wedbush_Brokerage Commissions_20260324,,,,50110,303P,D21030,ARB04031_USD,,,,11981.999999999998,,,,,,C04031,,,,
2162,,GJ,3/24/2026,,Wedbush_Brokerage Commissions_20260324,,,,50110,303P,D21300,ARB04038_USD,,,,287.7,,,,,,C04038,,,,
2163,,GJ,3/24/2026,,Wedbush_Brokerage Commissions_20260324,,,,50110,303P,D21300,ARB04039_USD,,,,31.35,,,,,,C04039,,,,
2164,,GJ,3/24/2026,,Wedbush_Brokerage Commissions_20260324,,,,50110,303P,D21300,ARB04042_USD,,,,267.45,,,,,,C02044,,,,
2165,,GJ,3/24/2026,,Wedbush_Brokerage Commissions_20260324,,,,50110,303P,D21300,ARB04047_USD,,,,1064.1,,,,,,C04033,,,,
2166,,GJ,3/24/2026,,Wedbush_Brokerage Commissions_20260324,,,,50110,303P,D21300,ARB04048_USD,,,,192.15,,,,,,C04048,,,,
2167,,GJ,3/24/2026,,Wedbush_Brokerage Commissions_20260324,,,,50110,303P,D21030,ARB04049_USD,,,,404.4,,,,,,C04050,,,,
2168,,GJ,3/24/2026,,Wedbush_Brokerage Commissions_20260324,,,,50110,303P,D21300,ARB04052_USD,,,,65.1,,,,,,C04052,,,,
2169,,GJ,3/24/2026,,Wedbush_Brokerage Commissions_20260324,,,,50110,303P,D21300,ARB04053_EUR,,,,88.95,,,,,,C04053,,,,
2170,,GJ,3/24/2026,,Wedbush_Brokerage Commissions_20260324,,,,50110,303P,D21300,ARB04053_USD,,,,80.1,,,,,,C04053,,,,
2171,,GJ,3/24/2026,,Wedbush_Brokerage Commissions_20260324,,,,50110,303P,D21300,ARB04055_USD,,,,69.0,,,,,,C04054,,,,
2172,,GJ,3/24/2026,,Wedbush_Brokerage Commissions_20260324,,,,50110,303P,D21300,ARB04057_USD,,,,3178.6499999999996,,,,,,C01057,,,,
2173,,GJ,3/24/2026,,Wedbush_Brokerage Commissions_20260324,,,,50110,303P,D21300,ARB04059_USD,,,,473.7,,,,,,C04059,,,,
2174,,GJ,3/24/2026,,Wedbush_Brokerage Commissions_20260324,,,,50110,303P,D21300,ARB04062_USD,,,,223.5,,,,,,C03029,,,,
2175,,GJ,3/24/2026,,Wedbush_Brokerage Commissions_20260324,,,,50110,303P,D21300,ARB04065_USD,,,,404.7,,,,,,C00675,,,,
2176,,GJ,3/24/2026,,Wedbush_Brokerage Commissions_20260324,,,,50110,303P,D21300,ARB04066_USD,,,,379.20000000000005,,,,,,C00675,,,,
2177,,GJ,3/24/2026,,Wedbush_Brokerage Commissions_20260324,,,,50110,303P,D21300,ARB04067_USD,,,,643.0500000000001,,,,,,C00675,,,,
2178,,GJ,3/24/2026,,Wedbush_Brokerage Commissions_20260324,,,,50110,303P,D21300,ARB04068_USD,,,,934.95,,,,,,C00675,,,,
2179,,GJ,3/24/2026,,Wedbush_Brokerage Commissions_20260324,,,,50110,303P,D21300,ARB04069_USD,,,,366.9,,,,,,C00675,,,,
2180,,GJ,3/24/2026,,Wedbush_Brokerage Commissions_20260324,,,,50110,303P,D21300,ARB04070_USD,,,,39.150000000000006,,,,,,C00675,,,,
2181,,GJ,3/24/2026,,Wedbush_Brokerage Commissions_20260324,,,,50110,303P,D12000,ARB04085_USD,,,,155.4,,,,,,C02502,,,,
2182,,GJ,3/24/2026,,Wedbush_Brokerage Commissions_20260324,,,,50110,303P,D20000,ARB04088_USD,,,,23.25,,,,,,C00001,,,,
2183,,GJ,3/24/2026,,Wedbush_Brokerage Commissions_20260324,,,,50110,303P,D23300,ARB04101_USD,,,,1099.35,,,,,,C04101,,,,
2184,,GJ,3/24/2026,,Wedbush_Brokerage Commissions_20260324,,,,50110,303P,D23300,ARB04102_USD,,,,742.95,,,,,,C04102,,,,
2185,,GJ,3/24/2026,,Wedbush_Brokerage Commissions_20260324,,,,50110,303P,D23300,ARB04103_USD,,,,566.7,,,,,,C04103,,,,
2186,,GJ,3/24/2026,,Wedbush_Brokerage Commissions_20260324,,,,50110,303P,D23300,ARB04104_USD,,,,433.79999999999995,,,,,,C04104,,,,
2187,,GJ,3/24/2026,,Wedbush_Brokerage Commissions_20260324,,,,50110,303P,D23020,ARB04105_USD,,,,1394.25,,,,,,C04105,,,,
2188,,GJ,3/24/2026,,Wedbush_Brokerage Commissions_20260324,,,,50110,303P,D23020,ARB04106_USD,,,,1952.55,,,,,,C04105,,,,
2189,,GJ,3/24/2026,,Wedbush_Brokerage Commissions_20260324,,,,50110,303P,D23300,ARB04107_USD,,,,0.0,,,,,,CX4107,,,,
2190,,GJ,3/24/2026,,Wedbush_Brokerage Commissions_20260324,,,,50110,303P,D23300,ARB04108_USD,,,,6531.6,,,,,,C04108,,,,
2191,,GJ,3/24/2026,,Wedbush_Brokerage Commissions_20260324,,,,50110,303P,D23300,ARB04110_USD,,,,788.85,,,,,,C04110,,,,
2192,,GJ,3/24/2026,,Wedbush_Brokerage Commissions_20260324,,,,50110,303P,D23300,ARB04111_USD,,,,368.85,,,,,,C04111,,,,
2193,,GJ,3/24/2026,,Wedbush_Brokerage Commissions_20260324,,,,50110,303P,D23300,ARB04112_USD,,,,158.7,,,,,,C04112,,,,
2194,,GJ,3/24/2026,,Wedbush_Brokerage Commissions_20260324,,,,50110,303P,D23300,ARB04113_USD,,,,261.6,,,,,,C03122,,,,
2195,,GJ,3/24/2026,,Wedbush_Brokerage Commissions_20260324,,,,50110,303P,D23090,ARB04114_USD,,,,1905.45,,,,,,C04114,,,,
2196,,GJ,3/24/2026,,Wedbush_Brokerage Commissions_20260324,,,,50110,303P,D23300,ARB04155_USD,,,,269.1,,,,,,C04155,,,,
2197,,GJ,3/24/2026,,Wedbush_Brokerage Commissions_20260324,,,,50110,303P,D23300,ARB04156_USD,,,,250.2,,,,,,C04156,,,,
2198,,GJ,3/24/2026,,Wedbush_Brokerage Commissions_20260324,,,,50110,303P,D23010,ARB04157_USD,,,,8.1,,,,,,C01268,,,,
2199,,GJ,3/24/2026,,Wedbush_Brokerage Commissions_20260324,,,,50110,303P,D23010,ARB04158_USD,,,,0.3,,,,,,C01269,,,,
2200,,GJ,3/24/2026,,Wedbush_Brokerage Commissions_20260324,,,,50110,303P,D23010,ARB04159_USD,,,,4.2,,,,,,C01270,,,,
2201,,GJ,3/24/2026,,Wedbush_Brokerage Commissions_20260324,,,,50110,303P,D23010,ARB04160_USD,,,,134.7,,,,,,C01271,,,,
2202,,GJ,3/24/2026,,Wedbush_Brokerage Commissions_20260324,,,,50110,303P,D23010,ARB04161_USD,,,,53.4,,,,,,C01272,,,,
2203,,GJ,3/24/2026,,Wedbush_Brokerage Commissions_20260324,,,,50110,303P,D23010,ARB04162_USD,,,,19.5,,,,,,C01273,,,,
2204,,GJ,3/24/2026,,Wedbush_Brokerage Commissions_20260324,,,,50110,303P,D23100,ARB04163_USD,,,,242.1,,,,,,C01274,,,,
2205,,GJ,3/24/2026,,Wedbush_Brokerage Commissions_20260324,,,,50110,303P,D23100,ARB04164_USD,,,,427.2,,,,,,C01275,,,,
2206,,GJ,3/24/2026,,Wedbush_Brokerage Commissions_20260324,,,,50110,303P,D23100,ARB04165_USD,,,,323.7,,,,,,C01276,,,,
2207,,GJ,3/24/2026,,Wedbush_Brokerage Commissions_20260324,,,,50110,303P,D23100,ARB04166_USD,,,,868.8,,,,,,C01277,,,,
2208,,GJ,3/24/2026,,Wedbush_Brokerage Commissions_20260324,,,,50110,303P,D23100,ARB04167_USD,,,,354.29999999999995,,,,,,C01278,,,,
2209,,GJ,3/24/2026,,Wedbush_Brokerage Commissions_20260324,,,,50110,303P,D23100,ARB04168_USD,,,,593.1,,,,,,C01279,,,,
2210,,GJ,3/24/2026,,Wedbush_Brokerage Commissions_20260324,,,,50110,ATGN,D24010,ARB04336_USD,,,,0.0,,,,,,C00650,,,,
2211,,GJ,3/24/2026,,Wedbush_Brokerage Commissions_20260324,,,,50110,ATGN,D24010,ARB04345_USD,,,,2654.65,,,,,,C00650,,,,
2212,,GJ,3/24/2026,,Wedbush_Brokerage Commissions_20260324,,,,50110,ATGN,D21300,ARB04348_EUR,,,,1.8,,,,,,C04048,,,,
2213,,GJ,3/24/2026,,Wedbush_Brokerage Commissions_20260324,,,,50110,ATGN,D21300,ARB04348_GBP,,,,0.0,,,,,,C04048,,,,
2214,,GJ,3/24/2026,,Wedbush_Brokerage Commissions_20260324,,,,50110,ATGN,D21300,ARB04348_USD,,,,25.200000000000003,,,,,,C04048,,,,
2215,,GJ,3/24/2026,,Wedbush_Brokerage Commissions_20260324,,,,50110,ATGN,D21300,ARB04357_EUR,,,,246.15,,,,,,C01057,,,,
2216,,GJ,3/24/2026,,Wedbush_Brokerage Commissions_20260324,,,,50110,ATGN,D21300,ARB04357_GBP,,,,0.0,,,,,,C01057,,,,
2217,,GJ,3/24/2026,,Wedbush_Brokerage Commissions_20260324,,,,50110,ATGN,D23300,ARB04401_USD,,,,2472.75,,,,,,C04101,,,,
2218,,GJ,3/24/2026,,Wedbush_Brokerage Commissions_20260324,,,,50110,ATGN,D23300,ARB04402_USD,,,,4342.2,,,,,,C04102,,,,
2219,,GJ,3/24/2026,,Wedbush_Brokerage Commissions_20260324,,,,50110,ATGN,D23300,ARB04403_USD,,,,32.4,,,,,,C04103,,,,
2220,,GJ,3/24/2026,,Wedbush_Brokerage Commissions_20260324,,,,50110,ATGN,D23300,ARB04404_EUR,,,,1.2,,,,,,C04104,,,,
2221,,GJ,3/24/2026,,Wedbush_Brokerage Commissions_20260324,,,,50110,ATGN,D23300,ARB04404_GBP,,,,0.0,,,,,,C04104,,,,
2222,,GJ,3/24/2026,,Wedbush_Brokerage Commissions_20260324,,,,50110,ATGN,D23300,ARB04404_USD,,,,1486.1999999999998,,,,,,C04104,,,,
2223,,GJ,3/24/2026,,Wedbush_Brokerage Commissions_20260324,,,,50110,ATGN,D23020,ARB04405_CAD,,,,0.0,,,,,,C04105,,,,
2224,,GJ,3/24/2026,,Wedbush_Brokerage Commissions_20260324,,,,50110,ATGN,D23020,ARB04405_EUR,,,,20.4,,,,,,C04105,,,,
2225,,GJ,3/24/2026,,Wedbush_Brokerage Commissions_20260324,,,,50110,ATGN,D23020,ARB04405_GBP,,,,0.0,,,,,,C04105,,,,
2226,,GJ,3/24/2026,,Wedbush_Brokerage Commissions_20260324,,,,50110,ATGN,D23020,ARB04405_USD,,,,217.8,,,,,,C04105,,,,
2227,,GJ,3/24/2026,,Wedbush_Brokerage Commissions_20260324,,,,50110,ATGN,D23020,ARB04406_CAD,,,,0.0,,,,,,C04105,,,,
2228,,GJ,3/24/2026,,Wedbush_Brokerage Commissions_20260324,,,,50110,ATGN,D23020,ARB04406_EUR,,,,9.6,,,,,,C04105,,,,
2229,,GJ,3/24/2026,,Wedbush_Brokerage Commissions_20260324,,,,50110,ATGN,D23020,ARB04406_GBP,,,,0.0,,,,,,C04105,,,,
2230,,GJ,3/24/2026,,Wedbush_Brokerage Commissions_20260324,,,,50110,ATGN,D23020,ARB04406_USD,,,,198.89999999999998,,,,,,C04105,,,,
2231,,GJ,3/24/2026,,Wedbush_Brokerage Commissions_20260324,,,,50110,ATGN,D23300,ARB04408_EUR,,,,1380.3000000000002,,,,,,C04108,,,,
2232,,GJ,3/24/2026,,Wedbush_Brokerage Commissions_20260324,,,,50110,ATGN,D23300,ARB04408_GBP,,,,0.0,,,,,,C04108,,,,
2233,,GJ,3/24/2026,,Wedbush_Brokerage Commissions_20260324,,,,50110,ATGN,D23300,ARB04410_USD,,,,1781.1,,,,,,C04110,,,,
2234,,GJ,3/24/2026,,Wedbush_Brokerage Commissions_20260324,,,,50110,ATGN,D23300,ARB04413_EUR,,,,0.9,,,,,,C03122,,,,
2235,,GJ,3/24/2026,,Wedbush_Brokerage Commissions_20260324,,,,50110,ATGN,D23300,ARB04413_GBP,,,,0.0,,,,,,C03122,,,,
2236,,GJ,3/24/2026,,Wedbush_Brokerage Commissions_20260324,,,,50110,ATGN,D23300,ARB04413_USD,,,,19.65,,,,,,C03122,,,,
2237,,GJ,3/24/2026,,Wedbush_Brokerage Commissions_20260324,,,,50110,ATGN,D23020,ARB04451_EUR,,,,397.8,,,,,,C01266,,,,
2238,,GJ,3/24/2026,,Wedbush_Brokerage Commissions_20260324,,,,50110,ATGN,D23020,ARB04451_GBP,,,,0.0,,,,,,C01266,,,,
2239,,GJ,3/24/2026,,Wedbush_Brokerage Commissions_20260324,,,,50110,ATGN,D23020,ARB04451_USD,,,,308.4,,,,,,C01266,,,,
2240,,GJ,3/24/2026,,Wedbush_Brokerage Commissions_20260324,,,,50110,ATGN,D23020,ARB04452_EUR,,,,195.3,,,,,,C01265,,,,
2241,,GJ,3/24/2026,,Wedbush_Brokerage Commissions_20260324,,,,50110,ATGN,D23020,ARB04452_GBP,,,,0.0,,,,,,C01265,,,,
2242,,GJ,3/24/2026,,Wedbush_Brokerage Commissions_20260324,,,,50110,ATGN,D23020,ARB04452_USD,,,,137.1,,,,,,C01265,,,,
2243,,GJ,3/24/2026,,Wedbush_Brokerage Commissions_20260324,,,,50110,ATGN,D23020,ARB04454_EUR,,,,394.5,,,,,,C01261,,,,
2244,,GJ,3/24/2026,,Wedbush_Brokerage Commissions_20260324,,,,50110,ATGN,D23020,ARB04454_GBP,,,,0.0,,,,,,C01261,,,,
2245,,GJ,3/24/2026,,Wedbush_Brokerage Commissions_20260324,,,,50110,ATGN,D23020,ARB04454_USD,,,,254.7,,,,,,C01261,,,,
2246,,GJ,3/24/2026,,Wedbush_Brokerage Commissions_20260324,,,,50110,303P,D21300,ARB05057_EUR,,,,0.0,,,,,,C01057,,,,
2247,,GJ,3/24/2026,,Wedbush_Brokerage Commissions_20260324,,,,50110,303P,D21300,ARB05057_USD,,,,651.75,,,,,,C01057,,,,
2248,,GJ,3/24/2026,,Wedbush_Brokerage Commissions_20260324,,,,50110,ATGN,D21300,ARB05357_EUR,,,,154090.05,,,,,,C01057,,,,
2249,,GJ,3/24/2026,,Wedbush_Brokerage Commissions_20260324,,,,50110,ATGN,D21300,ARB05357_GBP,,,,0.0,,,,,,C01057,,,,
2250,,GJ,3/24/2026,,Wedbush_Brokerage Commissions_20260324,,,,50110,303P,D21300,ARB06057_USD,,,,3109.35,,,,,,C01057,,,,
2251,,GJ,3/24/2026,,Wedbush_Brokerage Commissions_20260324,,,,50110,ATGN,D21300,ARB06357_USD,,,,771.3,,,,,,C01057,,,,
2252,,GJ,3/24/2026,,Wedbush_Clearing and Exchange Fees_20260324,,,,12100,303P,D24300,ARB00017_USD,,,,,28.5,,,,,C00017,,,,
2253,,GJ,3/24/2026,,Wedbush_Clearing and Exchange Fees_20260324,,,,12100,303P,D24300,ARB00020_USD,,,,,5494.91,,,,,C00020,,,,
2254,,GJ,3/24/2026,,Wedbush_Clearing and Exchange Fees_20260324,,,,12100,303P,D21300,ARB00033_USD,,,,,4023.3700000000003,,,,,C00033,,,,
2255,,GJ,3/24/2026,,Wedbush_Clearing and Exchange Fees_20260324,,,,12100,303P,D21300,ARB00054_USD,,,,,11882.519999999999,,,,,C00054,,,,
2256,,GJ,3/24/2026,,Wedbush_Clearing and Exchange Fees_20260324,,,,12100,303P,D21300,ARB00055_USD,,,,,1248.1,,,,,C00054,,,,
2257,,GJ,3/24/2026,,Wedbush_Clearing and Exchange Fees_20260324,,,,12100,303P,D21300,ARB00068_USD,,,,,5262.68,,,,,C03068,,,,
2258,,GJ,3/24/2026,,Wedbush_Clearing and Exchange Fees_20260324,,,,12100,303P,D21300,ARB00090_USD,,,,,3494.0,,,,,C00090,,,,
2259,,GJ,3/24/2026,,Wedbush_Clearing and Exchange Fees_20260324,,,,12100,303P,D23300,ARB00110_USD,,,,,708.4599999999999,,,,,C00110,,,,
2260,,GJ,3/24/2026,,Wedbush_Clearing and Exchange Fees_20260324,,,,12100,303P,D23300,ARB00112_USD,,,,,1572.44,,,,,C00112,,,,
2261,,GJ,3/24/2026,,Wedbush_Clearing and Exchange Fees_20260324,,,,12100,303P,D23300,ARB00113_USD,,,,,356.24,,,,,C00112,,,,
2262,,GJ,3/24/2026,,Wedbush_Clearing and Exchange Fees_20260324,,,,12100,303P,D23300,ARB00122_USD,,,,,17.12,,,,,C00122,,,,
2263,,GJ,3/24/2026,,Wedbush_Clearing and Exchange Fees_20260324,,,,12100,303P,D23080,ARB00123_USD,,,,,905.86,,,,,C01231,,,,
2264,,GJ,3/24/2026,,Wedbush_Clearing and Exchange Fees_20260324,,,,12100,303P,D23020,ARB00124_USD,,,,,1677.85,,,,,C00124,,,,
2265,,GJ,3/24/2026,,Wedbush_Clearing and Exchange Fees_20260324,,,,12100,303P,D23020,ARB00126_USD,,,,,359.59000000000003,,,,,C00426,,,,
2266,,GJ,3/24/2026,,Wedbush_Clearing and Exchange Fees_20260324,,,,12100,303P,D23300,ARB00132_USD,,,,,437.92,,,,,C00132,,,,
2267,,GJ,3/24/2026,,Wedbush_Clearing and Exchange Fees_20260324,,,,12100,303P,D23300,ARB00135_USD,,,,,8.16,,,,,C00135,,,,
2268,,GJ,3/24/2026,,Wedbush_Clearing and Exchange Fees_20260324,,,,12100,303P,D23020,ARB00143_USD,,,,,477.63,,,,,C00125,,,,
2269,,GJ,3/24/2026,,Wedbush_Clearing and Exchange Fees_20260324,,,,12100,303P,D23020,ARB00146_USD,,,,,109.86,,,,,C00146,,,,
2270,,GJ,3/24/2026,,Wedbush_Clearing and Exchange Fees_20260324,,,,12100,303P,D23300,ARB00149_USD,,,,,3904.48,,,,,C00149,,,,
2271,,GJ,3/24/2026,,Wedbush_Clearing and Exchange Fees_20260324,,,,12100,303P,D23300,ARB00156_USD,,,,,13498.24,,,,,C00156,,,,
2272,,GJ,3/24/2026,,Wedbush_Clearing and Exchange Fees_20260324,,,,12100,303P,D23300,ARB00159_USD,,,,,51.68,,,,,C00159,,,,
2273,,GJ,3/24/2026,,Wedbush_Clearing and Exchange Fees_20260324,,,,12100,303P,D23010,ARB00160_USD,,,,,2099.0,,,,,C00160,,,,
2274,,GJ,3/24/2026,,Wedbush_Clearing and Exchange Fees_20260324,,,,12100,303P,D23010,ARB00161_USD,,,,,319.89,,,,,C00161,,,,
2275,,GJ,3/24/2026,,Wedbush_Clearing and Exchange Fees_20260324,,,,12100,303P,D23010,ARB00169_USD,,,,,10059.169999999998,,,,,C00469,,,,
2276,,GJ,3/24/2026,,Wedbush_Clearing and Exchange Fees_20260324,,,,12100,303P,D23060,ARB00186_USD,,,,,2933.94,,,,,C00186,,,,
2277,,GJ,3/24/2026,,Wedbush_Clearing and Exchange Fees_20260324,,,,12100,303P,D23060,ARB00188_USD,,,,,244.14000000000001,,,,,C00186,,,,
2278,,GJ,3/24/2026,,Wedbush_Clearing and Exchange Fees_20260324,,,,12100,303P,D23300,ARB00193_USD,,,,,5764.0,,,,,C00193,,,,
2279,,GJ,3/24/2026,,Wedbush_Clearing and Exchange Fees_20260324,,,,12100,303P,D23300,ARB00194_USD,,,,,10526.27,,,,,C00194,,,,
2280,,GJ,3/24/2026,,Wedbush_Clearing and Exchange Fees_20260324,,,,12100,303P,D22000,ARB00201_USD,,,,,77.89,,,,,C00201,,,,
2281,,GJ,3/24/2026,,Wedbush_Clearing and Exchange Fees_20260324,,,,12100,303P,D22000,ARB00203_USD,,,,,256.15,,,,,C00203,,,,
2282,,GJ,3/24/2026,,Wedbush_Clearing and Exchange Fees_20260324,,,,12100,303P,D22000,ARB00214_USD,,,,,1186.47,,,,,C00214,,,,
2283,,GJ,3/24/2026,,Wedbush_Clearing and Exchange Fees_20260324,,,,12100,303P,D22000,ARB00215_USD,,,,,16122.89,,,,,C00215,,,,
2284,,GJ,3/24/2026,,Wedbush_Clearing and Exchange Fees_20260324,,,,12100,303P,D22000,ARB00220_USD,,,,,4505.2300000000005,,,,,C00220,,,,
2285,,GJ,3/24/2026,,Wedbush_Clearing and Exchange Fees_20260324,,,,12100,303P,D22000,ARB00257_USD,,,,,23829.16,,,,,C00257,,,,
2286,,GJ,3/24/2026,,Wedbush_Clearing and Exchange Fees_20260324,,,,12100,303P,D22000,ARB00267_USD,,,,,1007.5699999999999,,,,,C00267,,,,
2287,,GJ,3/24/2026,,Wedbush_Clearing and Exchange Fees_20260324,,,,12100,ATGN,D24300,ARB00320_EUR,,,,,122.4,,,,,C00020,,,,
2288,,GJ,3/24/2026,,Wedbush_Clearing and Exchange Fees_20260324,,,,12100,ATGN,D24300,ARB00320_GBP,,,,,11616.8,,,,,C00020,,,,
2289,,GJ,3/24/2026,,Wedbush_Clearing and Exchange Fees_20260324,,,,12100,ATGN,D21300,ARB00333_EUR,,,,,0.0,,,,,C00033,,,,
2290,,GJ,3/24/2026,,Wedbush_Clearing and Exchange Fees_20260324,,,,12100,ATGN,D21300,ARB00333_GBP,,,,,2291.2799999999997,,,,,C00033,,,,
2291,,GJ,3/24/2026,,Wedbush_Clearing and Exchange Fees_20260324,,,,12100,ATGN,D21300,ARB00354_USD,,,,,1919.8700000000001,,,,,C00054,,,,
2292,,GJ,3/24/2026,,Wedbush_Clearing and Exchange Fees_20260324,,,,12100,ATGN,D21300,ARB00355_EUR,,,,,0.0,,,,,C00054,,,,
2293,,GJ,3/24/2026,,Wedbush_Clearing and Exchange Fees_20260324,,,,12100,ATGN,D21300,ARB00355_GBP,,,,,617.28,,,,,C00054,,,,
2294,,GJ,3/24/2026,,Wedbush_Clearing and Exchange Fees_20260324,,,,12100,ATGN,D21300,ARB00390_CAD,,,,,0.0,,,,,C00090,,,,
2295,,GJ,3/24/2026,,Wedbush_Clearing and Exchange Fees_20260324,,,,12100,ATGN,D21300,ARB00390_USD,,,,,14816.939999999999,,,,,C00090,,,,
2296,,GJ,3/24/2026,,Wedbush_Clearing and Exchange Fees_20260324,,,,12100,ATGN,D23300,ARB00410_EUR,,,,,0.0,,,,,C00110,,,,
2297,,GJ,3/24/2026,,Wedbush_Clearing and Exchange Fees_20260324,,,,12100,ATGN,D23300,ARB00410_GBP,,,,,5.46,,,,,C00110,,,,
2298,,GJ,3/24/2026,,Wedbush_Clearing and Exchange Fees_20260324,,,,12100,ATGN,D23300,ARB00412_EUR,,,,,1096.8000000000002,,,,,C00112,,,,
2299,,GJ,3/24/2026,,Wedbush_Clearing and Exchange Fees_20260324,,,,12100,ATGN,D23300,ARB00412_GBP,,,,,3301.44,,,,,C00112,,,,
2300,,GJ,3/24/2026,,Wedbush_Clearing and Exchange Fees_20260324,,,,12100,ATGN,D23300,ARB00412_USD,,,,,410.05999999999995,,,,,C00112,,,,
2301,,GJ,3/24/2026,,Wedbush_Clearing and Exchange Fees_20260324,,,,12100,ATGN,D23300,ARB00422_EUR,,,,,0.0,,,,,C00122,,,,
2302,,GJ,3/24/2026,,Wedbush_Clearing and Exchange Fees_20260324,,,,12100,ATGN,D23300,ARB00422_GBP,,,,,273.2,,,,,C00122,,,,
2303,,GJ,3/24/2026,,Wedbush_Clearing and Exchange Fees_20260324,,,,12100,ATGN,D23300,ARB00422_USD,,,,,15066.939999999999,,,,,C00122,,,,
2304,,GJ,3/24/2026,,Wedbush_Clearing and Exchange Fees_20260324,,,,12100,ATGN,D23080,ARB00423_CAD,,,,,0.0,,,,,C01231,,,,
2305,,GJ,3/24/2026,,Wedbush_Clearing and Exchange Fees_20260324,,,,12100,ATGN,D23080,ARB00423_EUR,,,,,0.0,,,,,C01231,,,,
2306,,GJ,3/24/2026,,Wedbush_Clearing and Exchange Fees_20260324,,,,12100,ATGN,D23080,ARB00423_GBP,,,,,130.24,,,,,C01231,,,,
2307,,GJ,3/24/2026,,Wedbush_Clearing and Exchange Fees_20260324,,,,12100,ATGN,D23080,ARB00423_USD,,,,,45915.94,,,,,C01231,,,,
2308,,GJ,3/24/2026,,Wedbush_Clearing and Exchange Fees_20260324,,,,12100,ATGN,D23020,ARB00424_CAD,,,,,0.0,,,,,C00124,,,,
2309,,GJ,3/24/2026,,Wedbush_Clearing and Exchange Fees_20260324,,,,12100,ATGN,D23020,ARB00424_EUR,,,,,0.0,,,,,C00124,,,,
2310,,GJ,3/24/2026,,Wedbush_Clearing and Exchange Fees_20260324,,,,12100,ATGN,D23020,ARB00424_GBP,,,,,1585.6,,,,,C00124,,,,
2311,,GJ,3/24/2026,,Wedbush_Clearing and Exchange Fees_20260324,,,,12100,ATGN,D23020,ARB00424_USD,,,,,31295.86,,,,,C00124,,,,
2312,,GJ,3/24/2026,,Wedbush_Clearing and Exchange Fees_20260324,,,,12100,ATGN,D23020,ARB00425_CAD,,,,,0.0,,,,,C00125,,,,
2313,,GJ,3/24/2026,,Wedbush_Clearing and Exchange Fees_20260324,,,,12100,ATGN,D23020,ARB00425_EUR,,,,,0.0,,,,,C00125,,,,
2314,,GJ,3/24/2026,,Wedbush_Clearing and Exchange Fees_20260324,,,,12100,ATGN,D23020,ARB00425_GBP,,,,,1158.62,,,,,C00125,,,,
2315,,GJ,3/24/2026,,Wedbush_Clearing and Exchange Fees_20260324,,,,12100,ATGN,D23020,ARB00425_USD,,,,,68426.02,,,,,C00125,,,,
2316,,GJ,3/24/2026,,Wedbush_Clearing and Exchange Fees_20260324,,,,12100,ATGN,D23020,ARB00426_CAD,,,,,0.0,,,,,C00426,,,,
2317,,GJ,3/24/2026,,Wedbush_Clearing and Exchange Fees_20260324,,,,12100,ATGN,D23020,ARB00426_EUR,,,,,0.0,,,,,C00426,,,,
2318,,GJ,3/24/2026,,Wedbush_Clearing and Exchange Fees_20260324,,,,12100,ATGN,D23020,ARB00426_GBP,,,,,366.97,,,,,C00426,,,,
2319,,GJ,3/24/2026,,Wedbush_Clearing and Exchange Fees_20260324,,,,12100,ATGN,D23020,ARB00426_USD,,,,,21547.74,,,,,C00426,,,,
2320,,GJ,3/24/2026,,Wedbush_Clearing and Exchange Fees_20260324,,,,12100,ATGN,D23300,ARB00432_EUR,,,,,0.0,,,,,C00132,,,,
2321,,GJ,3/24/2026,,Wedbush_Clearing and Exchange Fees_20260324,,,,12100,ATGN,D23300,ARB00432_GBP,,,,,3382.5600000000004,,,,,C00132,,,,
2322,,GJ,3/24/2026,,Wedbush_Clearing and Exchange Fees_20260324,,,,12100,ATGN,D23300,ARB00432_USD,,,,,1463.27,,,,,C00132,,,,
2323,,GJ,3/24/2026,,Wedbush_Clearing and Exchange Fees_20260324,,,,12100,ATGN,D23300,ARB00435_EUR,,,,,0.0,,,,,C00135,,,,
2324,,GJ,3/24/2026,,Wedbush_Clearing and Exchange Fees_20260324,,,,12100,ATGN,D23300,ARB00435_GBP,,,,,67.08,,,,,C00135,,,,
2325,,GJ,3/24/2026,,Wedbush_Clearing and Exchange Fees_20260324,,,,12100,ATGN,D23300,ARB00435_USD,,,,,30210.6,,,,,C00135,,,,
2326,,GJ,3/24/2026,,Wedbush_Clearing and Exchange Fees_20260324,,,,12100,ATGN,D23020,ARB00442_EUR,,,,,0.0,,,,,C00124,,,,
2327,,GJ,3/24/2026,,Wedbush_Clearing and Exchange Fees_20260324,,,,12100,ATGN,D23020,ARB00442_GBP,,,,,11.06,,,,,C00124,,,,
2328,,GJ,3/24/2026,,Wedbush_Clearing and Exchange Fees_20260324,,,,12100,ATGN,D23020,ARB00442_USD,,,,,1058.4,,,,,C00124,,,,
2329,,GJ,3/24/2026,,Wedbush_Clearing and Exchange Fees_20260324,,,,12100,ATGN,D23020,ARB00443_USD,,,,,252.0,,,,,C00125,,,,
2330,,GJ,3/24/2026,,Wedbush_Clearing and Exchange Fees_20260324,,,,12100,ATGN,D23020,ARB00444_USD,,,,,16.8,,,,,C00426,,,,
2331,,GJ,3/24/2026,,Wedbush_Clearing and Exchange Fees_20260324,,,,12100,ATGN,D23020,ARB00446_EUR,,,,,0.0,,,,,C00146,,,,
2332,,GJ,3/24/2026,,Wedbush_Clearing and Exchange Fees_20260324,,,,12100,ATGN,D23020,ARB00446_GBP,,,,,1434.35,,,,,C00146,,,,
2333,,GJ,3/24/2026,,Wedbush_Clearing and Exchange Fees_20260324,,,,12100,ATGN,D23020,ARB00446_USD,,,,,20757.72,,,,,C00146,,,,
2334,,GJ,3/24/2026,,Wedbush_Clearing and Exchange Fees_20260324,,,,12100,ATGN,D23300,ARB00449_EUR,,,,,0.0,,,,,C00149,,,,
2335,,GJ,3/24/2026,,Wedbush_Clearing and Exchange Fees_20260324,,,,12100,ATGN,D23300,ARB00449_GBP,,,,,123.32000000000001,,,,,C00149,,,,
2336,,GJ,3/24/2026,,Wedbush_Clearing and Exchange Fees_20260324,,,,12100,ATGN,D23300,ARB00449_USD,,,,,14019.119999999999,,,,,C00149,,,,
2337,,GJ,3/24/2026,,Wedbush_Clearing and Exchange Fees_20260324,,,,12100,ATGN,D23300,ARB00456_EUR,,,,,0.0,,,,,C00156,,,,
2338,,GJ,3/24/2026,,Wedbush_Clearing and Exchange Fees_20260324,,,,12100,ATGN,D23300,ARB00456_GBP,,,,,11854.08,,,,,C00156,,,,
2339,,GJ,3/24/2026,,Wedbush_Clearing and Exchange Fees_20260324,,,,12100,ATGN,D23300,ARB00456_USD,,,,,16916.58,,,,,C00156,,,,
2340,,GJ,3/24/2026,,Wedbush_Clearing and Exchange Fees_20260324,,,,12100,ATGN,D23010,ARB00460_CAD,,,,,0.0,,,,,C00160,,,,
2341,,GJ,3/24/2026,,Wedbush_Clearing and Exchange Fees_20260324,,,,12100,ATGN,D23010,ARB00460_USD,,,,,4406.6,,,,,C00160,,,,
2342,,GJ,3/24/2026,,Wedbush_Clearing and Exchange Fees_20260324,,,,12100,ATGN,D23010,ARB00461_CAD,,,,,0.0,,,,,C00161,,,,
2343,,GJ,3/24/2026,,Wedbush_Clearing and Exchange Fees_20260324,,,,12100,ATGN,D23010,ARB00461_USD,,,,,246.5,,,,,C00161,,,,
2344,,GJ,3/24/2026,,Wedbush_Clearing and Exchange Fees_20260324,,,,12100,ATGN,D23010,ARB00469_CAD,,,,,0.0,,,,,C00469,,,,
2345,,GJ,3/24/2026,,Wedbush_Clearing and Exchange Fees_20260324,,,,12100,ATGN,D23010,ARB00469_EUR,,,,,0.0,,,,,C00469,,,,
2346,,GJ,3/24/2026,,Wedbush_Clearing and Exchange Fees_20260324,,,,12100,ATGN,D23010,ARB00469_GBP,,,,,281.03,,,,,C00469,,,,
2347,,GJ,3/24/2026,,Wedbush_Clearing and Exchange Fees_20260324,,,,12100,ATGN,D23010,ARB00469_USD,,,,,23522.76,,,,,C00469,,,,
2348,,GJ,3/24/2026,,Wedbush_Clearing and Exchange Fees_20260324,,,,12100,ATGN,D23060,ARB00486_EUR,,,,,0.0,,,,,C00186,,,,
2349,,GJ,3/24/2026,,Wedbush_Clearing and Exchange Fees_20260324,,,,12100,ATGN,D23060,ARB00486_GBP,,,,,20.28,,,,,C00186,,,,
2350,,GJ,3/24/2026,,Wedbush_Clearing and Exchange Fees_20260324,,,,12100,ATGN,D23060,ARB00486_USD,,,,,4403.04,,,,,C00186,,,,
2351,,GJ,3/24/2026,,Wedbush_Clearing and Exchange Fees_20260324,,,,12100,ATGN,D23060,ARB00488_EUR,,,,,0.0,,,,,C00186,,,,
2352,,GJ,3/24/2026,,Wedbush_Clearing and Exchange Fees_20260324,,,,12100,ATGN,D23060,ARB00488_GBP,,,,,6.24,,,,,C00186,,,,
2353,,GJ,3/24/2026,,Wedbush_Clearing and Exchange Fees_20260324,,,,12100,ATGN,D23060,ARB00488_USD,,,,,802.3199999999999,,,,,C00186,,,,
2354,,GJ,3/24/2026,,Wedbush_Clearing and Exchange Fees_20260324,,,,12100,ATGN,D23300,ARB00493_CAD,,,,,0.0,,,,,C00193,,,,
2355,,GJ,3/24/2026,,Wedbush_Clearing and Exchange Fees_20260324,,,,12100,ATGN,D23300,ARB00493_EUR,,,,,0.0,,,,,C00193,,,,
2356,,GJ,3/24/2026,,Wedbush_Clearing and Exchange Fees_20260324,,,,12100,ATGN,D23300,ARB00493_GBP,,,,,1033.5,,,,,C00193,,,,
2357,,GJ,3/24/2026,,Wedbush_Clearing and Exchange Fees_20260324,,,,12100,ATGN,D23300,ARB00493_USD,,,,,8383.32,,,,,C00193,,,,
2358,,GJ,3/24/2026,,Wedbush_Clearing and Exchange Fees_20260324,,,,12100,ATGN,D23300,ARB00494_CAD,,,,,0.0,,,,,C00194,,,,
2359,,GJ,3/24/2026,,Wedbush_Clearing and Exchange Fees_20260324,,,,12100,ATGN,D23300,ARB00494_EUR,,,,,0.0,,,,,C00194,,,,
2360,,GJ,3/24/2026,,Wedbush_Clearing and Exchange Fees_20260324,,,,12100,ATGN,D23300,ARB00494_GBP,,,,,561.86,,,,,C00194,,,,
2361,,GJ,3/24/2026,,Wedbush_Clearing and Exchange Fees_20260324,,,,12100,ATGN,D23300,ARB00494_USD,,,,,36091.56,,,,,C00194,,,,
2362,,GJ,3/24/2026,,Wedbush_Clearing and Exchange Fees_20260324,,,,12100,ATGN,D22000,ARB00501_EUR,,,,,0.0,,,,,C00201,,,,
2363,,GJ,3/24/2026,,Wedbush_Clearing and Exchange Fees_20260324,,,,12100,ATGN,D22000,ARB00501_GBP,,,,,68.88,,,,,C00201,,,,
2364,,GJ,3/24/2026,,Wedbush_Clearing and Exchange Fees_20260324,,,,12100,ATGN,D22000,ARB00503_EUR,,,,,0.0,,,,,C00203,,,,
2365,,GJ,3/24/2026,,Wedbush_Clearing and Exchange Fees_20260324,,,,12100,ATGN,D22000,ARB00503_GBP,,,,,9.36,,,,,C00203,,,,
2366,,GJ,3/24/2026,,Wedbush_Clearing and Exchange Fees_20260324,,,,12100,ATGN,D22000,ARB00503_USD,,,,,1146.28,,,,,C00203,,,,
2367,,GJ,3/24/2026,,Wedbush_Clearing and Exchange Fees_20260324,,,,12100,ATGN,D22000,ARB00514_EUR,,,,,0.0,,,,,C00214,,,,
2368,,GJ,3/24/2026,,Wedbush_Clearing and Exchange Fees_20260324,,,,12100,ATGN,D22000,ARB00514_GBP,,,,,145.84,,,,,C00214,,,,
2369,,GJ,3/24/2026,,Wedbush_Clearing and Exchange Fees_20260324,,,,12100,ATGN,D22000,ARB00520_EUR,,,,,0.0,,,,,C00220,,,,
2370,,GJ,3/24/2026,,Wedbush_Clearing and Exchange Fees_20260324,,,,12100,ATGN,D22000,ARB00520_GBP,,,,,659.6,,,,,C00220,,,,
2371,,GJ,3/24/2026,,Wedbush_Clearing and Exchange Fees_20260324,,,,12100,ATGN,D22000,ARB00557_EUR,,,,,0.0,,,,,C00257,,,,
2372,,GJ,3/24/2026,,Wedbush_Clearing and Exchange Fees_20260324,,,,12100,ATGN,D22000,ARB00557_GBP,,,,,500.64000000000004,,,,,C00257,,,,
2373,,GJ,3/24/2026,,Wedbush_Clearing and Exchange Fees_20260324,,,,12100,ATGN,D22000,ARB00567_EUR,,,,,0.0,,,,,C00267,,,,
2374,,GJ,3/24/2026,,Wedbush_Clearing and Exchange Fees_20260324,,,,12100,ATGN,D22000,ARB00567_GBP,,,,,199.82000000000002,,,,,C00267,,,,
2375,,GJ,3/24/2026,,Wedbush_Clearing and Exchange Fees_20260324,,,,12100,ATGN,D22000,ARB00567_USD,,,,,992.04,,,,,C00267,,,,
2376,,GJ,3/24/2026,,Wedbush_Clearing and Exchange Fees_20260324,,,,12100,303S,D21300,ARB00754_USD,,,,,5718.589999999999,,,,,C00754,,,,
2377,,GJ,3/24/2026,,Wedbush_Clearing and Exchange Fees_20260324,,,,12100,303S,D21030,ARB00765_USD,,,,,53.24,,,,,C00765,,,,
2378,,GJ,3/24/2026,,Wedbush_Clearing and Exchange Fees_20260324,,,,12100,303P,D21030,ARB01002_USD,,,,,153.68,,,,,C01064,,,,
2379,,GJ,3/24/2026,,Wedbush_Clearing and Exchange Fees_20260324,,,,12100,303P,D21300,ARB01057_MXN,,,,,0.0,,,,,C01057,,,,
2380,,GJ,3/24/2026,,Wedbush_Clearing and Exchange Fees_20260324,,,,12100,303P,D21300,ARB01057_USD,,,,,509.29999999999995,,,,,C01057,,,,
2381,,GJ,3/24/2026,,Wedbush_Clearing and Exchange Fees_20260324,,,,12100,303P,D21030,ARB01063_JPY,,,,,0.0,,,,,C01063,,,,
2382,,GJ,3/24/2026,,Wedbush_Clearing and Exchange Fees_20260324,,,,12100,303P,D21030,ARB01063_USD,,,,,11171.72,,,,,C01063,,,,
2383,,GJ,3/24/2026,,Wedbush_Clearing and Exchange Fees_20260324,,,,12100,303P,D21030,ARB01064_USD,,,,,2933.1600000000003,,,,,C01064,,,,
2384,,GJ,3/24/2026,,Wedbush_Clearing and Exchange Fees_20260324,,,,12100,303P,D21030,ARB01065_USD,,,,,395.36,,,,,C01065,,,,
2385,,GJ,3/24/2026,,Wedbush_Clearing and Exchange Fees_20260324,,,,12100,303P,D21030,ARB01066_USD,,,,,444.40000000000003,,,,,C01066,,,,
2386,,GJ,3/24/2026,,Wedbush_Clearing and Exchange Fees_20260324,,,,12100,303P,D21030,ARB01067_USD,,,,,29.6,,,,,C01067,,,,
2387,,GJ,3/24/2026,,Wedbush_Clearing and Exchange Fees_20260324,,,,12100,303P,D21030,ARB01071_USD,,,,,7111.92,,,,,C01071,,,,
2388,,GJ,3/24/2026,,Wedbush_Clearing and Exchange Fees_20260324,,,,12100,303P,D21030,ARB01076_USD,,,,,12247.119999999999,,,,,C01076,,,,
2389,,GJ,3/24/2026,,Wedbush_Clearing and Exchange Fees_20260324,,,,12100,303P,D21030,ARB01078_USD,,,,,3476.42,,,,,C01078,,,,
2390,,GJ,3/24/2026,,Wedbush_Clearing and Exchange Fees_20260324,,,,12100,303P,D21030,ARB01092_USD,,,,,22868.24,,,,,C01092,,,,
2391,,GJ,3/24/2026,,Wedbush_Clearing and Exchange Fees_20260324,,,,12100,303P,D23020,ARB01117_USD,,,,,16.8,,,,,C01117,,,,
2392,,GJ,3/24/2026,,Wedbush_Clearing and Exchange Fees_20260324,,,,12100,303P,D23300,ARB01145_USD,,,,,14426.52,,,,,C01145,,,,
2393,,GJ,3/24/2026,,Wedbush_Clearing and Exchange Fees_20260324,,,,12100,303P,D23010,ARB01157_USD,,,,,3898.7200000000003,,,,,C01157,,,,
2394,,GJ,3/24/2026,,Wedbush_Clearing and Exchange Fees_20260324,,,,12100,303P,D23010,ARB01158_USD,,,,,12229.99,,,,,C01158,,,,
2395,,GJ,3/24/2026,,Wedbush_Clearing and Exchange Fees_20260324,,,,12100,303P,D23010,ARB01166_USD,,,,,702.62,,,,,C01166,,,,
2396,,GJ,3/24/2026,,Wedbush_Clearing and Exchange Fees_20260324,,,,12100,303P,D23010,ARB01172_USD,,,,,1084.56,,,,,C01172,,,,
2397,,GJ,3/24/2026,,Wedbush_Clearing and Exchange Fees_20260324,,,,12100,303P,D23010,ARB01176_USD,,,,,6736.28,,,,,C01176,,,,
2398,,GJ,3/24/2026,,Wedbush_Clearing and Exchange Fees_20260324,,,,12100,303P,D23010,ARB01177_USD,,,,,65.38,,,,,C00469,,,,
2399,,GJ,3/24/2026,,Wedbush_Clearing and Exchange Fees_20260324,,,,12100,303P,D23300,ARB01195_USD,,,,,146.88,,,,,C00193,,,,
2400,,GJ,3/24/2026,,Wedbush_Clearing and Exchange Fees_20260324,,,,12100,ATGN,D21300,ARB01357_CHF,,,,,0.0,,,,,C01057,,,,
2401,,GJ,3/24/2026,,Wedbush_Clearing and Exchange Fees_20260324,,,,12100,ATGN,D21300,ARB01357_EUR,,,,,11674.8,,,,,C01057,,,,
2402,,GJ,3/24/2026,,Wedbush_Clearing and Exchange Fees_20260324,,,,12100,ATGN,D21300,ARB01357_GBP,,,,,78575.72,,,,,C01057,,,,
2403,,GJ,3/24/2026,,Wedbush_Clearing and Exchange Fees_20260324,,,,12100,ATGN,D21300,ARB01357_USD,,,,,16969.5,,,,,C01057,,,,
2404,,GJ,3/24/2026,,Wedbush_Clearing and Exchange Fees_20260324,,,,12100,ATGN,D23020,ARB01400_EUR,,,,,0.0,,,,,C00146,,,,
2405,,GJ,3/24/2026,,Wedbush_Clearing and Exchange Fees_20260324,,,,12100,ATGN,D23020,ARB01400_GBP,,,,,684.8399999999999,,,,,C00146,,,,
2406,,GJ,3/24/2026,,Wedbush_Clearing and Exchange Fees_20260324,,,,12100,ATGN,D23020,ARB01400_USD,,,,,2469.2,,,,,C00146,,,,
2407,,GJ,3/24/2026,,Wedbush_Clearing and Exchange Fees_20260324,,,,12100,ATGN,D23020,ARB01417_EUR,,,,,0.0,,,,,C01117,,,,
2408,,GJ,3/24/2026,,Wedbush_Clearing and Exchange Fees_20260324,,,,12100,ATGN,D23020,ARB01417_GBP,,,,,781.56,,,,,C01117,,,,
2409,,GJ,3/24/2026,,Wedbush_Clearing and Exchange Fees_20260324,,,,12100,ATGN,D23020,ARB01417_USD,,,,,35929.42,,,,,C01117,,,,
2410,,GJ,3/24/2026,,Wedbush_Clearing and Exchange Fees_20260324,,,,12100,ATGN,D23300,ARB01445_EUR,,,,,0.0,,,,,C01145,,,,
2411,,GJ,3/24/2026,,Wedbush_Clearing and Exchange Fees_20260324,,,,12100,ATGN,D23300,ARB01445_GBP,,,,,6384.4,,,,,C01145,,,,
2412,,GJ,3/24/2026,,Wedbush_Clearing and Exchange Fees_20260324,,,,12100,ATGN,D23010,ARB01457_CAD,,,,,0.0,,,,,C01157,,,,
2413,,GJ,3/24/2026,,Wedbush_Clearing and Exchange Fees_20260324,,,,12100,ATGN,D23010,ARB01457_USD,,,,,3063.16,,,,,C01157,,,,
2414,,GJ,3/24/2026,,Wedbush_Clearing and Exchange Fees_20260324,,,,12100,ATGN,D23010,ARB01458_CAD,,,,,0.0,,,,,C01158,,,,
2415,,GJ,3/24/2026,,Wedbush_Clearing and Exchange Fees_20260324,,,,12100,ATGN,D23010,ARB01458_USD,,,,,9163.460000000001,,,,,C01158,,,,
2416,,GJ,3/24/2026,,Wedbush_Clearing and Exchange Fees_20260324,,,,12100,ATGN,D23010,ARB01466_CAD,,,,,0.0,,,,,C01166,,,,
2417,,GJ,3/24/2026,,Wedbush_Clearing and Exchange Fees_20260324,,,,12100,ATGN,D23010,ARB01466_USD,,,,,645.9,,,,,C01166,,,,
2418,,GJ,3/24/2026,,Wedbush_Clearing and Exchange Fees_20260324,,,,12100,ATGN,D23010,ARB01472_CAD,,,,,0.0,,,,,C01172,,,,
2419,,GJ,3/24/2026,,Wedbush_Clearing and Exchange Fees_20260324,,,,12100,ATGN,D23010,ARB01472_USD,,,,,139.0,,,,,C01172,,,,
2420,,GJ,3/24/2026,,Wedbush_Clearing and Exchange Fees_20260324,,,,12100,ATGN,D23010,ARB01476_EUR,,,,,0.0,,,,,C01176,,,,
2421,,GJ,3/24/2026,,Wedbush_Clearing and Exchange Fees_20260324,,,,12100,ATGN,D23010,ARB01476_GBP,,,,,3071.28,,,,,C01176,,,,
2422,,GJ,3/24/2026,,Wedbush_Clearing and Exchange Fees_20260324,,,,12100,ATGN,D23010,ARB01476_USD,,,,,3468.1400000000003,,,,,C01176,,,,
2423,,GJ,3/24/2026,,Wedbush_Clearing and Exchange Fees_20260324,,,,12100,303P,D21300,ARB01606_USD,,,,,376.48,,,,,C01606,,,,
2424,,GJ,3/24/2026,,Wedbush_Clearing and Exchange Fees_20260324,,,,12100,303P,D21300,ARB01607_EUR,,,,,982.5,,,,,C01607,,,,
2425,,GJ,3/24/2026,,Wedbush_Clearing and Exchange Fees_20260324,,,,12100,303P,D21300,ARB01607_USD,,,,,138.12,,,,,C01607,,,,
2426,,GJ,3/24/2026,,Wedbush_Clearing and Exchange Fees_20260324,,,,12100,303P,D21300,ARB01612_USD,,,,,4.48,,,,,C01612,,,,
2427,,GJ,3/24/2026,,Wedbush_Clearing and Exchange Fees_20260324,,,,12100,303P,D21300,ARB01613_USD,,,,,106.24,,,,,C01613,,,,
2428,,GJ,3/24/2026,,Wedbush_Clearing and Exchange Fees_20260324,,,,12100,303P,D21300,ARB02012_USD,,,,,11339.44,,,,,C02012,,,,
2429,,GJ,3/24/2026,,Wedbush_Clearing and Exchange Fees_20260324,,,,12100,303P,D21300,ARB02040_USD,,,,,780.48,,,,,C02040,,,,
2430,,GJ,3/24/2026,,Wedbush_Clearing and Exchange Fees_20260324,,,,12100,303P,D21300,ARB02043_USD,,,,,6249.07,,,,,C02520,,,,
2431,,GJ,3/24/2026,,Wedbush_Clearing and Exchange Fees_20260324,,,,12100,303P,D21300,ARB02044_USD,,,,,8251.54,,,,,C02044,,,,
2432,,GJ,3/24/2026,,Wedbush_Clearing and Exchange Fees_20260324,,,,12100,303P,D21300,ARB02045_USD,,,,,340.28000000000003,,,,,C02045,,,,
2433,,GJ,3/24/2026,,Wedbush_Clearing and Exchange Fees_20260324,,,,12100,303P,D21030,ARB02047_USD,,,,,1615.8799999999999,,,,,C01092,,,,
2434,,GJ,3/24/2026,,Wedbush_Clearing and Exchange Fees_20260324,,,,12100,303P,D21030,ARB02052_USD,,,,,78.24000000000001,,,,,C01078,,,,
2435,,GJ,3/24/2026,,Wedbush_Clearing and Exchange Fees_20260324,,,,12100,303P,D21300,ARB02055_USD,,,,,1377.66,,,,,C00054,,,,
2436,,GJ,3/24/2026,,Wedbush_Clearing and Exchange Fees_20260324,,,,12100,303P,D21300,ARB02076_USD,,,,,17404.8,,,,,C02076,,,,
2437,,GJ,3/24/2026,,Wedbush_Clearing and Exchange Fees_20260324,,,,12100,303P,D23010,ARB02102_USD,,,,,1071.28,,,,,C02102,,,,
2438,,GJ,3/24/2026,,Wedbush_Clearing and Exchange Fees_20260324,,,,12100,303P,D23010,ARB02103_USD,,,,,13950.76,,,,,C00163,,,,
2439,,GJ,3/24/2026,,Wedbush_Clearing and Exchange Fees_20260324,,,,12100,303P,D23080,ARB02116_USD,,,,,787.3499999999999,,,,,C02116,,,,
2440,,GJ,3/24/2026,,Wedbush_Clearing and Exchange Fees_20260324,,,,12100,303P,D23080,ARB02118_USD,,,,,1121.1200000000001,,,,,C01234,,,,
2441,,GJ,3/24/2026,,Wedbush_Clearing and Exchange Fees_20260324,,,,12100,303P,D23300,ARB02121_USD,,,,,2110.24,,,,,C02121,,,,
2442,,GJ,3/24/2026,,Wedbush_Clearing and Exchange Fees_20260324,,,,12100,303P,D23020,ARB02129_USD,,,,,3044.7799999999997,,,,,C02129,,,,
2443,,GJ,3/24/2026,,Wedbush_Clearing and Exchange Fees_20260324,,,,12100,303P,D23010,ARB02132_USD,,,,,894.32,,,,,C02132,,,,
2444,,GJ,3/24/2026,,Wedbush_Clearing and Exchange Fees_20260324,,,,12100,303P,D23010,ARB02135_USD,,,,,503.12,,,,,C02135,,,,
2445,,GJ,3/24/2026,,Wedbush_Clearing and Exchange Fees_20260324,,,,12100,303P,D23010,ARB02136_USD,,,,,897.5,,,,,C02136,,,,
2446,,GJ,3/24/2026,,Wedbush_Clearing and Exchange Fees_20260324,,,,12100,303P,D23010,ARB02147_USD,,,,,4526.16,,,,,C02147,,,,
2447,,GJ,3/24/2026,,Wedbush_Clearing and Exchange Fees_20260324,,,,12100,303P,D23010,ARB02149_USD,,,,,426.4,,,,,C02149,,,,
2448,,GJ,3/24/2026,,Wedbush_Clearing and Exchange Fees_20260324,,,,12100,303P,D23060,ARB02152_USD,,,,,1716.22,,,,,C00186,,,,
2449,,GJ,3/24/2026,,Wedbush_Clearing and Exchange Fees_20260324,,,,12100,303P,D23300,ARB02154_USD,,,,,497.6,,,,,C00149,,,,
2450,,GJ,3/24/2026,,Wedbush_Clearing and Exchange Fees_20260324,,,,12100,303P,D23020,ARB02156_USD,,,,,74.08,,,,,C02156,,,,
2451,,GJ,3/24/2026,,Wedbush_Clearing and Exchange Fees_20260324,,,,12100,303P,D23300,ARB02158_USD,,,,,846.98,,,,,C01145,,,,
2452,,GJ,3/24/2026,,Wedbush_Clearing and Exchange Fees_20260324,,,,12100,303P,D23300,ARB02167_USD,,,,,2252.48,,,,,C00118,,,,
2453,,GJ,3/24/2026,,Wedbush_Clearing and Exchange Fees_20260324,,,,12100,303P,D23300,ARB02168_USD,,,,,86.7,,,,,C00194,,,,
2454,,GJ,3/24/2026,,Wedbush_Clearing and Exchange Fees_20260324,,,,12100,303P,D23010,ARB02173_USD,,,,,2791.46,,,,,C00463,,,,
2455,,GJ,3/24/2026,,Wedbush_Clearing and Exchange Fees_20260324,,,,12100,303P,D23010,ARB02176_USD,,,,,32876.97,,,,,C00463,,,,
2456,,GJ,3/24/2026,,Wedbush_Clearing and Exchange Fees_20260324,,,,12100,303P,D23010,ARB02177_USD,,,,,2685.2,,,,,C02177,,,,
2457,,GJ,3/24/2026,,Wedbush_Clearing and Exchange Fees_20260324,,,,12100,303P,D23010,ARB02179_USD,,,,,5934.22,,,,,C02179,,,,
2458,,GJ,3/24/2026,,Wedbush_Clearing and Exchange Fees_20260324,,,,12100,303P,D23010,ARB02180_USD,,,,,3596.3199999999997,,,,,C02180,,,,
2459,,GJ,3/24/2026,,Wedbush_Clearing and Exchange Fees_20260324,,,,12100,303P,D23010,ARB02181_USD,,,,,11754.4,,,,,C02181,,,,
2460,,GJ,3/24/2026,,Wedbush_Clearing and Exchange Fees_20260324,,,,12100,303P,D23010,ARB02182_USD,,,,,3027.36,,,,,C02182,,,,
2461,,GJ,3/24/2026,,Wedbush_Clearing and Exchange Fees_20260324,,,,12100,303P,D23010,ARB02183_USD,,,,,12393.92,,,,,C02183,,,,
2462,,GJ,3/24/2026,,Wedbush_Clearing and Exchange Fees_20260324,,,,12100,303P,D23010,ARB02184_USD,,,,,16713.76,,,,,C02184,,,,
2463,,GJ,3/24/2026,,Wedbush_Clearing and Exchange Fees_20260324,,,,12100,303P,D23010,ARB02185_USD,,,,,446.88,,,,,C02185,,,,
2464,,GJ,3/24/2026,,Wedbush_Clearing and Exchange Fees_20260324,,,,12100,303P,D23010,ARB02187_USD,,,,,96.34,,,,,C02187,,,,
2465,,GJ,3/24/2026,,Wedbush_Clearing and Exchange Fees_20260324,,,,12100,303P,D23010,ARB02190_USD,,,,,288.4,,,,,C02147,,,,
2466,,GJ,3/24/2026,,Wedbush_Clearing and Exchange Fees_20260324,,,,12100,303P,D23010,ARB02191_USD,,,,,32.7,,,,,C00469,,,,
2467,,GJ,3/24/2026,,Wedbush_Clearing and Exchange Fees_20260324,,,,12100,303P,D23010,ARB02195_USD,,,,,167.87,,,,,C01172,,,,
2468,,GJ,3/24/2026,,Wedbush_Clearing and Exchange Fees_20260324,,,,12100,ATGN,D21300,ARB02342_EUR,,,,,0.0,,,,,C02042,,,,
2469,,GJ,3/24/2026,,Wedbush_Clearing and Exchange Fees_20260324,,,,12100,ATGN,D21300,ARB02342_GBP,,,,,291.2,,,,,C02042,,,,
2470,,GJ,3/24/2026,,Wedbush_Clearing and Exchange Fees_20260324,,,,12100,ATGN,D21300,ARB02343_EUR,,,,,511.8,,,,,C02520,,,,
2471,,GJ,3/24/2026,,Wedbush_Clearing and Exchange Fees_20260324,,,,12100,ATGN,D21300,ARB02343_GBP,,,,,1078.4,,,,,C02520,,,,
2472,,GJ,3/24/2026,,Wedbush_Clearing and Exchange Fees_20260324,,,,12100,ATGN,D21300,ARB02343_USD,,,,,1899.23,,,,,C02520,,,,
2473,,GJ,3/24/2026,,Wedbush_Clearing and Exchange Fees_20260324,,,,12100,ATGN,D21300,ARB02355_USD,,,,,1626.3600000000001,,,,,C00054,,,,
2474,,GJ,3/24/2026,,Wedbush_Clearing and Exchange Fees_20260324,,,,12100,ATGN,D21300,ARB02376_EUR,,,,,0.0,,,,,C02076,,,,
2475,,GJ,3/24/2026,,Wedbush_Clearing and Exchange Fees_20260324,,,,12100,ATGN,D21300,ARB02376_GBP,,,,,754.4000000000001,,,,,C02076,,,,
2476,,GJ,3/24/2026,,Wedbush_Clearing and Exchange Fees_20260324,,,,12100,ATGN,D23010,ARB02402_USD,,,,,350.7,,,,,C02102,,,,
2477,,GJ,3/24/2026,,Wedbush_Clearing and Exchange Fees_20260324,,,,12100,ATGN,D23080,ARB02416_EUR,,,,,0.0,,,,,C02116,,,,
2478,,GJ,3/24/2026,,Wedbush_Clearing and Exchange Fees_20260324,,,,12100,ATGN,D23080,ARB02416_GBP,,,,,76.60000000000001,,,,,C02116,,,,
2479,,GJ,3/24/2026,,Wedbush_Clearing and Exchange Fees_20260324,,,,12100,ATGN,D23080,ARB02416_USD,,,,,5459.08,,,,,C02116,,,,
2480,,GJ,3/24/2026,,Wedbush_Clearing and Exchange Fees_20260324,,,,12100,ATGN,D23080,ARB02418_EUR,,,,,0.0,,,,,C01234,,,,
2481,,GJ,3/24/2026,,Wedbush_Clearing and Exchange Fees_20260324,,,,12100,ATGN,D23080,ARB02418_GBP,,,,,937.5400000000001,,,,,C01234,,,,
2482,,GJ,3/24/2026,,Wedbush_Clearing and Exchange Fees_20260324,,,,12100,ATGN,D23080,ARB02418_USD,,,,,23742.2,,,,,C01234,,,,
2483,,GJ,3/24/2026,,Wedbush_Clearing and Exchange Fees_20260324,,,,12100,ATGN,D23300,ARB02421_EUR,,,,,595.2,,,,,C02121,,,,
2484,,GJ,3/24/2026,,Wedbush_Clearing and Exchange Fees_20260324,,,,12100,ATGN,D23300,ARB02421_GBP,,,,,2872.3199999999997,,,,,C02121,,,,
2485,,GJ,3/24/2026,,Wedbush_Clearing and Exchange Fees_20260324,,,,12100,ATGN,D23300,ARB02421_USD,,,,,1218.53,,,,,C02121,,,,
2486,,GJ,3/24/2026,,Wedbush_Clearing and Exchange Fees_20260324,,,,12100,ATGN,D23020,ARB02429_CAD,,,,,0.0,,,,,C02129,,,,
2487,,GJ,3/24/2026,,Wedbush_Clearing and Exchange Fees_20260324,,,,12100,ATGN,D23020,ARB02429_EUR,,,,,0.0,,,,,C02129,,,,
2488,,GJ,3/24/2026,,Wedbush_Clearing and Exchange Fees_20260324,,,,12100,ATGN,D23020,ARB02429_GBP,,,,,28.44,,,,,C02129,,,,
2489,,GJ,3/24/2026,,Wedbush_Clearing and Exchange Fees_20260324,,,,12100,ATGN,D23020,ARB02429_USD,,,,,2322.84,,,,,C02129,,,,
2490,,GJ,3/24/2026,,Wedbush_Clearing and Exchange Fees_20260324,,,,12100,ATGN,D23010,ARB02432_CAD,,,,,0.0,,,,,C02132,,,,
2491,,GJ,3/24/2026,,Wedbush_Clearing and Exchange Fees_20260324,,,,12100,ATGN,D23010,ARB02432_USD,,,,,512.4,,,,,C02132,,,,
2492,,GJ,3/24/2026,,Wedbush_Clearing and Exchange Fees_20260324,,,,12100,ATGN,D23010,ARB02435_CAD,,,,,0.0,,,,,C02135,,,,
2493,,GJ,3/24/2026,,Wedbush_Clearing and Exchange Fees_20260324,,,,12100,ATGN,D23010,ARB02435_USD,,,,,443.09999999999997,,,,,C02135,,,,
2494,,GJ,3/24/2026,,Wedbush_Clearing and Exchange Fees_20260324,,,,12100,ATGN,D23010,ARB02436_EUR,,,,,0.0,,,,,C02136,,,,
2495,,GJ,3/24/2026,,Wedbush_Clearing and Exchange Fees_20260324,,,,12100,ATGN,D23010,ARB02436_GBP,,,,,2205.82,,,,,C02136,,,,
2496,,GJ,3/24/2026,,Wedbush_Clearing and Exchange Fees_20260324,,,,12100,ATGN,D23010,ARB02436_USD,,,,,11132.1,,,,,C02136,,,,
2497,,GJ,3/24/2026,,Wedbush_Clearing and Exchange Fees_20260324,,,,12100,ATGN,D23010,ARB02445_USD,,,,,10518.9,,,,,C02145,,,,
2498,,GJ,3/24/2026,,Wedbush_Clearing and Exchange Fees_20260324,,,,12100,ATGN,D23010,ARB02447_CAD,,,,,0.0,,,,,C02147,,,,
2499,,GJ,3/24/2026,,Wedbush_Clearing and Exchange Fees_20260324,,,,12100,ATGN,D23010,ARB02447_USD,,,,,1552.88,,,,,C02147,,,,
2500,,GJ,3/24/2026,,Wedbush_Clearing and Exchange Fees_20260324,,,,12100,ATGN,D23010,ARB02449_EUR,,,,,0.0,,,,,C02149,,,,
2501,,GJ,3/24/2026,,Wedbush_Clearing and Exchange Fees_20260324,,,,12100,ATGN,D23010,ARB02449_GBP,,,,,207.66000000000003,,,,,C02149,,,,
2502,,GJ,3/24/2026,,Wedbush_Clearing and Exchange Fees_20260324,,,,12100,ATGN,D23010,ARB02449_USD,,,,,6867.919999999999,,,,,C02149,,,,
2503,,GJ,3/24/2026,,Wedbush_Clearing and Exchange Fees_20260324,,,,12100,ATGN,D23060,ARB02452_CAD,,,,,0.0,,,,,C00186,,,,
2504,,GJ,3/24/2026,,Wedbush_Clearing and Exchange Fees_20260324,,,,12100,ATGN,D23060,ARB02452_EUR,,,,,0.0,,,,,C00186,,,,
2505,,GJ,3/24/2026,,Wedbush_Clearing and Exchange Fees_20260324,,,,12100,ATGN,D23060,ARB02452_GBP,,,,,10.92,,,,,C00186,,,,
2506,,GJ,3/24/2026,,Wedbush_Clearing and Exchange Fees_20260324,,,,12100,ATGN,D23060,ARB02452_USD,,,,,2000.02,,,,,C00186,,,,
2507,,GJ,3/24/2026,,Wedbush_Clearing and Exchange Fees_20260324,,,,12100,ATGN,D23300,ARB02454_EUR,,,,,0.0,,,,,C00149,,,,
2508,,GJ,3/24/2026,,Wedbush_Clearing and Exchange Fees_20260324,,,,12100,ATGN,D23300,ARB02454_GBP,,,,,159.96,,,,,C00149,,,,
2509,,GJ,3/24/2026,,Wedbush_Clearing and Exchange Fees_20260324,,,,12100,ATGN,D23300,ARB02454_USD,,,,,1388.1000000000001,,,,,C00149,,,,
2510,,GJ,3/24/2026,,Wedbush_Clearing and Exchange Fees_20260324,,,,12100,ATGN,D23020,ARB02456_EUR,,,,,0.0,,,,,C02156,,,,
2511,,GJ,3/24/2026,,Wedbush_Clearing and Exchange Fees_20260324,,,,12100,ATGN,D23020,ARB02456_GBP,,,,,145.16,,,,,C02156,,,,
2512,,GJ,3/24/2026,,Wedbush_Clearing and Exchange Fees_20260324,,,,12100,ATGN,D23020,ARB02456_USD,,,,,1243.16,,,,,C02156,,,,
2513,,GJ,3/24/2026,,Wedbush_Clearing and Exchange Fees_20260324,,,,12100,ATGN,D23300,ARB02458_USD,,,,,1453.9,,,,,C01145,,,,
2514,,GJ,3/24/2026,,Wedbush_Clearing and Exchange Fees_20260324,,,,12100,ATGN,D23080,ARB02463_USD,,,,,688.8,,,,,C01231,,,,
2515,,GJ,3/24/2026,,Wedbush_Clearing and Exchange Fees_20260324,,,,12100,ATGN,D23010,ARB02473_EUR,,,,,0.0,,,,,C00463,,,,
2516,,GJ,3/24/2026,,Wedbush_Clearing and Exchange Fees_20260324,,,,12100,ATGN,D23010,ARB02473_GBP,,,,,250.6,,,,,C00463,,,,
2517,,GJ,3/24/2026,,Wedbush_Clearing and Exchange Fees_20260324,,,,12100,ATGN,D23010,ARB02473_USD,,,,,4641.12,,,,,C00463,,,,
2518,,GJ,3/24/2026,,Wedbush_Clearing and Exchange Fees_20260324,,,,12100,ATGN,D23010,ARB02476_EUR,,,,,0.0,,,,,C00463,,,,
2519,,GJ,3/24/2026,,Wedbush_Clearing and Exchange Fees_20260324,,,,12100,ATGN,D23010,ARB02476_GBP,,,,,12801.12,,,,,C00463,,,,
2520,,GJ,3/24/2026,,Wedbush_Clearing and Exchange Fees_20260324,,,,12100,ATGN,D23010,ARB02476_USD,,,,,75064.0,,,,,C00463,,,,
2521,,GJ,3/24/2026,,Wedbush_Clearing and Exchange Fees_20260324,,,,12100,ATGN,D23010,ARB02477_CAD,,,,,0.0,,,,,C02177,,,,
2522,,GJ,3/24/2026,,Wedbush_Clearing and Exchange Fees_20260324,,,,12100,ATGN,D23010,ARB02477_USD,,,,,1198.46,,,,,C02177,,,,
2523,,GJ,3/24/2026,,Wedbush_Clearing and Exchange Fees_20260324,,,,12100,ATGN,D23010,ARB02479_CAD,,,,,0.0,,,,,C02179,,,,
2524,,GJ,3/24/2026,,Wedbush_Clearing and Exchange Fees_20260324,,,,12100,ATGN,D23010,ARB02479_USD,,,,,5227.8,,,,,C02179,,,,
2525,,GJ,3/24/2026,,Wedbush_Clearing and Exchange Fees_20260324,,,,12100,ATGN,D23010,ARB02480_CAD,,,,,0.0,,,,,C02180,,,,
2526,,GJ,3/24/2026,,Wedbush_Clearing and Exchange Fees_20260324,,,,12100,ATGN,D23010,ARB02480_USD,,,,,1851.34,,,,,C02180,,,,
2527,,GJ,3/24/2026,,Wedbush_Clearing and Exchange Fees_20260324,,,,12100,ATGN,D23010,ARB02481_CAD,,,,,0.0,,,,,C02181,,,,
2528,,GJ,3/24/2026,,Wedbush_Clearing and Exchange Fees_20260324,,,,12100,ATGN,D23010,ARB02481_USD,,,,,6375.719999999999,,,,,C02181,,,,
2529,,GJ,3/24/2026,,Wedbush_Clearing and Exchange Fees_20260324,,,,12100,ATGN,D23010,ARB02482_CAD,,,,,0.0,,,,,C02182,,,,
2530,,GJ,3/24/2026,,Wedbush_Clearing and Exchange Fees_20260324,,,,12100,ATGN,D23010,ARB02482_USD,,,,,605.2,,,,,C02182,,,,
2531,,GJ,3/24/2026,,Wedbush_Clearing and Exchange Fees_20260324,,,,12100,ATGN,D23010,ARB02483_CAD,,,,,0.0,,,,,C02183,,,,
2532,,GJ,3/24/2026,,Wedbush_Clearing and Exchange Fees_20260324,,,,12100,ATGN,D23010,ARB02483_USD,,,,,6943.96,,,,,C02183,,,,
2533,,GJ,3/24/2026,,Wedbush_Clearing and Exchange Fees_20260324,,,,12100,ATGN,D23010,ARB02484_CAD,,,,,0.0,,,,,C02184,,,,
2534,,GJ,3/24/2026,,Wedbush_Clearing and Exchange Fees_20260324,,,,12100,ATGN,D23010,ARB02484_USD,,,,,19119.019999999997,,,,,C02184,,,,
2535,,GJ,3/24/2026,,Wedbush_Clearing and Exchange Fees_20260324,,,,12100,ATGN,D23010,ARB02485_EUR,,,,,0.0,,,,,C02185,,,,
2536,,GJ,3/24/2026,,Wedbush_Clearing and Exchange Fees_20260324,,,,12100,ATGN,D23010,ARB02485_GBP,,,,,1331.1999999999998,,,,,C02185,,,,
2537,,GJ,3/24/2026,,Wedbush_Clearing and Exchange Fees_20260324,,,,12100,ATGN,D23010,ARB02485_USD,,,,,20310.78,,,,,C02185,,,,
2538,,GJ,3/24/2026,,Wedbush_Clearing and Exchange Fees_20260324,,,,12100,ATGN,D23010,ARB02491_EUR,,,,,0.0,,,,,C00469,,,,
2539,,GJ,3/24/2026,,Wedbush_Clearing and Exchange Fees_20260324,,,,12100,ATGN,D23010,ARB02491_GBP,,,,,148.52,,,,,C00469,,,,
2540,,GJ,3/24/2026,,Wedbush_Clearing and Exchange Fees_20260324,,,,12100,ATGN,D23010,ARB02491_USD,,,,,163.79999999999998,,,,,C00469,,,,
2541,,GJ,3/24/2026,,Wedbush_Clearing and Exchange Fees_20260324,,,,12100,303P,D21300,ARB03003_USD,,,,,1481.24,,,,,C03003,,,,
2542,,GJ,3/24/2026,,Wedbush_Clearing and Exchange Fees_20260324,,,,12100,303P,D21300,ARB03022_USD,,,,,12298.25,,,,,C00034,,,,
2543,,GJ,3/24/2026,,Wedbush_Clearing and Exchange Fees_20260324,,,,12100,303P,D21300,ARB03032_USD,,,,,5719.18,,,,,C00049,,,,
2544,,GJ,3/24/2026,,Wedbush_Clearing and Exchange Fees_20260324,,,,12100,303P,D21300,ARB03033_USD,,,,,1587.8600000000001,,,,,C00049,,,,
2545,,GJ,3/24/2026,,Wedbush_Clearing and Exchange Fees_20260324,,,,12100,303P,D21300,ARB03034_USD,,,,,1.4500000000000002,,,,,C00049,,,,
2546,,GJ,3/24/2026,,Wedbush_Clearing and Exchange Fees_20260324,,,,12100,303P,D21300,ARB03035_USD,,,,,66.36,,,,,C00049,,,,
2547,,GJ,3/24/2026,,Wedbush_Clearing and Exchange Fees_20260324,,,,12100,303P,D21300,ARB03037_USD,,,,,1406.6100000000001,,,,,C03037,,,,
2548,,GJ,3/24/2026,,Wedbush_Clearing and Exchange Fees_20260324,,,,12100,303P,D21300,ARB03038_USD,,,,,330.48,,,,,C03038,,,,
2549,,GJ,3/24/2026,,Wedbush_Clearing and Exchange Fees_20260324,,,,12100,303P,D21300,ARB03041_USD,,,,,12.32,,,,,C03040,,,,
2550,,GJ,3/24/2026,,Wedbush_Clearing and Exchange Fees_20260324,,,,12100,303P,D21300,ARB03042_USD,,,,,3.66,,,,,C03040,,,,
2551,,GJ,3/24/2026,,Wedbush_Clearing and Exchange Fees_20260324,,,,12100,303P,D21300,ARB03043_USD,,,,,27.18,,,,,C03040,,,,
2552,,GJ,3/24/2026,,Wedbush_Clearing and Exchange Fees_20260324,,,,12100,303P,D21300,ARB03044_USD,,,,,96.60000000000001,,,,,C03040,,,,
2553,,GJ,3/24/2026,,Wedbush_Clearing and Exchange Fees_20260324,,,,12100,303P,D21300,ARB03046_USD,,,,,90.72,,,,,C03040,,,,
2554,,GJ,3/24/2026,,Wedbush_Clearing and Exchange Fees_20260324,,,,12100,303P,D21300,ARB03052_USD,,,,,607.57,,,,,C03071,,,,
2555,,GJ,3/24/2026,,Wedbush_Clearing and Exchange Fees_20260324,,,,12100,303P,D21300,ARB03057_USD,,,,,85.47999999999999,,,,,C01057,,,,
2556,,GJ,3/24/2026,,Wedbush_Clearing and Exchange Fees_20260324,,,,12100,303P,D21300,ARB03060_USD,,,,,11241.84,,,,,C03060,,,,
2557,,GJ,3/24/2026,,Wedbush_Clearing and Exchange Fees_20260324,,,,12100,303P,D21300,ARB03062_USD,,,,,1766.2999999999997,,,,,C03062,,,,
2558,,GJ,3/24/2026,,Wedbush_Clearing and Exchange Fees_20260324,,,,12100,303P,D21300,ARB03064_USD,,,,,170.21,,,,,C03064,,,,
2559,,GJ,3/24/2026,,Wedbush_Clearing and Exchange Fees_20260324,,,,12100,303P,D21300,ARB03065_USD,,,,,50637.200000000004,,,,,C03065,,,,
2560,,GJ,3/24/2026,,Wedbush_Clearing and Exchange Fees_20260324,,,,12100,303P,D21300,ARB03072_USD,,,,,11822.36,,,,,C03072,,,,
2561,,GJ,3/24/2026,,Wedbush_Clearing and Exchange Fees_20260324,,,,12100,303P,D21300,ARB03073_USD,,,,,34297.92,,,,,C03073,,,,
2562,,GJ,3/24/2026,,Wedbush_Clearing and Exchange Fees_20260324,,,,12100,303P,D21300,ARB03074_USD,,,,,59.76,,,,,C03073,,,,
2563,,GJ,3/24/2026,,Wedbush_Clearing and Exchange Fees_20260324,,,,12100,303P,D21300,ARB03078_USD,,,,,951.3999999999999,,,,,C03078,,,,
2564,,GJ,3/24/2026,,Wedbush_Clearing and Exchange Fees_20260324,,,,12100,303P,D21300,ARB03079_USD,,,,,20949.6,,,,,C03078,,,,
2565,,GJ,3/24/2026,,Wedbush_Clearing and Exchange Fees_20260324,,,,12100,303P,D21300,ARB03080_USD,,,,,1238.28,,,,,C03078,,,,
2566,,GJ,3/24/2026,,Wedbush_Clearing and Exchange Fees_20260324,,,,12100,303P,D21030,ARB03084_JPY,,,,,0.0,,,,,C03084,,,,
2567,,GJ,3/24/2026,,Wedbush_Clearing and Exchange Fees_20260324,,,,12100,303P,D21030,ARB03084_USD,,,,,1756.51,,,,,C03084,,,,
2568,,GJ,3/24/2026,,Wedbush_Clearing and Exchange Fees_20260324,,,,12100,303P,D21300,ARB03088_USD,,,,,135.72,,,,,C03088,,,,
2569,,GJ,3/24/2026,,Wedbush_Clearing and Exchange Fees_20260324,,,,12100,303P,D21300,ARB03090_USD,,,,,297.32,,,,,C03090,,,,
2570,,GJ,3/24/2026,,Wedbush_Clearing and Exchange Fees_20260324,,,,12100,303P,D21300,ARB03093_USD,,,,,22.240000000000002,,,,,C03093,,,,
2571,,GJ,3/24/2026,,Wedbush_Clearing and Exchange Fees_20260324,,,,12100,303P,D21300,ARB03096_USD,,,,,18.08,,,,,C03096,,,,
2572,,GJ,3/24/2026,,Wedbush_Clearing and Exchange Fees_20260324,,,,12100,303P,D23300,ARB03100_USD,,,,,455.84000000000003,,,,,C03100,,,,
2573,,GJ,3/24/2026,,Wedbush_Clearing and Exchange Fees_20260324,,,,12100,303P,D23080,ARB03102_USD,,,,,459.21,,,,,C03102,,,,
2574,,GJ,3/24/2026,,Wedbush_Clearing and Exchange Fees_20260324,,,,12100,303P,D23300,ARB03103_USD,,,,,6978.24,,,,,CX3103,,,,
2575,,GJ,3/24/2026,,Wedbush_Clearing and Exchange Fees_20260324,,,,12100,303P,D23300,ARB03104_USD,,,,,3563.44,,,,,C03104,,,,
2576,,GJ,3/24/2026,,Wedbush_Clearing and Exchange Fees_20260324,,,,12100,303P,D23300,ARB03105_USD,,,,,9087.51,,,,,C00310,,,,
2577,,GJ,3/24/2026,,Wedbush_Clearing and Exchange Fees_20260324,,,,12100,303P,D23300,ARB03106_USD,,,,,6131.64,,,,,C00310,,,,
2578,,GJ,3/24/2026,,Wedbush_Clearing and Exchange Fees_20260324,,,,12100,303P,D23300,ARB03107_USD,,,,,15192.81,,,,,C03107,,,,
2579,,GJ,3/24/2026,,Wedbush_Clearing and Exchange Fees_20260324,,,,12100,303P,D23300,ARB03108_USD,,,,,22554.41,,,,,C00311,,,,
2580,,GJ,3/24/2026,,Wedbush_Clearing and Exchange Fees_20260324,,,,12100,303P,D23300,ARB03109_USD,,,,,3140.56,,,,,C00311,,,,
2581,,GJ,3/24/2026,,Wedbush_Clearing and Exchange Fees_20260324,,,,12100,303P,D23300,ARB03110_USD,,,,,1329.2800000000002,,,,,C00311,,,,
2582,,GJ,3/24/2026,,Wedbush_Clearing and Exchange Fees_20260324,,,,12100,303P,D23300,ARB03112_USD,,,,,669.63,,,,,C00310,,,,
2583,,GJ,3/24/2026,,Wedbush_Clearing and Exchange Fees_20260324,,,,12100,303P,D23300,ARB03113_USD,,,,,507.19000000000005,,,,,C03113,,,,
2584,,GJ,3/24/2026,,Wedbush_Clearing and Exchange Fees_20260324,,,,12100,303P,D23300,ARB03115_USD,,,,,2799.44,,,,,CX3115,,,,
2585,,GJ,3/24/2026,,Wedbush_Clearing and Exchange Fees_20260324,,,,12100,303P,D23020,ARB03116_USD,,,,,271.88,,,,,C02129,,,,
2586,,GJ,3/24/2026,,Wedbush_Clearing and Exchange Fees_20260324,,,,12100,303P,D23300,ARB03122_USD,,,,,4083.8700000000003,,,,,C03122,,,,
2587,,GJ,3/24/2026,,Wedbush_Clearing and Exchange Fees_20260324,,,,12100,303P,D23300,ARB03125_USD,,,,,68.34,,,,,CX3125,,,,
2588,,GJ,3/24/2026,,Wedbush_Clearing and Exchange Fees_20260324,,,,12100,303P,D23300,ARB03126_USD,,,,,5.6,,,,,C00310,,,,
2589,,GJ,3/24/2026,,Wedbush_Clearing and Exchange Fees_20260324,,,,12100,303P,D23300,ARB03133_USD,,,,,5279.99,,,,,C03133,,,,
2590,,GJ,3/24/2026,,Wedbush_Clearing and Exchange Fees_20260324,,,,12100,303P,D23300,ARB03134_USD,,,,,279.31,,,,,C03134,,,,
2591,,GJ,3/24/2026,,Wedbush_Clearing and Exchange Fees_20260324,,,,12100,303P,D23300,ARB03136_USD,,,,,104.68,,,,,CX3136,,,,
2592,,GJ,3/24/2026,,Wedbush_Clearing and Exchange Fees_20260324,,,,12100,303P,D23300,ARB03139_USD,,,,,1043.76,,,,,C00311,,,,
2593,,GJ,3/24/2026,,Wedbush_Clearing and Exchange Fees_20260324,,,,12100,303P,D23300,ARB03141_USD,,,,,4482.32,,,,,C03141,,,,
2594,,GJ,3/24/2026,,Wedbush_Clearing and Exchange Fees_20260324,,,,12100,303P,D23300,ARB03142_USD,,,,,1699.22,,,,,C00310,,,,
2595,,GJ,3/24/2026,,Wedbush_Clearing and Exchange Fees_20260324,,,,12100,303P,D23300,ARB03143_USD,,,,,2839.84,,,,,C00310,,,,
2596,,GJ,3/24/2026,,Wedbush_Clearing and Exchange Fees_20260324,,,,12100,303P,D23300,ARB03144_USD,,,,,455.46000000000004,,,,,CX3144,,,,
2597,,GJ,3/24/2026,,Wedbush_Clearing and Exchange Fees_20260324,,,,12100,303P,D23300,ARB03146_USD,,,,,2420.56,,,,,CX3136,,,,
2598,,GJ,3/24/2026,,Wedbush_Clearing and Exchange Fees_20260324,,,,12100,303P,D23300,ARB03147_USD,,,,,24.0,,,,,CX3115,,,,
2599,,GJ,3/24/2026,,Wedbush_Clearing and Exchange Fees_20260324,,,,12100,303P,D23090,ARB03150_USD,,,,,1156.0,,,,,C03150,,,,
2600,,GJ,3/24/2026,,Wedbush_Clearing and Exchange Fees_20260324,,,,12100,303P,D23090,ARB03154_USD,,,,,1229.9,,,,,C03154,,,,
2601,,GJ,3/24/2026,,Wedbush_Clearing and Exchange Fees_20260324,,,,12100,303P,D23100,ARB03156_USD,,,,,1717.6699999999998,,,,,C03156,,,,
2602,,GJ,3/24/2026,,Wedbush_Clearing and Exchange Fees_20260324,,,,12100,303P,D23100,ARB03157_USD,,,,,3041.36,,,,,C03157,,,,
2603,,GJ,3/24/2026,,Wedbush_Clearing and Exchange Fees_20260324,,,,12100,303P,D23100,ARB03159_USD,,,,,1671.51,,,,,C03159,,,,
2604,,GJ,3/24/2026,,Wedbush_Clearing and Exchange Fees_20260324,,,,12100,303P,D23010,ARB03168_USD,,,,,302.4,,,,,C03168,,,,
2605,,GJ,3/24/2026,,Wedbush_Clearing and Exchange Fees_20260324,,,,12100,303P,D23100,ARB03174_USD,,,,,836.0600000000001,,,,,C03174,,,,
2606,,GJ,3/24/2026,,Wedbush_Clearing and Exchange Fees_20260324,,,,12100,303P,D23100,ARB03175_USD,,,,,3206.66,,,,,C03175,,,,
2607,,GJ,3/24/2026,,Wedbush_Clearing and Exchange Fees_20260324,,,,12100,303P,D23100,ARB03176_USD,,,,,2699.77,,,,,C03176,,,,
2608,,GJ,3/24/2026,,Wedbush_Clearing and Exchange Fees_20260324,,,,12100,303P,D23100,ARB03185_USD,,,,,452.2,,,,,C03185,,,,
2609,,GJ,3/24/2026,,Wedbush_Clearing and Exchange Fees_20260324,,,,12100,303P,D23300,ARB03192_USD,,,,,1443.68,,,,,C03163,,,,
2610,,GJ,3/24/2026,,Wedbush_Clearing and Exchange Fees_20260324,,,,12100,ATGN,D21300,ARB03360_EUR,,,,,0.0,,,,,C03060,,,,
2611,,GJ,3/24/2026,,Wedbush_Clearing and Exchange Fees_20260324,,,,12100,ATGN,D21300,ARB03360_GBP,,,,,100298.72,,,,,C03060,,,,
2612,,GJ,3/24/2026,,Wedbush_Clearing and Exchange Fees_20260324,,,,12100,ATGN,D21300,ARB03362_EUR,,,,,0.0,,,,,C03062,,,,
2613,,GJ,3/24/2026,,Wedbush_Clearing and Exchange Fees_20260324,,,,12100,ATGN,D21300,ARB03362_GBP,,,,,4168.799999999999,,,,,C03062,,,,
2614,,GJ,3/24/2026,,Wedbush_Clearing and Exchange Fees_20260324,,,,12100,ATGN,D21300,ARB03362_USD,,,,,471.68000000000006,,,,,C03062,,,,
2615,,GJ,3/24/2026,,Wedbush_Clearing and Exchange Fees_20260324,,,,12100,ATGN,D21300,ARB03364_EUR,,,,,0.0,,,,,C03064,,,,
2616,,GJ,3/24/2026,,Wedbush_Clearing and Exchange Fees_20260324,,,,12100,ATGN,D21300,ARB03364_GBP,,,,,5.92,,,,,C03064,,,,
2617,,GJ,3/24/2026,,Wedbush_Clearing and Exchange Fees_20260324,,,,12100,ATGN,D21300,ARB03372_USD,,,,,1551.79,,,,,C03072,,,,
2618,,GJ,3/24/2026,,Wedbush_Clearing and Exchange Fees_20260324,,,,12100,ATGN,D21300,ARB03373_USD,,,,,1085.75,,,,,C03073,,,,
2619,,GJ,3/24/2026,,Wedbush_Clearing and Exchange Fees_20260324,,,,12100,ATGN,D21300,ARB03378_USD,,,,,729.52,,,,,C03078,,,,
2620,,GJ,3/24/2026,,Wedbush_Clearing and Exchange Fees_20260324,,,,12100,ATGN,D23300,ARB03400_EUR,,,,,0.0,,,,,C03100,,,,
2621,,GJ,3/24/2026,,Wedbush_Clearing and Exchange Fees_20260324,,,,12100,ATGN,D23300,ARB03400_GBP,,,,,276.41999999999996,,,,,C03100,,,,
2622,,GJ,3/24/2026,,Wedbush_Clearing and Exchange Fees_20260324,,,,12100,ATGN,D23300,ARB03400_USD,,,,,6919.32,,,,,C03100,,,,
2623,,GJ,3/24/2026,,Wedbush_Clearing and Exchange Fees_20260324,,,,12100,ATGN,D23080,ARB03402_EUR,,,,,0.0,,,,,C03102,,,,
2624,,GJ,3/24/2026,,Wedbush_Clearing and Exchange Fees_20260324,,,,12100,ATGN,D23080,ARB03402_GBP,,,,,319.8,,,,,C03102,,,,
2625,,GJ,3/24/2026,,Wedbush_Clearing and Exchange Fees_20260324,,,,12100,ATGN,D23080,ARB03402_USD,,,,,32275.760000000002,,,,,C03102,,,,
2626,,GJ,3/24/2026,,Wedbush_Clearing and Exchange Fees_20260324,,,,12100,ATGN,D23300,ARB03403_CAD,,,,,0.0,,,,,CX3103,,,,
2627,,GJ,3/24/2026,,Wedbush_Clearing and Exchange Fees_20260324,,,,12100,ATGN,D23300,ARB03403_EUR,,,,,0.0,,,,,CX3103,,,,
2628,,GJ,3/24/2026,,Wedbush_Clearing and Exchange Fees_20260324,,,,12100,ATGN,D23300,ARB03403_GBP,,,,,63.2,,,,,CX3103,,,,
2629,,GJ,3/24/2026,,Wedbush_Clearing and Exchange Fees_20260324,,,,12100,ATGN,D23300,ARB03403_USD,,,,,5381.120000000001,,,,,CX3103,,,,
2630,,GJ,3/24/2026,,Wedbush_Clearing and Exchange Fees_20260324,,,,12100,ATGN,D23300,ARB03404_CAD,,,,,0.0,,,,,C03104,,,,
2631,,GJ,3/24/2026,,Wedbush_Clearing and Exchange Fees_20260324,,,,12100,ATGN,D23300,ARB03404_EUR,,,,,0.0,,,,,C03104,,,,
2632,,GJ,3/24/2026,,Wedbush_Clearing and Exchange Fees_20260324,,,,12100,ATGN,D23300,ARB03404_GBP,,,,,50.52,,,,,C03104,,,,
2633,,GJ,3/24/2026,,Wedbush_Clearing and Exchange Fees_20260324,,,,12100,ATGN,D23300,ARB03404_USD,,,,,6004.85,,,,,C03104,,,,
2634,,GJ,3/24/2026,,Wedbush_Clearing and Exchange Fees_20260324,,,,12100,ATGN,D23300,ARB03405_CAD,,,,,0.0,,,,,C00310,,,,
2635,,GJ,3/24/2026,,Wedbush_Clearing and Exchange Fees_20260324,,,,12100,ATGN,D23300,ARB03405_EUR,,,,,0.0,,,,,C00310,,,,
2636,,GJ,3/24/2026,,Wedbush_Clearing and Exchange Fees_20260324,,,,12100,ATGN,D23300,ARB03405_GBP,,,,,534.72,,,,,C00310,,,,
2637,,GJ,3/24/2026,,Wedbush_Clearing and Exchange Fees_20260324,,,,12100,ATGN,D23300,ARB03405_USD,,,,,13985.79,,,,,C00310,,,,
2638,,GJ,3/24/2026,,Wedbush_Clearing and Exchange Fees_20260324,,,,12100,ATGN,D23300,ARB03406_CAD,,,,,0.0,,,,,C00310,,,,
2639,,GJ,3/24/2026,,Wedbush_Clearing and Exchange Fees_20260324,,,,12100,ATGN,D23300,ARB03406_EUR,,,,,0.0,,,,,C00310,,,,
2640,,GJ,3/24/2026,,Wedbush_Clearing and Exchange Fees_20260324,,,,12100,ATGN,D23300,ARB03406_GBP,,,,,433.81,,,,,C00310,,,,
2641,,GJ,3/24/2026,,Wedbush_Clearing and Exchange Fees_20260324,,,,12100,ATGN,D23300,ARB03406_USD,,,,,16582.23,,,,,C00310,,,,
2642,,GJ,3/24/2026,,Wedbush_Clearing and Exchange Fees_20260324,,,,12100,ATGN,D23300,ARB03407_CAD,,,,,0.0,,,,,C03107,,,,
2643,,GJ,3/24/2026,,Wedbush_Clearing and Exchange Fees_20260324,,,,12100,ATGN,D23300,ARB03407_USD,,,,,44928.56,,,,,C03107,,,,
2644,,GJ,3/24/2026,,Wedbush_Clearing and Exchange Fees_20260324,,,,12100,ATGN,D23300,ARB03408_CAD,,,,,0.0,,,,,C00311,,,,
2645,,GJ,3/24/2026,,Wedbush_Clearing and Exchange Fees_20260324,,,,12100,ATGN,D23300,ARB03408_EUR,,,,,0.0,,,,,C00311,,,,
2646,,GJ,3/24/2026,,Wedbush_Clearing and Exchange Fees_20260324,,,,12100,ATGN,D23300,ARB03408_GBP,,,,,713.17,,,,,C00311,,,,
2647,,GJ,3/24/2026,,Wedbush_Clearing and Exchange Fees_20260324,,,,12100,ATGN,D23300,ARB03408_USD,,,,,39829.56,,,,,C00311,,,,
2648,,GJ,3/24/2026,,Wedbush_Clearing and Exchange Fees_20260324,,,,12100,ATGN,D23300,ARB03409_EUR,,,,,0.0,,,,,C00311,,,,
2649,,GJ,3/24/2026,,Wedbush_Clearing and Exchange Fees_20260324,,,,12100,ATGN,D23300,ARB03409_GBP,,,,,1231.33,,,,,C00311,,,,
2650,,GJ,3/24/2026,,Wedbush_Clearing and Exchange Fees_20260324,,,,12100,ATGN,D23300,ARB03409_USD,,,,,43909.520000000004,,,,,C00311,,,,
2651,,GJ,3/24/2026,,Wedbush_Clearing and Exchange Fees_20260324,,,,12100,ATGN,D23300,ARB03412_EUR,,,,,0.0,,,,,C00310,,,,
2652,,GJ,3/24/2026,,Wedbush_Clearing and Exchange Fees_20260324,,,,12100,ATGN,D23300,ARB03412_GBP,,,,,1.56,,,,,C00310,,,,
2653,,GJ,3/24/2026,,Wedbush_Clearing and Exchange Fees_20260324,,,,12100,ATGN,D23300,ARB03412_USD,,,,,2861.44,,,,,C00310,,,,
2654,,GJ,3/24/2026,,Wedbush_Clearing and Exchange Fees_20260324,,,,12100,ATGN,D23300,ARB03413_USD,,,,,1652.6399999999999,,,,,C03113,,,,
2655,,GJ,3/24/2026,,Wedbush_Clearing and Exchange Fees_20260324,,,,12100,ATGN,D23300,ARB03415_CAD,,,,,0.0,,,,,CX3115,,,,
2656,,GJ,3/24/2026,,Wedbush_Clearing and Exchange Fees_20260324,,,,12100,ATGN,D23300,ARB03415_EUR,,,,,0.0,,,,,CX3115,,,,
2657,,GJ,3/24/2026,,Wedbush_Clearing and Exchange Fees_20260324,,,,12100,ATGN,D23300,ARB03415_GBP,,,,,410.8,,,,,CX3115,,,,
2658,,GJ,3/24/2026,,Wedbush_Clearing and Exchange Fees_20260324,,,,12100,ATGN,D23300,ARB03415_USD,,,,,3471.66,,,,,CX3115,,,,
2659,,GJ,3/24/2026,,Wedbush_Clearing and Exchange Fees_20260324,,,,12100,ATGN,D23300,ARB03422_CAD,,,,,0.0,,,,,C03122,,,,
2660,,GJ,3/24/2026,,Wedbush_Clearing and Exchange Fees_20260324,,,,12100,ATGN,D23300,ARB03422_USD,,,,,3952.74,,,,,C03122,,,,
2661,,GJ,3/24/2026,,Wedbush_Clearing and Exchange Fees_20260324,,,,12100,ATGN,D23300,ARB03426_USD,,,,,10.5,,,,,C00310,,,,
2662,,GJ,3/24/2026,,Wedbush_Clearing and Exchange Fees_20260324,,,,12100,ATGN,D23080,ARB03427_USD,,,,,84.0,,,,,C01234,,,,
2663,,GJ,3/24/2026,,Wedbush_Clearing and Exchange Fees_20260324,,,,12100,ATGN,D23300,ARB03433_EUR,,,,,0.0,,,,,C03133,,,,
2664,,GJ,3/24/2026,,Wedbush_Clearing and Exchange Fees_20260324,,,,12100,ATGN,D23300,ARB03433_GBP,,,,,251.16,,,,,C03133,,,,
2665,,GJ,3/24/2026,,Wedbush_Clearing and Exchange Fees_20260324,,,,12100,ATGN,D23300,ARB03433_USD,,,,,6389.48,,,,,C03133,,,,
2666,,GJ,3/24/2026,,Wedbush_Clearing and Exchange Fees_20260324,,,,12100,ATGN,D23300,ARB03434_USD,,,,,2924.4,,,,,C03134,,,,
2667,,GJ,3/24/2026,,Wedbush_Clearing and Exchange Fees_20260324,,,,12100,ATGN,D23300,ARB03436_CAD,,,,,0.0,,,,,CX3136,,,,
2668,,GJ,3/24/2026,,Wedbush_Clearing and Exchange Fees_20260324,,,,12100,ATGN,D23300,ARB03436_EUR,,,,,0.0,,,,,CX3136,,,,
2669,,GJ,3/24/2026,,Wedbush_Clearing and Exchange Fees_20260324,,,,12100,ATGN,D23300,ARB03436_GBP,,,,,309.68,,,,,CX3136,,,,
2670,,GJ,3/24/2026,,Wedbush_Clearing and Exchange Fees_20260324,,,,12100,ATGN,D23300,ARB03436_USD,,,,,1223.3000000000002,,,,,CX3136,,,,
2671,,GJ,3/24/2026,,Wedbush_Clearing and Exchange Fees_20260324,,,,12100,ATGN,D23300,ARB03439_EUR,,,,,0.0,,,,,C00311,,,,
2672,,GJ,3/24/2026,,Wedbush_Clearing and Exchange Fees_20260324,,,,12100,ATGN,D23300,ARB03439_GBP,,,,,59.28,,,,,C00311,,,,
2673,,GJ,3/24/2026,,Wedbush_Clearing and Exchange Fees_20260324,,,,12100,ATGN,D23300,ARB03439_USD,,,,,2226.6800000000003,,,,,C00311,,,,
2674,,GJ,3/24/2026,,Wedbush_Clearing and Exchange Fees_20260324,,,,12100,ATGN,D23300,ARB03441_EUR,,,,,0.0,,,,,C03141,,,,
2675,,GJ,3/24/2026,,Wedbush_Clearing and Exchange Fees_20260324,,,,12100,ATGN,D23300,ARB03441_GBP,,,,,88.0,,,,,C03141,,,,
2676,,GJ,3/24/2026,,Wedbush_Clearing and Exchange Fees_20260324,,,,12100,ATGN,D23300,ARB03442_USD,,,,,3266.5599999999995,,,,,C00310,,,,
2677,,GJ,3/24/2026,,Wedbush_Clearing and Exchange Fees_20260324,,,,12100,ATGN,D23300,ARB03443_CAD,,,,,0.0,,,,,C00310,,,,
2678,,GJ,3/24/2026,,Wedbush_Clearing and Exchange Fees_20260324,,,,12100,ATGN,D23300,ARB03443_EUR,,,,,0.0,,,,,C00310,,,,
2679,,GJ,3/24/2026,,Wedbush_Clearing and Exchange Fees_20260324,,,,12100,ATGN,D23300,ARB03443_GBP,,,,,7.9,,,,,C00310,,,,
2680,,GJ,3/24/2026,,Wedbush_Clearing and Exchange Fees_20260324,,,,12100,ATGN,D23300,ARB03443_USD,,,,,7366.38,,,,,C00310,,,,
2681,,GJ,3/24/2026,,Wedbush_Clearing and Exchange Fees_20260324,,,,12100,ATGN,D23300,ARB03446_EUR,,,,,0.0,,,,,CX3136,,,,
2682,,GJ,3/24/2026,,Wedbush_Clearing and Exchange Fees_20260324,,,,12100,ATGN,D23300,ARB03446_GBP,,,,,71.1,,,,,CX3136,,,,
2683,,GJ,3/24/2026,,Wedbush_Clearing and Exchange Fees_20260324,,,,12100,ATGN,D23300,ARB03446_USD,,,,,2238.6000000000004,,,,,CX3136,,,,
2684,,GJ,3/24/2026,,Wedbush_Clearing and Exchange Fees_20260324,,,,12100,ATGN,D23090,ARB03450_EUR,,,,,0.0,,,,,C03150,,,,
2685,,GJ,3/24/2026,,Wedbush_Clearing and Exchange Fees_20260324,,,,12100,ATGN,D23090,ARB03450_GBP,,,,,981.6800000000001,,,,,C03150,,,,
2686,,GJ,3/24/2026,,Wedbush_Clearing and Exchange Fees_20260324,,,,12100,ATGN,D23090,ARB03450_USD,,,,,9.319999999999999,,,,,C03150,,,,
2687,,GJ,3/24/2026,,Wedbush_Clearing and Exchange Fees_20260324,,,,12100,ATGN,D23090,ARB03454_EUR,,,,,72.0,,,,,C03154,,,,
2688,,GJ,3/24/2026,,Wedbush_Clearing and Exchange Fees_20260324,,,,12100,ATGN,D23090,ARB03454_GBP,,,,,1281.28,,,,,C03154,,,,
2689,,GJ,3/24/2026,,Wedbush_Clearing and Exchange Fees_20260324,,,,12100,ATGN,D23090,ARB03454_USD,,,,,125.82000000000001,,,,,C03154,,,,
2690,,GJ,3/24/2026,,Wedbush_Clearing and Exchange Fees_20260324,,,,12100,ATGN,D23100,ARB03457_EUR,,,,,0.0,,,,,C03157,,,,
2691,,GJ,3/24/2026,,Wedbush_Clearing and Exchange Fees_20260324,,,,12100,ATGN,D23100,ARB03457_GBP,,,,,1328.96,,,,,C03157,,,,
2692,,GJ,3/24/2026,,Wedbush_Clearing and Exchange Fees_20260324,,,,12100,ATGN,D23100,ARB03457_USD,,,,,1335.1000000000001,,,,,C03157,,,,
2693,,GJ,3/24/2026,,Wedbush_Clearing and Exchange Fees_20260324,,,,12100,ATGN,D23100,ARB03459_CHF,,,,,0.0,,,,,C03159,,,,
2694,,GJ,3/24/2026,,Wedbush_Clearing and Exchange Fees_20260324,,,,12100,ATGN,D23100,ARB03459_EUR,,,,,292.8,,,,,C03159,,,,
2695,,GJ,3/24/2026,,Wedbush_Clearing and Exchange Fees_20260324,,,,12100,ATGN,D23100,ARB03459_GBP,,,,,1196.64,,,,,C03159,,,,
2696,,GJ,3/24/2026,,Wedbush_Clearing and Exchange Fees_20260324,,,,12100,ATGN,D23100,ARB03459_USD,,,,,1780.0600000000002,,,,,C03159,,,,
2697,,GJ,3/24/2026,,Wedbush_Clearing and Exchange Fees_20260324,,,,12100,ATGN,D23300,ARB03460_EUR,,,,,0.0,,,,,C03160,,,,
2698,,GJ,3/24/2026,,Wedbush_Clearing and Exchange Fees_20260324,,,,12100,ATGN,D23300,ARB03460_GBP,,,,,170.64,,,,,C03160,,,,
2699,,GJ,3/24/2026,,Wedbush_Clearing and Exchange Fees_20260324,,,,12100,ATGN,D23300,ARB03460_USD,,,,,945.0,,,,,C03160,,,,
2700,,GJ,3/24/2026,,Wedbush_Clearing and Exchange Fees_20260324,,,,12100,ATGN,D23300,ARB03463_USD,,,,,163.8,,,,,C03163,,,,
2701,,GJ,3/24/2026,,Wedbush_Clearing and Exchange Fees_20260324,,,,12100,ATGN,D23010,ARB03468_CAD,,,,,0.0,,,,,C03168,,,,
2702,,GJ,3/24/2026,,Wedbush_Clearing and Exchange Fees_20260324,,,,12100,ATGN,D23010,ARB03468_USD,,,,,53.55,,,,,C03168,,,,
2703,,GJ,3/24/2026,,Wedbush_Clearing and Exchange Fees_20260324,,,,12100,ATGN,D23100,ARB03474_EUR,,,,,0.0,,,,,C03174,,,,
2704,,GJ,3/24/2026,,Wedbush_Clearing and Exchange Fees_20260324,,,,12100,ATGN,D23100,ARB03474_GBP,,,,,263.2,,,,,C03174,,,,
2705,,GJ,3/24/2026,,Wedbush_Clearing and Exchange Fees_20260324,,,,12100,ATGN,D23100,ARB03475_EUR,,,,,0.0,,,,,C03175,,,,
2706,,GJ,3/24/2026,,Wedbush_Clearing and Exchange Fees_20260324,,,,12100,ATGN,D23100,ARB03475_GBP,,,,,517.4399999999999,,,,,C03175,,,,
2707,,GJ,3/24/2026,,Wedbush_Clearing and Exchange Fees_20260324,,,,12100,ATGN,D23100,ARB03476_EUR,,,,,0.0,,,,,C03176,,,,
2708,,GJ,3/24/2026,,Wedbush_Clearing and Exchange Fees_20260324,,,,12100,ATGN,D23100,ARB03476_GBP,,,,,749.2800000000001,,,,,C03176,,,,
2709,,GJ,3/24/2026,,Wedbush_Clearing and Exchange Fees_20260324,,,,12100,ATGN,D23100,ARB03485_EUR,,,,,0.0,,,,,C03185,,,,
2710,,GJ,3/24/2026,,Wedbush_Clearing and Exchange Fees_20260324,,,,12100,ATGN,D23100,ARB03485_GBP,,,,,990.8800000000001,,,,,C03185,,,,
2711,,GJ,3/24/2026,,Wedbush_Clearing and Exchange Fees_20260324,,,,12100,ATGN,D23100,ARB03485_USD,,,,,46.6,,,,,C03185,,,,
2712,,GJ,3/24/2026,,Wedbush_Clearing and Exchange Fees_20260324,,,,12100,ATGN,D23300,ARB03489_EUR,,,,,0.0,,,,,C03160,,,,
2713,,GJ,3/24/2026,,Wedbush_Clearing and Exchange Fees_20260324,,,,12100,ATGN,D23300,ARB03489_GBP,,,,,1092.26,,,,,C03160,,,,
2714,,GJ,3/24/2026,,Wedbush_Clearing and Exchange Fees_20260324,,,,12100,ATGN,D23300,ARB03489_USD,,,,,5832.64,,,,,C03160,,,,
2715,,GJ,3/24/2026,,Wedbush_Clearing and Exchange Fees_20260324,,,,12100,ATGN,D23300,ARB03492_CAD,,,,,0.0,,,,,C03163,,,,
2716,,GJ,3/24/2026,,Wedbush_Clearing and Exchange Fees_20260324,,,,12100,ATGN,D23300,ARB03492_EUR,,,,,0.0,,,,,C03163,,,,
2717,,GJ,3/24/2026,,Wedbush_Clearing and Exchange Fees_20260324,,,,12100,ATGN,D23300,ARB03492_GBP,,,,,823.1800000000001,,,,,C03163,,,,
2718,,GJ,3/24/2026,,Wedbush_Clearing and Exchange Fees_20260324,,,,12100,ATGN,D23300,ARB03492_USD,,,,,8273.2,,,,,C03163,,,,
2719,,GJ,3/24/2026,,Wedbush_Clearing and Exchange Fees_20260324,,,,12100,303P,D21030,ARB04021_USD,,,,,237.56,,,,,C03084,,,,
2720,,GJ,3/24/2026,,Wedbush_Clearing and Exchange Fees_20260324,,,,12100,303P,D21030,ARB04022_USD,,,,,1786.76,,,,,C04022,,,,
2721,,GJ,3/24/2026,,Wedbush_Clearing and Exchange Fees_20260324,,,,12100,303P,D21030,ARB04023_USD,,,,,94.24000000000001,,,,,C04023,,,,
2722,,GJ,3/24/2026,,Wedbush_Clearing and Exchange Fees_20260324,,,,12100,303P,D21300,ARB04024_USD,,,,,80.58,,,,,C04024,,,,
2723,,GJ,3/24/2026,,Wedbush_Clearing and Exchange Fees_20260324,,,,12100,303P,D21300,ARB04029_USD,,,,,78.15,,,,,C04029,,,,
2724,,GJ,3/24/2026,,Wedbush_Clearing and Exchange Fees_20260324,,,,12100,303P,D21030,ARB04031_USD,,,,,21922.57,,,,,C04031,,,,
2725,,GJ,3/24/2026,,Wedbush_Clearing and Exchange Fees_20260324,,,,12100,303P,D21300,ARB04038_USD,,,,,232.04,,,,,C04038,,,,
2726,,GJ,3/24/2026,,Wedbush_Clearing and Exchange Fees_20260324,,,,12100,303P,D21300,ARB04039_USD,,,,,42.18,,,,,C04039,,,,
2727,,GJ,3/24/2026,,Wedbush_Clearing and Exchange Fees_20260324,,,,12100,303P,D21300,ARB04042_USD,,,,,426.52,,,,,C02044,,,,
2728,,GJ,3/24/2026,,Wedbush_Clearing and Exchange Fees_20260324,,,,12100,303P,D21300,ARB04047_USD,,,,,2674.48,,,,,C04033,,,,
2729,,GJ,3/24/2026,,Wedbush_Clearing and Exchange Fees_20260324,,,,12100,303P,D21300,ARB04048_USD,,,,,817.13,,,,,C04048,,,,
2730,,GJ,3/24/2026,,Wedbush_Clearing and Exchange Fees_20260324,,,,12100,303P,D21030,ARB04049_USD,,,,,2291.6,,,,,C04050,,,,
2731,,GJ,3/24/2026,,Wedbush_Clearing and Exchange Fees_20260324,,,,12100,303P,D21300,ARB04052_USD,,,,,581.28,,,,,C04052,,,,
2732,,GJ,3/24/2026,,Wedbush_Clearing and Exchange Fees_20260324,,,,12100,303P,D21300,ARB04053_EUR,,,,,72.48,,,,,C04053,,,,
2733,,GJ,3/24/2026,,Wedbush_Clearing and Exchange Fees_20260324,,,,12100,303P,D21300,ARB04053_USD,,,,,136.64,,,,,C04053,,,,
2734,,GJ,3/24/2026,,Wedbush_Clearing and Exchange Fees_20260324,,,,12100,303P,D21300,ARB04055_USD,,,,,277.18,,,,,C04054,,,,
2735,,GJ,3/24/2026,,Wedbush_Clearing and Exchange Fees_20260324,,,,12100,303P,D21300,ARB04057_USD,,,,,7122.72,,,,,C01057,,,,
2736,,GJ,3/24/2026,,Wedbush_Clearing and Exchange Fees_20260324,,,,12100,303P,D21300,ARB04059_USD,,,,,1164.4,,,,,C04059,,,,
2737,,GJ,3/24/2026,,Wedbush_Clearing and Exchange Fees_20260324,,,,12100,303P,D21300,ARB04062_USD,,,,,233.02,,,,,C03029,,,,
2738,,GJ,3/24/2026,,Wedbush_Clearing and Exchange Fees_20260324,,,,12100,303P,D21300,ARB04065_USD,,,,,779.16,,,,,C00675,,,,
2739,,GJ,3/24/2026,,Wedbush_Clearing and Exchange Fees_20260324,,,,12100,303P,D21300,ARB04066_USD,,,,,729.08,,,,,C00675,,,,
2740,,GJ,3/24/2026,,Wedbush_Clearing and Exchange Fees_20260324,,,,12100,303P,D21300,ARB04067_USD,,,,,1238.36,,,,,C00675,,,,
2741,,GJ,3/24/2026,,Wedbush_Clearing and Exchange Fees_20260324,,,,12100,303P,D21300,ARB04068_USD,,,,,1803.3799999999999,,,,,C00675,,,,
2742,,GJ,3/24/2026,,Wedbush_Clearing and Exchange Fees_20260324,,,,12100,303P,D21300,ARB04069_USD,,,,,706.2900000000001,,,,,C00675,,,,
2743,,GJ,3/24/2026,,Wedbush_Clearing and Exchange Fees_20260324,,,,12100,303P,D21300,ARB04070_USD,,,,,75.36,,,,,C00675,,,,
2744,,GJ,3/24/2026,,Wedbush_Clearing and Exchange Fees_20260324,,,,12100,303P,D12000,ARB04085_USD,,,,,94.76,,,,,C02502,,,,
2745,,GJ,3/24/2026,,Wedbush_Clearing and Exchange Fees_20260324,,,,12100,303P,D20000,ARB04088_USD,,,,,54.2,,,,,C00001,,,,
2746,,GJ,3/24/2026,,Wedbush_Clearing and Exchange Fees_20260324,,,,12100,303P,D23300,ARB04101_USD,,,,,3935.68,,,,,C04101,,,,
2747,,GJ,3/24/2026,,Wedbush_Clearing and Exchange Fees_20260324,,,,12100,303P,D23300,ARB04102_USD,,,,,3334.9300000000003,,,,,C04102,,,,
2748,,GJ,3/24/2026,,Wedbush_Clearing and Exchange Fees_20260324,,,,12100,303P,D23300,ARB04103_USD,,,,,2104.2,,,,,C04103,,,,
2749,,GJ,3/24/2026,,Wedbush_Clearing and Exchange Fees_20260324,,,,12100,303P,D23300,ARB04104_USD,,,,,1554.6399999999999,,,,,C04104,,,,
2750,,GJ,3/24/2026,,Wedbush_Clearing and Exchange Fees_20260324,,,,12100,303P,D23020,ARB04105_USD,,,,,5205.2,,,,,C04105,,,,
2751,,GJ,3/24/2026,,Wedbush_Clearing and Exchange Fees_20260324,,,,12100,303P,D23020,ARB04106_USD,,,,,7448.28,,,,,C04105,,,,
2752,,GJ,3/24/2026,,Wedbush_Clearing and Exchange Fees_20260324,,,,12100,303P,D23300,ARB04107_USD,,,,,0.6,,,,,CX4107,,,,
2753,,GJ,3/24/2026,,Wedbush_Clearing and Exchange Fees_20260324,,,,12100,303P,D23300,ARB04108_USD,,,,,10210.44,,,,,C04108,,,,
2754,,GJ,3/24/2026,,Wedbush_Clearing and Exchange Fees_20260324,,,,12100,303P,D23300,ARB04110_USD,,,,,3680.0,,,,,C04110,,,,
2755,,GJ,3/24/2026,,Wedbush_Clearing and Exchange Fees_20260324,,,,12100,303P,D23300,ARB04111_USD,,,,,697.15,,,,,C04111,,,,
2756,,GJ,3/24/2026,,Wedbush_Clearing and Exchange Fees_20260324,,,,12100,303P,D23300,ARB04112_USD,,,,,84.69,,,,,C04112,,,,
2757,,GJ,3/24/2026,,Wedbush_Clearing and Exchange Fees_20260324,,,,12100,303P,D23300,ARB04113_USD,,,,,970.3199999999999,,,,,C03122,,,,
2758,,GJ,3/24/2026,,Wedbush_Clearing and Exchange Fees_20260324,,,,12100,303P,D23090,ARB04114_USD,,,,,3067.27,,,,,C04114,,,,
2759,,GJ,3/24/2026,,Wedbush_Clearing and Exchange Fees_20260324,,,,12100,303P,D23300,ARB04155_USD,,,,,1103.6399999999999,,,,,C04155,,,,
2760,,GJ,3/24/2026,,Wedbush_Clearing and Exchange Fees_20260324,,,,12100,303P,D23300,ARB04156_USD,,,,,1054.3,,,,,C04156,,,,
2761,,GJ,3/24/2026,,Wedbush_Clearing and Exchange Fees_20260324,,,,12100,303P,D23010,ARB04157_USD,,,,,30.240000000000002,,,,,C01268,,,,
2762,,GJ,3/24/2026,,Wedbush_Clearing and Exchange Fees_20260324,,,,12100,303P,D23010,ARB04158_USD,,,,,1.12,,,,,C01269,,,,
2763,,GJ,3/24/2026,,Wedbush_Clearing and Exchange Fees_20260324,,,,12100,303P,D23010,ARB04159_USD,,,,,15.68,,,,,C01270,,,,
2764,,GJ,3/24/2026,,Wedbush_Clearing and Exchange Fees_20260324,,,,12100,303P,D23010,ARB04160_USD,,,,,502.88,,,,,C01271,,,,
2765,,GJ,3/24/2026,,Wedbush_Clearing and Exchange Fees_20260324,,,,12100,303P,D23010,ARB04161_USD,,,,,199.36,,,,,C01272,,,,
2766,,GJ,3/24/2026,,Wedbush_Clearing and Exchange Fees_20260324,,,,12100,303P,D23010,ARB04162_USD,,,,,72.8,,,,,C01273,,,,
2767,,GJ,3/24/2026,,Wedbush_Clearing and Exchange Fees_20260324,,,,12100,303P,D23100,ARB04163_USD,,,,,348.14,,,,,C01274,,,,
2768,,GJ,3/24/2026,,Wedbush_Clearing and Exchange Fees_20260324,,,,12100,303P,D23100,ARB04164_USD,,,,,589.74,,,,,C01275,,,,
2769,,GJ,3/24/2026,,Wedbush_Clearing and Exchange Fees_20260324,,,,12100,303P,D23100,ARB04165_USD,,,,,417.84,,,,,C01276,,,,
2770,,GJ,3/24/2026,,Wedbush_Clearing and Exchange Fees_20260324,,,,12100,303P,D23100,ARB04166_USD,,,,,1204.34,,,,,C01277,,,,
2771,,GJ,3/24/2026,,Wedbush_Clearing and Exchange Fees_20260324,,,,12100,303P,D23100,ARB04167_USD,,,,,504.2,,,,,C01278,,,,
2772,,GJ,3/24/2026,,Wedbush_Clearing and Exchange Fees_20260324,,,,12100,303P,D23100,ARB04168_USD,,,,,849.1800000000001,,,,,C01279,,,,
2773,,GJ,3/24/2026,,Wedbush_Clearing and Exchange Fees_20260324,,,,12100,ATGN,D24010,ARB04336_USD,,,,,0.0,,,,,C00650,,,,
2774,,GJ,3/24/2026,,Wedbush_Clearing and Exchange Fees_20260324,,,,12100,ATGN,D24010,ARB04345_USD,,,,,4497.98,,,,,C00650,,,,
2775,,GJ,3/24/2026,,Wedbush_Clearing and Exchange Fees_20260324,,,,12100,ATGN,D21300,ARB04348_EUR,,,,,0.0,,,,,C04048,,,,
2776,,GJ,3/24/2026,,Wedbush_Clearing and Exchange Fees_20260324,,,,12100,ATGN,D21300,ARB04348_GBP,,,,,9.48,,,,,C04048,,,,
2777,,GJ,3/24/2026,,Wedbush_Clearing and Exchange Fees_20260324,,,,12100,ATGN,D21300,ARB04348_USD,,,,,255.2,,,,,C04048,,,,
2778,,GJ,3/24/2026,,Wedbush_Clearing and Exchange Fees_20260324,,,,12100,ATGN,D21300,ARB04357_EUR,,,,,0.0,,,,,C01057,,,,
2779,,GJ,3/24/2026,,Wedbush_Clearing and Exchange Fees_20260324,,,,12100,ATGN,D21300,ARB04357_GBP,,,,,459.48,,,,,C01057,,,,
2780,,GJ,3/24/2026,,Wedbush_Clearing and Exchange Fees_20260324,,,,12100,ATGN,D23300,ARB04401_USD,,,,,14508.220000000001,,,,,C04101,,,,
2781,,GJ,3/24/2026,,Wedbush_Clearing and Exchange Fees_20260324,,,,12100,ATGN,D23300,ARB04402_USD,,,,,25474.239999999998,,,,,C04102,,,,
2782,,GJ,3/24/2026,,Wedbush_Clearing and Exchange Fees_20260324,,,,12100,ATGN,D23300,ARB04403_USD,,,,,453.6,,,,,C04103,,,,
2783,,GJ,3/24/2026,,Wedbush_Clearing and Exchange Fees_20260324,,,,12100,ATGN,D23300,ARB04404_EUR,,,,,0.0,,,,,C04104,,,,
2784,,GJ,3/24/2026,,Wedbush_Clearing and Exchange Fees_20260324,,,,12100,ATGN,D23300,ARB04404_GBP,,,,,6.32,,,,,C04104,,,,
2785,,GJ,3/24/2026,,Wedbush_Clearing and Exchange Fees_20260324,,,,12100,ATGN,D23300,ARB04404_USD,,,,,8931.32,,,,,C04104,,,,
2786,,GJ,3/24/2026,,Wedbush_Clearing and Exchange Fees_20260324,,,,12100,ATGN,D23020,ARB04405_CAD,,,,,0.0,,,,,C04105,,,,
2787,,GJ,3/24/2026,,Wedbush_Clearing and Exchange Fees_20260324,,,,12100,ATGN,D23020,ARB04405_EUR,,,,,0.0,,,,,C04105,,,,
2788,,GJ,3/24/2026,,Wedbush_Clearing and Exchange Fees_20260324,,,,12100,ATGN,D23020,ARB04405_GBP,,,,,106.68,,,,,C04105,,,,
2789,,GJ,3/24/2026,,Wedbush_Clearing and Exchange Fees_20260324,,,,12100,ATGN,D23020,ARB04405_USD,,,,,1724.2,,,,,C04105,,,,
2790,,GJ,3/24/2026,,Wedbush_Clearing and Exchange Fees_20260324,,,,12100,ATGN,D23020,ARB04406_CAD,,,,,0.0,,,,,C04105,,,,
2791,,GJ,3/24/2026,,Wedbush_Clearing and Exchange Fees_20260324,,,,12100,ATGN,D23020,ARB04406_EUR,,,,,0.0,,,,,C04105,,,,
2792,,GJ,3/24/2026,,Wedbush_Clearing and Exchange Fees_20260324,,,,12100,ATGN,D23020,ARB04406_GBP,,,,,50.56,,,,,C04105,,,,
2793,,GJ,3/24/2026,,Wedbush_Clearing and Exchange Fees_20260324,,,,12100,ATGN,D23020,ARB04406_USD,,,,,1158.52,,,,,C04105,,,,
2794,,GJ,3/24/2026,,Wedbush_Clearing and Exchange Fees_20260324,,,,12100,ATGN,D23300,ARB04408_EUR,,,,,0.0,,,,,C04108,,,,
2795,,GJ,3/24/2026,,Wedbush_Clearing and Exchange Fees_20260324,,,,12100,ATGN,D23300,ARB04408_GBP,,,,,4229.68,,,,,C04108,,,,
2796,,GJ,3/24/2026,,Wedbush_Clearing and Exchange Fees_20260324,,,,12100,ATGN,D23300,ARB04410_USD,,,,,10449.119999999999,,,,,C04110,,,,
2797,,GJ,3/24/2026,,Wedbush_Clearing and Exchange Fees_20260324,,,,12100,ATGN,D23300,ARB04413_EUR,,,,,0.0,,,,,C03122,,,,
2798,,GJ,3/24/2026,,Wedbush_Clearing and Exchange Fees_20260324,,,,12100,ATGN,D23300,ARB04413_GBP,,,,,4.74,,,,,C03122,,,,
2799,,GJ,3/24/2026,,Wedbush_Clearing and Exchange Fees_20260324,,,,12100,ATGN,D23300,ARB04413_USD,,,,,275.1,,,,,C03122,,,,
2800,,GJ,3/24/2026,,Wedbush_Clearing and Exchange Fees_20260324,,,,12100,ATGN,D23020,ARB04451_EUR,,,,,0.0,,,,,C01266,,,,
2801,,GJ,3/24/2026,,Wedbush_Clearing and Exchange Fees_20260324,,,,12100,ATGN,D23020,ARB04451_GBP,,,,,2095.08,,,,,C01266,,,,
2802,,GJ,3/24/2026,,Wedbush_Clearing and Exchange Fees_20260324,,,,12100,ATGN,D23020,ARB04451_USD,,,,,4317.6,,,,,C01266,,,,
2803,,GJ,3/24/2026,,Wedbush_Clearing and Exchange Fees_20260324,,,,12100,ATGN,D23020,ARB04452_EUR,,,,,0.0,,,,,C01265,,,,
2804,,GJ,3/24/2026,,Wedbush_Clearing and Exchange Fees_20260324,,,,12100,ATGN,D23020,ARB04452_GBP,,,,,1028.58,,,,,C01265,,,,
2805,,GJ,3/24/2026,,Wedbush_Clearing and Exchange Fees_20260324,,,,12100,ATGN,D23020,ARB04452_USD,,,,,1919.4,,,,,C01265,,,,
2806,,GJ,3/24/2026,,Wedbush_Clearing and Exchange Fees_20260324,,,,12100,ATGN,D23020,ARB04454_EUR,,,,,0.0,,,,,C01261,,,,
2807,,GJ,3/24/2026,,Wedbush_Clearing and Exchange Fees_20260324,,,,12100,ATGN,D23020,ARB04454_GBP,,,,,2077.7,,,,,C01261,,,,
2808,,GJ,3/24/2026,,Wedbush_Clearing and Exchange Fees_20260324,,,,12100,ATGN,D23020,ARB04454_USD,,,,,3565.8,,,,,C01261,,,,
2809,,GJ,3/24/2026,,Wedbush_Clearing and Exchange Fees_20260324,,,,12100,303P,D21300,ARB05057_EUR,,,,,0.0,,,,,C01057,,,,
2810,,GJ,3/24/2026,,Wedbush_Clearing and Exchange Fees_20260324,,,,12100,303P,D21300,ARB05057_USD,,,,,825.55,,,,,C01057,,,,
2811,,GJ,3/24/2026,,Wedbush_Clearing and Exchange Fees_20260324,,,,12100,ATGN,D21300,ARB05357_EUR,,,,,0.0,,,,,C01057,,,,
2812,,GJ,3/24/2026,,Wedbush_Clearing and Exchange Fees_20260324,,,,12100,ATGN,D21300,ARB05357_GBP,,,,,287634.76,,,,,C01057,,,,
2813,,GJ,3/24/2026,,Wedbush_Clearing and Exchange Fees_20260324,,,,12100,303P,D21300,ARB06057_USD,,,,,4160.87,,,,,C01057,,,,
2814,,GJ,3/24/2026,,Wedbush_Clearing and Exchange Fees_20260324,,,,12100,ATGN,D21300,ARB06357_USD,,,,,1854.47,,,,,C01057,,,,
2815,,GJ,3/24/2026,,Wedbush_Clearing and Exchange Fees_20260324,,,,50120,303P,D24300,ARB00017_USD,,,,28.5,,,,,,C00017,,,,
2816,,GJ,3/24/2026,,Wedbush_Clearing and Exchange Fees_20260324,,,,50120,303P,D24300,ARB00020_USD,,,,5494.91,,,,,,C00020,,,,
2817,,GJ,3/24/2026,,Wedbush_Clearing and Exchange Fees_20260324,,,,50120,303P,D21300,ARB00033_USD,,,,4023.3700000000003,,,,,,C00033,,,,
2818,,GJ,3/24/2026,,Wedbush_Clearing and Exchange Fees_20260324,,,,50120,303P,D21300,ARB00054_USD,,,,11882.519999999999,,,,,,C00054,,,,
2819,,GJ,3/24/2026,,Wedbush_Clearing and Exchange Fees_20260324,,,,50120,303P,D21300,ARB00055_USD,,,,1248.1,,,,,,C00054,,,,
2820,,GJ,3/24/2026,,Wedbush_Clearing and Exchange Fees_20260324,,,,50120,303P,D21300,ARB00068_USD,,,,5262.68,,,,,,C03068,,,,
2821,,GJ,3/24/2026,,Wedbush_Clearing and Exchange Fees_20260324,,,,50120,303P,D21300,ARB00090_USD,,,,3494.0,,,,,,C00090,,,,
2822,,GJ,3/24/2026,,Wedbush_Clearing and Exchange Fees_20260324,,,,50120,303P,D23300,ARB00110_USD,,,,708.4599999999999,,,,,,C00110,,,,
2823,,GJ,3/24/2026,,Wedbush_Clearing and Exchange Fees_20260324,,,,50120,303P,D23300,ARB00112_USD,,,,1572.44,,,,,,C00112,,,,
2824,,GJ,3/24/2026,,Wedbush_Clearing and Exchange Fees_20260324,,,,50120,303P,D23300,ARB00113_USD,,,,356.24,,,,,,C00112,,,,
2825,,GJ,3/24/2026,,Wedbush_Clearing and Exchange Fees_20260324,,,,50120,303P,D23300,ARB00122_USD,,,,17.12,,,,,,C00122,,,,
2826,,GJ,3/24/2026,,Wedbush_Clearing and Exchange Fees_20260324,,,,50120,303P,D23080,ARB00123_USD,,,,905.86,,,,,,C01231,,,,
2827,,GJ,3/24/2026,,Wedbush_Clearing and Exchange Fees_20260324,,,,50120,303P,D23020,ARB00124_USD,,,,1677.85,,,,,,C00124,,,,
2828,,GJ,3/24/2026,,Wedbush_Clearing and Exchange Fees_20260324,,,,50120,303P,D23020,ARB00126_USD,,,,359.59000000000003,,,,,,C00426,,,,
2829,,GJ,3/24/2026,,Wedbush_Clearing and Exchange Fees_20260324,,,,50120,303P,D23300,ARB00132_USD,,,,437.92,,,,,,C00132,,,,
2830,,GJ,3/24/2026,,Wedbush_Clearing and Exchange Fees_20260324,,,,50120,303P,D23300,ARB00135_USD,,,,8.16,,,,,,C00135,,,,
2831,,GJ,3/24/2026,,Wedbush_Clearing and Exchange Fees_20260324,,,,50120,303P,D23020,ARB00143_USD,,,,477.63,,,,,,C00125,,,,
2832,,GJ,3/24/2026,,Wedbush_Clearing and Exchange Fees_20260324,,,,50120,303P,D23020,ARB00146_USD,,,,109.86,,,,,,C00146,,,,
2833,,GJ,3/24/2026,,Wedbush_Clearing and Exchange Fees_20260324,,,,50120,303P,D23300,ARB00149_USD,,,,3904.48,,,,,,C00149,,,,
2834,,GJ,3/24/2026,,Wedbush_Clearing and Exchange Fees_20260324,,,,50120,303P,D23300,ARB00156_USD,,,,13498.24,,,,,,C00156,,,,
2835,,GJ,3/24/2026,,Wedbush_Clearing and Exchange Fees_20260324,,,,50120,303P,D23300,ARB00159_USD,,,,51.68,,,,,,C00159,,,,
2836,,GJ,3/24/2026,,Wedbush_Clearing and Exchange Fees_20260324,,,,50120,303P,D23010,ARB00160_USD,,,,2099.0,,,,,,C00160,,,,
2837,,GJ,3/24/2026,,Wedbush_Clearing and Exchange Fees_20260324,,,,50120,303P,D23010,ARB00161_USD,,,,319.89,,,,,,C00161,,,,
2838,,GJ,3/24/2026,,Wedbush_Clearing and Exchange Fees_20260324,,,,50120,303P,D23010,ARB00169_USD,,,,10059.169999999998,,,,,,C00469,,,,
2839,,GJ,3/24/2026,,Wedbush_Clearing and Exchange Fees_20260324,,,,50120,303P,D23060,ARB00186_USD,,,,2933.94,,,,,,C00186,,,,
2840,,GJ,3/24/2026,,Wedbush_Clearing and Exchange Fees_20260324,,,,50120,303P,D23060,ARB00188_USD,,,,244.14000000000001,,,,,,C00186,,,,
2841,,GJ,3/24/2026,,Wedbush_Clearing and Exchange Fees_20260324,,,,50120,303P,D23300,ARB00193_USD,,,,5764.0,,,,,,C00193,,,,
2842,,GJ,3/24/2026,,Wedbush_Clearing and Exchange Fees_20260324,,,,50120,303P,D23300,ARB00194_USD,,,,10526.27,,,,,,C00194,,,,
2843,,GJ,3/24/2026,,Wedbush_Clearing and Exchange Fees_20260324,,,,50120,303P,D22000,ARB00201_USD,,,,77.89,,,,,,C00201,,,,
2844,,GJ,3/24/2026,,Wedbush_Clearing and Exchange Fees_20260324,,,,50120,303P,D22000,ARB00203_USD,,,,256.15,,,,,,C00203,,,,
2845,,GJ,3/24/2026,,Wedbush_Clearing and Exchange Fees_20260324,,,,50120,303P,D22000,ARB00214_USD,,,,1186.47,,,,,,C00214,,,,
2846,,GJ,3/24/2026,,Wedbush_Clearing and Exchange Fees_20260324,,,,50120,303P,D22000,ARB00215_USD,,,,16122.89,,,,,,C00215,,,,
2847,,GJ,3/24/2026,,Wedbush_Clearing and Exchange Fees_20260324,,,,50120,303P,D22000,ARB00220_USD,,,,4505.2300000000005,,,,,,C00220,,,,
2848,,GJ,3/24/2026,,Wedbush_Clearing and Exchange Fees_20260324,,,,50120,303P,D22000,ARB00257_USD,,,,23829.16,,,,,,C00257,,,,
2849,,GJ,3/24/2026,,Wedbush_Clearing and Exchange Fees_20260324,,,,50120,303P,D22000,ARB00267_USD,,,,1007.5699999999999,,,,,,C00267,,,,
2850,,GJ,3/24/2026,,Wedbush_Clearing and Exchange Fees_20260324,,,,50120,ATGN,D24300,ARB00320_EUR,,,,122.4,,,,,,C00020,,,,
2851,,GJ,3/24/2026,,Wedbush_Clearing and Exchange Fees_20260324,,,,50120,ATGN,D24300,ARB00320_GBP,,,,11616.8,,,,,,C00020,,,,
2852,,GJ,3/24/2026,,Wedbush_Clearing and Exchange Fees_20260324,,,,50120,ATGN,D21300,ARB00333_EUR,,,,0.0,,,,,,C00033,,,,
2853,,GJ,3/24/2026,,Wedbush_Clearing and Exchange Fees_20260324,,,,50120,ATGN,D21300,ARB00333_GBP,,,,2291.2799999999997,,,,,,C00033,,,,
2854,,GJ,3/24/2026,,Wedbush_Clearing and Exchange Fees_20260324,,,,50120,ATGN,D21300,ARB00354_USD,,,,1919.8700000000001,,,,,,C00054,,,,
2855,,GJ,3/24/2026,,Wedbush_Clearing and Exchange Fees_20260324,,,,50120,ATGN,D21300,ARB00355_EUR,,,,0.0,,,,,,C00054,,,,
2856,,GJ,3/24/2026,,Wedbush_Clearing and Exchange Fees_20260324,,,,50120,ATGN,D21300,ARB00355_GBP,,,,617.28,,,,,,C00054,,,,
2857,,GJ,3/24/2026,,Wedbush_Clearing and Exchange Fees_20260324,,,,50120,ATGN,D21300,ARB00390_CAD,,,,0.0,,,,,,C00090,,,,
2858,,GJ,3/24/2026,,Wedbush_Clearing and Exchange Fees_20260324,,,,50120,ATGN,D21300,ARB00390_USD,,,,14816.939999999999,,,,,,C00090,,,,
2859,,GJ,3/24/2026,,Wedbush_Clearing and Exchange Fees_20260324,,,,50120,ATGN,D23300,ARB00410_EUR,,,,0.0,,,,,,C00110,,,,
2860,,GJ,3/24/2026,,Wedbush_Clearing and Exchange Fees_20260324,,,,50120,ATGN,D23300,ARB00410_GBP,,,,5.46,,,,,,C00110,,,,
2861,,GJ,3/24/2026,,Wedbush_Clearing and Exchange Fees_20260324,,,,50120,ATGN,D23300,ARB00412_EUR,,,,1096.8000000000002,,,,,,C00112,,,,
2862,,GJ,3/24/2026,,Wedbush_Clearing and Exchange Fees_20260324,,,,50120,ATGN,D23300,ARB00412_GBP,,,,3301.44,,,,,,C00112,,,,
2863,,GJ,3/24/2026,,Wedbush_Clearing and Exchange Fees_20260324,,,,50120,ATGN,D23300,ARB00412_USD,,,,410.05999999999995,,,,,,C00112,,,,
2864,,GJ,3/24/2026,,Wedbush_Clearing and Exchange Fees_20260324,,,,50120,ATGN,D23300,ARB00422_EUR,,,,0.0,,,,,,C00122,,,,
2865,,GJ,3/24/2026,,Wedbush_Clearing and Exchange Fees_20260324,,,,50120,ATGN,D23300,ARB00422_GBP,,,,273.2,,,,,,C00122,,,,
2866,,GJ,3/24/2026,,Wedbush_Clearing and Exchange Fees_20260324,,,,50120,ATGN,D23300,ARB00422_USD,,,,15066.939999999999,,,,,,C00122,,,,
2867,,GJ,3/24/2026,,Wedbush_Clearing and Exchange Fees_20260324,,,,50120,ATGN,D23080,ARB00423_CAD,,,,0.0,,,,,,C01231,,,,
2868,,GJ,3/24/2026,,Wedbush_Clearing and Exchange Fees_20260324,,,,50120,ATGN,D23080,ARB00423_EUR,,,,0.0,,,,,,C01231,,,,
2869,,GJ,3/24/2026,,Wedbush_Clearing and Exchange Fees_20260324,,,,50120,ATGN,D23080,ARB00423_GBP,,,,130.24,,,,,,C01231,,,,
2870,,GJ,3/24/2026,,Wedbush_Clearing and Exchange Fees_20260324,,,,50120,ATGN,D23080,ARB00423_USD,,,,45915.94,,,,,,C01231,,,,
2871,,GJ,3/24/2026,,Wedbush_Clearing and Exchange Fees_20260324,,,,50120,ATGN,D23020,ARB00424_CAD,,,,0.0,,,,,,C00124,,,,
2872,,GJ,3/24/2026,,Wedbush_Clearing and Exchange Fees_20260324,,,,50120,ATGN,D23020,ARB00424_EUR,,,,0.0,,,,,,C00124,,,,
2873,,GJ,3/24/2026,,Wedbush_Clearing and Exchange Fees_20260324,,,,50120,ATGN,D23020,ARB00424_GBP,,,,1585.6,,,,,,C00124,,,,
2874,,GJ,3/24/2026,,Wedbush_Clearing and Exchange Fees_20260324,,,,50120,ATGN,D23020,ARB00424_USD,,,,31295.86,,,,,,C00124,,,,
2875,,GJ,3/24/2026,,Wedbush_Clearing and Exchange Fees_20260324,,,,50120,ATGN,D23020,ARB00425_CAD,,,,0.0,,,,,,C00125,,,,
2876,,GJ,3/24/2026,,Wedbush_Clearing and Exchange Fees_20260324,,,,50120,ATGN,D23020,ARB00425_EUR,,,,0.0,,,,,,C00125,,,,
2877,,GJ,3/24/2026,,Wedbush_Clearing and Exchange Fees_20260324,,,,50120,ATGN,D23020,ARB00425_GBP,,,,1158.62,,,,,,C00125,,,,
2878,,GJ,3/24/2026,,Wedbush_Clearing and Exchange Fees_20260324,,,,50120,ATGN,D23020,ARB00425_USD,,,,68426.02,,,,,,C00125,,,,
2879,,GJ,3/24/2026,,Wedbush_Clearing and Exchange Fees_20260324,,,,50120,ATGN,D23020,ARB00426_CAD,,,,0.0,,,,,,C00426,,,,
2880,,GJ,3/24/2026,,Wedbush_Clearing and Exchange Fees_20260324,,,,50120,ATGN,D23020,ARB00426_EUR,,,,0.0,,,,,,C00426,,,,
2881,,GJ,3/24/2026,,Wedbush_Clearing and Exchange Fees_20260324,,,,50120,ATGN,D23020,ARB00426_GBP,,,,366.97,,,,,,C00426,,,,
2882,,GJ,3/24/2026,,Wedbush_Clearing and Exchange Fees_20260324,,,,50120,ATGN,D23020,ARB00426_USD,,,,21547.74,,,,,,C00426,,,,
2883,,GJ,3/24/2026,,Wedbush_Clearing and Exchange Fees_20260324,,,,50120,ATGN,D23300,ARB00432_EUR,,,,0.0,,,,,,C00132,,,,
2884,,GJ,3/24/2026,,Wedbush_Clearing and Exchange Fees_20260324,,,,50120,ATGN,D23300,ARB00432_GBP,,,,3382.5600000000004,,,,,,C00132,,,,
2885,,GJ,3/24/2026,,Wedbush_Clearing and Exchange Fees_20260324,,,,50120,ATGN,D23300,ARB00432_USD,,,,1463.27,,,,,,C00132,,,,
2886,,GJ,3/24/2026,,Wedbush_Clearing and Exchange Fees_20260324,,,,50120,ATGN,D23300,ARB00435_EUR,,,,0.0,,,,,,C00135,,,,
2887,,GJ,3/24/2026,,Wedbush_Clearing and Exchange Fees_20260324,,,,50120,ATGN,D23300,ARB00435_GBP,,,,67.08,,,,,,C00135,,,,
2888,,GJ,3/24/2026,,Wedbush_Clearing and Exchange Fees_20260324,,,,50120,ATGN,D23300,ARB00435_USD,,,,30210.6,,,,,,C00135,,,,
2889,,GJ,3/24/2026,,Wedbush_Clearing and Exchange Fees_20260324,,,,50120,ATGN,D23020,ARB00442_EUR,,,,0.0,,,,,,C00124,,,,
2890,,GJ,3/24/2026,,Wedbush_Clearing and Exchange Fees_20260324,,,,50120,ATGN,D23020,ARB00442_GBP,,,,11.06,,,,,,C00124,,,,
2891,,GJ,3/24/2026,,Wedbush_Clearing and Exchange Fees_20260324,,,,50120,ATGN,D23020,ARB00442_USD,,,,1058.4,,,,,,C00124,,,,
2892,,GJ,3/24/2026,,Wedbush_Clearing and Exchange Fees_20260324,,,,50120,ATGN,D23020,ARB00443_USD,,,,252.0,,,,,,C00125,,,,
2893,,GJ,3/24/2026,,Wedbush_Clearing and Exchange Fees_20260324,,,,50120,ATGN,D23020,ARB00444_USD,,,,16.8,,,,,,C00426,,,,
2894,,GJ,3/24/2026,,Wedbush_Clearing and Exchange Fees_20260324,,,,50120,ATGN,D23020,ARB00446_EUR,,,,0.0,,,,,,C00146,,,,
2895,,GJ,3/24/2026,,Wedbush_Clearing and Exchange Fees_20260324,,,,50120,ATGN,D23020,ARB00446_GBP,,,,1434.35,,,,,,C00146,,,,
2896,,GJ,3/24/2026,,Wedbush_Clearing and Exchange Fees_20260324,,,,50120,ATGN,D23020,ARB00446_USD,,,,20757.72,,,,,,C00146,,,,
2897,,GJ,3/24/2026,,Wedbush_Clearing and Exchange Fees_20260324,,,,50120,ATGN,D23300,ARB00449_EUR,,,,0.0,,,,,,C00149,,,,
2898,,GJ,3/24/2026,,Wedbush_Clearing and Exchange Fees_20260324,,,,50120,ATGN,D23300,ARB00449_GBP,,,,123.32000000000001,,,,,,C00149,,,,
2899,,GJ,3/24/2026,,Wedbush_Clearing and Exchange Fees_20260324,,,,50120,ATGN,D23300,ARB00449_USD,,,,14019.119999999999,,,,,,C00149,,,,
2900,,GJ,3/24/2026,,Wedbush_Clearing and Exchange Fees_20260324,,,,50120,ATGN,D23300,ARB00456_EUR,,,,0.0,,,,,,C00156,,,,
2901,,GJ,3/24/2026,,Wedbush_Clearing and Exchange Fees_20260324,,,,50120,ATGN,D23300,ARB00456_GBP,,,,11854.08,,,,,,C00156,,,,
2902,,GJ,3/24/2026,,Wedbush_Clearing and Exchange Fees_20260324,,,,50120,ATGN,D23300,ARB00456_USD,,,,16916.58,,,,,,C00156,,,,
2903,,GJ,3/24/2026,,Wedbush_Clearing and Exchange Fees_20260324,,,,50120,ATGN,D23010,ARB00460_CAD,,,,0.0,,,,,,C00160,,,,
2904,,GJ,3/24/2026,,Wedbush_Clearing and Exchange Fees_20260324,,,,50120,ATGN,D23010,ARB00460_USD,,,,4406.6,,,,,,C00160,,,,
2905,,GJ,3/24/2026,,Wedbush_Clearing and Exchange Fees_20260324,,,,50120,ATGN,D23010,ARB00461_CAD,,,,0.0,,,,,,C00161,,,,
2906,,GJ,3/24/2026,,Wedbush_Clearing and Exchange Fees_20260324,,,,50120,ATGN,D23010,ARB00461_USD,,,,246.5,,,,,,C00161,,,,
2907,,GJ,3/24/2026,,Wedbush_Clearing and Exchange Fees_20260324,,,,50120,ATGN,D23010,ARB00469_CAD,,,,0.0,,,,,,C00469,,,,
2908,,GJ,3/24/2026,,Wedbush_Clearing and Exchange Fees_20260324,,,,50120,ATGN,D23010,ARB00469_EUR,,,,0.0,,,,,,C00469,,,,
2909,,GJ,3/24/2026,,Wedbush_Clearing and Exchange Fees_20260324,,,,50120,ATGN,D23010,ARB00469_GBP,,,,281.03,,,,,,C00469,,,,
2910,,GJ,3/24/2026,,Wedbush_Clearing and Exchange Fees_20260324,,,,50120,ATGN,D23010,ARB00469_USD,,,,23522.76,,,,,,C00469,,,,
2911,,GJ,3/24/2026,,Wedbush_Clearing and Exchange Fees_20260324,,,,50120,ATGN,D23060,ARB00486_EUR,,,,0.0,,,,,,C00186,,,,
2912,,GJ,3/24/2026,,Wedbush_Clearing and Exchange Fees_20260324,,,,50120,ATGN,D23060,ARB00486_GBP,,,,20.28,,,,,,C00186,,,,
2913,,GJ,3/24/2026,,Wedbush_Clearing and Exchange Fees_20260324,,,,50120,ATGN,D23060,ARB00486_USD,,,,4403.04,,,,,,C00186,,,,
2914,,GJ,3/24/2026,,Wedbush_Clearing and Exchange Fees_20260324,,,,50120,ATGN,D23060,ARB00488_EUR,,,,0.0,,,,,,C00186,,,,
2915,,GJ,3/24/2026,,Wedbush_Clearing and Exchange Fees_20260324,,,,50120,ATGN,D23060,ARB00488_GBP,,,,6.24,,,,,,C00186,,,,
2916,,GJ,3/24/2026,,Wedbush_Clearing and Exchange Fees_20260324,,,,50120,ATGN,D23060,ARB00488_USD,,,,802.3199999999999,,,,,,C00186,,,,
2917,,GJ,3/24/2026,,Wedbush_Clearing and Exchange Fees_20260324,,,,50120,ATGN,D23300,ARB00493_CAD,,,,0.0,,,,,,C00193,,,,
2918,,GJ,3/24/2026,,Wedbush_Clearing and Exchange Fees_20260324,,,,50120,ATGN,D23300,ARB00493_EUR,,,,0.0,,,,,,C00193,,,,
2919,,GJ,3/24/2026,,Wedbush_Clearing and Exchange Fees_20260324,,,,50120,ATGN,D23300,ARB00493_GBP,,,,1033.5,,,,,,C00193,,,,
2920,,GJ,3/24/2026,,Wedbush_Clearing and Exchange Fees_20260324,,,,50120,ATGN,D23300,ARB00493_USD,,,,8383.32,,,,,,C00193,,,,
2921,,GJ,3/24/2026,,Wedbush_Clearing and Exchange Fees_20260324,,,,50120,ATGN,D23300,ARB00494_CAD,,,,0.0,,,,,,C00194,,,,
2922,,GJ,3/24/2026,,Wedbush_Clearing and Exchange Fees_20260324,,,,50120,ATGN,D23300,ARB00494_EUR,,,,0.0,,,,,,C00194,,,,
2923,,GJ,3/24/2026,,Wedbush_Clearing and Exchange Fees_20260324,,,,50120,ATGN,D23300,ARB00494_GBP,,,,561.86,,,,,,C00194,,,,
2924,,GJ,3/24/2026,,Wedbush_Clearing and Exchange Fees_20260324,,,,50120,ATGN,D23300,ARB00494_USD,,,,36091.56,,,,,,C00194,,,,
2925,,GJ,3/24/2026,,Wedbush_Clearing and Exchange Fees_20260324,,,,50120,ATGN,D22000,ARB00501_EUR,,,,0.0,,,,,,C00201,,,,
2926,,GJ,3/24/2026,,Wedbush_Clearing and Exchange Fees_20260324,,,,50120,ATGN,D22000,ARB00501_GBP,,,,68.88,,,,,,C00201,,,,
2927,,GJ,3/24/2026,,Wedbush_Clearing and Exchange Fees_20260324,,,,50120,ATGN,D22000,ARB00503_EUR,,,,0.0,,,,,,C00203,,,,
2928,,GJ,3/24/2026,,Wedbush_Clearing and Exchange Fees_20260324,,,,50120,ATGN,D22000,ARB00503_GBP,,,,9.36,,,,,,C00203,,,,
2929,,GJ,3/24/2026,,Wedbush_Clearing and Exchange Fees_20260324,,,,50120,ATGN,D22000,ARB00503_USD,,,,1146.28,,,,,,C00203,,,,
2930,,GJ,3/24/2026,,Wedbush_Clearing and Exchange Fees_20260324,,,,50120,ATGN,D22000,ARB00514_EUR,,,,0.0,,,,,,C00214,,,,
2931,,GJ,3/24/2026,,Wedbush_Clearing and Exchange Fees_20260324,,,,50120,ATGN,D22000,ARB00514_GBP,,,,145.84,,,,,,C00214,,,,
2932,,GJ,3/24/2026,,Wedbush_Clearing and Exchange Fees_20260324,,,,50120,ATGN,D22000,ARB00520_EUR,,,,0.0,,,,,,C00220,,,,
2933,,GJ,3/24/2026,,Wedbush_Clearing and Exchange Fees_20260324,,,,50120,ATGN,D22000,ARB00520_GBP,,,,659.6,,,,,,C00220,,,,
2934,,GJ,3/24/2026,,Wedbush_Clearing and Exchange Fees_20260324,,,,50120,ATGN,D22000,ARB00557_EUR,,,,0.0,,,,,,C00257,,,,
2935,,GJ,3/24/2026,,Wedbush_Clearing and Exchange Fees_20260324,,,,50120,ATGN,D22000,ARB00557_GBP,,,,500.64000000000004,,,,,,C00257,,,,
2936,,GJ,3/24/2026,,Wedbush_Clearing and Exchange Fees_20260324,,,,50120,ATGN,D22000,ARB00567_EUR,,,,0.0,,,,,,C00267,,,,
2937,,GJ,3/24/2026,,Wedbush_Clearing and Exchange Fees_20260324,,,,50120,ATGN,D22000,ARB00567_GBP,,,,199.82000000000002,,,,,,C00267,,,,
2938,,GJ,3/24/2026,,Wedbush_Clearing and Exchange Fees_20260324,,,,50120,ATGN,D22000,ARB00567_USD,,,,992.04,,,,,,C00267,,,,
2939,,GJ,3/24/2026,,Wedbush_Clearing and Exchange Fees_20260324,,,,50120,303S,D21300,ARB00754_USD,,,,5718.589999999999,,,,,,C00754,,,,
2940,,GJ,3/24/2026,,Wedbush_Clearing and Exchange Fees_20260324,,,,50120,303S,D21030,ARB00765_USD,,,,53.24,,,,,,C00765,,,,
2941,,GJ,3/24/2026,,Wedbush_Clearing and Exchange Fees_20260324,,,,50120,303P,D21030,ARB01002_USD,,,,153.68,,,,,,C01064,,,,
2942,,GJ,3/24/2026,,Wedbush_Clearing and Exchange Fees_20260324,,,,50120,303P,D21300,ARB01057_MXN,,,,0.0,,,,,,C01057,,,,
2943,,GJ,3/24/2026,,Wedbush_Clearing and Exchange Fees_20260324,,,,50120,303P,D21300,ARB01057_USD,,,,509.29999999999995,,,,,,C01057,,,,
2944,,GJ,3/24/2026,,Wedbush_Clearing and Exchange Fees_20260324,,,,50120,303P,D21030,ARB01063_JPY,,,,0.0,,,,,,C01063,,,,
2945,,GJ,3/24/2026,,Wedbush_Clearing and Exchange Fees_20260324,,,,50120,303P,D21030,ARB01063_USD,,,,11171.72,,,,,,C01063,,,,
2946,,GJ,3/24/2026,,Wedbush_Clearing and Exchange Fees_20260324,,,,50120,303P,D21030,ARB01064_USD,,,,2933.1600000000003,,,,,,C01064,,,,
2947,,GJ,3/24/2026,,Wedbush_Clearing and Exchange Fees_20260324,,,,50120,303P,D21030,ARB01065_USD,,,,395.36,,,,,,C01065,,,,
2948,,GJ,3/24/2026,,Wedbush_Clearing and Exchange Fees_20260324,,,,50120,303P,D21030,ARB01066_USD,,,,444.40000000000003,,,,,,C01066,,,,
2949,,GJ,3/24/2026,,Wedbush_Clearing and Exchange Fees_20260324,,,,50120,303P,D21030,ARB01067_USD,,,,29.6,,,,,,C01067,,,,
2950,,GJ,3/24/2026,,Wedbush_Clearing and Exchange Fees_20260324,,,,50120,303P,D21030,ARB01071_USD,,,,7111.92,,,,,,C01071,,,,
2951,,GJ,3/24/2026,,Wedbush_Clearing and Exchange Fees_20260324,,,,50120,303P,D21030,ARB01076_USD,,,,12247.119999999999,,,,,,C01076,,,,
2952,,GJ,3/24/2026,,Wedbush_Clearing and Exchange Fees_20260324,,,,50120,303P,D21030,ARB01078_USD,,,,3476.42,,,,,,C01078,,,,
2953,,GJ,3/24/2026,,Wedbush_Clearing and Exchange Fees_20260324,,,,50120,303P,D21030,ARB01092_USD,,,,22868.24,,,,,,C01092,,,,
2954,,GJ,3/24/2026,,Wedbush_Clearing and Exchange Fees_20260324,,,,50120,303P,D23020,ARB01117_USD,,,,16.8,,,,,,C01117,,,,
2955,,GJ,3/24/2026,,Wedbush_Clearing and Exchange Fees_20260324,,,,50120,303P,D23300,ARB01145_USD,,,,14426.52,,,,,,C01145,,,,
2956,,GJ,3/24/2026,,Wedbush_Clearing and Exchange Fees_20260324,,,,50120,303P,D23010,ARB01157_USD,,,,3898.7200000000003,,,,,,C01157,,,,
2957,,GJ,3/24/2026,,Wedbush_Clearing and Exchange Fees_20260324,,,,50120,303P,D23010,ARB01158_USD,,,,12229.99,,,,,,C01158,,,,
2958,,GJ,3/24/2026,,Wedbush_Clearing and Exchange Fees_20260324,,,,50120,303P,D23010,ARB01166_USD,,,,702.62,,,,,,C01166,,,,
2959,,GJ,3/24/2026,,Wedbush_Clearing and Exchange Fees_20260324,,,,50120,303P,D23010,ARB01172_USD,,,,1084.56,,,,,,C01172,,,,
2960,,GJ,3/24/2026,,Wedbush_Clearing and Exchange Fees_20260324,,,,50120,303P,D23010,ARB01176_USD,,,,6736.28,,,,,,C01176,,,,
2961,,GJ,3/24/2026,,Wedbush_Clearing and Exchange Fees_20260324,,,,50120,303P,D23010,ARB01177_USD,,,,65.38,,,,,,C00469,,,,
2962,,GJ,3/24/2026,,Wedbush_Clearing and Exchange Fees_20260324,,,,50120,303P,D23300,ARB01195_USD,,,,146.88,,,,,,C00193,,,,
2963,,GJ,3/24/2026,,Wedbush_Clearing and Exchange Fees_20260324,,,,50120,ATGN,D21300,ARB01357_CHF,,,,0.0,,,,,,C01057,,,,
2964,,GJ,3/24/2026,,Wedbush_Clearing and Exchange Fees_20260324,,,,50120,ATGN,D21300,ARB01357_EUR,,,,11674.8,,,,,,C01057,,,,
2965,,GJ,3/24/2026,,Wedbush_Clearing and Exchange Fees_20260324,,,,50120,ATGN,D21300,ARB01357_GBP,,,,78575.72,,,,,,C01057,,,,
2966,,GJ,3/24/2026,,Wedbush_Clearing and Exchange Fees_20260324,,,,50120,ATGN,D21300,ARB01357_USD,,,,16969.5,,,,,,C01057,,,,
2967,,GJ,3/24/2026,,Wedbush_Clearing and Exchange Fees_20260324,,,,50120,ATGN,D23020,ARB01400_EUR,,,,0.0,,,,,,C00146,,,,
2968,,GJ,3/24/2026,,Wedbush_Clearing and Exchange Fees_20260324,,,,50120,ATGN,D23020,ARB01400_GBP,,,,684.8399999999999,,,,,,C00146,,,,
2969,,GJ,3/24/2026,,Wedbush_Clearing and Exchange Fees_20260324,,,,50120,ATGN,D23020,ARB01400_USD,,,,2469.2,,,,,,C00146,,,,
2970,,GJ,3/24/2026,,Wedbush_Clearing and Exchange Fees_20260324,,,,50120,ATGN,D23020,ARB01417_EUR,,,,0.0,,,,,,C01117,,,,
2971,,GJ,3/24/2026,,Wedbush_Clearing and Exchange Fees_20260324,,,,50120,ATGN,D23020,ARB01417_GBP,,,,781.56,,,,,,C01117,,,,
2972,,GJ,3/24/2026,,Wedbush_Clearing and Exchange Fees_20260324,,,,50120,ATGN,D23020,ARB01417_USD,,,,35929.42,,,,,,C01117,,,,
2973,,GJ,3/24/2026,,Wedbush_Clearing and Exchange Fees_20260324,,,,50120,ATGN,D23300,ARB01445_EUR,,,,0.0,,,,,,C01145,,,,
2974,,GJ,3/24/2026,,Wedbush_Clearing and Exchange Fees_20260324,,,,50120,ATGN,D23300,ARB01445_GBP,,,,6384.4,,,,,,C01145,,,,
2975,,GJ,3/24/2026,,Wedbush_Clearing and Exchange Fees_20260324,,,,50120,ATGN,D23010,ARB01457_CAD,,,,0.0,,,,,,C01157,,,,
2976,,GJ,3/24/2026,,Wedbush_Clearing and Exchange Fees_20260324,,,,50120,ATGN,D23010,ARB01457_USD,,,,3063.16,,,,,,C01157,,,,
2977,,GJ,3/24/2026,,Wedbush_Clearing and Exchange Fees_20260324,,,,50120,ATGN,D23010,ARB01458_CAD,,,,0.0,,,,,,C01158,,,,
2978,,GJ,3/24/2026,,Wedbush_Clearing and Exchange Fees_20260324,,,,50120,ATGN,D23010,ARB01458_USD,,,,9163.460000000001,,,,,,C01158,,,,
2979,,GJ,3/24/2026,,Wedbush_Clearing and Exchange Fees_20260324,,,,50120,ATGN,D23010,ARB01466_CAD,,,,0.0,,,,,,C01166,,,,
2980,,GJ,3/24/2026,,Wedbush_Clearing and Exchange Fees_20260324,,,,50120,ATGN,D23010,ARB01466_USD,,,,645.9,,,,,,C01166,,,,
2981,,GJ,3/24/2026,,Wedbush_Clearing and Exchange Fees_20260324,,,,50120,ATGN,D23010,ARB01472_CAD,,,,0.0,,,,,,C01172,,,,
2982,,GJ,3/24/2026,,Wedbush_Clearing and Exchange Fees_20260324,,,,50120,ATGN,D23010,ARB01472_USD,,,,139.0,,,,,,C01172,,,,
2983,,GJ,3/24/2026,,Wedbush_Clearing and Exchange Fees_20260324,,,,50120,ATGN,D23010,ARB01476_EUR,,,,0.0,,,,,,C01176,,,,
2984,,GJ,3/24/2026,,Wedbush_Clearing and Exchange Fees_20260324,,,,50120,ATGN,D23010,ARB01476_GBP,,,,3071.28,,,,,,C01176,,,,
2985,,GJ,3/24/2026,,Wedbush_Clearing and Exchange Fees_20260324,,,,50120,ATGN,D23010,ARB01476_USD,,,,3468.1400000000003,,,,,,C01176,,,,
2986,,GJ,3/24/2026,,Wedbush_Clearing and Exchange Fees_20260324,,,,50120,303P,D21300,ARB01606_USD,,,,376.48,,,,,,C01606,,,,
2987,,GJ,3/24/2026,,Wedbush_Clearing and Exchange Fees_20260324,,,,50120,303P,D21300,ARB01607_EUR,,,,982.5,,,,,,C01607,,,,
2988,,GJ,3/24/2026,,Wedbush_Clearing and Exchange Fees_20260324,,,,50120,303P,D21300,ARB01607_USD,,,,138.12,,,,,,C01607,,,,
2989,,GJ,3/24/2026,,Wedbush_Clearing and Exchange Fees_20260324,,,,50120,303P,D21300,ARB01612_USD,,,,4.48,,,,,,C01612,,,,
2990,,GJ,3/24/2026,,Wedbush_Clearing and Exchange Fees_20260324,,,,50120,303P,D21300,ARB01613_USD,,,,106.24,,,,,,C01613,,,,
2991,,GJ,3/24/2026,,Wedbush_Clearing and Exchange Fees_20260324,,,,50120,303P,D21300,ARB02012_USD,,,,11339.44,,,,,,C02012,,,,
2992,,GJ,3/24/2026,,Wedbush_Clearing and Exchange Fees_20260324,,,,50120,303P,D21300,ARB02040_USD,,,,780.48,,,,,,C02040,,,,
2993,,GJ,3/24/2026,,Wedbush_Clearing and Exchange Fees_20260324,,,,50120,303P,D21300,ARB02043_USD,,,,6249.07,,,,,,C02520,,,,
2994,,GJ,3/24/2026,,Wedbush_Clearing and Exchange Fees_20260324,,,,50120,303P,D21300,ARB02044_USD,,,,8251.54,,,,,,C02044,,,,
2995,,GJ,3/24/2026,,Wedbush_Clearing and Exchange Fees_20260324,,,,50120,303P,D21300,ARB02045_USD,,,,340.28000000000003,,,,,,C02045,,,,
2996,,GJ,3/24/2026,,Wedbush_Clearing and Exchange Fees_20260324,,,,50120,303P,D21030,ARB02047_USD,,,,1615.8799999999999,,,,,,C01092,,,,
2997,,GJ,3/24/2026,,Wedbush_Clearing and Exchange Fees_20260324,,,,50120,303P,D21030,ARB02052_USD,,,,78.24000000000001,,,,,,C01078,,,,
2998,,GJ,3/24/2026,,Wedbush_Clearing and Exchange Fees_20260324,,,,50120,303P,D21300,ARB02055_USD,,,,1377.66,,,,,,C00054,,,,
2999,,GJ,3/24/2026,,Wedbush_Clearing and Exchange Fees_20260324,,,,50120,303P,D21300,ARB02076_USD,,,,17404.8,,,,,,C02076,,,,
3000,,GJ,3/24/2026,,Wedbush_Clearing and Exchange Fees_20260324,,,,50120,303P,D23010,ARB02102_USD,,,,1071.28,,,,,,C02102,,,,
3001,,GJ,3/24/2026,,Wedbush_Clearing and Exchange Fees_20260324,,,,50120,303P,D23010,ARB02103_USD,,,,13950.76,,,,,,C00163,,,,
3002,,GJ,3/24/2026,,Wedbush_Clearing and Exchange Fees_20260324,,,,50120,303P,D23080,ARB02116_USD,,,,787.3499999999999,,,,,,C02116,,,,
3003,,GJ,3/24/2026,,Wedbush_Clearing and Exchange Fees_20260324,,,,50120,303P,D23080,ARB02118_USD,,,,1121.1200000000001,,,,,,C01234,,,,
3004,,GJ,3/24/2026,,Wedbush_Clearing and Exchange Fees_20260324,,,,50120,303P,D23300,ARB02121_USD,,,,2110.24,,,,,,C02121,,,,
3005,,GJ,3/24/2026,,Wedbush_Clearing and Exchange Fees_20260324,,,,50120,303P,D23020,ARB02129_USD,,,,3044.7799999999997,,,,,,C02129,,,,
3006,,GJ,3/24/2026,,Wedbush_Clearing and Exchange Fees_20260324,,,,50120,303P,D23010,ARB02132_USD,,,,894.32,,,,,,C02132,,,,
3007,,GJ,3/24/2026,,Wedbush_Clearing and Exchange Fees_20260324,,,,50120,303P,D23010,ARB02135_USD,,,,503.12,,,,,,C02135,,,,
3008,,GJ,3/24/2026,,Wedbush_Clearing and Exchange Fees_20260324,,,,50120,303P,D23010,ARB02136_USD,,,,897.5,,,,,,C02136,,,,
3009,,GJ,3/24/2026,,Wedbush_Clearing and Exchange Fees_20260324,,,,50120,303P,D23010,ARB02147_USD,,,,4526.16,,,,,,C02147,,,,
3010,,GJ,3/24/2026,,Wedbush_Clearing and Exchange Fees_20260324,,,,50120,303P,D23010,ARB02149_USD,,,,426.4,,,,,,C02149,,,,
3011,,GJ,3/24/2026,,Wedbush_Clearing and Exchange Fees_20260324,,,,50120,303P,D23060,ARB02152_USD,,,,1716.22,,,,,,C00186,,,,
3012,,GJ,3/24/2026,,Wedbush_Clearing and Exchange Fees_20260324,,,,50120,303P,D23300,ARB02154_USD,,,,497.6,,,,,,C00149,,,,
3013,,GJ,3/24/2026,,Wedbush_Clearing and Exchange Fees_20260324,,,,50120,303P,D23020,ARB02156_USD,,,,74.08,,,,,,C02156,,,,
3014,,GJ,3/24/2026,,Wedbush_Clearing and Exchange Fees_20260324,,,,50120,303P,D23300,ARB02158_USD,,,,846.98,,,,,,C01145,,,,
3015,,GJ,3/24/2026,,Wedbush_Clearing and Exchange Fees_20260324,,,,50120,303P,D23300,ARB02167_USD,,,,2252.48,,,,,,C00118,,,,
3016,,GJ,3/24/2026,,Wedbush_Clearing and Exchange Fees_20260324,,,,50120,303P,D23300,ARB02168_USD,,,,86.7,,,,,,C00194,,,,
3017,,GJ,3/24/2026,,Wedbush_Clearing and Exchange Fees_20260324,,,,50120,303P,D23010,ARB02173_USD,,,,2791.46,,,,,,C00463,,,,
3018,,GJ,3/24/2026,,Wedbush_Clearing and Exchange Fees_20260324,,,,50120,303P,D23010,ARB02176_USD,,,,32876.97,,,,,,C00463,,,,
3019,,GJ,3/24/2026,,Wedbush_Clearing and Exchange Fees_20260324,,,,50120,303P,D23010,ARB02177_USD,,,,2685.2,,,,,,C02177,,,,
3020,,GJ,3/24/2026,,Wedbush_Clearing and Exchange Fees_20260324,,,,50120,303P,D23010,ARB02179_USD,,,,5934.22,,,,,,C02179,,,,
3021,,GJ,3/24/2026,,Wedbush_Clearing and Exchange Fees_20260324,,,,50120,303P,D23010,ARB02180_USD,,,,3596.3199999999997,,,,,,C02180,,,,
3022,,GJ,3/24/2026,,Wedbush_Clearing and Exchange Fees_20260324,,,,50120,303P,D23010,ARB02181_USD,,,,11754.4,,,,,,C02181,,,,
3023,,GJ,3/24/2026,,Wedbush_Clearing and Exchange Fees_20260324,,,,50120,303P,D23010,ARB02182_USD,,,,3027.36,,,,,,C02182,,,,
3024,,GJ,3/24/2026,,Wedbush_Clearing and Exchange Fees_20260324,,,,50120,303P,D23010,ARB02183_USD,,,,12393.92,,,,,,C02183,,,,
3025,,GJ,3/24/2026,,Wedbush_Clearing and Exchange Fees_20260324,,,,50120,303P,D23010,ARB02184_USD,,,,16713.76,,,,,,C02184,,,,
3026,,GJ,3/24/2026,,Wedbush_Clearing and Exchange Fees_20260324,,,,50120,303P,D23010,ARB02185_USD,,,,446.88,,,,,,C02185,,,,
3027,,GJ,3/24/2026,,Wedbush_Clearing and Exchange Fees_20260324,,,,50120,303P,D23010,ARB02187_USD,,,,96.34,,,,,,C02187,,,,
3028,,GJ,3/24/2026,,Wedbush_Clearing and Exchange Fees_20260324,,,,50120,303P,D23010,ARB02190_USD,,,,288.4,,,,,,C02147,,,,
3029,,GJ,3/24/2026,,Wedbush_Clearing and Exchange Fees_20260324,,,,50120,303P,D23010,ARB02191_USD,,,,32.7,,,,,,C00469,,,,
3030,,GJ,3/24/2026,,Wedbush_Clearing and Exchange Fees_20260324,,,,50120,303P,D23010,ARB02195_USD,,,,167.87,,,,,,C01172,,,,
3031,,GJ,3/24/2026,,Wedbush_Clearing and Exchange Fees_20260324,,,,50120,ATGN,D21300,ARB02342_EUR,,,,0.0,,,,,,C02042,,,,
3032,,GJ,3/24/2026,,Wedbush_Clearing and Exchange Fees_20260324,,,,50120,ATGN,D21300,ARB02342_GBP,,,,291.2,,,,,,C02042,,,,
3033,,GJ,3/24/2026,,Wedbush_Clearing and Exchange Fees_20260324,,,,50120,ATGN,D21300,ARB02343_EUR,,,,511.8,,,,,,C02520,,,,
3034,,GJ,3/24/2026,,Wedbush_Clearing and Exchange Fees_20260324,,,,50120,ATGN,D21300,ARB02343_GBP,,,,1078.4,,,,,,C02520,,,,
3035,,GJ,3/24/2026,,Wedbush_Clearing and Exchange Fees_20260324,,,,50120,ATGN,D21300,ARB02343_USD,,,,1899.23,,,,,,C02520,,,,
3036,,GJ,3/24/2026,,Wedbush_Clearing and Exchange Fees_20260324,,,,50120,ATGN,D21300,ARB02355_USD,,,,1626.3600000000001,,,,,,C00054,,,,
3037,,GJ,3/24/2026,,Wedbush_Clearing and Exchange Fees_20260324,,,,50120,ATGN,D21300,ARB02376_EUR,,,,0.0,,,,,,C02076,,,,
3038,,GJ,3/24/2026,,Wedbush_Clearing and Exchange Fees_20260324,,,,50120,ATGN,D21300,ARB02376_GBP,,,,754.4000000000001,,,,,,C02076,,,,
3039,,GJ,3/24/2026,,Wedbush_Clearing and Exchange Fees_20260324,,,,50120,ATGN,D23010,ARB02402_USD,,,,350.7,,,,,,C02102,,,,
3040,,GJ,3/24/2026,,Wedbush_Clearing and Exchange Fees_20260324,,,,50120,ATGN,D23080,ARB02416_EUR,,,,0.0,,,,,,C02116,,,,
3041,,GJ,3/24/2026,,Wedbush_Clearing and Exchange Fees_20260324,,,,50120,ATGN,D23080,ARB02416_GBP,,,,76.60000000000001,,,,,,C02116,,,,
3042,,GJ,3/24/2026,,Wedbush_Clearing and Exchange Fees_20260324,,,,50120,ATGN,D23080,ARB02416_USD,,,,5459.08,,,,,,C02116,,,,
3043,,GJ,3/24/2026,,Wedbush_Clearing and Exchange Fees_20260324,,,,50120,ATGN,D23080,ARB02418_EUR,,,,0.0,,,,,,C01234,,,,
3044,,GJ,3/24/2026,,Wedbush_Clearing and Exchange Fees_20260324,,,,50120,ATGN,D23080,ARB02418_GBP,,,,937.5400000000001,,,,,,C01234,,,,
3045,,GJ,3/24/2026,,Wedbush_Clearing and Exchange Fees_20260324,,,,50120,ATGN,D23080,ARB02418_USD,,,,23742.2,,,,,,C01234,,,,
3046,,GJ,3/24/2026,,Wedbush_Clearing and Exchange Fees_20260324,,,,50120,ATGN,D23300,ARB02421_EUR,,,,595.2,,,,,,C02121,,,,
3047,,GJ,3/24/2026,,Wedbush_Clearing and Exchange Fees_20260324,,,,50120,ATGN,D23300,ARB02421_GBP,,,,2872.3199999999997,,,,,,C02121,,,,
3048,,GJ,3/24/2026,,Wedbush_Clearing and Exchange Fees_20260324,,,,50120,ATGN,D23300,ARB02421_USD,,,,1218.53,,,,,,C02121,,,,
3049,,GJ,3/24/2026,,Wedbush_Clearing and Exchange Fees_20260324,,,,50120,ATGN,D23020,ARB02429_CAD,,,,0.0,,,,,,C02129,,,,
3050,,GJ,3/24/2026,,Wedbush_Clearing and Exchange Fees_20260324,,,,50120,ATGN,D23020,ARB02429_EUR,,,,0.0,,,,,,C02129,,,,
3051,,GJ,3/24/2026,,Wedbush_Clearing and Exchange Fees_20260324,,,,50120,ATGN,D23020,ARB02429_GBP,,,,28.44,,,,,,C02129,,,,
3052,,GJ,3/24/2026,,Wedbush_Clearing and Exchange Fees_20260324,,,,50120,ATGN,D23020,ARB02429_USD,,,,2322.84,,,,,,C02129,,,,
3053,,GJ,3/24/2026,,Wedbush_Clearing and Exchange Fees_20260324,,,,50120,ATGN,D23010,ARB02432_CAD,,,,0.0,,,,,,C02132,,,,
3054,,GJ,3/24/2026,,Wedbush_Clearing and Exchange Fees_20260324,,,,50120,ATGN,D23010,ARB02432_USD,,,,512.4,,,,,,C02132,,,,
3055,,GJ,3/24/2026,,Wedbush_Clearing and Exchange Fees_20260324,,,,50120,ATGN,D23010,ARB02435_CAD,,,,0.0,,,,,,C02135,,,,
3056,,GJ,3/24/2026,,Wedbush_Clearing and Exchange Fees_20260324,,,,50120,ATGN,D23010,ARB02435_USD,,,,443.09999999999997,,,,,,C02135,,,,
3057,,GJ,3/24/2026,,Wedbush_Clearing and Exchange Fees_20260324,,,,50120,ATGN,D23010,ARB02436_EUR,,,,0.0,,,,,,C02136,,,,
3058,,GJ,3/24/2026,,Wedbush_Clearing and Exchange Fees_20260324,,,,50120,ATGN,D23010,ARB02436_GBP,,,,2205.82,,,,,,C02136,,,,
3059,,GJ,3/24/2026,,Wedbush_Clearing and Exchange Fees_20260324,,,,50120,ATGN,D23010,ARB02436_USD,,,,11132.1,,,,,,C02136,,,,
3060,,GJ,3/24/2026,,Wedbush_Clearing and Exchange Fees_20260324,,,,50120,ATGN,D23010,ARB02445_USD,,,,10518.9,,,,,,C02145,,,,
3061,,GJ,3/24/2026,,Wedbush_Clearing and Exchange Fees_20260324,,,,50120,ATGN,D23010,ARB02447_CAD,,,,0.0,,,,,,C02147,,,,
3062,,GJ,3/24/2026,,Wedbush_Clearing and Exchange Fees_20260324,,,,50120,ATGN,D23010,ARB02447_USD,,,,1552.88,,,,,,C02147,,,,
3063,,GJ,3/24/2026,,Wedbush_Clearing and Exchange Fees_20260324,,,,50120,ATGN,D23010,ARB02449_EUR,,,,0.0,,,,,,C02149,,,,
3064,,GJ,3/24/2026,,Wedbush_Clearing and Exchange Fees_20260324,,,,50120,ATGN,D23010,ARB02449_GBP,,,,207.66000000000003,,,,,,C02149,,,,
3065,,GJ,3/24/2026,,Wedbush_Clearing and Exchange Fees_20260324,,,,50120,ATGN,D23010,ARB02449_USD,,,,6867.919999999999,,,,,,C02149,,,,
3066,,GJ,3/24/2026,,Wedbush_Clearing and Exchange Fees_20260324,,,,50120,ATGN,D23060,ARB02452_CAD,,,,0.0,,,,,,C00186,,,,
3067,,GJ,3/24/2026,,Wedbush_Clearing and Exchange Fees_20260324,,,,50120,ATGN,D23060,ARB02452_EUR,,,,0.0,,,,,,C00186,,,,
3068,,GJ,3/24/2026,,Wedbush_Clearing and Exchange Fees_20260324,,,,50120,ATGN,D23060,ARB02452_GBP,,,,10.92,,,,,,C00186,,,,
3069,,GJ,3/24/2026,,Wedbush_Clearing and Exchange Fees_20260324,,,,50120,ATGN,D23060,ARB02452_USD,,,,2000.02,,,,,,C00186,,,,
3070,,GJ,3/24/2026,,Wedbush_Clearing and Exchange Fees_20260324,,,,50120,ATGN,D23300,ARB02454_EUR,,,,0.0,,,,,,C00149,,,,
3071,,GJ,3/24/2026,,Wedbush_Clearing and Exchange Fees_20260324,,,,50120,ATGN,D23300,ARB02454_GBP,,,,159.96,,,,,,C00149,,,,
3072,,GJ,3/24/2026,,Wedbush_Clearing and Exchange Fees_20260324,,,,50120,ATGN,D23300,ARB02454_USD,,,,1388.1000000000001,,,,,,C00149,,,,
3073,,GJ,3/24/2026,,Wedbush_Clearing and Exchange Fees_20260324,,,,50120,ATGN,D23020,ARB02456_EUR,,,,0.0,,,,,,C02156,,,,
3074,,GJ,3/24/2026,,Wedbush_Clearing and Exchange Fees_20260324,,,,50120,ATGN,D23020,ARB02456_GBP,,,,145.16,,,,,,C02156,,,,
3075,,GJ,3/24/2026,,Wedbush_Clearing and Exchange Fees_20260324,,,,50120,ATGN,D23020,ARB02456_USD,,,,1243.16,,,,,,C02156,,,,
3076,,GJ,3/24/2026,,Wedbush_Clearing and Exchange Fees_20260324,,,,50120,ATGN,D23300,ARB02458_USD,,,,1453.9,,,,,,C01145,,,,
3077,,GJ,3/24/2026,,Wedbush_Clearing and Exchange Fees_20260324,,,,50120,ATGN,D23080,ARB02463_USD,,,,688.8,,,,,,C01231,,,,
3078,,GJ,3/24/2026,,Wedbush_Clearing and Exchange Fees_20260324,,,,50120,ATGN,D23010,ARB02473_EUR,,,,0.0,,,,,,C00463,,,,
3079,,GJ,3/24/2026,,Wedbush_Clearing and Exchange Fees_20260324,,,,50120,ATGN,D23010,ARB02473_GBP,,,,250.6,,,,,,C00463,,,,
3080,,GJ,3/24/2026,,Wedbush_Clearing and Exchange Fees_20260324,,,,50120,ATGN,D23010,ARB02473_USD,,,,4641.12,,,,,,C00463,,,,
3081,,GJ,3/24/2026,,Wedbush_Clearing and Exchange Fees_20260324,,,,50120,ATGN,D23010,ARB02476_EUR,,,,0.0,,,,,,C00463,,,,
3082,,GJ,3/24/2026,,Wedbush_Clearing and Exchange Fees_20260324,,,,50120,ATGN,D23010,ARB02476_GBP,,,,12801.12,,,,,,C00463,,,,
3083,,GJ,3/24/2026,,Wedbush_Clearing and Exchange Fees_20260324,,,,50120,ATGN,D23010,ARB02476_USD,,,,75064.0,,,,,,C00463,,,,
3084,,GJ,3/24/2026,,Wedbush_Clearing and Exchange Fees_20260324,,,,50120,ATGN,D23010,ARB02477_CAD,,,,0.0,,,,,,C02177,,,,
3085,,GJ,3/24/2026,,Wedbush_Clearing and Exchange Fees_20260324,,,,50120,ATGN,D23010,ARB02477_USD,,,,1198.46,,,,,,C02177,,,,
3086,,GJ,3/24/2026,,Wedbush_Clearing and Exchange Fees_20260324,,,,50120,ATGN,D23010,ARB02479_CAD,,,,0.0,,,,,,C02179,,,,
3087,,GJ,3/24/2026,,Wedbush_Clearing and Exchange Fees_20260324,,,,50120,ATGN,D23010,ARB02479_USD,,,,5227.8,,,,,,C02179,,,,
3088,,GJ,3/24/2026,,Wedbush_Clearing and Exchange Fees_20260324,,,,50120,ATGN,D23010,ARB02480_CAD,,,,0.0,,,,,,C02180,,,,
3089,,GJ,3/24/2026,,Wedbush_Clearing and Exchange Fees_20260324,,,,50120,ATGN,D23010,ARB02480_USD,,,,1851.34,,,,,,C02180,,,,
3090,,GJ,3/24/2026,,Wedbush_Clearing and Exchange Fees_20260324,,,,50120,ATGN,D23010,ARB02481_CAD,,,,0.0,,,,,,C02181,,,,
3091,,GJ,3/24/2026,,Wedbush_Clearing and Exchange Fees_20260324,,,,50120,ATGN,D23010,ARB02481_USD,,,,6375.719999999999,,,,,,C02181,,,,
3092,,GJ,3/24/2026,,Wedbush_Clearing and Exchange Fees_20260324,,,,50120,ATGN,D23010,ARB02482_CAD,,,,0.0,,,,,,C02182,,,,
3093,,GJ,3/24/2026,,Wedbush_Clearing and Exchange Fees_20260324,,,,50120,ATGN,D23010,ARB02482_USD,,,,605.2,,,,,,C02182,,,,
3094,,GJ,3/24/2026,,Wedbush_Clearing and Exchange Fees_20260324,,,,50120,ATGN,D23010,ARB02483_CAD,,,,0.0,,,,,,C02183,,,,
3095,,GJ,3/24/2026,,Wedbush_Clearing and Exchange Fees_20260324,,,,50120,ATGN,D23010,ARB02483_USD,,,,6943.96,,,,,,C02183,,,,
3096,,GJ,3/24/2026,,Wedbush_Clearing and Exchange Fees_20260324,,,,50120,ATGN,D23010,ARB02484_CAD,,,,0.0,,,,,,C02184,,,,
3097,,GJ,3/24/2026,,Wedbush_Clearing and Exchange Fees_20260324,,,,50120,ATGN,D23010,ARB02484_USD,,,,19119.019999999997,,,,,,C02184,,,,
3098,,GJ,3/24/2026,,Wedbush_Clearing and Exchange Fees_20260324,,,,50120,ATGN,D23010,ARB02485_EUR,,,,0.0,,,,,,C02185,,,,
3099,,GJ,3/24/2026,,Wedbush_Clearing and Exchange Fees_20260324,,,,50120,ATGN,D23010,ARB02485_GBP,,,,1331.1999999999998,,,,,,C02185,,,,
3100,,GJ,3/24/2026,,Wedbush_Clearing and Exchange Fees_20260324,,,,50120,ATGN,D23010,ARB02485_USD,,,,20310.78,,,,,,C02185,,,,
3101,,GJ,3/24/2026,,Wedbush_Clearing and Exchange Fees_20260324,,,,50120,ATGN,D23010,ARB02491_EUR,,,,0.0,,,,,,C00469,,,,
3102,,GJ,3/24/2026,,Wedbush_Clearing and Exchange Fees_20260324,,,,50120,ATGN,D23010,ARB02491_GBP,,,,148.52,,,,,,C00469,,,,
3103,,GJ,3/24/2026,,Wedbush_Clearing and Exchange Fees_20260324,,,,50120,ATGN,D23010,ARB02491_USD,,,,163.79999999999998,,,,,,C00469,,,,
3104,,GJ,3/24/2026,,Wedbush_Clearing and Exchange Fees_20260324,,,,50120,303P,D21300,ARB03003_USD,,,,1481.24,,,,,,C03003,,,,
3105,,GJ,3/24/2026,,Wedbush_Clearing and Exchange Fees_20260324,,,,50120,303P,D21300,ARB03022_USD,,,,12298.25,,,,,,C00034,,,,
3106,,GJ,3/24/2026,,Wedbush_Clearing and Exchange Fees_20260324,,,,50120,303P,D21300,ARB03032_USD,,,,5719.18,,,,,,C00049,,,,
3107,,GJ,3/24/2026,,Wedbush_Clearing and Exchange Fees_20260324,,,,50120,303P,D21300,ARB03033_USD,,,,1587.8600000000001,,,,,,C00049,,,,
3108,,GJ,3/24/2026,,Wedbush_Clearing and Exchange Fees_20260324,,,,50120,303P,D21300,ARB03034_USD,,,,1.4500000000000002,,,,,,C00049,,,,
3109,,GJ,3/24/2026,,Wedbush_Clearing and Exchange Fees_20260324,,,,50120,303P,D21300,ARB03035_USD,,,,66.36,,,,,,C00049,,,,
3110,,GJ,3/24/2026,,Wedbush_Clearing and Exchange Fees_20260324,,,,50120,303P,D21300,ARB03037_USD,,,,1406.6100000000001,,,,,,C03037,,,,
3111,,GJ,3/24/2026,,Wedbush_Clearing and Exchange Fees_20260324,,,,50120,303P,D21300,ARB03038_USD,,,,330.48,,,,,,C03038,,,,
3112,,GJ,3/24/2026,,Wedbush_Clearing and Exchange Fees_20260324,,,,50120,303P,D21300,ARB03041_USD,,,,12.32,,,,,,C03040,,,,
3113,,GJ,3/24/2026,,Wedbush_Clearing and Exchange Fees_20260324,,,,50120,303P,D21300,ARB03042_USD,,,,3.66,,,,,,C03040,,,,
3114,,GJ,3/24/2026,,Wedbush_Clearing and Exchange Fees_20260324,,,,50120,303P,D21300,ARB03043_USD,,,,27.18,,,,,,C03040,,,,
3115,,GJ,3/24/2026,,Wedbush_Clearing and Exchange Fees_20260324,,,,50120,303P,D21300,ARB03044_USD,,,,96.60000000000001,,,,,,C03040,,,,
3116,,GJ,3/24/2026,,Wedbush_Clearing and Exchange Fees_20260324,,,,50120,303P,D21300,ARB03046_USD,,,,90.72,,,,,,C03040,,,,
3117,,GJ,3/24/2026,,Wedbush_Clearing and Exchange Fees_20260324,,,,50120,303P,D21300,ARB03052_USD,,,,607.57,,,,,,C03071,,,,
3118,,GJ,3/24/2026,,Wedbush_Clearing and Exchange Fees_20260324,,,,50120,303P,D21300,ARB03057_USD,,,,85.47999999999999,,,,,,C01057,,,,
3119,,GJ,3/24/2026,,Wedbush_Clearing and Exchange Fees_20260324,,,,50120,303P,D21300,ARB03060_USD,,,,11241.84,,,,,,C03060,,,,
3120,,GJ,3/24/2026,,Wedbush_Clearing and Exchange Fees_20260324,,,,50120,303P,D21300,ARB03062_USD,,,,1766.2999999999997,,,,,,C03062,,,,
3121,,GJ,3/24/2026,,Wedbush_Clearing and Exchange Fees_20260324,,,,50120,303P,D21300,ARB03064_USD,,,,170.21,,,,,,C03064,,,,
3122,,GJ,3/24/2026,,Wedbush_Clearing and Exchange Fees_20260324,,,,50120,303P,D21300,ARB03065_USD,,,,50637.200000000004,,,,,,C03065,,,,
3123,,GJ,3/24/2026,,Wedbush_Clearing and Exchange Fees_20260324,,,,50120,303P,D21300,ARB03072_USD,,,,11822.36,,,,,,C03072,,,,
3124,,GJ,3/24/2026,,Wedbush_Clearing and Exchange Fees_20260324,,,,50120,303P,D21300,ARB03073_USD,,,,34297.92,,,,,,C03073,,,,
3125,,GJ,3/24/2026,,Wedbush_Clearing and Exchange Fees_20260324,,,,50120,303P,D21300,ARB03074_USD,,,,59.76,,,,,,C03073,,,,
3126,,GJ,3/24/2026,,Wedbush_Clearing and Exchange Fees_20260324,,,,50120,303P,D21300,ARB03078_USD,,,,951.3999999999999,,,,,,C03078,,,,
3127,,GJ,3/24/2026,,Wedbush_Clearing and Exchange Fees_20260324,,,,50120,303P,D21300,ARB03079_USD,,,,20949.6,,,,,,C03078,,,,
3128,,GJ,3/24/2026,,Wedbush_Clearing and Exchange Fees_20260324,,,,50120,303P,D21300,ARB03080_USD,,,,1238.28,,,,,,C03078,,,,
3129,,GJ,3/24/2026,,Wedbush_Clearing and Exchange Fees_20260324,,,,50120,303P,D21030,ARB03084_JPY,,,,0.0,,,,,,C03084,,,,
3130,,GJ,3/24/2026,,Wedbush_Clearing and Exchange Fees_20260324,,,,50120,303P,D21030,ARB03084_USD,,,,1756.51,,,,,,C03084,,,,
3131,,GJ,3/24/2026,,Wedbush_Clearing and Exchange Fees_20260324,,,,50120,303P,D21300,ARB03088_USD,,,,135.72,,,,,,C03088,,,,
3132,,GJ,3/24/2026,,Wedbush_Clearing and Exchange Fees_20260324,,,,50120,303P,D21300,ARB03090_USD,,,,297.32,,,,,,C03090,,,,
3133,,GJ,3/24/2026,,Wedbush_Clearing and Exchange Fees_20260324,,,,50120,303P,D21300,ARB03093_USD,,,,22.240000000000002,,,,,,C03093,,,,
3134,,GJ,3/24/2026,,Wedbush_Clearing and Exchange Fees_20260324,,,,50120,303P,D21300,ARB03096_USD,,,,18.08,,,,,,C03096,,,,
3135,,GJ,3/24/2026,,Wedbush_Clearing and Exchange Fees_20260324,,,,50120,303P,D23300,ARB03100_USD,,,,455.84000000000003,,,,,,C03100,,,,
3136,,GJ,3/24/2026,,Wedbush_Clearing and Exchange Fees_20260324,,,,50120,303P,D23080,ARB03102_USD,,,,459.21,,,,,,C03102,,,,
3137,,GJ,3/24/2026,,Wedbush_Clearing and Exchange Fees_20260324,,,,50120,303P,D23300,ARB03103_USD,,,,6978.24,,,,,,CX3103,,,,
3138,,GJ,3/24/2026,,Wedbush_Clearing and Exchange Fees_20260324,,,,50120,303P,D23300,ARB03104_USD,,,,3563.44,,,,,,C03104,,,,
3139,,GJ,3/24/2026,,Wedbush_Clearing and Exchange Fees_20260324,,,,50120,303P,D23300,ARB03105_USD,,,,9087.51,,,,,,C00310,,,,
3140,,GJ,3/24/2026,,Wedbush_Clearing and Exchange Fees_20260324,,,,50120,303P,D23300,ARB03106_USD,,,,6131.64,,,,,,C00310,,,,
3141,,GJ,3/24/2026,,Wedbush_Clearing and Exchange Fees_20260324,,,,50120,303P,D23300,ARB03107_USD,,,,15192.81,,,,,,C03107,,,,
3142,,GJ,3/24/2026,,Wedbush_Clearing and Exchange Fees_20260324,,,,50120,303P,D23300,ARB03108_USD,,,,22554.41,,,,,,C00311,,,,
3143,,GJ,3/24/2026,,Wedbush_Clearing and Exchange Fees_20260324,,,,50120,303P,D23300,ARB03109_USD,,,,3140.56,,,,,,C00311,,,,
3144,,GJ,3/24/2026,,Wedbush_Clearing and Exchange Fees_20260324,,,,50120,303P,D23300,ARB03110_USD,,,,1329.2800000000002,,,,,,C00311,,,,
3145,,GJ,3/24/2026,,Wedbush_Clearing and Exchange Fees_20260324,,,,50120,303P,D23300,ARB03112_USD,,,,669.63,,,,,,C00310,,,,
3146,,GJ,3/24/2026,,Wedbush_Clearing and Exchange Fees_20260324,,,,50120,303P,D23300,ARB03113_USD,,,,507.19000000000005,,,,,,C03113,,,,
3147,,GJ,3/24/2026,,Wedbush_Clearing and Exchange Fees_20260324,,,,50120,303P,D23300,ARB03115_USD,,,,2799.44,,,,,,CX3115,,,,
3148,,GJ,3/24/2026,,Wedbush_Clearing and Exchange Fees_20260324,,,,50120,303P,D23020,ARB03116_USD,,,,271.88,,,,,,C02129,,,,
3149,,GJ,3/24/2026,,Wedbush_Clearing and Exchange Fees_20260324,,,,50120,303P,D23300,ARB03122_USD,,,,4083.8700000000003,,,,,,C03122,,,,
3150,,GJ,3/24/2026,,Wedbush_Clearing and Exchange Fees_20260324,,,,50120,303P,D23300,ARB03125_USD,,,,68.34,,,,,,CX3125,,,,
3151,,GJ,3/24/2026,,Wedbush_Clearing and Exchange Fees_20260324,,,,50120,303P,D23300,ARB03126_USD,,,,5.6,,,,,,C00310,,,,
3152,,GJ,3/24/2026,,Wedbush_Clearing and Exchange Fees_20260324,,,,50120,303P,D23300,ARB03133_USD,,,,5279.99,,,,,,C03133,,,,
3153,,GJ,3/24/2026,,Wedbush_Clearing and Exchange Fees_20260324,,,,50120,303P,D23300,ARB03134_USD,,,,279.31,,,,,,C03134,,,,
3154,,GJ,3/24/2026,,Wedbush_Clearing and Exchange Fees_20260324,,,,50120,303P,D23300,ARB03136_USD,,,,104.68,,,,,,CX3136,,,,
3155,,GJ,3/24/2026,,Wedbush_Clearing and Exchange Fees_20260324,,,,50120,303P,D23300,ARB03139_USD,,,,1043.76,,,,,,C00311,,,,
3156,,GJ,3/24/2026,,Wedbush_Clearing and Exchange Fees_20260324,,,,50120,303P,D23300,ARB03141_USD,,,,4482.32,,,,,,C03141,,,,
3157,,GJ,3/24/2026,,Wedbush_Clearing and Exchange Fees_20260324,,,,50120,303P,D23300,ARB03142_USD,,,,1699.22,,,,,,C00310,,,,
3158,,GJ,3/24/2026,,Wedbush_Clearing and Exchange Fees_20260324,,,,50120,303P,D23300,ARB03143_USD,,,,2839.84,,,,,,C00310,,,,
3159,,GJ,3/24/2026,,Wedbush_Clearing and Exchange Fees_20260324,,,,50120,303P,D23300,ARB03144_USD,,,,455.46000000000004,,,,,,CX3144,,,,
3160,,GJ,3/24/2026,,Wedbush_Clearing and Exchange Fees_20260324,,,,50120,303P,D23300,ARB03146_USD,,,,2420.56,,,,,,CX3136,,,,
3161,,GJ,3/24/2026,,Wedbush_Clearing and Exchange Fees_20260324,,,,50120,303P,D23300,ARB03147_USD,,,,24.0,,,,,,CX3115,,,,
3162,,GJ,3/24/2026,,Wedbush_Clearing and Exchange Fees_20260324,,,,50120,303P,D23090,ARB03150_USD,,,,1156.0,,,,,,C03150,,,,
3163,,GJ,3/24/2026,,Wedbush_Clearing and Exchange Fees_20260324,,,,50120,303P,D23090,ARB03154_USD,,,,1229.9,,,,,,C03154,,,,
3164,,GJ,3/24/2026,,Wedbush_Clearing and Exchange Fees_20260324,,,,50120,303P,D23100,ARB03156_USD,,,,1717.6699999999998,,,,,,C03156,,,,
3165,,GJ,3/24/2026,,Wedbush_Clearing and Exchange Fees_20260324,,,,50120,303P,D23100,ARB03157_USD,,,,3041.36,,,,,,C03157,,,,
3166,,GJ,3/24/2026,,Wedbush_Clearing and Exchange Fees_20260324,,,,50120,303P,D23100,ARB03159_USD,,,,1671.51,,,,,,C03159,,,,
3167,,GJ,3/24/2026,,Wedbush_Clearing and Exchange Fees_20260324,,,,50120,303P,D23010,ARB03168_USD,,,,302.4,,,,,,C03168,,,,
3168,,GJ,3/24/2026,,Wedbush_Clearing and Exchange Fees_20260324,,,,50120,303P,D23100,ARB03174_USD,,,,836.0600000000001,,,,,,C03174,,,,
3169,,GJ,3/24/2026,,Wedbush_Clearing and Exchange Fees_20260324,,,,50120,303P,D23100,ARB03175_USD,,,,3206.66,,,,,,C03175,,,,
3170,,GJ,3/24/2026,,Wedbush_Clearing and Exchange Fees_20260324,,,,50120,303P,D23100,ARB03176_USD,,,,2699.77,,,,,,C03176,,,,
3171,,GJ,3/24/2026,,Wedbush_Clearing and Exchange Fees_20260324,,,,50120,303P,D23100,ARB03185_USD,,,,452.2,,,,,,C03185,,,,
3172,,GJ,3/24/2026,,Wedbush_Clearing and Exchange Fees_20260324,,,,50120,303P,D23300,ARB03192_USD,,,,1443.68,,,,,,C03163,,,,
3173,,GJ,3/24/2026,,Wedbush_Clearing and Exchange Fees_20260324,,,,50120,ATGN,D21300,ARB03360_EUR,,,,0.0,,,,,,C03060,,,,
3174,,GJ,3/24/2026,,Wedbush_Clearing and Exchange Fees_20260324,,,,50120,ATGN,D21300,ARB03360_GBP,,,,100298.72,,,,,,C03060,,,,
3175,,GJ,3/24/2026,,Wedbush_Clearing and Exchange Fees_20260324,,,,50120,ATGN,D21300,ARB03362_EUR,,,,0.0,,,,,,C03062,,,,
3176,,GJ,3/24/2026,,Wedbush_Clearing and Exchange Fees_20260324,,,,50120,ATGN,D21300,ARB03362_GBP,,,,4168.799999999999,,,,,,C03062,,,,
3177,,GJ,3/24/2026,,Wedbush_Clearing and Exchange Fees_20260324,,,,50120,ATGN,D21300,ARB03362_USD,,,,471.68000000000006,,,,,,C03062,,,,
3178,,GJ,3/24/2026,,Wedbush_Clearing and Exchange Fees_20260324,,,,50120,ATGN,D21300,ARB03364_EUR,,,,0.0,,,,,,C03064,,,,
3179,,GJ,3/24/2026,,Wedbush_Clearing and Exchange Fees_20260324,,,,50120,ATGN,D21300,ARB03364_GBP,,,,5.92,,,,,,C03064,,,,
3180,,GJ,3/24/2026,,Wedbush_Clearing and Exchange Fees_20260324,,,,50120,ATGN,D21300,ARB03372_USD,,,,1551.79,,,,,,C03072,,,,
3181,,GJ,3/24/2026,,Wedbush_Clearing and Exchange Fees_20260324,,,,50120,ATGN,D21300,ARB03373_USD,,,,1085.75,,,,,,C03073,,,,
3182,,GJ,3/24/2026,,Wedbush_Clearing and Exchange Fees_20260324,,,,50120,ATGN,D21300,ARB03378_USD,,,,729.52,,,,,,C03078,,,,
3183,,GJ,3/24/2026,,Wedbush_Clearing and Exchange Fees_20260324,,,,50120,ATGN,D23300,ARB03400_EUR,,,,0.0,,,,,,C03100,,,,
3184,,GJ,3/24/2026,,Wedbush_Clearing and Exchange Fees_20260324,,,,50120,ATGN,D23300,ARB03400_GBP,,,,276.41999999999996,,,,,,C03100,,,,
3185,,GJ,3/24/2026,,Wedbush_Clearing and Exchange Fees_20260324,,,,50120,ATGN,D23300,ARB03400_USD,,,,6919.32,,,,,,C03100,,,,
3186,,GJ,3/24/2026,,Wedbush_Clearing and Exchange Fees_20260324,,,,50120,ATGN,D23080,ARB03402_EUR,,,,0.0,,,,,,C03102,,,,
3187,,GJ,3/24/2026,,Wedbush_Clearing and Exchange Fees_20260324,,,,50120,ATGN,D23080,ARB03402_GBP,,,,319.8,,,,,,C03102,,,,
3188,,GJ,3/24/2026,,Wedbush_Clearing and Exchange Fees_20260324,,,,50120,ATGN,D23080,ARB03402_USD,,,,32275.760000000002,,,,,,C03102,,,,
3189,,GJ,3/24/2026,,Wedbush_Clearing and Exchange Fees_20260324,,,,50120,ATGN,D23300,ARB03403_CAD,,,,0.0,,,,,,CX3103,,,,
3190,,GJ,3/24/2026,,Wedbush_Clearing and Exchange Fees_20260324,,,,50120,ATGN,D23300,ARB03403_EUR,,,,0.0,,,,,,CX3103,,,,
3191,,GJ,3/24/2026,,Wedbush_Clearing and Exchange Fees_20260324,,,,50120,ATGN,D23300,ARB03403_GBP,,,,63.2,,,,,,CX3103,,,,
3192,,GJ,3/24/2026,,Wedbush_Clearing and Exchange Fees_20260324,,,,50120,ATGN,D23300,ARB03403_USD,,,,5381.120000000001,,,,,,CX3103,,,,
3193,,GJ,3/24/2026,,Wedbush_Clearing and Exchange Fees_20260324,,,,50120,ATGN,D23300,ARB03404_CAD,,,,0.0,,,,,,C03104,,,,
3194,,GJ,3/24/2026,,Wedbush_Clearing and Exchange Fees_20260324,,,,50120,ATGN,D23300,ARB03404_EUR,,,,0.0,,,,,,C03104,,,,
3195,,GJ,3/24/2026,,Wedbush_Clearing and Exchange Fees_20260324,,,,50120,ATGN,D23300,ARB03404_GBP,,,,50.52,,,,,,C03104,,,,
3196,,GJ,3/24/2026,,Wedbush_Clearing and Exchange Fees_20260324,,,,50120,ATGN,D23300,ARB03404_USD,,,,6004.85,,,,,,C03104,,,,
3197,,GJ,3/24/2026,,Wedbush_Clearing and Exchange Fees_20260324,,,,50120,ATGN,D23300,ARB03405_CAD,,,,0.0,,,,,,C00310,,,,
3198,,GJ,3/24/2026,,Wedbush_Clearing and Exchange Fees_20260324,,,,50120,ATGN,D23300,ARB03405_EUR,,,,0.0,,,,,,C00310,,,,
3199,,GJ,3/24/2026,,Wedbush_Clearing and Exchange Fees_20260324,,,,50120,ATGN,D23300,ARB03405_GBP,,,,534.72,,,,,,C00310,,,,
3200,,GJ,3/24/2026,,Wedbush_Clearing and Exchange Fees_20260324,,,,50120,ATGN,D23300,ARB03405_USD,,,,13985.79,,,,,,C00310,,,,
3201,,GJ,3/24/2026,,Wedbush_Clearing and Exchange Fees_20260324,,,,50120,ATGN,D23300,ARB03406_CAD,,,,0.0,,,,,,C00310,,,,
3202,,GJ,3/24/2026,,Wedbush_Clearing and Exchange Fees_20260324,,,,50120,ATGN,D23300,ARB03406_EUR,,,,0.0,,,,,,C00310,,,,
3203,,GJ,3/24/2026,,Wedbush_Clearing and Exchange Fees_20260324,,,,50120,ATGN,D23300,ARB03406_GBP,,,,433.81,,,,,,C00310,,,,
3204,,GJ,3/24/2026,,Wedbush_Clearing and Exchange Fees_20260324,,,,50120,ATGN,D23300,ARB03406_USD,,,,16582.23,,,,,,C00310,,,,
3205,,GJ,3/24/2026,,Wedbush_Clearing and Exchange Fees_20260324,,,,50120,ATGN,D23300,ARB03407_CAD,,,,0.0,,,,,,C03107,,,,
3206,,GJ,3/24/2026,,Wedbush_Clearing and Exchange Fees_20260324,,,,50120,ATGN,D23300,ARB03407_USD,,,,44928.56,,,,,,C03107,,,,
3207,,GJ,3/24/2026,,Wedbush_Clearing and Exchange Fees_20260324,,,,50120,ATGN,D23300,ARB03408_CAD,,,,0.0,,,,,,C00311,,,,
3208,,GJ,3/24/2026,,Wedbush_Clearing and Exchange Fees_20260324,,,,50120,ATGN,D23300,ARB03408_EUR,,,,0.0,,,,,,C00311,,,,
3209,,GJ,3/24/2026,,Wedbush_Clearing and Exchange Fees_20260324,,,,50120,ATGN,D23300,ARB03408_GBP,,,,713.17,,,,,,C00311,,,,
3210,,GJ,3/24/2026,,Wedbush_Clearing and Exchange Fees_20260324,,,,50120,ATGN,D23300,ARB03408_USD,,,,39829.56,,,,,,C00311,,,,
3211,,GJ,3/24/2026,,Wedbush_Clearing and Exchange Fees_20260324,,,,50120,ATGN,D23300,ARB03409_EUR,,,,0.0,,,,,,C00311,,,,
3212,,GJ,3/24/2026,,Wedbush_Clearing and Exchange Fees_20260324,,,,50120,ATGN,D23300,ARB03409_GBP,,,,1231.33,,,,,,C00311,,,,
3213,,GJ,3/24/2026,,Wedbush_Clearing and Exchange Fees_20260324,,,,50120,ATGN,D23300,ARB03409_USD,,,,43909.520000000004,,,,,,C00311,,,,
3214,,GJ,3/24/2026,,Wedbush_Clearing and Exchange Fees_20260324,,,,50120,ATGN,D23300,ARB03412_EUR,,,,0.0,,,,,,C00310,,,,
3215,,GJ,3/24/2026,,Wedbush_Clearing and Exchange Fees_20260324,,,,50120,ATGN,D23300,ARB03412_GBP,,,,1.56,,,,,,C00310,,,,
3216,,GJ,3/24/2026,,Wedbush_Clearing and Exchange Fees_20260324,,,,50120,ATGN,D23300,ARB03412_USD,,,,2861.44,,,,,,C00310,,,,
3217,,GJ,3/24/2026,,Wedbush_Clearing and Exchange Fees_20260324,,,,50120,ATGN,D23300,ARB03413_USD,,,,1652.6399999999999,,,,,,C03113,,,,
3218,,GJ,3/24/2026,,Wedbush_Clearing and Exchange Fees_20260324,,,,50120,ATGN,D23300,ARB03415_CAD,,,,0.0,,,,,,CX3115,,,,
3219,,GJ,3/24/2026,,Wedbush_Clearing and Exchange Fees_20260324,,,,50120,ATGN,D23300,ARB03415_EUR,,,,0.0,,,,,,CX3115,,,,
3220,,GJ,3/24/2026,,Wedbush_Clearing and Exchange Fees_20260324,,,,50120,ATGN,D23300,ARB03415_GBP,,,,410.8,,,,,,CX3115,,,,
3221,,GJ,3/24/2026,,Wedbush_Clearing and Exchange Fees_20260324,,,,50120,ATGN,D23300,ARB03415_USD,,,,3471.66,,,,,,CX3115,,,,
3222,,GJ,3/24/2026,,Wedbush_Clearing and Exchange Fees_20260324,,,,50120,ATGN,D23300,ARB03422_CAD,,,,0.0,,,,,,C03122,,,,
3223,,GJ,3/24/2026,,Wedbush_Clearing and Exchange Fees_20260324,,,,50120,ATGN,D23300,ARB03422_USD,,,,3952.74,,,,,,C03122,,,,
3224,,GJ,3/24/2026,,Wedbush_Clearing and Exchange Fees_20260324,,,,50120,ATGN,D23300,ARB03426_USD,,,,10.5,,,,,,C00310,,,,
3225,,GJ,3/24/2026,,Wedbush_Clearing and Exchange Fees_20260324,,,,50120,ATGN,D23080,ARB03427_USD,,,,84.0,,,,,,C01234,,,,
3226,,GJ,3/24/2026,,Wedbush_Clearing and Exchange Fees_20260324,,,,50120,ATGN,D23300,ARB03433_EUR,,,,0.0,,,,,,C03133,,,,
3227,,GJ,3/24/2026,,Wedbush_Clearing and Exchange Fees_20260324,,,,50120,ATGN,D23300,ARB03433_GBP,,,,251.16,,,,,,C03133,,,,
3228,,GJ,3/24/2026,,Wedbush_Clearing and Exchange Fees_20260324,,,,50120,ATGN,D23300,ARB03433_USD,,,,6389.48,,,,,,C03133,,,,
3229,,GJ,3/24/2026,,Wedbush_Clearing and Exchange Fees_20260324,,,,50120,ATGN,D23300,ARB03434_USD,,,,2924.4,,,,,,C03134,,,,
3230,,GJ,3/24/2026,,Wedbush_Clearing and Exchange Fees_20260324,,,,50120,ATGN,D23300,ARB03436_CAD,,,,0.0,,,,,,CX3136,,,,
3231,,GJ,3/24/2026,,Wedbush_Clearing and Exchange Fees_20260324,,,,50120,ATGN,D23300,ARB03436_EUR,,,,0.0,,,,,,CX3136,,,,
3232,,GJ,3/24/2026,,Wedbush_Clearing and Exchange Fees_20260324,,,,50120,ATGN,D23300,ARB03436_GBP,,,,309.68,,,,,,CX3136,,,,
3233,,GJ,3/24/2026,,Wedbush_Clearing and Exchange Fees_20260324,,,,50120,ATGN,D23300,ARB03436_USD,,,,1223.3000000000002,,,,,,CX3136,,,,
3234,,GJ,3/24/2026,,Wedbush_Clearing and Exchange Fees_20260324,,,,50120,ATGN,D23300,ARB03439_EUR,,,,0.0,,,,,,C00311,,,,
3235,,GJ,3/24/2026,,Wedbush_Clearing and Exchange Fees_20260324,,,,50120,ATGN,D23300,ARB03439_GBP,,,,59.28,,,,,,C00311,,,,
3236,,GJ,3/24/2026,,Wedbush_Clearing and Exchange Fees_20260324,,,,50120,ATGN,D23300,ARB03439_USD,,,,2226.6800000000003,,,,,,C00311,,,,
3237,,GJ,3/24/2026,,Wedbush_Clearing and Exchange Fees_20260324,,,,50120,ATGN,D23300,ARB03441_EUR,,,,0.0,,,,,,C03141,,,,
3238,,GJ,3/24/2026,,Wedbush_Clearing and Exchange Fees_20260324,,,,50120,ATGN,D23300,ARB03441_GBP,,,,88.0,,,,,,C03141,,,,
3239,,GJ,3/24/2026,,Wedbush_Clearing and Exchange Fees_20260324,,,,50120,ATGN,D23300,ARB03442_USD,,,,3266.5599999999995,,,,,,C00310,,,,
3240,,GJ,3/24/2026,,Wedbush_Clearing and Exchange Fees_20260324,,,,50120,ATGN,D23300,ARB03443_CAD,,,,0.0,,,,,,C00310,,,,
3241,,GJ,3/24/2026,,Wedbush_Clearing and Exchange Fees_20260324,,,,50120,ATGN,D23300,ARB03443_EUR,,,,0.0,,,,,,C00310,,,,
3242,,GJ,3/24/2026,,Wedbush_Clearing and Exchange Fees_20260324,,,,50120,ATGN,D23300,ARB03443_GBP,,,,7.9,,,,,,C00310,,,,
3243,,GJ,3/24/2026,,Wedbush_Clearing and Exchange Fees_20260324,,,,50120,ATGN,D23300,ARB03443_USD,,,,7366.38,,,,,,C00310,,,,
3244,,GJ,3/24/2026,,Wedbush_Clearing and Exchange Fees_20260324,,,,50120,ATGN,D23300,ARB03446_EUR,,,,0.0,,,,,,CX3136,,,,
3245,,GJ,3/24/2026,,Wedbush_Clearing and Exchange Fees_20260324,,,,50120,ATGN,D23300,ARB03446_GBP,,,,71.1,,,,,,CX3136,,,,
3246,,GJ,3/24/2026,,Wedbush_Clearing and Exchange Fees_20260324,,,,50120,ATGN,D23300,ARB03446_USD,,,,2238.6000000000004,,,,,,CX3136,,,,
3247,,GJ,3/24/2026,,Wedbush_Clearing and Exchange Fees_20260324,,,,50120,ATGN,D23090,ARB03450_EUR,,,,0.0,,,,,,C03150,,,,
3248,,GJ,3/24/2026,,Wedbush_Clearing and Exchange Fees_20260324,,,,50120,ATGN,D23090,ARB03450_GBP,,,,981.6800000000001,,,,,,C03150,,,,
3249,,GJ,3/24/2026,,Wedbush_Clearing and Exchange Fees_20260324,,,,50120,ATGN,D23090,ARB03450_USD,,,,9.319999999999999,,,,,,C03150,,,,
3250,,GJ,3/24/2026,,Wedbush_Clearing and Exchange Fees_20260324,,,,50120,ATGN,D23090,ARB03454_EUR,,,,72.0,,,,,,C03154,,,,
3251,,GJ,3/24/2026,,Wedbush_Clearing and Exchange Fees_20260324,,,,50120,ATGN,D23090,ARB03454_GBP,,,,1281.28,,,,,,C03154,,,,
3252,,GJ,3/24/2026,,Wedbush_Clearing and Exchange Fees_20260324,,,,50120,ATGN,D23090,ARB03454_USD,,,,125.82000000000001,,,,,,C03154,,,,
3253,,GJ,3/24/2026,,Wedbush_Clearing and Exchange Fees_20260324,,,,50120,ATGN,D23100,ARB03457_EUR,,,,0.0,,,,,,C03157,,,,
3254,,GJ,3/24/2026,,Wedbush_Clearing and Exchange Fees_20260324,,,,50120,ATGN,D23100,ARB03457_GBP,,,,1328.96,,,,,,C03157,,,,
3255,,GJ,3/24/2026,,Wedbush_Clearing and Exchange Fees_20260324,,,,50120,ATGN,D23100,ARB03457_USD,,,,1335.1000000000001,,,,,,C03157,,,,
3256,,GJ,3/24/2026,,Wedbush_Clearing and Exchange Fees_20260324,,,,50120,ATGN,D23100,ARB03459_CHF,,,,0.0,,,,,,C03159,,,,
3257,,GJ,3/24/2026,,Wedbush_Clearing and Exchange Fees_20260324,,,,50120,ATGN,D23100,ARB03459_EUR,,,,292.8,,,,,,C03159,,,,
3258,,GJ,3/24/2026,,Wedbush_Clearing and Exchange Fees_20260324,,,,50120,ATGN,D23100,ARB03459_GBP,,,,1196.64,,,,,,C03159,,,,
3259,,GJ,3/24/2026,,Wedbush_Clearing and Exchange Fees_20260324,,,,50120,ATGN,D23100,ARB03459_USD,,,,1780.0600000000002,,,,,,C03159,,,,
3260,,GJ,3/24/2026,,Wedbush_Clearing and Exchange Fees_20260324,,,,50120,ATGN,D23300,ARB03460_EUR,,,,0.0,,,,,,C03160,,,,
3261,,GJ,3/24/2026,,Wedbush_Clearing and Exchange Fees_20260324,,,,50120,ATGN,D23300,ARB03460_GBP,,,,170.64,,,,,,C03160,,,,
3262,,GJ,3/24/2026,,Wedbush_Clearing and Exchange Fees_20260324,,,,50120,ATGN,D23300,ARB03460_USD,,,,945.0,,,,,,C03160,,,,
3263,,GJ,3/24/2026,,Wedbush_Clearing and Exchange Fees_20260324,,,,50120,ATGN,D23300,ARB03463_USD,,,,163.8,,,,,,C03163,,,,
3264,,GJ,3/24/2026,,Wedbush_Clearing and Exchange Fees_20260324,,,,50120,ATGN,D23010,ARB03468_CAD,,,,0.0,,,,,,C03168,,,,
3265,,GJ,3/24/2026,,Wedbush_Clearing and Exchange Fees_20260324,,,,50120,ATGN,D23010,ARB03468_USD,,,,53.55,,,,,,C03168,,,,
3266,,GJ,3/24/2026,,Wedbush_Clearing and Exchange Fees_20260324,,,,50120,ATGN,D23100,ARB03474_EUR,,,,0.0,,,,,,C03174,,,,
3267,,GJ,3/24/2026,,Wedbush_Clearing and Exchange Fees_20260324,,,,50120,ATGN,D23100,ARB03474_GBP,,,,263.2,,,,,,C03174,,,,
3268,,GJ,3/24/2026,,Wedbush_Clearing and Exchange Fees_20260324,,,,50120,ATGN,D23100,ARB03475_EUR,,,,0.0,,,,,,C03175,,,,
3269,,GJ,3/24/2026,,Wedbush_Clearing and Exchange Fees_20260324,,,,50120,ATGN,D23100,ARB03475_GBP,,,,517.4399999999999,,,,,,C03175,,,,
3270,,GJ,3/24/2026,,Wedbush_Clearing and Exchange Fees_20260324,,,,50120,ATGN,D23100,ARB03476_EUR,,,,0.0,,,,,,C03176,,,,
3271,,GJ,3/24/2026,,Wedbush_Clearing and Exchange Fees_20260324,,,,50120,ATGN,D23100,ARB03476_GBP,,,,749.2800000000001,,,,,,C03176,,,,
3272,,GJ,3/24/2026,,Wedbush_Clearing and Exchange Fees_20260324,,,,50120,ATGN,D23100,ARB03485_EUR,,,,0.0,,,,,,C03185,,,,
3273,,GJ,3/24/2026,,Wedbush_Clearing and Exchange Fees_20260324,,,,50120,ATGN,D23100,ARB03485_GBP,,,,990.8800000000001,,,,,,C03185,,,,
3274,,GJ,3/24/2026,,Wedbush_Clearing and Exchange Fees_20260324,,,,50120,ATGN,D23100,ARB03485_USD,,,,46.6,,,,,,C03185,,,,
3275,,GJ,3/24/2026,,Wedbush_Clearing and Exchange Fees_20260324,,,,50120,ATGN,D23300,ARB03489_EUR,,,,0.0,,,,,,C03160,,,,
3276,,GJ,3/24/2026,,Wedbush_Clearing and Exchange Fees_20260324,,,,50120,ATGN,D23300,ARB03489_GBP,,,,1092.26,,,,,,C03160,,,,
3277,,GJ,3/24/2026,,Wedbush_Clearing and Exchange Fees_20260324,,,,50120,ATGN,D23300,ARB03489_USD,,,,5832.64,,,,,,C03160,,,,
3278,,GJ,3/24/2026,,Wedbush_Clearing and Exchange Fees_20260324,,,,50120,ATGN,D23300,ARB03492_CAD,,,,0.0,,,,,,C03163,,,,
3279,,GJ,3/24/2026,,Wedbush_Clearing and Exchange Fees_20260324,,,,50120,ATGN,D23300,ARB03492_EUR,,,,0.0,,,,,,C03163,,,,
3280,,GJ,3/24/2026,,Wedbush_Clearing and Exchange Fees_20260324,,,,50120,ATGN,D23300,ARB03492_GBP,,,,823.1800000000001,,,,,,C03163,,,,
3281,,GJ,3/24/2026,,Wedbush_Clearing and Exchange Fees_20260324,,,,50120,ATGN,D23300,ARB03492_USD,,,,8273.2,,,,,,C03163,,,,
3282,,GJ,3/24/2026,,Wedbush_Clearing and Exchange Fees_20260324,,,,50120,303P,D21030,ARB04021_USD,,,,237.56,,,,,,C03084,,,,
3283,,GJ,3/24/2026,,Wedbush_Clearing and Exchange Fees_20260324,,,,50120,303P,D21030,ARB04022_USD,,,,1786.76,,,,,,C04022,,,,
3284,,GJ,3/24/2026,,Wedbush_Clearing and Exchange Fees_20260324,,,,50120,303P,D21030,ARB04023_USD,,,,94.24000000000001,,,,,,C04023,,,,
3285,,GJ,3/24/2026,,Wedbush_Clearing and Exchange Fees_20260324,,,,50120,303P,D21300,ARB04024_USD,,,,80.58,,,,,,C04024,,,,
3286,,GJ,3/24/2026,,Wedbush_Clearing and Exchange Fees_20260324,,,,50120,303P,D21300,ARB04029_USD,,,,78.15,,,,,,C04029,,,,
3287,,GJ,3/24/2026,,Wedbush_Clearing and Exchange Fees_20260324,,,,50120,303P,D21030,ARB04031_USD,,,,21922.57,,,,,,C04031,,,,
3288,,GJ,3/24/2026,,Wedbush_Clearing and Exchange Fees_20260324,,,,50120,303P,D21300,ARB04038_USD,,,,232.04,,,,,,C04038,,,,
3289,,GJ,3/24/2026,,Wedbush_Clearing and Exchange Fees_20260324,,,,50120,303P,D21300,ARB04039_USD,,,,42.18,,,,,,C04039,,,,
3290,,GJ,3/24/2026,,Wedbush_Clearing and Exchange Fees_20260324,,,,50120,303P,D21300,ARB04042_USD,,,,426.52,,,,,,C02044,,,,
3291,,GJ,3/24/2026,,Wedbush_Clearing and Exchange Fees_20260324,,,,50120,303P,D21300,ARB04047_USD,,,,2674.48,,,,,,C04033,,,,
3292,,GJ,3/24/2026,,Wedbush_Clearing and Exchange Fees_20260324,,,,50120,303P,D21300,ARB04048_USD,,,,817.13,,,,,,C04048,,,,
3293,,GJ,3/24/2026,,Wedbush_Clearing and Exchange Fees_20260324,,,,50120,303P,D21030,ARB04049_USD,,,,2291.6,,,,,,C04050,,,,
3294,,GJ,3/24/2026,,Wedbush_Clearing and Exchange Fees_20260324,,,,50120,303P,D21300,ARB04052_USD,,,,581.28,,,,,,C04052,,,,
3295,,GJ,3/24/2026,,Wedbush_Clearing and Exchange Fees_20260324,,,,50120,303P,D21300,ARB04053_EUR,,,,72.48,,,,,,C04053,,,,
3296,,GJ,3/24/2026,,Wedbush_Clearing and Exchange Fees_20260324,,,,50120,303P,D21300,ARB04053_USD,,,,136.64,,,,,,C04053,,,,
3297,,GJ,3/24/2026,,Wedbush_Clearing and Exchange Fees_20260324,,,,50120,303P,D21300,ARB04055_USD,,,,277.18,,,,,,C04054,,,,
3298,,GJ,3/24/2026,,Wedbush_Clearing and Exchange Fees_20260324,,,,50120,303P,D21300,ARB04057_USD,,,,7122.72,,,,,,C01057,,,,
3299,,GJ,3/24/2026,,Wedbush_Clearing and Exchange Fees_20260324,,,,50120,303P,D21300,ARB04059_USD,,,,1164.4,,,,,,C04059,,,,
3300,,GJ,3/24/2026,,Wedbush_Clearing and Exchange Fees_20260324,,,,50120,303P,D21300,ARB04062_USD,,,,233.02,,,,,,C03029,,,,
3301,,GJ,3/24/2026,,Wedbush_Clearing and Exchange Fees_20260324,,,,50120,303P,D21300,ARB04065_USD,,,,779.16,,,,,,C00675,,,,
3302,,GJ,3/24/2026,,Wedbush_Clearing and Exchange Fees_20260324,,,,50120,303P,D21300,ARB04066_USD,,,,729.08,,,,,,C00675,,,,
3303,,GJ,3/24/2026,,Wedbush_Clearing and Exchange Fees_20260324,,,,50120,303P,D21300,ARB04067_USD,,,,1238.36,,,,,,C00675,,,,
3304,,GJ,3/24/2026,,Wedbush_Clearing and Exchange Fees_20260324,,,,50120,303P,D21300,ARB04068_USD,,,,1803.3799999999999,,,,,,C00675,,,,
3305,,GJ,3/24/2026,,Wedbush_Clearing and Exchange Fees_20260324,,,,50120,303P,D21300,ARB04069_USD,,,,706.2900000000001,,,,,,C00675,,,,
3306,,GJ,3/24/2026,,Wedbush_Clearing and Exchange Fees_20260324,,,,50120,303P,D21300,ARB04070_USD,,,,75.36,,,,,,C00675,,,,
3307,,GJ,3/24/2026,,Wedbush_Clearing and Exchange Fees_20260324,,,,50120,303P,D12000,ARB04085_USD,,,,94.76,,,,,,C02502,,,,
3308,,GJ,3/24/2026,,Wedbush_Clearing and Exchange Fees_20260324,,,,50120,303P,D20000,ARB04088_USD,,,,54.2,,,,,,C00001,,,,
3309,,GJ,3/24/2026,,Wedbush_Clearing and Exchange Fees_20260324,,,,50120,303P,D23300,ARB04101_USD,,,,3935.68,,,,,,C04101,,,,
3310,,GJ,3/24/2026,,Wedbush_Clearing and Exchange Fees_20260324,,,,50120,303P,D23300,ARB04102_USD,,,,3334.9300000000003,,,,,,C04102,,,,
3311,,GJ,3/24/2026,,Wedbush_Clearing and Exchange Fees_20260324,,,,50120,303P,D23300,ARB04103_USD,,,,2104.2,,,,,,C04103,,,,
3312,,GJ,3/24/2026,,Wedbush_Clearing and Exchange Fees_20260324,,,,50120,303P,D23300,ARB04104_USD,,,,1554.6399999999999,,,,,,C04104,,,,
3313,,GJ,3/24/2026,,Wedbush_Clearing and Exchange Fees_20260324,,,,50120,303P,D23020,ARB04105_USD,,,,5205.2,,,,,,C04105,,,,
3314,,GJ,3/24/2026,,Wedbush_Clearing and Exchange Fees_20260324,,,,50120,303P,D23020,ARB04106_USD,,,,7448.28,,,,,,C04105,,,,
3315,,GJ,3/24/2026,,Wedbush_Clearing and Exchange Fees_20260324,,,,50120,303P,D23300,ARB04107_USD,,,,0.6,,,,,,CX4107,,,,
3316,,GJ,3/24/2026,,Wedbush_Clearing and Exchange Fees_20260324,,,,50120,303P,D23300,ARB04108_USD,,,,10210.44,,,,,,C04108,,,,
3317,,GJ,3/24/2026,,Wedbush_Clearing and Exchange Fees_20260324,,,,50120,303P,D23300,ARB04110_USD,,,,3680.0,,,,,,C04110,,,,
3318,,GJ,3/24/2026,,Wedbush_Clearing and Exchange Fees_20260324,,,,50120,303P,D23300,ARB04111_USD,,,,697.15,,,,,,C04111,,,,
3319,,GJ,3/24/2026,,Wedbush_Clearing and Exchange Fees_20260324,,,,50120,303P,D23300,ARB04112_USD,,,,84.69,,,,,,C04112,,,,
3320,,GJ,3/24/2026,,Wedbush_Clearing and Exchange Fees_20260324,,,,50120,303P,D23300,ARB04113_USD,,,,970.3199999999999,,,,,,C03122,,,,
3321,,GJ,3/24/2026,,Wedbush_Clearing and Exchange Fees_20260324,,,,50120,303P,D23090,ARB04114_USD,,,,3067.27,,,,,,C04114,,,,
3322,,GJ,3/24/2026,,Wedbush_Clearing and Exchange Fees_20260324,,,,50120,303P,D23300,ARB04155_USD,,,,1103.6399999999999,,,,,,C04155,,,,
3323,,GJ,3/24/2026,,Wedbush_Clearing and Exchange Fees_20260324,,,,50120,303P,D23300,ARB04156_USD,,,,1054.3,,,,,,C04156,,,,
3324,,GJ,3/24/2026,,Wedbush_Clearing and Exchange Fees_20260324,,,,50120,303P,D23010,ARB04157_USD,,,,30.240000000000002,,,,,,C01268,,,,
3325,,GJ,3/24/2026,,Wedbush_Clearing and Exchange Fees_20260324,,,,50120,303P,D23010,ARB04158_USD,,,,1.12,,,,,,C01269,,,,
3326,,GJ,3/24/2026,,Wedbush_Clearing and Exchange Fees_20260324,,,,50120,303P,D23010,ARB04159_USD,,,,15.68,,,,,,C01270,,,,
3327,,GJ,3/24/2026,,Wedbush_Clearing and Exchange Fees_20260324,,,,50120,303P,D23010,ARB04160_USD,,,,502.88,,,,,,C01271,,,,
3328,,GJ,3/24/2026,,Wedbush_Clearing and Exchange Fees_20260324,,,,50120,303P,D23010,ARB04161_USD,,,,199.36,,,,,,C01272,,,,
3329,,GJ,3/24/2026,,Wedbush_Clearing and Exchange Fees_20260324,,,,50120,303P,D23010,ARB04162_USD,,,,72.8,,,,,,C01273,,,,
3330,,GJ,3/24/2026,,Wedbush_Clearing and Exchange Fees_20260324,,,,50120,303P,D23100,ARB04163_USD,,,,348.14,,,,,,C01274,,,,
3331,,GJ,3/24/2026,,Wedbush_Clearing and Exchange Fees_20260324,,,,50120,303P,D23100,ARB04164_USD,,,,589.74,,,,,,C01275,,,,
3332,,GJ,3/24/2026,,Wedbush_Clearing and Exchange Fees_20260324,,,,50120,303P,D23100,ARB04165_USD,,,,417.84,,,,,,C01276,,,,
3333,,GJ,3/24/2026,,Wedbush_Clearing and Exchange Fees_20260324,,,,50120,303P,D23100,ARB04166_USD,,,,1204.34,,,,,,C01277,,,,
3334,,GJ,3/24/2026,,Wedbush_Clearing and Exchange Fees_20260324,,,,50120,303P,D23100,ARB04167_USD,,,,504.2,,,,,,C01278,,,,
3335,,GJ,3/24/2026,,Wedbush_Clearing and Exchange Fees_20260324,,,,50120,303P,D23100,ARB04168_USD,,,,849.1800000000001,,,,,,C01279,,,,
3336,,GJ,3/24/2026,,Wedbush_Clearing and Exchange Fees_20260324,,,,50120,ATGN,D24010,ARB04336_USD,,,,0.0,,,,,,C00650,,,,
3337,,GJ,3/24/2026,,Wedbush_Clearing and Exchange Fees_20260324,,,,50120,ATGN,D24010,ARB04345_USD,,,,4497.98,,,,,,C00650,,,,
3338,,GJ,3/24/2026,,Wedbush_Clearing and Exchange Fees_20260324,,,,50120,ATGN,D21300,ARB04348_EUR,,,,0.0,,,,,,C04048,,,,
3339,,GJ,3/24/2026,,Wedbush_Clearing and Exchange Fees_20260324,,,,50120,ATGN,D21300,ARB04348_GBP,,,,9.48,,,,,,C04048,,,,
3340,,GJ,3/24/2026,,Wedbush_Clearing and Exchange Fees_20260324,,,,50120,ATGN,D21300,ARB04348_USD,,,,255.2,,,,,,C04048,,,,
3341,,GJ,3/24/2026,,Wedbush_Clearing and Exchange Fees_20260324,,,,50120,ATGN,D21300,ARB04357_EUR,,,,0.0,,,,,,C01057,,,,
3342,,GJ,3/24/2026,,Wedbush_Clearing and Exchange Fees_20260324,,,,50120,ATGN,D21300,ARB04357_GBP,,,,459.48,,,,,,C01057,,,,
3343,,GJ,3/24/2026,,Wedbush_Clearing and Exchange Fees_20260324,,,,50120,ATGN,D23300,ARB04401_USD,,,,14508.220000000001,,,,,,C04101,,,,
3344,,GJ,3/24/2026,,Wedbush_Clearing and Exchange Fees_20260324,,,,50120,ATGN,D23300,ARB04402_USD,,,,25474.239999999998,,,,,,C04102,,,,
3345,,GJ,3/24/2026,,Wedbush_Clearing and Exchange Fees_20260324,,,,50120,ATGN,D23300,ARB04403_USD,,,,453.6,,,,,,C04103,,,,
3346,,GJ,3/24/2026,,Wedbush_Clearing and Exchange Fees_20260324,,,,50120,ATGN,D23300,ARB04404_EUR,,,,0.0,,,,,,C04104,,,,
3347,,GJ,3/24/2026,,Wedbush_Clearing and Exchange Fees_20260324,,,,50120,ATGN,D23300,ARB04404_GBP,,,,6.32,,,,,,C04104,,,,
3348,,GJ,3/24/2026,,Wedbush_Clearing and Exchange Fees_20260324,,,,50120,ATGN,D23300,ARB04404_USD,,,,8931.32,,,,,,C04104,,,,
3349,,GJ,3/24/2026,,Wedbush_Clearing and Exchange Fees_20260324,,,,50120,ATGN,D23020,ARB04405_CAD,,,,0.0,,,,,,C04105,,,,
3350,,GJ,3/24/2026,,Wedbush_Clearing and Exchange Fees_20260324,,,,50120,ATGN,D23020,ARB04405_EUR,,,,0.0,,,,,,C04105,,,,
3351,,GJ,3/24/2026,,Wedbush_Clearing and Exchange Fees_20260324,,,,50120,ATGN,D23020,ARB04405_GBP,,,,106.68,,,,,,C04105,,,,
3352,,GJ,3/24/2026,,Wedbush_Clearing and Exchange Fees_20260324,,,,50120,ATGN,D23020,ARB04405_USD,,,,1724.2,,,,,,C04105,,,,
3353,,GJ,3/24/2026,,Wedbush_Clearing and Exchange Fees_20260324,,,,50120,ATGN,D23020,ARB04406_CAD,,,,0.0,,,,,,C04105,,,,
3354,,GJ,3/24/2026,,Wedbush_Clearing and Exchange Fees_20260324,,,,50120,ATGN,D23020,ARB04406_EUR,,,,0.0,,,,,,C04105,,,,
3355,,GJ,3/24/2026,,Wedbush_Clearing and Exchange Fees_20260324,,,,50120,ATGN,D23020,ARB04406_GBP,,,,50.56,,,,,,C04105,,,,
3356,,GJ,3/24/2026,,Wedbush_Clearing and Exchange Fees_20260324,,,,50120,ATGN,D23020,ARB04406_USD,,,,1158.52,,,,,,C04105,,,,
3357,,GJ,3/24/2026,,Wedbush_Clearing and Exchange Fees_20260324,,,,50120,ATGN,D23300,ARB04408_EUR,,,,0.0,,,,,,C04108,,,,
3358,,GJ,3/24/2026,,Wedbush_Clearing and Exchange Fees_20260324,,,,50120,ATGN,D23300,ARB04408_GBP,,,,4229.68,,,,,,C04108,,,,
3359,,GJ,3/24/2026,,Wedbush_Clearing and Exchange Fees_20260324,,,,50120,ATGN,D23300,ARB04410_USD,,,,10449.119999999999,,,,,,C04110,,,,
3360,,GJ,3/24/2026,,Wedbush_Clearing and Exchange Fees_20260324,,,,50120,ATGN,D23300,ARB04413_EUR,,,,0.0,,,,,,C03122,,,,
3361,,GJ,3/24/2026,,Wedbush_Clearing and Exchange Fees_20260324,,,,50120,ATGN,D23300,ARB04413_GBP,,,,4.74,,,,,,C03122,,,,
3362,,GJ,3/24/2026,,Wedbush_Clearing and Exchange Fees_20260324,,,,50120,ATGN,D23300,ARB04413_USD,,,,275.1,,,,,,C03122,,,,
3363,,GJ,3/24/2026,,Wedbush_Clearing and Exchange Fees_20260324,,,,50120,ATGN,D23020,ARB04451_EUR,,,,0.0,,,,,,C01266,,,,
3364,,GJ,3/24/2026,,Wedbush_Clearing and Exchange Fees_20260324,,,,50120,ATGN,D23020,ARB04451_GBP,,,,2095.08,,,,,,C01266,,,,
3365,,GJ,3/24/2026,,Wedbush_Clearing and Exchange Fees_20260324,,,,50120,ATGN,D23020,ARB04451_USD,,,,4317.6,,,,,,C01266,,,,
3366,,GJ,3/24/2026,,Wedbush_Clearing and Exchange Fees_20260324,,,,50120,ATGN,D23020,ARB04452_EUR,,,,0.0,,,,,,C01265,,,,
3367,,GJ,3/24/2026,,Wedbush_Clearing and Exchange Fees_20260324,,,,50120,ATGN,D23020,ARB04452_GBP,,,,1028.58,,,,,,C01265,,,,
3368,,GJ,3/24/2026,,Wedbush_Clearing and Exchange Fees_20260324,,,,50120,ATGN,D23020,ARB04452_USD,,,,1919.4,,,,,,C01265,,,,
3369,,GJ,3/24/2026,,Wedbush_Clearing and Exchange Fees_20260324,,,,50120,ATGN,D23020,ARB04454_EUR,,,,0.0,,,,,,C01261,,,,
3370,,GJ,3/24/2026,,Wedbush_Clearing and Exchange Fees_20260324,,,,50120,ATGN,D23020,ARB04454_GBP,,,,2077.7,,,,,,C01261,,,,
3371,,GJ,3/24/2026,,Wedbush_Clearing and Exchange Fees_20260324,,,,50120,ATGN,D23020,ARB04454_USD,,,,3565.8,,,,,,C01261,,,,
3372,,GJ,3/24/2026,,Wedbush_Clearing and Exchange Fees_20260324,,,,50120,303P,D21300,ARB05057_EUR,,,,0.0,,,,,,C01057,,,,
3373,,GJ,3/24/2026,,Wedbush_Clearing and Exchange Fees_20260324,,,,50120,303P,D21300,ARB05057_USD,,,,825.55,,,,,,C01057,,,,
3374,,GJ,3/24/2026,,Wedbush_Clearing and Exchange Fees_20260324,,,,50120,ATGN,D21300,ARB05357_EUR,,,,0.0,,,,,,C01057,,,,
3375,,GJ,3/24/2026,,Wedbush_Clearing and Exchange Fees_20260324,,,,50120,ATGN,D21300,ARB05357_GBP,,,,287634.76,,,,,,C01057,,,,
3376,,GJ,3/24/2026,,Wedbush_Clearing and Exchange Fees_20260324,,,,50120,303P,D21300,ARB06057_USD,,,,4160.87,,,,,,C01057,,,,
3377,,GJ,3/24/2026,,Wedbush_Clearing and Exchange Fees_20260324,,,,50120,ATGN,D21300,ARB06357_USD,,,,1854.47,,,,,,C01057,,,,
